SET search_path TO pg_catalog,public,"neap";
BEGIN;
SET CONSTRAINTS ALL DEFERRED;
INSERT INTO "neap"."topic"(topic_id, name, created_at)
    VALUES ('284b3091-455d-4476-ae67-442a19d153d4', 'Mathematics', '2015-04-05 08:57:15.620600+0000');
INSERT INTO "neap"."topic"(topic_id, name, created_at)
    VALUES ('1cae4612-f178-4a0e-b3af-343a88b99638', 'Science', '2015-08-26 17:03:22.731100+0000');
INSERT INTO "neap"."topic"(topic_id, name, created_at)
    VALUES ('e9af2f53-d2dd-4e32-9dea-26d6ac21bcb8', 'Astrology', '2015-08-10 19:33:41.567200+0000');
INSERT INTO "neap"."topic"(topic_id, name, created_at)
    VALUES ('994391cf-d41e-46f4-b6eb-ce53824e3a0c', 'Litterature', '2015-07-24 01:59:29.909100+0000');
INSERT INTO "neap"."topic"(topic_id, name, created_at)
    VALUES ('d4f06d27-2693-4552-bd85-d9875651ce39', 'Biology', '2015-09-01 06:06:22.083800+0000');
INSERT INTO "neap"."topic"(topic_id, name, created_at)
    VALUES ('5f6c7ec0-84ab-4d8e-a2d7-ff1887b55d6e', 'History', '2015-03-11 23:25:02.329800+0000');
INSERT INTO "neap"."topic"(topic_id, name, created_at)
    VALUES ('d2ea25fc-eb67-4c63-86d0-58ba2ce51b56', 'Theology', '2015-06-09 14:25:51.622600+0000');
INSERT INTO "neap"."topic"(topic_id, name, created_at)
    VALUES ('35fa82dc-ed25-47fb-b6cd-58ae8a151f60', 'Philosophy', '2015-02-18 09:39:15.184200+0000');
INSERT INTO "neap"."topic"(topic_id, name, created_at)
    VALUES ('b369c464-cdea-4356-9d70-1450585652e2', 'Music', '2015-04-04 12:37:01.226300+0000');
INSERT INTO "neap"."topic"(topic_id, name, created_at)
    VALUES ('e496e832-363e-4228-b518-7fe126ccaa04', 'Photography', '2015-08-21 07:20:52.434700+0000');
INSERT INTO "neap"."topic"(topic_id, name, created_at)
    VALUES ('48e535f7-dba1-4d59-aac3-4c6cced32d6c', 'Video games', '2015-09-18 10:43:47.145100+0000');
INSERT INTO "neap"."user"(user_id, channel_id, type, username, email, password, display_name, logo, bio, created_at, updated_at)
    VALUES ('3a020f46-85e9-4442-b16a-76bfa21fda06', 'f472010b-bf11-4f97-9156-ed7a3b633432', 'user', 'bruce', 'bruce@neap.io', '$2y$10$upp4G9bMp9AazD97cZ3cAupYl03kzgpbNGseuZL1eSpqOj8wtM3gi', 'Bruce', 'https://gravatar.com/avatar/c53436781adbedf14aad68f4e529d001?s=128&d=identicon', null, '2015-07-15 09:43:56.962500+0000', '2015-10-28 20:00:06.983000+0000');
INSERT INTO "neap"."channel"(channel_id, user_id, chat_id, name, display_name, topic, language, views, followers)
    VALUES ('f472010b-bf11-4f97-9156-ed7a3b633432', '3a020f46-85e9-4442-b16a-76bfa21fda06', '0364773d-6b40-4e70-8327-2131a5fb3885', 'bruce', 'Bruce Channel', 'Biology', 'en', 80909, 127);
INSERT INTO "neap"."chat"(chat_id, channel_id, name)
    VALUES ('0364773d-6b40-4e70-8327-2131a5fb3885', 'f472010b-bf11-4f97-9156-ed7a3b633432', 'bruce');
INSERT INTO "neap"."stream"(stream_id, channel_id, title, topic_id, topic, media_info, viewers, created_at, updated_at, ended_at)
    VALUES ('e8196455-ea85-448f-b6bd-435fe8a259c3', 'f472010b-bf11-4f97-9156-ed7a3b633432', 'Bruce goes live!', '284b3091-455d-4476-ae67-442a19d153d4', 'Mathematics', '{"width":1280,"height":720,"bitrate":1162.65}', 1108, '2015-10-14 07:41:09.003000+0000', '2015-10-14 09:02:26.168500+0000', '2015-10-14 09:10:28.424300+0000');
INSERT INTO "neap"."video"(video_id, stream_id, title, type, description, status, tags, topic_id, topic, media_info, preview, views, created_at, updated_at)
    VALUES ('e5e07f86-a70b-445c-8e52-07bf10ead845', 'e8196455-ea85-448f-b6bd-435fe8a259c3', 'Bruce goes live!', 'record', 'Bruce goes live!', '', '[]', '284b3091-455d-4476-ae67-442a19d153d4', 'Mathematics', '{"width":1280,"height":720,"bitrate":822.19}', '', '30187', '2015-10-25 12:51:55.790400+0000', '2015-10-29 06:49:19.767000+0000');
INSERT INTO "neap"."video"(video_id, stream_id, title, type, description, status, tags, topic_id, topic, media_info, preview, views, created_at, updated_at)
    VALUES ('283d16c8-9fb9-4ad6-ba43-7f000d9dc87b', 'e8196455-ea85-448f-b6bd-435fe8a259c3', 'Bruce goes live!', 'record', 'Bruce goes live!', '', '[]', '284b3091-455d-4476-ae67-442a19d153d4', 'Mathematics', '{"width":1280,"height":720,"bitrate":992.14}', '', '38749', '2015-10-26 23:17:46.255000+0000', '2015-10-27 22:46:39.538900+0000');
INSERT INTO "neap"."stream"(stream_id, channel_id, title, topic_id, topic, media_info, viewers, created_at, updated_at, ended_at)
    VALUES ('a396a942-c4ff-44f9-a82c-3de71aca1456', 'f472010b-bf11-4f97-9156-ed7a3b633432', 'Today is Philosophy day', '35fa82dc-ed25-47fb-b6cd-58ae8a151f60', 'Philosophy', '{"width":720,"height":400,"bitrate":618.84}', 193, '2015-08-20 00:09:23.751700+0000', '2015-08-20 04:29:22.641200+0000', '2015-08-20 05:07:38.515400+0000');
INSERT INTO "neap"."stream"(stream_id, channel_id, title, topic_id, topic, media_info, viewers, created_at, updated_at, ended_at)
    VALUES ('636a9768-36d9-455b-8f4d-1770edb45081', 'f472010b-bf11-4f97-9156-ed7a3b633432', 'Relax stream', '994391cf-d41e-46f4-b6eb-ce53824e3a0c', 'Litterature', '{"width":1280,"height":720,"bitrate":944.41}', 912, '2015-07-15 16:31:37.208900+0000', '2015-07-15 20:54:07.961000+0000', '2015-07-15 21:03:05.135400+0000');
INSERT INTO "neap"."video"(video_id, stream_id, title, type, description, status, tags, topic_id, topic, media_info, preview, views, created_at, updated_at)
    VALUES ('c817ba28-3d6f-4469-8059-3f68416a4262', '636a9768-36d9-455b-8f4d-1770edb45081', 'Relax stream', 'record', 'Relax stream', '', '[]', '994391cf-d41e-46f4-b6eb-ce53824e3a0c', 'Litterature', '{"width":1280,"height":720,"bitrate":1165.51}', '', '6564', '2015-10-04 05:36:50.484500+0000', '2015-10-04 12:03:53.170200+0000');
INSERT INTO "neap"."video"(video_id, stream_id, title, type, description, status, tags, topic_id, topic, media_info, preview, views, created_at, updated_at)
    VALUES ('f49b3ad0-bbbe-43f5-97de-441860f02eaa', '636a9768-36d9-455b-8f4d-1770edb45081', 'Relax stream', 'record', 'Relax stream', '', '[]', '994391cf-d41e-46f4-b6eb-ce53824e3a0c', 'Litterature', '{"width":1280,"height":720,"bitrate":1056.81}', '', '35862', '2015-08-17 03:46:14.455600+0000', '2015-08-23 03:40:11.978500+0000');
INSERT INTO "neap"."stream"(stream_id, channel_id, title, topic_id, topic, media_info, viewers, created_at, updated_at, ended_at)
    VALUES ('db5a4f81-11f0-4bf8-b8e3-cbde79bc1f47', 'f472010b-bf11-4f97-9156-ed7a3b633432', 'Video games?? Yeah, Video games!', '48e535f7-dba1-4d59-aac3-4c6cced32d6c', 'Video games', '{"width":1280,"height":720,"bitrate":840.09}', 828, '2015-08-09 01:42:23.630100+0000', '2015-08-09 07:19:28.647000+0000', '2015-08-09 07:30:40.528100+0000');
INSERT INTO "neap"."video"(video_id, stream_id, title, type, description, status, tags, topic_id, topic, media_info, preview, views, created_at, updated_at)
    VALUES ('2580b047-4ae8-4424-8f75-3e1580228ac0', 'db5a4f81-11f0-4bf8-b8e3-cbde79bc1f47', 'Video games?? Yeah, Video games!', 'record', 'Video games?? Yeah, Video games!', '', '[]', '48e535f7-dba1-4d59-aac3-4c6cced32d6c', 'Video games', '{"width":1280,"height":720,"bitrate":788.24}', '', '35727', '2015-08-12 05:45:11.193200+0000', '2015-08-12 07:03:22.908200+0000');
INSERT INTO "neap"."video"(video_id, stream_id, title, type, description, status, tags, topic_id, topic, media_info, preview, views, created_at, updated_at)
    VALUES ('97c9f40c-a645-449a-901e-24b9043277fa', 'db5a4f81-11f0-4bf8-b8e3-cbde79bc1f47', 'Video games?? Yeah, Video games!', 'record', 'Video games?? Yeah, Video games!', '', '[]', '48e535f7-dba1-4d59-aac3-4c6cced32d6c', 'Video games', '{"width":1280,"height":720,"bitrate":1003.55}', '', '28985', '2015-09-11 12:48:47.232000+0000', '2015-09-12 19:33:51.381600+0000');
INSERT INTO "neap"."stream"(stream_id, channel_id, title, topic_id, topic, media_info, viewers, created_at, updated_at, ended_at)
    VALUES ('2f7803ed-8068-4f22-8fe3-83d55628df1c', 'f472010b-bf11-4f97-9156-ed7a3b633432', 'Relax stream', '1cae4612-f178-4a0e-b3af-343a88b99638', 'Science', '{"width":1920,"height":1080,"bitrate":1047.72}', 1306, '2015-10-04 20:56:12.301500+0000', '2015-10-04 23:54:21.002600+0000', '2015-10-05 01:11:52.200000+0000');
INSERT INTO "neap"."video"(video_id, stream_id, title, type, description, status, tags, topic_id, topic, media_info, preview, views, created_at, updated_at)
    VALUES ('82aa4bb1-865b-4a00-a8d6-09eaa7e1a39f', '2f7803ed-8068-4f22-8fe3-83d55628df1c', 'Relax stream', 'record', 'Relax stream', '', '[]', '1cae4612-f178-4a0e-b3af-343a88b99638', 'Science', '{"width":1920,"height":1080,"bitrate":2503.59}', '', '28600', '2015-10-11 08:42:36.825800+0000', '2015-10-11 12:02:45.764900+0000');
INSERT INTO "neap"."video"(video_id, stream_id, title, type, description, status, tags, topic_id, topic, media_info, preview, views, created_at, updated_at)
    VALUES ('913dbab7-faa8-4a09-988c-acd6055ec1ff', '2f7803ed-8068-4f22-8fe3-83d55628df1c', 'Relax stream', 'record', 'Relax stream', '', '[]', '1cae4612-f178-4a0e-b3af-343a88b99638', 'Science', '{"width":1920,"height":1080,"bitrate":1870.42}', '', '7598', '2015-10-14 08:36:33.469200+0000', '2015-10-17 04:08:06.977800+0000');
INSERT INTO "neap"."stream"(stream_id, channel_id, title, topic_id, topic, media_info, viewers, created_at, updated_at, ended_at)
    VALUES ('5daa445a-bb5d-4985-b7ef-75018a38deab', 'f472010b-bf11-4f97-9156-ed7a3b633432', 'Today is History day', '5f6c7ec0-84ab-4d8e-a2d7-ff1887b55d6e', 'History', '{"width":1920,"height":1080,"bitrate":1503.75}', 98845, '2015-10-24 00:48:22.808200+0000', '2015-10-24 01:16:47.826200+0000', '2015-10-24 01:19:24.106900+0000');
INSERT INTO "neap"."video"(video_id, stream_id, title, type, description, status, tags, topic_id, topic, media_info, preview, views, created_at, updated_at)
    VALUES ('9079caef-f769-48c2-bb06-60e997ec8dc4', '5daa445a-bb5d-4985-b7ef-75018a38deab', 'Today is History day', 'record', 'Today is History day', '', '[]', '5f6c7ec0-84ab-4d8e-a2d7-ff1887b55d6e', 'History', '{"width":1920,"height":1080,"bitrate":3232.99}', '', '28522', '2015-10-29 17:58:13.088500+0000', '2015-10-30 16:36:20.612300+0000');
INSERT INTO "neap"."stream"(stream_id, channel_id, title, topic_id, topic, media_info, viewers, created_at, updated_at, ended_at)
    VALUES ('bbd1e801-8743-4493-ad0d-ea458acfd5d1', 'f472010b-bf11-4f97-9156-ed7a3b633432', 'Science?? Yeah, Science!', '1cae4612-f178-4a0e-b3af-343a88b99638', 'Science', '{"width":1280,"height":720,"bitrate":998.23}', 168, '2015-10-30 10:04:40.100600+0000', '2015-10-30 14:13:35.206300+0000', '2015-10-30 14:16:49.950500+0000');
INSERT INTO "neap"."user"(user_id, channel_id, type, username, email, password, display_name, logo, bio, created_at, updated_at)
    VALUES ('3c1e18ee-6ac0-4a43-8888-435da97a3272', '9423a0cd-2014-4129-9170-e2337dbee4c3', 'user', 'christine', 'christine@neap.io', '$2y$10$jQkEEEl1Fh4dtL4WhE6ow.oOGuft3TDFS5ADnKg8PXj9diL.yMSyi', 'Christine', 'https://gravatar.com/avatar/f1bcf56d7806585a7767fcb9bf9b89d8?s=128&d=identicon', null, '2015-06-30 00:45:39.620200+0000', '2015-08-20 12:08:50.926300+0000');
INSERT INTO "neap"."channel"(channel_id, user_id, chat_id, name, display_name, topic, language, views, followers)
    VALUES ('9423a0cd-2014-4129-9170-e2337dbee4c3', '3c1e18ee-6ac0-4a43-8888-435da97a3272', '0d2d509c-62b9-4714-be64-dfed8fdb8792', 'christine', 'Christine Channel', 'Science', 'en', 75875, 126);
INSERT INTO "neap"."chat"(chat_id, channel_id, name)
    VALUES ('0d2d509c-62b9-4714-be64-dfed8fdb8792', '9423a0cd-2014-4129-9170-e2337dbee4c3', 'christine');
INSERT INTO "neap"."stream"(stream_id, channel_id, title, topic_id, topic, media_info, viewers, created_at, updated_at, ended_at)
    VALUES ('7304767b-63c4-4dce-955c-7851d9046489', '9423a0cd-2014-4129-9170-e2337dbee4c3', 'Astrology?? Yeah, Astrology!', 'e9af2f53-d2dd-4e32-9dea-26d6ac21bcb8', 'Astrology', '{"width":720,"height":400,"bitrate":672.29}', 1572, '2015-10-25 04:17:26.275500+0000', '2015-10-25 11:11:08.189200+0000', '2015-10-25 11:41:42.555400+0000');
INSERT INTO "neap"."video"(video_id, stream_id, title, type, description, status, tags, topic_id, topic, media_info, preview, views, created_at, updated_at)
    VALUES ('7fee2b00-c9f7-4936-afbb-b1a1cbb84ad4', '7304767b-63c4-4dce-955c-7851d9046489', 'Astrology?? Yeah, Astrology!', 'record', 'Astrology?? Yeah, Astrology!', '', '[]', 'e9af2f53-d2dd-4e32-9dea-26d6ac21bcb8', 'Astrology', '{"width":720,"height":400,"bitrate":764.69}', '', '21630', '2015-10-29 12:03:49.540400+0000', '2015-10-31 01:20:29.540000+0000');
INSERT INTO "neap"."video"(video_id, stream_id, title, type, description, status, tags, topic_id, topic, media_info, preview, views, created_at, updated_at)
    VALUES ('a7085b1f-6458-4910-9243-691e5a62687c', '7304767b-63c4-4dce-955c-7851d9046489', 'Astrology?? Yeah, Astrology!', 'record', 'Astrology?? Yeah, Astrology!', '', '[]', 'e9af2f53-d2dd-4e32-9dea-26d6ac21bcb8', 'Astrology', '{"width":720,"height":400,"bitrate":724.8}', '', '5916', '2015-10-30 07:43:36.562900+0000', '2015-11-02 13:36:00.184100+0000');
INSERT INTO "neap"."stream"(stream_id, channel_id, title, topic_id, topic, media_info, viewers, created_at, updated_at, ended_at)
    VALUES ('6a4e5675-3356-45b9-ba21-abd68014fc29', '9423a0cd-2014-4129-9170-e2337dbee4c3', 'Fun with Music and Christine', 'b369c464-cdea-4356-9d70-1450585652e2', 'Music', '{"width":720,"height":400,"bitrate":773.3}', 1152, '2015-10-04 12:40:30.218400+0000', '2015-10-04 19:50:38.653400+0000', '2015-10-04 20:10:00.956400+0000');
INSERT INTO "neap"."video"(video_id, stream_id, title, type, description, status, tags, topic_id, topic, media_info, preview, views, created_at, updated_at)
    VALUES ('749094d2-0b46-4f32-97b0-b39699079f55', '6a4e5675-3356-45b9-ba21-abd68014fc29', 'Fun with Music and Christine', 'record', 'Fun with Music and Christine', '', '[]', 'b369c464-cdea-4356-9d70-1450585652e2', 'Music', '{"width":720,"height":400,"bitrate":558.07}', '', '35343', '2015-10-19 18:39:07.556600+0000', '2015-10-21 13:35:06.618300+0000');
INSERT INTO "neap"."user"(user_id, channel_id, type, username, email, password, display_name, logo, bio, created_at, updated_at)
    VALUES ('094daf81-86ab-41b4-91ce-857230aea0ea', 'cdc956d4-8ba2-4c02-8d1b-1c0cdda9e6cc', 'user', 'america', 'america@neap.io', '$2y$10$ap9NjYW2cz9dZa2BDpqgd.9w5H5dm7xU3NkpSxRXqYc.Izb2p89AO', 'America', 'https://gravatar.com/avatar/cf8914e2937d20e82fec9ec33ed334da?s=128&d=identicon', null, '2015-06-07 05:48:00.151000+0000', '2015-07-29 18:04:35.193500+0000');
INSERT INTO "neap"."channel"(channel_id, user_id, chat_id, name, display_name, topic, language, views, followers)
    VALUES ('cdc956d4-8ba2-4c02-8d1b-1c0cdda9e6cc', '094daf81-86ab-41b4-91ce-857230aea0ea', '8c306f7c-765e-4cc0-98b7-85f84ca1dbeb', 'america', 'America Channel', 'Biology', 'en', 79259, 24);
INSERT INTO "neap"."chat"(chat_id, channel_id, name)
    VALUES ('8c306f7c-765e-4cc0-98b7-85f84ca1dbeb', 'cdc956d4-8ba2-4c02-8d1b-1c0cdda9e6cc', 'america');
INSERT INTO "neap"."stream"(stream_id, channel_id, title, topic_id, topic, media_info, viewers, created_at, updated_at, ended_at)
    VALUES ('f93ded69-2bf7-48eb-85b2-6886253b6fed', 'cdc956d4-8ba2-4c02-8d1b-1c0cdda9e6cc', 'Come on and have fun with America!', 'b369c464-cdea-4356-9d70-1450585652e2', 'Music', '{"width":1280,"height":720,"bitrate":1127.88}', 2000, '2015-10-07 17:12:15.508600+0000', '2015-10-07 17:21:24.539000+0000', '2015-10-07 17:52:25.600400+0000');
INSERT INTO "neap"."video"(video_id, stream_id, title, type, description, status, tags, topic_id, topic, media_info, preview, views, created_at, updated_at)
    VALUES ('42f7194f-c91b-4083-a643-ac655a805559', 'f93ded69-2bf7-48eb-85b2-6886253b6fed', 'Come on and have fun with America!', 'record', 'Come on and have fun with America!', '', '[]', 'b369c464-cdea-4356-9d70-1450585652e2', 'Music', '{"width":1280,"height":720,"bitrate":960.86}', '', '34592', '2015-10-23 13:56:28.023600+0000', '2015-10-25 13:11:24.095600+0000');
INSERT INTO "neap"."stream"(stream_id, channel_id, title, topic_id, topic, media_info, viewers, created_at, updated_at, ended_at)
    VALUES ('41742476-ace7-4f33-a357-394caf90e18d', 'cdc956d4-8ba2-4c02-8d1b-1c0cdda9e6cc', 'America goes live!', 'b369c464-cdea-4356-9d70-1450585652e2', 'Music', '{"width":1280,"height":720,"bitrate":815.64}', 98, '2015-10-22 14:44:05.136900+0000', '2015-10-22 14:45:58.542200+0000', '2015-10-22 14:47:58.878300+0000');
INSERT INTO "neap"."video"(video_id, stream_id, title, type, description, status, tags, topic_id, topic, media_info, preview, views, created_at, updated_at)
    VALUES ('a309e4f1-01d6-4e6e-8859-0ee9a3bfda09', '41742476-ace7-4f33-a357-394caf90e18d', 'America goes live!', 'record', 'America goes live!', '', '[]', 'b369c464-cdea-4356-9d70-1450585652e2', 'Music', '{"width":1280,"height":720,"bitrate":1068.61}', '', '31138', '2015-10-25 06:36:22.706400+0000', '2015-10-26 11:00:43.332000+0000');
INSERT INTO "neap"."stream"(stream_id, channel_id, title, topic_id, topic, media_info, viewers, created_at, updated_at, ended_at)
    VALUES ('6ca01746-a0cf-40f8-91c6-44b321de846a', 'cdc956d4-8ba2-4c02-8d1b-1c0cdda9e6cc', 'Today is History day', '5f6c7ec0-84ab-4d8e-a2d7-ff1887b55d6e', 'History', '{"width":1920,"height":1080,"bitrate":3299.1}', 201, '2015-06-10 23:33:43.597600+0000', '2015-06-10 23:56:22.543900+0000', '2015-06-11 00:06:05.538100+0000');
INSERT INTO "neap"."stream"(stream_id, channel_id, title, topic_id, topic, media_info, viewers, created_at, updated_at, ended_at)
    VALUES ('89651fd0-81a2-4deb-94dc-1475a886c163', 'cdc956d4-8ba2-4c02-8d1b-1c0cdda9e6cc', 'The origins of Music', 'b369c464-cdea-4356-9d70-1450585652e2', 'Music', '{"width":720,"height":400,"bitrate":793.01}', 1166, '2015-06-22 12:36:33.828100+0000', '2015-06-22 16:37:51.016700+0000', '2015-06-22 18:01:18.094500+0000');
INSERT INTO "neap"."video"(video_id, stream_id, title, type, description, status, tags, topic_id, topic, media_info, preview, views, created_at, updated_at)
    VALUES ('f9c4763b-1d34-4620-88a8-cabcd970c647', '89651fd0-81a2-4deb-94dc-1475a886c163', 'The origins of Music', 'record', 'The origins of Music', '', '[]', 'b369c464-cdea-4356-9d70-1450585652e2', 'Music', '{"width":720,"height":400,"bitrate":704.91}', '', '25162', '2015-08-18 03:55:09.429100+0000', '2015-08-24 08:51:08.768300+0000');
INSERT INTO "neap"."video"(video_id, stream_id, title, type, description, status, tags, topic_id, topic, media_info, preview, views, created_at, updated_at)
    VALUES ('284da3c0-bbe7-4c27-8422-33f59cfd0f10', '89651fd0-81a2-4deb-94dc-1475a886c163', 'The origins of Music', 'highlight', 'The origins of Music', '', '[]', 'b369c464-cdea-4356-9d70-1450585652e2', 'Music', '{"width":720,"height":400,"bitrate":508.29}', '', '3029', '2015-09-10 19:17:48.507500+0000', '2015-09-13 06:17:28.495900+0000');
INSERT INTO "neap"."stream"(stream_id, channel_id, title, topic_id, topic, media_info, viewers, created_at, updated_at, ended_at)
    VALUES ('8c102ab2-1712-43d7-a082-ff4573f02438', 'cdc956d4-8ba2-4c02-8d1b-1c0cdda9e6cc', 'The origins of Astrology', 'e9af2f53-d2dd-4e32-9dea-26d6ac21bcb8', 'Astrology', '{"width":1280,"height":720,"bitrate":829.34}', 1965, '2015-07-21 12:57:18.351300+0000', '2015-07-21 14:08:11.250300+0000', '2015-07-21 14:34:59.131600+0000');
INSERT INTO "neap"."video"(video_id, stream_id, title, type, description, status, tags, topic_id, topic, media_info, preview, views, created_at, updated_at)
    VALUES ('8664bde5-083e-467d-99f8-09fdd38d70d9', '8c102ab2-1712-43d7-a082-ff4573f02438', 'The origins of Astrology', 'record', 'The origins of Astrology', '', '[]', 'e9af2f53-d2dd-4e32-9dea-26d6ac21bcb8', 'Astrology', '{"width":1280,"height":720,"bitrate":1292.9}', '', '73', '2015-10-18 05:47:55.770900+0000', '2015-10-19 05:35:05.524800+0000');
INSERT INTO "neap"."video"(video_id, stream_id, title, type, description, status, tags, topic_id, topic, media_info, preview, views, created_at, updated_at)
    VALUES ('d05e35bc-88a1-4b71-8251-e2f91e0fad0e', '8c102ab2-1712-43d7-a082-ff4573f02438', 'The origins of Astrology', 'record', 'The origins of Astrology', '', '[]', 'e9af2f53-d2dd-4e32-9dea-26d6ac21bcb8', 'Astrology', '{"width":1280,"height":720,"bitrate":1494.08}', '', '3996', '2015-07-26 22:44:12.792300+0000', '2015-07-27 23:10:06.004400+0000');
INSERT INTO "neap"."user"(user_id, channel_id, type, username, email, password, display_name, logo, bio, created_at, updated_at)
    VALUES ('c9824e44-3019-4711-834d-270a4fb616af', '28dc59aa-bcfb-4f00-86d3-7832a9386f85', 'user', 'finnegan', 'finnegan@neap.io', '$2y$10$HmBxv2g1xwijlOBBSnxl4.2rEfKHojMmOUw0T0EjsLB8dUIv6I166', 'Finnegan', 'https://gravatar.com/avatar/bfc5504f0eb8b5265673a60c848e3567?s=128&d=identicon', null, '2015-10-18 08:16:43.198200+0000', '2015-10-29 19:14:17.263500+0000');
INSERT INTO "neap"."channel"(channel_id, user_id, chat_id, name, display_name, topic, language, views, followers)
    VALUES ('28dc59aa-bcfb-4f00-86d3-7832a9386f85', 'c9824e44-3019-4711-834d-270a4fb616af', '4c87dc23-ecfe-41cb-be96-72675c654efb', 'finnegan', 'Finnegan Channel', 'History', 'en', 40245, 24);
INSERT INTO "neap"."chat"(chat_id, channel_id, name)
    VALUES ('4c87dc23-ecfe-41cb-be96-72675c654efb', '28dc59aa-bcfb-4f00-86d3-7832a9386f85', 'finnegan');
INSERT INTO "neap"."stream"(stream_id, channel_id, title, topic_id, topic, media_info, viewers, created_at, updated_at, ended_at)
    VALUES ('85efa308-7b4d-4867-b137-72538e68dc9b', '28dc59aa-bcfb-4f00-86d3-7832a9386f85', 'Come on and have fun with Finnegan!', '5f6c7ec0-84ab-4d8e-a2d7-ff1887b55d6e', 'History', '{"width":1280,"height":720,"bitrate":1288.71}', 864, '2015-10-22 11:42:25.720700+0000', '2015-10-22 11:48:39.300800+0000', '2015-10-22 12:04:49.025300+0000');
INSERT INTO "neap"."stream"(stream_id, channel_id, title, topic_id, topic, media_info, viewers, created_at, updated_at, ended_at)
    VALUES ('10fff79b-c3c5-44bb-aa52-3cdce54b0329', '28dc59aa-bcfb-4f00-86d3-7832a9386f85', 'Relax stream', '284b3091-455d-4476-ae67-442a19d153d4', 'Mathematics', '{"width":1280,"height":720,"bitrate":1322.26}', 1343, '2015-10-18 08:43:52.731900+0000', '2015-10-18 08:53:57.063900+0000', '2015-10-18 09:46:09.659400+0000');
INSERT INTO "neap"."video"(video_id, stream_id, title, type, description, status, tags, topic_id, topic, media_info, preview, views, created_at, updated_at)
    VALUES ('31bdab65-0857-4102-aa7f-f9952d292342', '10fff79b-c3c5-44bb-aa52-3cdce54b0329', 'Relax stream', 'record', 'Relax stream', '', '[]', '284b3091-455d-4476-ae67-442a19d153d4', 'Mathematics', '{"width":1280,"height":720,"bitrate":827.51}', '', '2801', '2015-10-24 12:22:10.928300+0000', '2015-10-27 07:18:35.483400+0000');
INSERT INTO "neap"."stream"(stream_id, channel_id, title, topic_id, topic, media_info, viewers, created_at, updated_at, ended_at)
    VALUES ('fcde2b90-a8c9-4b52-be9d-3625d8f17f0b', '28dc59aa-bcfb-4f00-86d3-7832a9386f85', 'Finnegan goes live!', '1cae4612-f178-4a0e-b3af-343a88b99638', 'Science', '{"width":720,"height":400,"bitrate":661.27}', 979, '2015-10-24 03:00:38.085700+0000', '2015-10-24 07:06:29.132000+0000', '2015-10-24 07:37:03.240400+0000');
INSERT INTO "neap"."video"(video_id, stream_id, title, type, description, status, tags, topic_id, topic, media_info, preview, views, created_at, updated_at)
    VALUES ('5ecde8d2-b5b9-449a-b686-20bc49ea9f44', 'fcde2b90-a8c9-4b52-be9d-3625d8f17f0b', 'Finnegan goes live!', 'highlight', 'Finnegan goes live!', '', '[]', '1cae4612-f178-4a0e-b3af-343a88b99638', 'Science', '{"width":720,"height":400,"bitrate":726.3}', '', '877', '2015-10-31 18:44:56.960300+0000', '2015-11-01 22:32:11.101200+0000');
INSERT INTO "neap"."stream"(stream_id, channel_id, title, topic_id, topic, media_info, viewers, created_at, updated_at, ended_at)
    VALUES ('30f787f5-2bc9-4da9-8c3d-ee2e93cd864d', '28dc59aa-bcfb-4f00-86d3-7832a9386f85', 'Science?? Yeah, Science!', '1cae4612-f178-4a0e-b3af-343a88b99638', 'Science', '{"width":1920,"height":1080,"bitrate":1307.61}', 1259, '2015-10-26 11:39:22.224200+0000', '2015-10-26 11:39:43.440800+0000', '2015-10-26 11:55:59.593400+0000');
INSERT INTO "neap"."video"(video_id, stream_id, title, type, description, status, tags, topic_id, topic, media_info, preview, views, created_at, updated_at)
    VALUES ('cb855aa1-345f-44ef-aede-2bf830356742', '30f787f5-2bc9-4da9-8c3d-ee2e93cd864d', 'Science?? Yeah, Science!', 'record', 'Science?? Yeah, Science!', '', '[]', '1cae4612-f178-4a0e-b3af-343a88b99638', 'Science', '{"width":1920,"height":1080,"bitrate":3099.69}', '', '4514', '2015-11-01 00:39:43.082600+0000', '2015-11-03 17:30:08.504200+0000');
INSERT INTO "neap"."stream"(stream_id, channel_id, title, topic_id, topic, media_info, viewers, created_at, updated_at, ended_at)
    VALUES ('325d0b7e-0e3c-4d08-a5b9-e2a0c9c8be50', '28dc59aa-bcfb-4f00-86d3-7832a9386f85', 'Fun with Science and Finnegan', '1cae4612-f178-4a0e-b3af-343a88b99638', 'Science', '{"width":720,"height":400,"bitrate":657.43}', 115, '2015-10-21 00:49:56.835100+0000', '2015-10-21 03:27:15.446600+0000', '2015-10-21 03:47:00.832900+0000');
INSERT INTO "neap"."video"(video_id, stream_id, title, type, description, status, tags, topic_id, topic, media_info, preview, views, created_at, updated_at)
    VALUES ('44f969e7-0ade-446f-ad93-e51c9685eef6', '325d0b7e-0e3c-4d08-a5b9-e2a0c9c8be50', 'Fun with Science and Finnegan', 'record', 'Fun with Science and Finnegan', '', '[]', '1cae4612-f178-4a0e-b3af-343a88b99638', 'Science', '{"width":720,"height":400,"bitrate":649.94}', '', '10624', '2015-10-23 00:56:27.863600+0000', '2015-10-23 17:42:57.241200+0000');
INSERT INTO "neap"."video"(video_id, stream_id, title, type, description, status, tags, topic_id, topic, media_info, preview, views, created_at, updated_at)
    VALUES ('0705c9f1-11ab-4bb7-810c-26416855ac03', '325d0b7e-0e3c-4d08-a5b9-e2a0c9c8be50', 'Fun with Science and Finnegan', 'record', 'Fun with Science and Finnegan', '', '[]', '1cae4612-f178-4a0e-b3af-343a88b99638', 'Science', '{"width":720,"height":400,"bitrate":552.19}', '', '7265', '2015-10-22 20:16:29.542700+0000', '2015-10-23 03:04:24.819600+0000');
INSERT INTO "neap"."stream"(stream_id, channel_id, title, topic_id, topic, media_info, viewers, created_at, updated_at, ended_at)
    VALUES ('a1e82530-b964-4464-9ff2-e773ce750cab', '28dc59aa-bcfb-4f00-86d3-7832a9386f85', 'Come on and have fun with Finnegan!', '5f6c7ec0-84ab-4d8e-a2d7-ff1887b55d6e', 'History', '{"width":720,"height":400,"bitrate":636.18}', 75673, '2015-11-01 00:44:09.379100+0000', '2015-11-01 08:08:12.341700+0000', '2015-11-01 08:08:23.081500+0000');
INSERT INTO "neap"."stream"(stream_id, channel_id, title, topic_id, topic, media_info, viewers, created_at, updated_at, ended_at)
    VALUES ('bcf0ea4a-4707-4447-945a-a00e62fe8a69', '28dc59aa-bcfb-4f00-86d3-7832a9386f85', 'Come on and have fun with Finnegan!', 'b369c464-cdea-4356-9d70-1450585652e2', 'Music', '{"width":1920,"height":1080,"bitrate":2787.84}', 24464, '2015-10-20 15:31:13.981000+0000', '2015-10-20 21:39:04.935900+0000', '2015-10-20 22:02:30.319600+0000');
INSERT INTO "neap"."user"(user_id, channel_id, type, username, email, password, display_name, logo, bio, created_at, updated_at)
    VALUES ('0406f9d0-57c4-41e0-be3d-c77346eed26c', '97bdadfb-17ce-4591-a7fd-4bc7d53d3529', 'user', 'moriah', 'moriah@neap.io', '$2y$10$rH5ieEJ/tJjQnvAz8bXLEuCjdOs19JN1X/o6Pm1oU52jrTvYZKOWG', 'Moriah', 'https://gravatar.com/avatar/7a9c9c246760fb098722073913ce54dc?s=128&d=identicon', null, '2015-03-01 22:31:31.240800+0000', '2015-05-06 12:41:03.172100+0000');
INSERT INTO "neap"."channel"(channel_id, user_id, chat_id, name, display_name, topic, language, views, followers)
    VALUES ('97bdadfb-17ce-4591-a7fd-4bc7d53d3529', '0406f9d0-57c4-41e0-be3d-c77346eed26c', '362a8da9-1685-4cc9-a755-8e26e9a1fa31', 'moriah', 'Moriah Channel', 'Theology', 'en', 10400, 84);
INSERT INTO "neap"."chat"(chat_id, channel_id, name)
    VALUES ('362a8da9-1685-4cc9-a755-8e26e9a1fa31', '97bdadfb-17ce-4591-a7fd-4bc7d53d3529', 'moriah');
INSERT INTO "neap"."stream"(stream_id, channel_id, title, topic_id, topic, media_info, viewers, created_at, updated_at, ended_at)
    VALUES ('0e443972-42b8-4729-8e37-698a531d8d9a', '97bdadfb-17ce-4591-a7fd-4bc7d53d3529', 'Photography?? Yeah, Photography!', 'e496e832-363e-4228-b518-7fe126ccaa04', 'Photography', '{"width":1920,"height":1080,"bitrate":2324.34}', 1148, '2015-10-06 11:54:13.648600+0000', '2015-10-06 13:32:53.787300+0000', '2015-10-06 13:53:20.608300+0000');
INSERT INTO "neap"."stream"(stream_id, channel_id, title, topic_id, topic, media_info, viewers, created_at, updated_at, ended_at)
    VALUES ('3e66b05d-7c07-48e1-a2df-33e4f5eb53b6', '97bdadfb-17ce-4591-a7fd-4bc7d53d3529', 'Science?? Yeah, Science!', '1cae4612-f178-4a0e-b3af-343a88b99638', 'Science', '{"width":720,"height":400,"bitrate":584.89}', 395, '2015-06-27 10:47:39.865800+0000', '2015-06-27 13:37:25.258000+0000', '2015-06-27 13:44:25.112200+0000');
INSERT INTO "neap"."video"(video_id, stream_id, title, type, description, status, tags, topic_id, topic, media_info, preview, views, created_at, updated_at)
    VALUES ('33cc785d-2833-4017-bda8-1ee1b1cd9a2a', '3e66b05d-7c07-48e1-a2df-33e4f5eb53b6', 'Science?? Yeah, Science!', 'highlight', 'Science?? Yeah, Science!', '', '[]', '1cae4612-f178-4a0e-b3af-343a88b99638', 'Science', '{"width":720,"height":400,"bitrate":647.7}', '', '36277', '2015-10-17 10:45:03.664100+0000', '2015-10-19 13:07:58.076400+0000');
INSERT INTO "neap"."stream"(stream_id, channel_id, title, topic_id, topic, media_info, viewers, created_at, updated_at, ended_at)
    VALUES ('993ea6d8-07c2-48f3-8f60-ea9005894e45', '97bdadfb-17ce-4591-a7fd-4bc7d53d3529', 'The origins of Mathematics', '284b3091-455d-4476-ae67-442a19d153d4', 'Mathematics', '{"width":1920,"height":1080,"bitrate":2015.45}', 32, '2015-07-04 20:00:00.224900+0000', '2015-07-04 20:38:10.888200+0000', '2015-07-04 20:56:36.331900+0000');
INSERT INTO "neap"."stream"(stream_id, channel_id, title, topic_id, topic, media_info, viewers, created_at, updated_at, ended_at)
    VALUES ('09897194-6259-4e31-8310-84dcf2eecbee', '97bdadfb-17ce-4591-a7fd-4bc7d53d3529', 'Today is Litterature day', '994391cf-d41e-46f4-b6eb-ce53824e3a0c', 'Litterature', '{"width":720,"height":400,"bitrate":696.72}', 1971, '2015-06-09 10:28:23.444100+0000', '2015-06-09 12:10:18.291800+0000', '2015-06-09 12:46:58.980300+0000');
INSERT INTO "neap"."video"(video_id, stream_id, title, type, description, status, tags, topic_id, topic, media_info, preview, views, created_at, updated_at)
    VALUES ('fb3118c0-b5d0-4116-b752-6f91710877e5', '09897194-6259-4e31-8310-84dcf2eecbee', 'Today is Litterature day', 'record', 'Today is Litterature day', '', '[]', '994391cf-d41e-46f4-b6eb-ce53824e3a0c', 'Litterature', '{"width":720,"height":400,"bitrate":722.71}', '', '27104', '2015-06-15 18:42:07.125400+0000', '2015-06-19 12:58:43.262400+0000');
INSERT INTO "neap"."stream"(stream_id, channel_id, title, topic_id, topic, media_info, viewers, created_at, updated_at, ended_at)
    VALUES ('388dce49-07ec-4667-8675-8117be889d1a', '97bdadfb-17ce-4591-a7fd-4bc7d53d3529', 'Come on and have fun with Moriah!', '994391cf-d41e-46f4-b6eb-ce53824e3a0c', 'Litterature', '{"width":1920,"height":1080,"bitrate":2641.81}', 1227, '2015-06-18 17:47:07.879600+0000', '2015-06-18 18:23:35.522600+0000', '2015-06-18 18:57:38.269800+0000');
INSERT INTO "neap"."video"(video_id, stream_id, title, type, description, status, tags, topic_id, topic, media_info, preview, views, created_at, updated_at)
    VALUES ('dee19577-d38d-4237-a188-00733c89e716', '388dce49-07ec-4667-8675-8117be889d1a', 'Come on and have fun with Moriah!', 'highlight', 'Come on and have fun with Moriah!', '', '[]', '994391cf-d41e-46f4-b6eb-ce53824e3a0c', 'Litterature', '{"width":1920,"height":1080,"bitrate":2446.93}', '', '27899', '2015-09-05 13:32:22.627000+0000', '2015-09-05 21:11:18.401500+0000');
INSERT INTO "neap"."stream"(stream_id, channel_id, title, topic_id, topic, media_info, viewers, created_at, updated_at, ended_at)
    VALUES ('d05cd316-2eaf-41aa-a815-961488c59102', '97bdadfb-17ce-4591-a7fd-4bc7d53d3529', 'Relax stream', '5f6c7ec0-84ab-4d8e-a2d7-ff1887b55d6e', 'History', '{"width":720,"height":400,"bitrate":723.96}', 110, '2015-10-20 05:16:26.641600+0000', '2015-10-20 05:31:07.485000+0000', '2015-10-20 06:07:14.868400+0000');
INSERT INTO "neap"."stream"(stream_id, channel_id, title, topic_id, topic, media_info, viewers, created_at, updated_at, ended_at)
    VALUES ('ca34d039-4e32-4f39-84df-ec288ad2a6ae', '97bdadfb-17ce-4591-a7fd-4bc7d53d3529', 'Moriah goes live!', 'e9af2f53-d2dd-4e32-9dea-26d6ac21bcb8', 'Astrology', '{"width":720,"height":400,"bitrate":500.86}', 880, '2015-05-25 22:14:41.405600+0000', '2015-05-25 22:16:20.706900+0000', '2015-05-25 23:00:03.110300+0000');
INSERT INTO "neap"."video"(video_id, stream_id, title, type, description, status, tags, topic_id, topic, media_info, preview, views, created_at, updated_at)
    VALUES ('4d4dc1e8-71cf-4143-9e76-1e8a0b1f013d', 'ca34d039-4e32-4f39-84df-ec288ad2a6ae', 'Moriah goes live!', 'record', 'Moriah goes live!', '', '[]', 'e9af2f53-d2dd-4e32-9dea-26d6ac21bcb8', 'Astrology', '{"width":720,"height":400,"bitrate":633.93}', '', '28495', '2015-08-30 00:28:47.140700+0000', '2015-08-30 15:44:56.418200+0000');
INSERT INTO "neap"."video"(video_id, stream_id, title, type, description, status, tags, topic_id, topic, media_info, preview, views, created_at, updated_at)
    VALUES ('e91af206-6457-44c3-8284-9fb050958b0c', 'ca34d039-4e32-4f39-84df-ec288ad2a6ae', 'Moriah goes live!', 'record', 'Moriah goes live!', '', '[]', 'e9af2f53-d2dd-4e32-9dea-26d6ac21bcb8', 'Astrology', '{"width":720,"height":400,"bitrate":658.9}', '', '2241', '2015-08-07 21:25:49.718600+0000', '2015-08-08 21:52:18.105100+0000');
INSERT INTO "neap"."stream"(stream_id, channel_id, title, topic_id, topic, media_info, viewers, created_at, updated_at, ended_at)
    VALUES ('29a560e8-0680-4c5b-a797-370867b86208', '97bdadfb-17ce-4591-a7fd-4bc7d53d3529', 'Relax stream', 'd2ea25fc-eb67-4c63-86d0-58ba2ce51b56', 'Theology', '{"width":1280,"height":720,"bitrate":1203.75}', 1307, '2015-03-12 17:23:29.063400+0000', '2015-03-12 18:35:10.911600+0000', '2015-03-12 18:38:38.765600+0000');
INSERT INTO "neap"."stream"(stream_id, channel_id, title, topic_id, topic, media_info, viewers, created_at, updated_at, ended_at)
    VALUES ('534abacc-3258-44b2-84d4-8e3f08d29ebc', '97bdadfb-17ce-4591-a7fd-4bc7d53d3529', 'Moriah goes live!', '994391cf-d41e-46f4-b6eb-ce53824e3a0c', 'Litterature', '{"width":1280,"height":720,"bitrate":962.56}', 147, '2015-06-26 09:54:41.030600+0000', '2015-06-26 17:43:33.099400+0000', '2015-06-26 19:26:57.398600+0000');
INSERT INTO "neap"."video"(video_id, stream_id, title, type, description, status, tags, topic_id, topic, media_info, preview, views, created_at, updated_at)
    VALUES ('3b7f2624-c0d8-4362-b059-e351d5a17e59', '534abacc-3258-44b2-84d4-8e3f08d29ebc', 'Moriah goes live!', 'record', 'Moriah goes live!', '', '[]', '994391cf-d41e-46f4-b6eb-ce53824e3a0c', 'Litterature', '{"width":1280,"height":720,"bitrate":825.27}', '', '32867', '2015-07-31 01:05:56.125100+0000', '2015-08-05 12:15:20.320900+0000');
INSERT INTO "neap"."user"(user_id, channel_id, type, username, email, password, display_name, logo, bio, created_at, updated_at)
    VALUES ('154e72fc-9ce0-46fe-82bc-90a1d4335f78', '53271a74-87a3-4e40-ada2-32a4fbe58371', 'user', 'rylan', 'rylan@neap.io', '$2y$10$HiA9gFWLqoSbmXsxFEahm.0Ay6AYXs5E/tGSxfdfMCX1nc3Cq2tOm', 'Rylan', 'https://gravatar.com/avatar/136e775e3edf26b67652e22d7fad6449?s=128&d=identicon', null, '2015-08-13 06:50:07.754100+0000', '2015-10-23 18:03:42.380400+0000');
INSERT INTO "neap"."channel"(channel_id, user_id, chat_id, name, display_name, topic, language, views, followers)
    VALUES ('53271a74-87a3-4e40-ada2-32a4fbe58371', '154e72fc-9ce0-46fe-82bc-90a1d4335f78', 'ebdbf6a0-4b57-4a10-b975-b0ac72c92cea', 'rylan', 'Rylan Channel', 'Video games', 'en', 31373, 62);
INSERT INTO "neap"."chat"(chat_id, channel_id, name)
    VALUES ('ebdbf6a0-4b57-4a10-b975-b0ac72c92cea', '53271a74-87a3-4e40-ada2-32a4fbe58371', 'rylan');
INSERT INTO "neap"."stream"(stream_id, channel_id, title, topic_id, topic, media_info, viewers, created_at, updated_at, ended_at)
    VALUES ('4089bcec-af60-4bf3-9fbf-16e915d4f8ba', '53271a74-87a3-4e40-ada2-32a4fbe58371', 'Fun with Litterature and Rylan', '994391cf-d41e-46f4-b6eb-ce53824e3a0c', 'Litterature', '{"width":1280,"height":720,"bitrate":1421.99}', 919, '2015-09-15 19:56:29.984600+0000', '2015-09-15 22:26:43.603700+0000', '2015-09-15 22:40:04.239300+0000');
INSERT INTO "neap"."video"(video_id, stream_id, title, type, description, status, tags, topic_id, topic, media_info, preview, views, created_at, updated_at)
    VALUES ('7ff4cfaa-4652-4698-93b9-b3e71e4729f6', '4089bcec-af60-4bf3-9fbf-16e915d4f8ba', 'Fun with Litterature and Rylan', 'record', 'Fun with Litterature and Rylan', '', '[]', '994391cf-d41e-46f4-b6eb-ce53824e3a0c', 'Litterature', '{"width":1280,"height":720,"bitrate":1370.35}', '', '38563', '2015-10-08 04:00:39.231300+0000', '2015-10-08 17:47:50.257400+0000');
INSERT INTO "neap"."stream"(stream_id, channel_id, title, topic_id, topic, media_info, viewers, created_at, updated_at, ended_at)
    VALUES ('52cbac4b-4d51-454c-a92c-cb5697e3025e', '53271a74-87a3-4e40-ada2-32a4fbe58371', 'Astrology?? Yeah, Astrology!', 'e9af2f53-d2dd-4e32-9dea-26d6ac21bcb8', 'Astrology', '{"width":720,"height":400,"bitrate":552.79}', 732, '2015-10-13 07:57:48.925200+0000', '2015-10-13 08:01:31.160400+0000', '2015-10-13 09:06:24.022800+0000');
INSERT INTO "neap"."stream"(stream_id, channel_id, title, topic_id, topic, media_info, viewers, created_at, updated_at, ended_at)
    VALUES ('22a308f6-d38a-470e-839f-42d0d7bb53ca', '53271a74-87a3-4e40-ada2-32a4fbe58371', 'Theology?? Yeah, Theology!', 'd2ea25fc-eb67-4c63-86d0-58ba2ce51b56', 'Theology', '{"width":720,"height":400,"bitrate":591.72}', 1862, '2015-08-15 22:16:49.685000+0000', '2015-08-16 02:48:25.082500+0000', '2015-08-16 03:02:06.877500+0000');
INSERT INTO "neap"."video"(video_id, stream_id, title, type, description, status, tags, topic_id, topic, media_info, preview, views, created_at, updated_at)
    VALUES ('531c58bd-eb2f-40c0-87d0-0c77f1db410e', '22a308f6-d38a-470e-839f-42d0d7bb53ca', 'Theology?? Yeah, Theology!', 'record', 'Theology?? Yeah, Theology!', '', '[]', 'd2ea25fc-eb67-4c63-86d0-58ba2ce51b56', 'Theology', '{"width":720,"height":400,"bitrate":545.66}', '', '25349', '2015-09-09 02:33:44.834300+0000', '2015-09-09 14:53:42.779200+0000');
INSERT INTO "neap"."user"(user_id, channel_id, type, username, email, password, display_name, logo, bio, created_at, updated_at)
    VALUES ('2043918c-96f6-4d91-9c12-527a4901a976', 'afbf5778-2e2b-497c-893f-c1089ed17e41', 'user', 'josiah', 'josiah@neap.io', '$2y$10$sbqTT3gw46zwjyekYBPoXuMAQDWgp5TmVuqsAWm/US5eMR4TK2In.', 'Josiah', 'https://gravatar.com/avatar/ac706807b97e7949a25948ce47bbe2fa?s=128&d=identicon', null, '2015-03-19 01:13:33.770700+0000', '2015-08-24 21:13:18.679500+0000');
INSERT INTO "neap"."channel"(channel_id, user_id, chat_id, name, display_name, topic, language, views, followers)
    VALUES ('afbf5778-2e2b-497c-893f-c1089ed17e41', '2043918c-96f6-4d91-9c12-527a4901a976', '82adf76c-e90f-44bf-b8a3-6f74b0ff9afc', 'josiah', 'Josiah Channel', 'Astrology', 'en', 79744, 79);
INSERT INTO "neap"."chat"(chat_id, channel_id, name)
    VALUES ('82adf76c-e90f-44bf-b8a3-6f74b0ff9afc', 'afbf5778-2e2b-497c-893f-c1089ed17e41', 'josiah');
INSERT INTO "neap"."stream"(stream_id, channel_id, title, topic_id, topic, media_info, viewers, created_at, updated_at, ended_at)
    VALUES ('0ff1d15a-c779-4189-a346-7d3a79cf6d95', 'afbf5778-2e2b-497c-893f-c1089ed17e41', 'Relax stream', '284b3091-455d-4476-ae67-442a19d153d4', 'Mathematics', '{"width":1280,"height":720,"bitrate":953.97}', 1134, '2015-05-28 18:12:48.402000+0000', '2015-05-28 21:54:26.471100+0000', '2015-05-28 22:06:03.604300+0000');
INSERT INTO "neap"."video"(video_id, stream_id, title, type, description, status, tags, topic_id, topic, media_info, preview, views, created_at, updated_at)
    VALUES ('5e382e84-e57a-4541-bf1e-f2f57f365f63', '0ff1d15a-c779-4189-a346-7d3a79cf6d95', 'Relax stream', 'record', 'Relax stream', '', '[]', '284b3091-455d-4476-ae67-442a19d153d4', 'Mathematics', '{"width":1280,"height":720,"bitrate":1139.45}', '', '9026', '2015-08-03 13:00:23.366000+0000', '2015-08-07 03:10:58.827500+0000');
INSERT INTO "neap"."stream"(stream_id, channel_id, title, topic_id, topic, media_info, viewers, created_at, updated_at, ended_at)
    VALUES ('a8084fec-25ca-47ec-9182-11f289cf67e4', 'afbf5778-2e2b-497c-893f-c1089ed17e41', 'Come on and have fun with Josiah!', '35fa82dc-ed25-47fb-b6cd-58ae8a151f60', 'Philosophy', '{"width":1280,"height":720,"bitrate":1469.49}', 1484, '2015-05-05 22:37:51.268800+0000', '2015-05-06 00:52:51.418100+0000', '2015-05-06 01:28:25.213900+0000');
INSERT INTO "neap"."video"(video_id, stream_id, title, type, description, status, tags, topic_id, topic, media_info, preview, views, created_at, updated_at)
    VALUES ('ddcd3c6b-5775-4df2-96d5-15fe1e7cfbb5', 'a8084fec-25ca-47ec-9182-11f289cf67e4', 'Come on and have fun with Josiah!', 'record', 'Come on and have fun with Josiah!', '', '[]', '35fa82dc-ed25-47fb-b6cd-58ae8a151f60', 'Philosophy', '{"width":1280,"height":720,"bitrate":1324.53}', '', '33615', '2015-08-08 08:50:34.648600+0000', '2015-08-09 05:55:52.833300+0000');
INSERT INTO "neap"."user"(user_id, channel_id, type, username, email, password, display_name, logo, bio, created_at, updated_at)
    VALUES ('86733a27-0ea1-4daf-a0a6-b397d9020492', 'a2da4a2d-d9bc-475f-b6d7-2b5200fd0639', 'user', 'zoe', 'zoe@neap.io', '$2y$10$TKmD/Z1.uKG.dJ.mHuCjOevLlnBM5enfNQDa16FLgNKGMy5LIHzzS', 'Zoe', 'https://gravatar.com/avatar/a7151f31b243b077916eb14bd053cb07?s=128&d=identicon', null, '2015-04-14 23:11:23.824200+0000', '2015-08-14 20:43:26.295700+0000');
INSERT INTO "neap"."channel"(channel_id, user_id, chat_id, name, display_name, topic, language, views, followers)
    VALUES ('a2da4a2d-d9bc-475f-b6d7-2b5200fd0639', '86733a27-0ea1-4daf-a0a6-b397d9020492', '8eb08732-584c-48cf-af36-487126e550cc', 'zoe', 'Zoe Channel', 'Music', 'en', 31389, 150);
INSERT INTO "neap"."chat"(chat_id, channel_id, name)
    VALUES ('8eb08732-584c-48cf-af36-487126e550cc', 'a2da4a2d-d9bc-475f-b6d7-2b5200fd0639', 'zoe');
INSERT INTO "neap"."stream"(stream_id, channel_id, title, topic_id, topic, media_info, viewers, created_at, updated_at, ended_at)
    VALUES ('e365ae16-045b-4a92-910a-4d1d2a39f6ba', 'a2da4a2d-d9bc-475f-b6d7-2b5200fd0639', 'Relax stream', 'd4f06d27-2693-4552-bd85-d9875651ce39', 'Biology', '{"width":1280,"height":720,"bitrate":1009.8}', 1625, '2015-08-20 13:56:25.191200+0000', '2015-08-20 14:10:15.478200+0000', '2015-08-20 15:04:06.302200+0000');
INSERT INTO "neap"."video"(video_id, stream_id, title, type, description, status, tags, topic_id, topic, media_info, preview, views, created_at, updated_at)
    VALUES ('6007163f-6b0c-4f48-85fa-ed895020c55c', 'e365ae16-045b-4a92-910a-4d1d2a39f6ba', 'Relax stream', 'record', 'Relax stream', '', '[]', 'd4f06d27-2693-4552-bd85-d9875651ce39', 'Biology', '{"width":1280,"height":720,"bitrate":1119.59}', '', '39315', '2015-09-06 01:15:01.411900+0000', '2015-09-08 16:15:28.975100+0000');
INSERT INTO "neap"."stream"(stream_id, channel_id, title, topic_id, topic, media_info, viewers, created_at, updated_at, ended_at)
    VALUES ('2948b6ee-f21f-426e-8de5-b767f01ce3ea', 'a2da4a2d-d9bc-475f-b6d7-2b5200fd0639', 'Fun with Theology and Zoe', 'd2ea25fc-eb67-4c63-86d0-58ba2ce51b56', 'Theology', '{"width":1920,"height":1080,"bitrate":1645.12}', 1817, '2015-08-18 04:38:40.504600+0000', '2015-08-18 05:36:13.890200+0000', '2015-08-18 06:54:20.615600+0000');
INSERT INTO "neap"."stream"(stream_id, channel_id, title, topic_id, topic, media_info, viewers, created_at, updated_at, ended_at)
    VALUES ('e029fb55-1212-4d4f-bd7c-63572609d865', 'a2da4a2d-d9bc-475f-b6d7-2b5200fd0639', 'Today is Philosophy day', '35fa82dc-ed25-47fb-b6cd-58ae8a151f60', 'Philosophy', '{"width":1280,"height":720,"bitrate":925.52}', 699, '2015-04-17 20:59:50.331900+0000', '2015-04-18 01:47:06.779800+0000', '2015-04-18 02:32:05.282600+0000');
INSERT INTO "neap"."stream"(stream_id, channel_id, title, topic_id, topic, media_info, viewers, created_at, updated_at, ended_at)
    VALUES ('b4d40128-17e7-4e3b-af6d-97c4059b3db3', 'a2da4a2d-d9bc-475f-b6d7-2b5200fd0639', 'Zoe goes live!', '284b3091-455d-4476-ae67-442a19d153d4', 'Mathematics', '{"width":720,"height":400,"bitrate":534.6}', 167, '2015-09-28 16:48:12.265000+0000', '2015-09-28 19:39:14.896400+0000', '2015-09-28 20:00:33.501500+0000');
INSERT INTO "neap"."stream"(stream_id, channel_id, title, topic_id, topic, media_info, viewers, created_at, updated_at, ended_at)
    VALUES ('9837217f-c9c6-46ab-bd38-cd0663d556c2', 'a2da4a2d-d9bc-475f-b6d7-2b5200fd0639', 'History?? Yeah, History!', '5f6c7ec0-84ab-4d8e-a2d7-ff1887b55d6e', 'History', '{"width":1280,"height":720,"bitrate":1273.8}', 1197, '2015-05-19 14:52:17.452400+0000', '2015-05-19 15:11:26.502800+0000', '2015-05-19 16:28:10.155600+0000');
INSERT INTO "neap"."video"(video_id, stream_id, title, type, description, status, tags, topic_id, topic, media_info, preview, views, created_at, updated_at)
    VALUES ('14c49041-dfdb-43e8-b26a-3d608ee87d64', '9837217f-c9c6-46ab-bd38-cd0663d556c2', 'History?? Yeah, History!', 'record', 'History?? Yeah, History!', '', '[]', '5f6c7ec0-84ab-4d8e-a2d7-ff1887b55d6e', 'History', '{"width":1280,"height":720,"bitrate":1484.25}', '', '30600', '2015-10-19 11:14:54.589300+0000', '2015-10-20 21:20:39.471000+0000');
INSERT INTO "neap"."stream"(stream_id, channel_id, title, topic_id, topic, media_info, viewers, created_at, updated_at, ended_at)
    VALUES ('ac0295ec-b036-4c80-95c8-6d7b21aa18e4', 'a2da4a2d-d9bc-475f-b6d7-2b5200fd0639', 'The origins of Music', 'b369c464-cdea-4356-9d70-1450585652e2', 'Music', '{"width":720,"height":400,"bitrate":628.74}', 157, '2015-07-29 01:37:50.594900+0000', '2015-07-29 05:52:07.318600+0000', '2015-07-29 06:05:41.194200+0000');
INSERT INTO "neap"."video"(video_id, stream_id, title, type, description, status, tags, topic_id, topic, media_info, preview, views, created_at, updated_at)
    VALUES ('536c5340-a4a9-4276-ab87-3c6b6a0417a4', 'ac0295ec-b036-4c80-95c8-6d7b21aa18e4', 'The origins of Music', 'highlight', 'The origins of Music', '', '[]', 'b369c464-cdea-4356-9d70-1450585652e2', 'Music', '{"width":720,"height":400,"bitrate":520.64}', '', '4279', '2015-09-25 04:32:47.015100+0000', '2015-09-27 03:11:58.590300+0000');
INSERT INTO "neap"."video"(video_id, stream_id, title, type, description, status, tags, topic_id, topic, media_info, preview, views, created_at, updated_at)
    VALUES ('90a5e008-ca5e-4641-9983-afa0ad5e75ba', 'ac0295ec-b036-4c80-95c8-6d7b21aa18e4', 'The origins of Music', 'record', 'The origins of Music', '', '[]', 'b369c464-cdea-4356-9d70-1450585652e2', 'Music', '{"width":720,"height":400,"bitrate":521.14}', '', '16616', '2015-07-30 03:43:58.948900+0000', '2015-08-01 05:55:38.904900+0000');
INSERT INTO "neap"."user"(user_id, channel_id, type, username, email, password, display_name, logo, bio, created_at, updated_at)
    VALUES ('9e3ad951-2d1f-4adc-bdd2-bd37f01374d1', '58bf25c7-9257-4834-ac7a-df2a0a8e16d9', 'user', 'heidi', 'heidi@neap.io', '$2y$10$iBlScEZb/TW7pWeurAuYYubvlClEJ3.wHUO6HR1unLzTwZunhXQbC', 'Heidi', 'https://gravatar.com/avatar/15e381a7404e74aa1eebdc586cfe9a65?s=128&d=identicon', null, '2015-01-10 20:10:02.620900+0000', '2015-04-10 11:54:50.948500+0000');
INSERT INTO "neap"."channel"(channel_id, user_id, chat_id, name, display_name, topic, language, views, followers)
    VALUES ('58bf25c7-9257-4834-ac7a-df2a0a8e16d9', '9e3ad951-2d1f-4adc-bdd2-bd37f01374d1', 'e41e8a64-83fa-4f20-aa79-d355d6fceb9a', 'heidi', 'Heidi Channel', 'History', 'en', 66332, 112);
INSERT INTO "neap"."chat"(chat_id, channel_id, name)
    VALUES ('e41e8a64-83fa-4f20-aa79-d355d6fceb9a', '58bf25c7-9257-4834-ac7a-df2a0a8e16d9', 'heidi');
INSERT INTO "neap"."stream"(stream_id, channel_id, title, topic_id, topic, media_info, viewers, created_at, updated_at, ended_at)
    VALUES ('878595f6-6dda-438b-ad5c-ac5a06c79443', '58bf25c7-9257-4834-ac7a-df2a0a8e16d9', 'The origins of Biology', 'd4f06d27-2693-4552-bd85-d9875651ce39', 'Biology', '{"width":1280,"height":720,"bitrate":971.85}', 27469, '2015-07-30 01:46:54.574900+0000', '2015-07-30 04:00:42.811800+0000', '2015-07-30 04:27:25.797700+0000');
INSERT INTO "neap"."stream"(stream_id, channel_id, title, topic_id, topic, media_info, viewers, created_at, updated_at, ended_at)
    VALUES ('6e88ce05-c47d-44a7-b46e-50caa4e99297', '58bf25c7-9257-4834-ac7a-df2a0a8e16d9', 'Fun with Philosophy and Heidi', '35fa82dc-ed25-47fb-b6cd-58ae8a151f60', 'Philosophy', '{"width":720,"height":400,"bitrate":759.55}', 379, '2015-03-03 09:55:09.386200+0000', '2015-03-03 12:58:03.755200+0000', '2015-03-03 13:13:45.539600+0000');
INSERT INTO "neap"."video"(video_id, stream_id, title, type, description, status, tags, topic_id, topic, media_info, preview, views, created_at, updated_at)
    VALUES ('db491cf7-2236-465b-b189-ab2edd324c71', '6e88ce05-c47d-44a7-b46e-50caa4e99297', 'Fun with Philosophy and Heidi', 'record', 'Fun with Philosophy and Heidi', '', '[]', '35fa82dc-ed25-47fb-b6cd-58ae8a151f60', 'Philosophy', '{"width":720,"height":400,"bitrate":686.43}', '', '12433', '2015-07-22 23:38:49.947200+0000', '2015-07-26 06:49:57.652300+0000');
INSERT INTO "neap"."video"(video_id, stream_id, title, type, description, status, tags, topic_id, topic, media_info, preview, views, created_at, updated_at)
    VALUES ('0ab2b967-515d-4a1f-889b-c570ed3996a5', '6e88ce05-c47d-44a7-b46e-50caa4e99297', 'Fun with Philosophy and Heidi', 'highlight', 'Fun with Philosophy and Heidi', '', '[]', '35fa82dc-ed25-47fb-b6cd-58ae8a151f60', 'Philosophy', '{"width":720,"height":400,"bitrate":552.08}', '', '14434', '2015-04-22 21:43:33.693700+0000', '2015-04-24 18:38:03.077500+0000');
INSERT INTO "neap"."stream"(stream_id, channel_id, title, topic_id, topic, media_info, viewers, created_at, updated_at, ended_at)
    VALUES ('5c6c71a6-da32-4866-a8df-4de2f0a1a11f', '58bf25c7-9257-4834-ac7a-df2a0a8e16d9', 'Today is Philosophy day', '35fa82dc-ed25-47fb-b6cd-58ae8a151f60', 'Philosophy', '{"width":720,"height":400,"bitrate":608.93}', 51257, '2015-09-27 12:28:02.897900+0000', '2015-09-27 17:19:50.000200+0000', '2015-09-27 17:37:27.327200+0000');
INSERT INTO "neap"."video"(video_id, stream_id, title, type, description, status, tags, topic_id, topic, media_info, preview, views, created_at, updated_at)
    VALUES ('763a8ae4-24b1-4b9d-913e-d8f483699fbf', '5c6c71a6-da32-4866-a8df-4de2f0a1a11f', 'Today is Philosophy day', 'highlight', 'Today is Philosophy day', '', '[]', '35fa82dc-ed25-47fb-b6cd-58ae8a151f60', 'Philosophy', '{"width":720,"height":400,"bitrate":785.23}', '', '29924', '2015-10-12 08:03:18.414700+0000', '2015-10-17 22:20:49.977200+0000');
INSERT INTO "neap"."video"(video_id, stream_id, title, type, description, status, tags, topic_id, topic, media_info, preview, views, created_at, updated_at)
    VALUES ('801aa408-e2bb-47b9-a51f-9f1d42ba1c02', '5c6c71a6-da32-4866-a8df-4de2f0a1a11f', 'Today is Philosophy day', 'record', 'Today is Philosophy day', '', '[]', '35fa82dc-ed25-47fb-b6cd-58ae8a151f60', 'Philosophy', '{"width":720,"height":400,"bitrate":636.31}', '', '22991', '2015-10-08 20:18:50.658800+0000', '2015-10-08 23:55:46.895800+0000');
INSERT INTO "neap"."user"(user_id, channel_id, type, username, email, password, display_name, logo, bio, created_at, updated_at)
    VALUES ('fa36cb95-3d8f-4f4b-b4d4-5e5fd3a57ff3', '19ff66a3-2ba5-4ad0-82f3-ac3eac49b6cb', 'user', 'alayah', 'alayah@neap.io', '$2y$10$2Jo2YeIi1DiITKAD81joEuORcuww76MavTK89tTX8UdRgfKcD8/zG', 'Alayah', 'https://gravatar.com/avatar/35a7f4b771465306fd7d3a23825e10d2?s=128&d=identicon', null, '2015-10-08 05:04:17.100900+0000', '2015-10-20 05:11:40.582600+0000');
INSERT INTO "neap"."channel"(channel_id, user_id, chat_id, name, display_name, topic, language, views, followers)
    VALUES ('19ff66a3-2ba5-4ad0-82f3-ac3eac49b6cb', 'fa36cb95-3d8f-4f4b-b4d4-5e5fd3a57ff3', '3886fbd1-43f0-44b0-ada2-43a3dac370bb', 'alayah', 'Alayah Channel', 'Philosophy', 'en', 84088, 120);
INSERT INTO "neap"."chat"(chat_id, channel_id, name)
    VALUES ('3886fbd1-43f0-44b0-ada2-43a3dac370bb', '19ff66a3-2ba5-4ad0-82f3-ac3eac49b6cb', 'alayah');
INSERT INTO "neap"."stream"(stream_id, channel_id, title, topic_id, topic, media_info, viewers, created_at, updated_at, ended_at)
    VALUES ('c765756f-e2c7-406a-9564-d70eddc95a46', '19ff66a3-2ba5-4ad0-82f3-ac3eac49b6cb', 'Today is Biology day', 'd4f06d27-2693-4552-bd85-d9875651ce39', 'Biology', '{"width":1920,"height":1080,"bitrate":2984.67}', 1223, '2015-10-26 11:41:37.187100+0000', '2015-10-26 15:34:18.937900+0000', '2015-10-26 16:25:07.795200+0000');
INSERT INTO "neap"."stream"(stream_id, channel_id, title, topic_id, topic, media_info, viewers, created_at, updated_at, ended_at)
    VALUES ('9882da45-3c87-4160-9058-c35d2c7726d5', '19ff66a3-2ba5-4ad0-82f3-ac3eac49b6cb', 'Today is Litterature day', '994391cf-d41e-46f4-b6eb-ce53824e3a0c', 'Litterature', '{"width":1280,"height":720,"bitrate":1283.86}', 1348, '2015-10-15 08:08:13.682500+0000', '2015-10-15 08:08:29.400400+0000', '2015-10-15 08:51:09.754000+0000');
INSERT INTO "neap"."video"(video_id, stream_id, title, type, description, status, tags, topic_id, topic, media_info, preview, views, created_at, updated_at)
    VALUES ('e6cfbfbc-7899-4d8d-b190-063b5ad3352e', '9882da45-3c87-4160-9058-c35d2c7726d5', 'Today is Litterature day', 'record', 'Today is Litterature day', '', '[]', '994391cf-d41e-46f4-b6eb-ce53824e3a0c', 'Litterature', '{"width":1280,"height":720,"bitrate":1202.54}', '', '24971', '2015-10-27 16:05:12.450500+0000', '2015-10-27 17:32:55.116200+0000');
INSERT INTO "neap"."user"(user_id, channel_id, type, username, email, password, display_name, logo, bio, created_at, updated_at)
    VALUES ('348dc801-01a9-4352-9951-f97fec6742be', '37b4dfc1-3a3f-409b-82e8-d77b21832703', 'user', 'ali', 'ali@neap.io', '$2y$10$F9xnTIARbaOppgfl/6SXJu7sE2zyCLMV9chmXOI/yY7.CpK4gG1v.', 'Ali', 'https://gravatar.com/avatar/0ae35c637c02b7d21aece19ec2ef140c?s=128&d=identicon', null, '2015-04-07 12:20:42.674600+0000', '2015-08-21 06:18:03.534400+0000');
INSERT INTO "neap"."channel"(channel_id, user_id, chat_id, name, display_name, topic, language, views, followers)
    VALUES ('37b4dfc1-3a3f-409b-82e8-d77b21832703', '348dc801-01a9-4352-9951-f97fec6742be', 'a7c98fae-1fc5-4ae1-9a70-e020832ae461', 'ali', 'Ali Channel', 'Philosophy', 'en', 19575, 114);
INSERT INTO "neap"."chat"(chat_id, channel_id, name)
    VALUES ('a7c98fae-1fc5-4ae1-9a70-e020832ae461', '37b4dfc1-3a3f-409b-82e8-d77b21832703', 'ali');
INSERT INTO "neap"."stream"(stream_id, channel_id, title, topic_id, topic, media_info, viewers, created_at, updated_at, ended_at)
    VALUES ('93970d13-80f7-4be1-9349-658634e05a55', '37b4dfc1-3a3f-409b-82e8-d77b21832703', 'Litterature?? Yeah, Litterature!', '994391cf-d41e-46f4-b6eb-ce53824e3a0c', 'Litterature', '{"width":720,"height":400,"bitrate":632.37}', 1937, '2015-04-15 07:55:08.017900+0000', '2015-04-15 12:15:46.577700+0000', '2015-04-15 13:40:56.358800+0000');
INSERT INTO "neap"."video"(video_id, stream_id, title, type, description, status, tags, topic_id, topic, media_info, preview, views, created_at, updated_at)
    VALUES ('54b19c2a-335d-4009-8728-7e6e7cb62ca0', '93970d13-80f7-4be1-9349-658634e05a55', 'Litterature?? Yeah, Litterature!', 'highlight', 'Litterature?? Yeah, Litterature!', '', '[]', '994391cf-d41e-46f4-b6eb-ce53824e3a0c', 'Litterature', '{"width":720,"height":400,"bitrate":544.39}', '', '19367', '2015-07-21 08:00:43.070000+0000', '2015-07-22 11:34:58.239900+0000');
INSERT INTO "neap"."stream"(stream_id, channel_id, title, topic_id, topic, media_info, viewers, created_at, updated_at, ended_at)
    VALUES ('989d4dca-eea9-4255-a1dc-79cad08d4ab3', '37b4dfc1-3a3f-409b-82e8-d77b21832703', 'Fun with Theology and Ali', 'd2ea25fc-eb67-4c63-86d0-58ba2ce51b56', 'Theology', '{"width":720,"height":400,"bitrate":559.02}', 77122, '2015-06-16 10:46:46.691700+0000', '2015-06-16 11:12:07.007700+0000', '2015-06-16 11:40:33.619200+0000');
INSERT INTO "neap"."video"(video_id, stream_id, title, type, description, status, tags, topic_id, topic, media_info, preview, views, created_at, updated_at)
    VALUES ('3ae0537b-a9a8-49c0-b1b4-cbb078f83bb8', '989d4dca-eea9-4255-a1dc-79cad08d4ab3', 'Fun with Theology and Ali', 'record', 'Fun with Theology and Ali', '', '[]', 'd2ea25fc-eb67-4c63-86d0-58ba2ce51b56', 'Theology', '{"width":720,"height":400,"bitrate":583.98}', '', '29487', '2015-10-05 16:43:53.142300+0000', '2015-10-06 06:17:28.643900+0000');
INSERT INTO "neap"."user"(user_id, channel_id, type, username, email, password, display_name, logo, bio, created_at, updated_at)
    VALUES ('3ef0e030-3e39-40b2-b01c-9905f508bfc0', '9665db28-0ae1-4a5f-a775-eb3809b97a12', 'user', 'lorelei', 'lorelei@neap.io', '$2y$10$64eZFVGhBoJvU6QjJkHKW.qldih1uK9hRsJUk4jda0KZ5P94Vb6vS', 'Lorelei', 'https://gravatar.com/avatar/0c6de7f2aa1bbdf3243ab60e5d33ea13?s=128&d=identicon', null, '2015-08-19 14:48:53.718400+0000', '2015-10-27 09:27:57.021700+0000');
INSERT INTO "neap"."channel"(channel_id, user_id, chat_id, name, display_name, topic, language, views, followers)
    VALUES ('9665db28-0ae1-4a5f-a775-eb3809b97a12', '3ef0e030-3e39-40b2-b01c-9905f508bfc0', 'd0a9c2d8-c7be-4e91-bdb9-207206ede599', 'lorelei', 'Lorelei Channel', 'History', 'en', 62827, 130);
INSERT INTO "neap"."chat"(chat_id, channel_id, name)
    VALUES ('d0a9c2d8-c7be-4e91-bdb9-207206ede599', '9665db28-0ae1-4a5f-a775-eb3809b97a12', 'lorelei');
INSERT INTO "neap"."stream"(stream_id, channel_id, title, topic_id, topic, media_info, viewers, created_at, updated_at, ended_at)
    VALUES ('b7bd5cbb-0932-447e-ad32-cf8e72a3cb3c', '9665db28-0ae1-4a5f-a775-eb3809b97a12', 'Science?? Yeah, Science!', '1cae4612-f178-4a0e-b3af-343a88b99638', 'Science', '{"width":1920,"height":1080,"bitrate":2121.12}', 59, '2015-09-26 04:52:51.241300+0000', '2015-09-26 09:47:54.430600+0000', '2015-09-26 09:51:21.268900+0000');
INSERT INTO "neap"."video"(video_id, stream_id, title, type, description, status, tags, topic_id, topic, media_info, preview, views, created_at, updated_at)
    VALUES ('9b11c0e0-61f6-4fc6-a922-e61c023796ed', 'b7bd5cbb-0932-447e-ad32-cf8e72a3cb3c', 'Science?? Yeah, Science!', 'record', 'Science?? Yeah, Science!', '', '[]', '1cae4612-f178-4a0e-b3af-343a88b99638', 'Science', '{"width":1920,"height":1080,"bitrate":1683.06}', '', '36133', '2015-10-03 23:41:24.707600+0000', '2015-10-05 08:25:51.715500+0000');
INSERT INTO "neap"."stream"(stream_id, channel_id, title, topic_id, topic, media_info, viewers, created_at, updated_at, ended_at)
    VALUES ('66429c16-a669-4b56-a86d-0f6fe4f9e7d6', '9665db28-0ae1-4a5f-a775-eb3809b97a12', 'Come on and have fun with Lorelei!', 'e9af2f53-d2dd-4e32-9dea-26d6ac21bcb8', 'Astrology', '{"width":1920,"height":1080,"bitrate":2620.61}', 412, '2015-09-20 04:37:58.705100+0000', '2015-09-20 10:04:44.280500+0000', '2015-09-20 10:57:02.096700+0000');
INSERT INTO "neap"."stream"(stream_id, channel_id, title, topic_id, topic, media_info, viewers, created_at, updated_at, ended_at)
    VALUES ('824bd76b-9664-4fd6-b386-4982503a51c5', '9665db28-0ae1-4a5f-a775-eb3809b97a12', 'Lorelei goes live!', '994391cf-d41e-46f4-b6eb-ce53824e3a0c', 'Litterature', '{"width":720,"height":400,"bitrate":650.76}', 417, '2015-09-06 20:32:26.024800+0000', '2015-09-06 23:27:56.599600+0000', '2015-09-06 23:37:46.298500+0000');
INSERT INTO "neap"."video"(video_id, stream_id, title, type, description, status, tags, topic_id, topic, media_info, preview, views, created_at, updated_at)
    VALUES ('30863f3c-8001-4ace-bf0d-50bf15f68dff', '824bd76b-9664-4fd6-b386-4982503a51c5', 'Lorelei goes live!', 'record', 'Lorelei goes live!', '', '[]', '994391cf-d41e-46f4-b6eb-ce53824e3a0c', 'Litterature', '{"width":720,"height":400,"bitrate":578.82}', '', '28115', '2015-09-20 18:22:49.902400+0000', '2015-09-21 05:48:22.534400+0000');
INSERT INTO "neap"."stream"(stream_id, channel_id, title, topic_id, topic, media_info, viewers, created_at, updated_at, ended_at)
    VALUES ('3484a0c4-f48a-4d31-854b-8056691891cb', '9665db28-0ae1-4a5f-a775-eb3809b97a12', 'Lorelei goes live!', 'd2ea25fc-eb67-4c63-86d0-58ba2ce51b56', 'Theology', '{"width":1920,"height":1080,"bitrate":1667.92}', 396, '2015-10-21 05:57:37.253300+0000', '2015-10-21 11:21:09.441400+0000', '2015-10-21 11:25:42.045900+0000');
INSERT INTO "neap"."video"(video_id, stream_id, title, type, description, status, tags, topic_id, topic, media_info, preview, views, created_at, updated_at)
    VALUES ('cbffd64f-c69f-4209-98e4-b1da64abab1c', '3484a0c4-f48a-4d31-854b-8056691891cb', 'Lorelei goes live!', 'record', 'Lorelei goes live!', '', '[]', 'd2ea25fc-eb67-4c63-86d0-58ba2ce51b56', 'Theology', '{"width":1920,"height":1080,"bitrate":1305.52}', '', '21746', '2015-10-22 01:06:23.665600+0000', '2015-10-23 09:00:40.340300+0000');
INSERT INTO "neap"."video"(video_id, stream_id, title, type, description, status, tags, topic_id, topic, media_info, preview, views, created_at, updated_at)
    VALUES ('ae9faf7c-c8cb-43f3-bf66-101655376455', '3484a0c4-f48a-4d31-854b-8056691891cb', 'Lorelei goes live!', 'highlight', 'Lorelei goes live!', '', '[]', 'd2ea25fc-eb67-4c63-86d0-58ba2ce51b56', 'Theology', '{"width":1920,"height":1080,"bitrate":1100.08}', '', '35311', '2015-10-29 10:51:39.866000+0000', '2015-10-31 19:18:31.792400+0000');
INSERT INTO "neap"."stream"(stream_id, channel_id, title, topic_id, topic, media_info, viewers, created_at, updated_at, ended_at)
    VALUES ('ac47e0a4-e046-4186-82c2-b6e1a5dd6f4a', '9665db28-0ae1-4a5f-a775-eb3809b97a12', 'Come on and have fun with Lorelei!', '35fa82dc-ed25-47fb-b6cd-58ae8a151f60', 'Philosophy', '{"width":720,"height":400,"bitrate":583.49}', 543, '2015-10-16 20:32:43.310900+0000', '2015-10-16 20:34:09.619000+0000', '2015-10-16 20:49:07.940000+0000');
INSERT INTO "neap"."video"(video_id, stream_id, title, type, description, status, tags, topic_id, topic, media_info, preview, views, created_at, updated_at)
    VALUES ('7d12d7b7-e154-45c2-bed3-b4b63bedf724', 'ac47e0a4-e046-4186-82c2-b6e1a5dd6f4a', 'Come on and have fun with Lorelei!', 'record', 'Come on and have fun with Lorelei!', '', '[]', '35fa82dc-ed25-47fb-b6cd-58ae8a151f60', 'Philosophy', '{"width":720,"height":400,"bitrate":595.84}', '', '24118', '2015-10-22 16:01:26.636500+0000', '2015-10-23 15:32:33.051000+0000');
INSERT INTO "neap"."video"(video_id, stream_id, title, type, description, status, tags, topic_id, topic, media_info, preview, views, created_at, updated_at)
    VALUES ('fa7c03be-8583-477d-b7e3-c5c0e08ce2f2', 'ac47e0a4-e046-4186-82c2-b6e1a5dd6f4a', 'Come on and have fun with Lorelei!', 'record', 'Come on and have fun with Lorelei!', '', '[]', '35fa82dc-ed25-47fb-b6cd-58ae8a151f60', 'Philosophy', '{"width":720,"height":400,"bitrate":746.9}', '', '9589', '2015-10-31 11:06:35.563800+0000', '2015-10-31 11:11:39.006500+0000');
INSERT INTO "neap"."stream"(stream_id, channel_id, title, topic_id, topic, media_info, viewers, created_at, updated_at, ended_at)
    VALUES ('4594ae37-324f-490c-8f31-eb53dc9fb43b', '9665db28-0ae1-4a5f-a775-eb3809b97a12', 'Biology?? Yeah, Biology!', 'd4f06d27-2693-4552-bd85-d9875651ce39', 'Biology', '{"width":1920,"height":1080,"bitrate":1709.94}', 849, '2015-10-07 03:47:58.934700+0000', '2015-10-07 04:01:36.690600+0000', '2015-10-07 04:11:08.734900+0000');
INSERT INTO "neap"."video"(video_id, stream_id, title, type, description, status, tags, topic_id, topic, media_info, preview, views, created_at, updated_at)
    VALUES ('e9e37544-b756-442d-b9f6-3694815fac6e', '4594ae37-324f-490c-8f31-eb53dc9fb43b', 'Biology?? Yeah, Biology!', 'record', 'Biology?? Yeah, Biology!', '', '[]', 'd4f06d27-2693-4552-bd85-d9875651ce39', 'Biology', '{"width":1920,"height":1080,"bitrate":1990.16}', '', '34155', '2015-10-08 07:20:12.287700+0000', '2015-10-10 04:00:29.284400+0000');
INSERT INTO "neap"."user"(user_id, channel_id, type, username, email, password, display_name, logo, bio, created_at, updated_at)
    VALUES ('a5be96d5-94f6-421c-808f-75079c454571', 'f94ca005-199b-4a60-9f1c-198b40d206ba', 'user', 'cindy', 'cindy@neap.io', '$2y$10$Ae6yg0nn5ZbmbAgdT8ggT.x460yPHjzH5sDOMprkgGGGezNIAZA/G', 'Cindy', 'https://gravatar.com/avatar/e6937ad65d8db22d0735de17d50d74ed?s=128&d=identicon', null, '2015-10-10 16:59:11.786000+0000', '2015-10-27 09:29:14.444400+0000');
INSERT INTO "neap"."channel"(channel_id, user_id, chat_id, name, display_name, topic, language, views, followers)
    VALUES ('f94ca005-199b-4a60-9f1c-198b40d206ba', 'a5be96d5-94f6-421c-808f-75079c454571', 'bae379f9-b3ef-4366-adb5-9ffb8beb4d13', 'cindy', 'Cindy Channel', 'Biology', 'en', 50751, 21);
INSERT INTO "neap"."chat"(chat_id, channel_id, name)
    VALUES ('bae379f9-b3ef-4366-adb5-9ffb8beb4d13', 'f94ca005-199b-4a60-9f1c-198b40d206ba', 'cindy');
INSERT INTO "neap"."stream"(stream_id, channel_id, title, topic_id, topic, media_info, viewers, created_at, updated_at, ended_at)
    VALUES ('986568b8-1c21-45e1-9759-747fb08c35b7', 'f94ca005-199b-4a60-9f1c-198b40d206ba', 'The origins of Litterature', '994391cf-d41e-46f4-b6eb-ce53824e3a0c', 'Litterature', '{"width":1920,"height":1080,"bitrate":2388.47}', 1035, '2015-10-30 05:00:18.833800+0000', '2015-10-30 11:48:38.063000+0000', '2015-10-30 12:48:00.148600+0000');
INSERT INTO "neap"."video"(video_id, stream_id, title, type, description, status, tags, topic_id, topic, media_info, preview, views, created_at, updated_at)
    VALUES ('c95a7dab-d251-43f0-8368-87ec6c59b95c', '986568b8-1c21-45e1-9759-747fb08c35b7', 'The origins of Litterature', 'record', 'The origins of Litterature', '', '[]', '994391cf-d41e-46f4-b6eb-ce53824e3a0c', 'Litterature', '{"width":1920,"height":1080,"bitrate":1454.92}', '', '14053', '2015-10-31 19:28:12.041000+0000', '2015-11-03 06:13:06.426500+0000');
INSERT INTO "neap"."video"(video_id, stream_id, title, type, description, status, tags, topic_id, topic, media_info, preview, views, created_at, updated_at)
    VALUES ('b67f1100-789f-4dbc-b467-41d42a427ebb', '986568b8-1c21-45e1-9759-747fb08c35b7', 'The origins of Litterature', 'record', 'The origins of Litterature', '', '[]', '994391cf-d41e-46f4-b6eb-ce53824e3a0c', 'Litterature', '{"width":1920,"height":1080,"bitrate":1138.8}', '', '924', '2015-10-30 05:58:55.877400+0000', '2015-11-04 08:29:40.899400+0000');
INSERT INTO "neap"."stream"(stream_id, channel_id, title, topic_id, topic, media_info, viewers, created_at, updated_at, ended_at)
    VALUES ('5011ee59-30a0-424e-a71e-7d67b00b378f', 'f94ca005-199b-4a60-9f1c-198b40d206ba', 'Fun with Astrology and Cindy', 'e9af2f53-d2dd-4e32-9dea-26d6ac21bcb8', 'Astrology', '{"width":1920,"height":1080,"bitrate":1095.93}', 174, '2015-10-17 18:53:47.936200+0000', '2015-10-17 20:51:18.002800+0000', '2015-10-17 21:28:25.714700+0000');
INSERT INTO "neap"."video"(video_id, stream_id, title, type, description, status, tags, topic_id, topic, media_info, preview, views, created_at, updated_at)
    VALUES ('903f161e-e4af-42b3-9f18-3c9bea3d0ebf', '5011ee59-30a0-424e-a71e-7d67b00b378f', 'Fun with Astrology and Cindy', 'record', 'Fun with Astrology and Cindy', '', '[]', 'e9af2f53-d2dd-4e32-9dea-26d6ac21bcb8', 'Astrology', '{"width":1920,"height":1080,"bitrate":2210.8}', '', '34313', '2015-10-22 22:42:37.313000+0000', '2015-10-23 01:57:59.108600+0000');
INSERT INTO "neap"."stream"(stream_id, channel_id, title, topic_id, topic, media_info, viewers, created_at, updated_at, ended_at)
    VALUES ('c9b0485f-d277-4357-a2b4-517cf5b6bdc5', 'f94ca005-199b-4a60-9f1c-198b40d206ba', 'Today is Biology day', 'd4f06d27-2693-4552-bd85-d9875651ce39', 'Biology', '{"width":1920,"height":1080,"bitrate":2701.96}', 1387, '2015-10-18 03:29:11.825200+0000', '2015-10-18 03:41:30.651800+0000', '2015-10-18 03:59:48.795300+0000');
INSERT INTO "neap"."video"(video_id, stream_id, title, type, description, status, tags, topic_id, topic, media_info, preview, views, created_at, updated_at)
    VALUES ('eb5ee3d7-5fdc-407e-93f5-14938b3ebebf', 'c9b0485f-d277-4357-a2b4-517cf5b6bdc5', 'Today is Biology day', 'record', 'Today is Biology day', '', '[]', 'd4f06d27-2693-4552-bd85-d9875651ce39', 'Biology', '{"width":1920,"height":1080,"bitrate":2296.71}', '', '26012', '2015-10-20 02:02:25.391100+0000', '2015-10-20 03:46:16.496800+0000');
INSERT INTO "neap"."stream"(stream_id, channel_id, title, topic_id, topic, media_info, viewers, created_at, updated_at, ended_at)
    VALUES ('5a0a026f-4978-4f62-9012-dd03b300d8f9', 'f94ca005-199b-4a60-9f1c-198b40d206ba', 'The origins of Astrology', 'e9af2f53-d2dd-4e32-9dea-26d6ac21bcb8', 'Astrology', '{"width":1920,"height":1080,"bitrate":3089.22}', 1940, '2015-10-28 01:45:38.126800+0000', '2015-10-28 03:36:53.776000+0000', '2015-10-28 03:48:47.549200+0000');
INSERT INTO "neap"."video"(video_id, stream_id, title, type, description, status, tags, topic_id, topic, media_info, preview, views, created_at, updated_at)
    VALUES ('6e6e33ba-2c6b-4972-8b0f-d6f957701104', '5a0a026f-4978-4f62-9012-dd03b300d8f9', 'The origins of Astrology', 'record', 'The origins of Astrology', '', '[]', 'e9af2f53-d2dd-4e32-9dea-26d6ac21bcb8', 'Astrology', '{"width":1920,"height":1080,"bitrate":1990.58}', '', '5495', '2015-10-29 03:45:04.425300+0000', '2015-10-31 00:17:51.058900+0000');
INSERT INTO "neap"."stream"(stream_id, channel_id, title, topic_id, topic, media_info, viewers, created_at, updated_at, ended_at)
    VALUES ('dd61a604-0539-4e2b-880b-02f086dbff77', 'f94ca005-199b-4a60-9f1c-198b40d206ba', 'The origins of Photography', 'e496e832-363e-4228-b518-7fe126ccaa04', 'Photography', '{"width":1280,"height":720,"bitrate":1217.5}', 1543, '2015-10-23 11:23:00.061400+0000', '2015-10-23 13:31:48.854200+0000', '2015-10-23 14:16:50.210800+0000');
INSERT INTO "neap"."video"(video_id, stream_id, title, type, description, status, tags, topic_id, topic, media_info, preview, views, created_at, updated_at)
    VALUES ('ee1defa9-8960-4f28-b30b-90edd070b57f', 'dd61a604-0539-4e2b-880b-02f086dbff77', 'The origins of Photography', 'record', 'The origins of Photography', '', '[]', 'e496e832-363e-4228-b518-7fe126ccaa04', 'Photography', '{"width":1280,"height":720,"bitrate":1433.03}', '', '38276', '2015-10-31 01:11:01.345800+0000', '2015-10-31 02:05:47.496700+0000');
INSERT INTO "neap"."stream"(stream_id, channel_id, title, topic_id, topic, media_info, viewers, created_at, updated_at, ended_at)
    VALUES ('165b8ae8-c18b-46aa-b69f-68bc5ab14e2a', 'f94ca005-199b-4a60-9f1c-198b40d206ba', 'Relax stream', 'b369c464-cdea-4356-9d70-1450585652e2', 'Music', '{"width":1280,"height":720,"bitrate":1496.33}', 1519, '2015-10-21 16:52:59.836800+0000', '2015-10-21 18:14:25.503600+0000', '2015-10-21 18:18:33.038200+0000');
INSERT INTO "neap"."user"(user_id, channel_id, type, username, email, password, display_name, logo, bio, created_at, updated_at)
    VALUES ('003a8094-4b5d-4d71-9d8c-38ab325fe804', 'e35a285b-c53b-4273-8229-c281f751248a', 'user', 'davin', 'davin@neap.io', '$2y$10$2pt7crvkryP5bUOEbCXFZ.B6DiNSUIYIk9fqiSEp5MDREhHYW9B/K', 'Davin', 'https://gravatar.com/avatar/57244041fdd0ead1ee4af8d73014b195?s=128&d=identicon', null, '2015-09-26 13:14:43.241700+0000', '2015-10-29 23:20:12.681500+0000');
INSERT INTO "neap"."channel"(channel_id, user_id, chat_id, name, display_name, topic, language, views, followers)
    VALUES ('e35a285b-c53b-4273-8229-c281f751248a', '003a8094-4b5d-4d71-9d8c-38ab325fe804', 'b59846db-247b-4f97-b2f9-a4621231c6e0', 'davin', 'Davin Channel', 'Mathematics', 'en', 48688, 6);
INSERT INTO "neap"."chat"(chat_id, channel_id, name)
    VALUES ('b59846db-247b-4f97-b2f9-a4621231c6e0', 'e35a285b-c53b-4273-8229-c281f751248a', 'davin');
INSERT INTO "neap"."stream"(stream_id, channel_id, title, topic_id, topic, media_info, viewers, created_at, updated_at, ended_at)
    VALUES ('0449e19d-89c4-42d2-856a-55151097d026', 'e35a285b-c53b-4273-8229-c281f751248a', 'Davin goes live!', '5f6c7ec0-84ab-4d8e-a2d7-ff1887b55d6e', 'History', '{"width":1920,"height":1080,"bitrate":2629.23}', 1569, '2015-10-28 07:35:32.106100+0000', '2015-10-28 13:45:29.320400+0000', '2015-10-28 14:21:55.570000+0000');
INSERT INTO "neap"."video"(video_id, stream_id, title, type, description, status, tags, topic_id, topic, media_info, preview, views, created_at, updated_at)
    VALUES ('cbfc72a2-7b4b-4177-8d88-b1e535fb639e', '0449e19d-89c4-42d2-856a-55151097d026', 'Davin goes live!', 'record', 'Davin goes live!', '', '[]', '5f6c7ec0-84ab-4d8e-a2d7-ff1887b55d6e', 'History', '{"width":1920,"height":1080,"bitrate":2479.96}', '', '9914', '2015-10-30 14:27:37.109900+0000', '2015-10-31 16:59:22.679600+0000');
INSERT INTO "neap"."stream"(stream_id, channel_id, title, topic_id, topic, media_info, viewers, created_at, updated_at, ended_at)
    VALUES ('809854fe-00c1-435d-9c73-520de3ed9fe9', 'e35a285b-c53b-4273-8229-c281f751248a', 'The origins of Photography', 'e496e832-363e-4228-b518-7fe126ccaa04', 'Photography', '{"width":1280,"height":720,"bitrate":1028.8}', 380, '2015-10-22 01:45:04.273500+0000', '2015-10-22 02:27:21.810000+0000', '2015-10-22 04:11:51.370300+0000');
INSERT INTO "neap"."video"(video_id, stream_id, title, type, description, status, tags, topic_id, topic, media_info, preview, views, created_at, updated_at)
    VALUES ('7ec491d6-b5d3-41bf-a68b-261b31a9482c', '809854fe-00c1-435d-9c73-520de3ed9fe9', 'The origins of Photography', 'record', 'The origins of Photography', '', '[]', 'e496e832-363e-4228-b518-7fe126ccaa04', 'Photography', '{"width":1280,"height":720,"bitrate":1262.68}', '', '23282', '2015-10-24 23:09:20.375300+0000', '2015-10-29 04:52:51.567000+0000');
INSERT INTO "neap"."video"(video_id, stream_id, title, type, description, status, tags, topic_id, topic, media_info, preview, views, created_at, updated_at)
    VALUES ('ad22ee45-a4cb-4c36-8869-278671e808d9', '809854fe-00c1-435d-9c73-520de3ed9fe9', 'The origins of Photography', 'record', 'The origins of Photography', '', '[]', 'e496e832-363e-4228-b518-7fe126ccaa04', 'Photography', '{"width":1280,"height":720,"bitrate":1247.54}', '', '5216', '2015-10-26 11:57:36.620600+0000', '2015-10-26 18:48:05.405500+0000');
INSERT INTO "neap"."stream"(stream_id, channel_id, title, topic_id, topic, media_info, viewers, created_at, updated_at, ended_at)
    VALUES ('b2bd5f55-4fda-4ca9-a02e-a837ddef94a7', 'e35a285b-c53b-4273-8229-c281f751248a', 'Davin goes live!', '5f6c7ec0-84ab-4d8e-a2d7-ff1887b55d6e', 'History', '{"width":1920,"height":1080,"bitrate":1300.53}', 169, '2015-09-28 01:27:58.170400+0000', '2015-09-28 02:28:22.897400+0000', '2015-09-28 02:33:40.922000+0000');
INSERT INTO "neap"."video"(video_id, stream_id, title, type, description, status, tags, topic_id, topic, media_info, preview, views, created_at, updated_at)
    VALUES ('f5580181-2bc1-423b-8fca-a85894e6de93', 'b2bd5f55-4fda-4ca9-a02e-a837ddef94a7', 'Davin goes live!', 'record', 'Davin goes live!', '', '[]', '5f6c7ec0-84ab-4d8e-a2d7-ff1887b55d6e', 'History', '{"width":1920,"height":1080,"bitrate":2028.1}', '', '34368', '2015-10-31 05:14:01.466700+0000', '2015-10-31 09:30:35.222200+0000');
INSERT INTO "neap"."user"(user_id, channel_id, type, username, email, password, display_name, logo, bio, created_at, updated_at)
    VALUES ('a481f3e7-c5a6-4e69-ae78-c1cbb12fac15', '6a209211-2005-4f7b-a0b1-d3917ab42345', 'user', 'sarai', 'sarai@neap.io', '$2y$10$6pa3NMoErbrm./A2sHKVHuu4Ajr6UJa5WdPVndMI0.PEPkpYekQMS', 'Sarai', 'https://gravatar.com/avatar/2ea30783b7b29d4d9e5a66e07136366f?s=128&d=identicon', null, '2015-02-20 00:33:06.956500+0000', '2015-10-08 05:33:08.727400+0000');
INSERT INTO "neap"."channel"(channel_id, user_id, chat_id, name, display_name, topic, language, views, followers)
    VALUES ('6a209211-2005-4f7b-a0b1-d3917ab42345', 'a481f3e7-c5a6-4e69-ae78-c1cbb12fac15', 'fcd8deb4-1af6-4113-9499-72ef91feed1c', 'sarai', 'Sarai Channel', 'Music', 'en', 92819, 14);
INSERT INTO "neap"."chat"(chat_id, channel_id, name)
    VALUES ('fcd8deb4-1af6-4113-9499-72ef91feed1c', '6a209211-2005-4f7b-a0b1-d3917ab42345', 'sarai');
INSERT INTO "neap"."stream"(stream_id, channel_id, title, topic_id, topic, media_info, viewers, created_at, updated_at, ended_at)
    VALUES ('97281a9a-40c0-46ee-a1c6-b019a797fce2', '6a209211-2005-4f7b-a0b1-d3917ab42345', 'Sarai goes live!', '48e535f7-dba1-4d59-aac3-4c6cced32d6c', 'Video games', '{"width":1280,"height":720,"bitrate":968.07}', 732, '2015-03-01 14:23:01.168100+0000', '2015-03-01 16:39:03.354000+0000', '2015-03-01 17:06:51.983200+0000');
INSERT INTO "neap"."stream"(stream_id, channel_id, title, topic_id, topic, media_info, viewers, created_at, updated_at, ended_at)
    VALUES ('355a514a-e598-4779-a807-a3fa12922c23', '6a209211-2005-4f7b-a0b1-d3917ab42345', 'Fun with Litterature and Sarai', '994391cf-d41e-46f4-b6eb-ce53824e3a0c', 'Litterature', '{"width":720,"height":400,"bitrate":731.56}', 1221, '2015-07-06 00:52:14.355700+0000', '2015-07-06 03:00:46.025000+0000', '2015-07-06 03:25:17.382500+0000');
INSERT INTO "neap"."video"(video_id, stream_id, title, type, description, status, tags, topic_id, topic, media_info, preview, views, created_at, updated_at)
    VALUES ('c546d67d-a1ae-4945-97ea-dd60319bd41b', '355a514a-e598-4779-a807-a3fa12922c23', 'Fun with Litterature and Sarai', 'record', 'Fun with Litterature and Sarai', '', '[]', '994391cf-d41e-46f4-b6eb-ce53824e3a0c', 'Litterature', '{"width":720,"height":400,"bitrate":725.3}', '', '38958', '2015-07-21 04:45:15.332200+0000', '2015-07-21 04:49:03.998200+0000');
INSERT INTO "neap"."stream"(stream_id, channel_id, title, topic_id, topic, media_info, viewers, created_at, updated_at, ended_at)
    VALUES ('b3b9d2a8-7e9b-4f88-8f1c-fbc9fe5454d9', '6a209211-2005-4f7b-a0b1-d3917ab42345', 'Come on and have fun with Sarai!', 'b369c464-cdea-4356-9d70-1450585652e2', 'Music', '{"width":1920,"height":1080,"bitrate":3089.84}', 250, '2015-09-13 12:36:49.490700+0000', '2015-09-13 17:01:58.279100+0000', '2015-09-13 17:20:33.410700+0000');
INSERT INTO "neap"."user"(user_id, channel_id, type, username, email, password, display_name, logo, bio, created_at, updated_at)
    VALUES ('b7d78241-1a54-4656-affa-0a7d064d2089', '1bc2fb00-afb8-4107-853e-e32034638492', 'user', 'dennis', 'dennis@neap.io', '$2y$10$Lk7TDMzTFTioXVr1UmT91.PYkhzzusbfm5eNuPgpaDp7B.cDmQpv.', 'Dennis', 'https://gravatar.com/avatar/29a1f79b373e5bd1b6f7c23d60743639?s=128&d=identicon', null, '2015-07-07 20:24:43.662400+0000', '2015-10-09 01:01:32.196400+0000');
INSERT INTO "neap"."channel"(channel_id, user_id, chat_id, name, display_name, topic, language, views, followers)
    VALUES ('1bc2fb00-afb8-4107-853e-e32034638492', 'b7d78241-1a54-4656-affa-0a7d064d2089', 'b301f93c-5cc6-4914-aff6-c165ad86e0a7', 'dennis', 'Dennis Channel', 'Theology', 'en', 99524, 95);
INSERT INTO "neap"."chat"(chat_id, channel_id, name)
    VALUES ('b301f93c-5cc6-4914-aff6-c165ad86e0a7', '1bc2fb00-afb8-4107-853e-e32034638492', 'dennis');
INSERT INTO "neap"."stream"(stream_id, channel_id, title, topic_id, topic, media_info, viewers, created_at, updated_at, ended_at)
    VALUES ('5c244cf7-623a-44a4-9d13-d1d46e63844e', '1bc2fb00-afb8-4107-853e-e32034638492', 'The origins of Biology', 'd4f06d27-2693-4552-bd85-d9875651ce39', 'Biology', '{"width":720,"height":400,"bitrate":734.87}', 1085, '2015-07-22 18:27:16.237500+0000', '2015-07-22 23:18:22.838700+0000', '2015-07-22 23:34:17.004000+0000');
INSERT INTO "neap"."video"(video_id, stream_id, title, type, description, status, tags, topic_id, topic, media_info, preview, views, created_at, updated_at)
    VALUES ('90156c14-0521-4af2-a6f7-999edf2cba71', '5c244cf7-623a-44a4-9d13-d1d46e63844e', 'The origins of Biology', 'record', 'The origins of Biology', '', '[]', 'd4f06d27-2693-4552-bd85-d9875651ce39', 'Biology', '{"width":720,"height":400,"bitrate":616.49}', '', '25119', '2015-10-06 08:08:58.541400+0000', '2015-10-06 09:07:06.273500+0000');
INSERT INTO "neap"."stream"(stream_id, channel_id, title, topic_id, topic, media_info, viewers, created_at, updated_at, ended_at)
    VALUES ('8e4a148b-1d8e-4fc0-a630-994988fec411', '1bc2fb00-afb8-4107-853e-e32034638492', 'Fun with Theology and Dennis', 'd2ea25fc-eb67-4c63-86d0-58ba2ce51b56', 'Theology', '{"width":720,"height":400,"bitrate":695.45}', 927, '2015-08-02 06:41:06.276000+0000', '2015-08-02 09:45:40.338100+0000', '2015-08-02 09:50:19.791300+0000');
INSERT INTO "neap"."video"(video_id, stream_id, title, type, description, status, tags, topic_id, topic, media_info, preview, views, created_at, updated_at)
    VALUES ('8b6cf0d9-8b8e-4d9f-b27f-5285eaeff2ce', '8e4a148b-1d8e-4fc0-a630-994988fec411', 'Fun with Theology and Dennis', 'record', 'Fun with Theology and Dennis', '', '[]', 'd2ea25fc-eb67-4c63-86d0-58ba2ce51b56', 'Theology', '{"width":720,"height":400,"bitrate":600.67}', '', '9851', '2015-10-06 07:55:39.163500+0000', '2015-10-06 08:20:17.365700+0000');
INSERT INTO "neap"."video"(video_id, stream_id, title, type, description, status, tags, topic_id, topic, media_info, preview, views, created_at, updated_at)
    VALUES ('1e7b2034-2f34-413a-8a23-fd86b819621f', '8e4a148b-1d8e-4fc0-a630-994988fec411', 'Fun with Theology and Dennis', 'record', 'Fun with Theology and Dennis', '', '[]', 'd2ea25fc-eb67-4c63-86d0-58ba2ce51b56', 'Theology', '{"width":720,"height":400,"bitrate":540.18}', '', '24376', '2015-09-16 17:52:22.740700+0000', '2015-09-17 04:49:40.792800+0000');
INSERT INTO "neap"."stream"(stream_id, channel_id, title, topic_id, topic, media_info, viewers, created_at, updated_at, ended_at)
    VALUES ('952f660e-e384-4c19-ad0b-48aa9c4d662e', '1bc2fb00-afb8-4107-853e-e32034638492', 'The origins of History', '5f6c7ec0-84ab-4d8e-a2d7-ff1887b55d6e', 'History', '{"width":720,"height":400,"bitrate":581.77}', 1926, '2015-07-19 05:54:03.756800+0000', '2015-07-19 06:34:59.776100+0000', '2015-07-19 06:46:19.649400+0000');
INSERT INTO "neap"."video"(video_id, stream_id, title, type, description, status, tags, topic_id, topic, media_info, preview, views, created_at, updated_at)
    VALUES ('8b7764fb-2159-46a7-9e65-4c681620c542', '952f660e-e384-4c19-ad0b-48aa9c4d662e', 'The origins of History', 'record', 'The origins of History', '', '[]', '5f6c7ec0-84ab-4d8e-a2d7-ff1887b55d6e', 'History', '{"width":720,"height":400,"bitrate":513.8}', '', '16343', '2015-10-11 23:00:21.671300+0000', '2015-10-13 02:58:44.236900+0000');
INSERT INTO "neap"."stream"(stream_id, channel_id, title, topic_id, topic, media_info, viewers, created_at, updated_at, ended_at)
    VALUES ('ed0d995b-1a52-488b-93ac-2f55f7fc42bf', '1bc2fb00-afb8-4107-853e-e32034638492', 'Come on and have fun with Dennis!', 'd2ea25fc-eb67-4c63-86d0-58ba2ce51b56', 'Theology', '{"width":720,"height":400,"bitrate":658.18}', 1418, '2015-07-16 08:35:50.032100+0000', '2015-07-16 08:37:07.953600+0000', '2015-07-16 08:47:56.299500+0000');
INSERT INTO "neap"."video"(video_id, stream_id, title, type, description, status, tags, topic_id, topic, media_info, preview, views, created_at, updated_at)
    VALUES ('76081f3a-d4aa-487d-96cf-aec3ccb26c6e', 'ed0d995b-1a52-488b-93ac-2f55f7fc42bf', 'Come on and have fun with Dennis!', 'record', 'Come on and have fun with Dennis!', '', '[]', 'd2ea25fc-eb67-4c63-86d0-58ba2ce51b56', 'Theology', '{"width":720,"height":400,"bitrate":668.44}', '', '28453', '2015-10-30 14:21:49.481500+0000', '2015-10-30 15:14:52.443500+0000');
INSERT INTO "neap"."video"(video_id, stream_id, title, type, description, status, tags, topic_id, topic, media_info, preview, views, created_at, updated_at)
    VALUES ('d78d28da-0680-46ef-8df8-4dd63cd17cc9', 'ed0d995b-1a52-488b-93ac-2f55f7fc42bf', 'Come on and have fun with Dennis!', 'record', 'Come on and have fun with Dennis!', '', '[]', 'd2ea25fc-eb67-4c63-86d0-58ba2ce51b56', 'Theology', '{"width":720,"height":400,"bitrate":645.09}', '', '8289', '2015-08-15 00:19:50.581300+0000', '2015-08-16 15:41:55.810300+0000');
INSERT INTO "neap"."stream"(stream_id, channel_id, title, topic_id, topic, media_info, viewers, created_at, updated_at, ended_at)
    VALUES ('933b7b62-0434-467e-9f71-524abb79132e', '1bc2fb00-afb8-4107-853e-e32034638492', 'Today is Music day', 'b369c464-cdea-4356-9d70-1450585652e2', 'Music', '{"width":1920,"height":1080,"bitrate":2601.29}', 746, '2015-08-06 12:54:12.194100+0000', '2015-08-06 21:13:42.557300+0000', '2015-08-06 21:26:44.489000+0000');
INSERT INTO "neap"."user"(user_id, channel_id, type, username, email, password, display_name, logo, bio, created_at, updated_at)
    VALUES ('c6bc288c-9531-426d-88fc-6c051bfefa82', '80cc43ef-80d0-4f84-8e25-74482f991d19', 'user', 'enzo', 'enzo@neap.io', '$2y$10$V4hscPCeC.Tv8uCZeUmZJuwWTzOWMcaOYr96QF.BSsag.bdx/UhZW', 'Enzo', 'https://gravatar.com/avatar/4b3ab2e8156fa236219e1801ef88124f?s=128&d=identicon', null, '2015-09-30 06:54:54.494600+0000', '2015-10-26 07:27:23.261700+0000');
INSERT INTO "neap"."channel"(channel_id, user_id, chat_id, name, display_name, topic, language, views, followers)
    VALUES ('80cc43ef-80d0-4f84-8e25-74482f991d19', 'c6bc288c-9531-426d-88fc-6c051bfefa82', '2e4f8dc6-1eb3-401f-9485-adaaca8e3070', 'enzo', 'Enzo Channel', 'Mathematics', 'en', 29947, 122);
INSERT INTO "neap"."chat"(chat_id, channel_id, name)
    VALUES ('2e4f8dc6-1eb3-401f-9485-adaaca8e3070', '80cc43ef-80d0-4f84-8e25-74482f991d19', 'enzo');
INSERT INTO "neap"."stream"(stream_id, channel_id, title, topic_id, topic, media_info, viewers, created_at, updated_at, ended_at)
    VALUES ('234e10a6-bfee-429a-8543-86560e068328', '80cc43ef-80d0-4f84-8e25-74482f991d19', 'Photography?? Yeah, Photography!', 'e496e832-363e-4228-b518-7fe126ccaa04', 'Photography', '{"width":1920,"height":1080,"bitrate":3444.66}', 1356, '2015-10-26 07:42:56.418200+0000', '2015-10-26 09:20:55.400000+0000', '2015-10-26 09:23:27.081500+0000');
INSERT INTO "neap"."video"(video_id, stream_id, title, type, description, status, tags, topic_id, topic, media_info, preview, views, created_at, updated_at)
    VALUES ('df0f57b5-7fa2-4baf-80ac-1f0d05c88697', '234e10a6-bfee-429a-8543-86560e068328', 'Photography?? Yeah, Photography!', 'highlight', 'Photography?? Yeah, Photography!', '', '[]', 'e496e832-363e-4228-b518-7fe126ccaa04', 'Photography', '{"width":1920,"height":1080,"bitrate":2302.48}', '', '38934', '2015-10-26 16:57:55.168500+0000', '2015-10-26 17:19:41.186000+0000');
INSERT INTO "neap"."video"(video_id, stream_id, title, type, description, status, tags, topic_id, topic, media_info, preview, views, created_at, updated_at)
    VALUES ('dcb06697-486f-4b46-a6f7-540ac2e983e0', '234e10a6-bfee-429a-8543-86560e068328', 'Photography?? Yeah, Photography!', 'record', 'Photography?? Yeah, Photography!', '', '[]', 'e496e832-363e-4228-b518-7fe126ccaa04', 'Photography', '{"width":1920,"height":1080,"bitrate":2460.32}', '', '464', '2015-10-28 19:37:19.374100+0000', '2015-10-28 23:33:33.353800+0000');
INSERT INTO "neap"."user"(user_id, channel_id, type, username, email, password, display_name, logo, bio, created_at, updated_at)
    VALUES ('3e000a0e-6f10-4701-920d-db05c7a10a66', '52febf33-d6b9-4fec-8857-30c9a97c03d9', 'user', 'ryan', 'ryan@neap.io', '$2y$10$GAMHDPqmbt7.LTMFU6FePuiQZBY2C2U/RaFI3UvHt/QQW5HqXwU1S', 'Ryan', 'https://gravatar.com/avatar/382c29732756a62a71aec42965279b0d?s=128&d=identicon', null, '2015-09-03 05:49:07.443700+0000', '2015-09-18 07:15:22.817600+0000');
INSERT INTO "neap"."channel"(channel_id, user_id, chat_id, name, display_name, topic, language, views, followers)
    VALUES ('52febf33-d6b9-4fec-8857-30c9a97c03d9', '3e000a0e-6f10-4701-920d-db05c7a10a66', 'd2369e0a-4c1b-4c07-8c6c-51ec67da34f7', 'ryan', 'Ryan Channel', 'History', 'en', 47173, 45);
INSERT INTO "neap"."chat"(chat_id, channel_id, name)
    VALUES ('d2369e0a-4c1b-4c07-8c6c-51ec67da34f7', '52febf33-d6b9-4fec-8857-30c9a97c03d9', 'ryan');
INSERT INTO "neap"."stream"(stream_id, channel_id, title, topic_id, topic, media_info, viewers, created_at, updated_at, ended_at)
    VALUES ('bd816eb3-f435-4c74-bab1-df94c1620f8f', '52febf33-d6b9-4fec-8857-30c9a97c03d9', 'Fun with Litterature and Ryan', '994391cf-d41e-46f4-b6eb-ce53824e3a0c', 'Litterature', '{"width":1280,"height":720,"bitrate":1194.6}', 1507, '2015-10-15 21:20:44.252600+0000', '2015-10-16 05:15:54.131100+0000', '2015-10-16 05:25:36.042000+0000');
INSERT INTO "neap"."stream"(stream_id, channel_id, title, topic_id, topic, media_info, viewers, created_at, updated_at, ended_at)
    VALUES ('05c4684e-0e43-4c35-89e0-92bd2d9cc6b2', '52febf33-d6b9-4fec-8857-30c9a97c03d9', 'Come on and have fun with Ryan!', '284b3091-455d-4476-ae67-442a19d153d4', 'Mathematics', '{"width":720,"height":400,"bitrate":508.44}', 912, '2015-10-02 19:07:41.474600+0000', '2015-10-02 19:17:30.189200+0000', '2015-10-02 21:15:58.593600+0000');
INSERT INTO "neap"."video"(video_id, stream_id, title, type, description, status, tags, topic_id, topic, media_info, preview, views, created_at, updated_at)
    VALUES ('c96fb94f-7e77-43f9-8ed0-e52e0c5f76e2', '05c4684e-0e43-4c35-89e0-92bd2d9cc6b2', 'Come on and have fun with Ryan!', 'record', 'Come on and have fun with Ryan!', '', '[]', '284b3091-455d-4476-ae67-442a19d153d4', 'Mathematics', '{"width":720,"height":400,"bitrate":718.06}', '', '29614', '2015-10-14 11:50:11.123400+0000', '2015-10-15 10:01:46.377600+0000');
INSERT INTO "neap"."stream"(stream_id, channel_id, title, topic_id, topic, media_info, viewers, created_at, updated_at, ended_at)
    VALUES ('92f49bc3-e105-40de-bd89-41fba464b1bb', '52febf33-d6b9-4fec-8857-30c9a97c03d9', 'History?? Yeah, History!', '5f6c7ec0-84ab-4d8e-a2d7-ff1887b55d6e', 'History', '{"width":720,"height":400,"bitrate":598.65}', 792, '2015-10-01 01:19:22.282500+0000', '2015-10-01 05:13:55.135100+0000', '2015-10-01 05:20:16.709400+0000');
INSERT INTO "neap"."video"(video_id, stream_id, title, type, description, status, tags, topic_id, topic, media_info, preview, views, created_at, updated_at)
    VALUES ('fc86af4d-456c-4393-95e6-1d4cda6d038f', '92f49bc3-e105-40de-bd89-41fba464b1bb', 'History?? Yeah, History!', 'record', 'History?? Yeah, History!', '', '[]', '5f6c7ec0-84ab-4d8e-a2d7-ff1887b55d6e', 'History', '{"width":720,"height":400,"bitrate":778.51}', '', '25698', '2015-10-25 13:02:09.232700+0000', '2015-10-26 10:49:33.873800+0000');
INSERT INTO "neap"."video"(video_id, stream_id, title, type, description, status, tags, topic_id, topic, media_info, preview, views, created_at, updated_at)
    VALUES ('5f0b16ab-90d1-493b-a9d9-91bb37269875', '92f49bc3-e105-40de-bd89-41fba464b1bb', 'History?? Yeah, History!', 'highlight', 'History?? Yeah, History!', '', '[]', '5f6c7ec0-84ab-4d8e-a2d7-ff1887b55d6e', 'History', '{"width":720,"height":400,"bitrate":672.88}', '', '19540', '2015-10-10 23:57:14.182400+0000', '2015-10-11 22:32:50.250200+0000');
INSERT INTO "neap"."user"(user_id, channel_id, type, username, email, password, display_name, logo, bio, created_at, updated_at)
    VALUES ('494bf506-03b6-47b0-bf2b-9dd19c6851a5', '45d85876-597c-4653-a7d6-77f4c6980715', 'user', 'amy', 'amy@neap.io', '$2y$10$5IOGIY41UEFOaxtr24rGS.frIiYQBYyuxt0XiEG.UOmsayfxb2RWK', 'Amy', 'https://gravatar.com/avatar/054b344db2773bee2247e1d06455781b?s=128&d=identicon', null, '2015-01-03 16:15:03.865800+0000', '2015-06-25 00:39:35.783900+0000');
INSERT INTO "neap"."channel"(channel_id, user_id, chat_id, name, display_name, topic, language, views, followers)
    VALUES ('45d85876-597c-4653-a7d6-77f4c6980715', '494bf506-03b6-47b0-bf2b-9dd19c6851a5', 'b816ddf5-5f23-44cd-ad3c-20aee2d8dbe4', 'amy', 'Amy Channel', 'History', 'en', 54040, 5);
INSERT INTO "neap"."chat"(chat_id, channel_id, name)
    VALUES ('b816ddf5-5f23-44cd-ad3c-20aee2d8dbe4', '45d85876-597c-4653-a7d6-77f4c6980715', 'amy');
INSERT INTO "neap"."stream"(stream_id, channel_id, title, topic_id, topic, media_info, viewers, created_at, updated_at, ended_at)
    VALUES ('707b5b19-664c-4bb8-be4a-a5b6aa195170', '45d85876-597c-4653-a7d6-77f4c6980715', 'Amy goes live!', '994391cf-d41e-46f4-b6eb-ce53824e3a0c', 'Litterature', '{"width":720,"height":400,"bitrate":774}', 1810, '2015-08-11 04:42:54.724700+0000', '2015-08-11 07:16:10.581200+0000', '2015-08-11 07:35:55.924900+0000');
INSERT INTO "neap"."user"(user_id, channel_id, type, username, email, password, display_name, logo, bio, created_at, updated_at)
    VALUES ('1e027499-75b1-491e-b59d-f806758769a2', 'c1811fb3-24aa-40fc-bbcc-cb51bb0f3b62', 'user', 'ciara', 'ciara@neap.io', '$2y$10$IGSSuBxc.iUVYGBVlzSRi.UVcHYeoUkbTssZ79tl88YRFWS3ij3/K', 'Ciara', 'https://gravatar.com/avatar/2e41fcf6940b27c6022434e00c5489e6?s=128&d=identicon', null, '2015-10-06 05:21:16.040400+0000', '2015-10-16 05:46:54.250600+0000');
INSERT INTO "neap"."channel"(channel_id, user_id, chat_id, name, display_name, topic, language, views, followers)
    VALUES ('c1811fb3-24aa-40fc-bbcc-cb51bb0f3b62', '1e027499-75b1-491e-b59d-f806758769a2', 'f201ab98-4b4d-4c0c-8fa5-591414fb61d1', 'ciara', 'Ciara Channel', 'Litterature', 'en', 2332, 2);
INSERT INTO "neap"."chat"(chat_id, channel_id, name)
    VALUES ('f201ab98-4b4d-4c0c-8fa5-591414fb61d1', 'c1811fb3-24aa-40fc-bbcc-cb51bb0f3b62', 'ciara');
INSERT INTO "neap"."stream"(stream_id, channel_id, title, topic_id, topic, media_info, viewers, created_at, updated_at, ended_at)
    VALUES ('186f9185-04b8-47bf-9aaf-f5878fa8d72c', 'c1811fb3-24aa-40fc-bbcc-cb51bb0f3b62', 'The origins of Litterature', '994391cf-d41e-46f4-b6eb-ce53824e3a0c', 'Litterature', '{"width":1920,"height":1080,"bitrate":3012.1}', 908, '2015-10-23 18:23:36.747200+0000', '2015-10-23 18:55:43.777600+0000', '2015-10-23 19:23:58.577500+0000');
INSERT INTO "neap"."video"(video_id, stream_id, title, type, description, status, tags, topic_id, topic, media_info, preview, views, created_at, updated_at)
    VALUES ('246adce9-53e1-4593-8f25-79b86f0106b4', '186f9185-04b8-47bf-9aaf-f5878fa8d72c', 'The origins of Litterature', 'record', 'The origins of Litterature', '', '[]', '994391cf-d41e-46f4-b6eb-ce53824e3a0c', 'Litterature', '{"width":1920,"height":1080,"bitrate":2423.34}', '', '26098', '2015-10-25 16:49:41.028700+0000', '2015-10-26 01:11:33.693000+0000');
INSERT INTO "neap"."stream"(stream_id, channel_id, title, topic_id, topic, media_info, viewers, created_at, updated_at, ended_at)
    VALUES ('b8f00c6a-519d-4d8e-8f67-38b6dcc2c7a2', 'c1811fb3-24aa-40fc-bbcc-cb51bb0f3b62', 'Come on and have fun with Ciara!', '48e535f7-dba1-4d59-aac3-4c6cced32d6c', 'Video games', '{"width":1920,"height":1080,"bitrate":1921.68}', 1229, '2015-11-01 20:47:38.438800+0000', '2015-11-01 21:09:42.057200+0000', '2015-11-01 22:10:40.682400+0000');
INSERT INTO "neap"."video"(video_id, stream_id, title, type, description, status, tags, topic_id, topic, media_info, preview, views, created_at, updated_at)
    VALUES ('7b963e81-1bba-479b-8af0-0fa97cc242f8', 'b8f00c6a-519d-4d8e-8f67-38b6dcc2c7a2', 'Come on and have fun with Ciara!', 'record', 'Come on and have fun with Ciara!', '', '[]', '48e535f7-dba1-4d59-aac3-4c6cced32d6c', 'Video games', '{"width":1920,"height":1080,"bitrate":3286.26}', '', '28139', '2015-11-01 21:12:14.231400+0000', '2015-11-01 21:52:37.249900+0000');
INSERT INTO "neap"."video"(video_id, stream_id, title, type, description, status, tags, topic_id, topic, media_info, preview, views, created_at, updated_at)
    VALUES ('c3b30f1d-94ce-4a85-b038-3382d7ae28b3', 'b8f00c6a-519d-4d8e-8f67-38b6dcc2c7a2', 'Come on and have fun with Ciara!', 'record', 'Come on and have fun with Ciara!', '', '[]', '48e535f7-dba1-4d59-aac3-4c6cced32d6c', 'Video games', '{"width":1920,"height":1080,"bitrate":3355.78}', '', '12714', '2015-11-01 23:24:40.493600+0000', '2015-11-02 00:17:16.930500+0000');
INSERT INTO "neap"."stream"(stream_id, channel_id, title, topic_id, topic, media_info, viewers, created_at, updated_at, ended_at)
    VALUES ('e66e173e-066f-48ee-939a-982e42f6a016', 'c1811fb3-24aa-40fc-bbcc-cb51bb0f3b62', 'Fun with Theology and Ciara', 'd2ea25fc-eb67-4c63-86d0-58ba2ce51b56', 'Theology', '{"width":720,"height":400,"bitrate":797.95}', 1816, '2015-10-18 21:23:42.575300+0000', '2015-10-19 01:33:47.246800+0000', '2015-10-19 02:55:49.439400+0000');
INSERT INTO "neap"."video"(video_id, stream_id, title, type, description, status, tags, topic_id, topic, media_info, preview, views, created_at, updated_at)
    VALUES ('0fdb56f0-17fc-49f6-bdea-bd806c22ab07', 'e66e173e-066f-48ee-939a-982e42f6a016', 'Fun with Theology and Ciara', 'highlight', 'Fun with Theology and Ciara', '', '[]', 'd2ea25fc-eb67-4c63-86d0-58ba2ce51b56', 'Theology', '{"width":720,"height":400,"bitrate":700.25}', '', '21218', '2015-10-22 05:24:49.789100+0000', '2015-10-26 01:33:24.350500+0000');
INSERT INTO "neap"."stream"(stream_id, channel_id, title, topic_id, topic, media_info, viewers, created_at, updated_at, ended_at)
    VALUES ('5898ce7e-b378-4250-9628-ddf449995e11', 'c1811fb3-24aa-40fc-bbcc-cb51bb0f3b62', 'Fun with Astrology and Ciara', 'e9af2f53-d2dd-4e32-9dea-26d6ac21bcb8', 'Astrology', '{"width":1920,"height":1080,"bitrate":1691.5}', 1168, '2015-10-22 20:54:40.345700+0000', '2015-10-22 23:32:08.956100+0000', '2015-10-23 00:28:08.481200+0000');
INSERT INTO "neap"."stream"(stream_id, channel_id, title, topic_id, topic, media_info, viewers, created_at, updated_at, ended_at)
    VALUES ('7f6b404f-b507-4e4d-baaa-1a8cad16ab11', 'c1811fb3-24aa-40fc-bbcc-cb51bb0f3b62', 'Today is Litterature day', '994391cf-d41e-46f4-b6eb-ce53824e3a0c', 'Litterature', '{"width":1280,"height":720,"bitrate":1164.12}', 1450, '2015-10-09 12:28:56.635900+0000', '2015-10-09 13:09:21.644800+0000', '2015-10-09 13:18:03.940300+0000');
INSERT INTO "neap"."video"(video_id, stream_id, title, type, description, status, tags, topic_id, topic, media_info, preview, views, created_at, updated_at)
    VALUES ('4494566a-205b-4fbc-954f-2c546b2422b4', '7f6b404f-b507-4e4d-baaa-1a8cad16ab11', 'Today is Litterature day', 'record', 'Today is Litterature day', '', '[]', '994391cf-d41e-46f4-b6eb-ce53824e3a0c', 'Litterature', '{"width":1280,"height":720,"bitrate":1224.91}', '', '18742', '2015-10-16 02:36:59.543000+0000', '2015-10-17 01:30:01.663600+0000');
INSERT INTO "neap"."stream"(stream_id, channel_id, title, topic_id, topic, media_info, viewers, created_at, updated_at, ended_at)
    VALUES ('97723be0-f060-4f50-945b-eda6c7e89296', 'c1811fb3-24aa-40fc-bbcc-cb51bb0f3b62', 'Today is Video games day', '48e535f7-dba1-4d59-aac3-4c6cced32d6c', 'Video games', '{"width":1920,"height":1080,"bitrate":2747.83}', 1909, '2015-10-07 01:45:20.809300+0000', '2015-10-07 02:25:17.105700+0000', '2015-10-07 02:52:58.148900+0000');
INSERT INTO "neap"."stream"(stream_id, channel_id, title, topic_id, topic, media_info, viewers, created_at, updated_at, ended_at)
    VALUES ('0bf860c4-15f9-4b19-8f16-6c900c7d9c72', 'c1811fb3-24aa-40fc-bbcc-cb51bb0f3b62', 'Ciara goes live!', '5f6c7ec0-84ab-4d8e-a2d7-ff1887b55d6e', 'History', '{"width":1920,"height":1080,"bitrate":1660.33}', 1527, '2015-10-27 04:43:39.501800+0000', '2015-10-27 07:03:13.966000+0000', '2015-10-27 07:41:51.252200+0000');
INSERT INTO "neap"."video"(video_id, stream_id, title, type, description, status, tags, topic_id, topic, media_info, preview, views, created_at, updated_at)
    VALUES ('585185c7-8687-416f-9f7b-8a572cd6c75c', '0bf860c4-15f9-4b19-8f16-6c900c7d9c72', 'Ciara goes live!', 'record', 'Ciara goes live!', '', '[]', '5f6c7ec0-84ab-4d8e-a2d7-ff1887b55d6e', 'History', '{"width":1920,"height":1080,"bitrate":2644.6}', '', '4220', '2015-10-31 06:27:33.727700+0000', '2015-10-31 08:29:16.096800+0000');
INSERT INTO "neap"."stream"(stream_id, channel_id, title, topic_id, topic, media_info, viewers, created_at, updated_at, ended_at)
    VALUES ('8675d2ac-7644-4d39-b086-0ed62eea12d1', 'c1811fb3-24aa-40fc-bbcc-cb51bb0f3b62', 'The origins of Theology', 'd2ea25fc-eb67-4c63-86d0-58ba2ce51b56', 'Theology', '{"width":1920,"height":1080,"bitrate":2898.8}', 1875, '2015-10-28 00:26:10.881700+0000', '2015-10-28 02:42:11.439000+0000', '2015-10-28 03:23:53.759400+0000');
INSERT INTO "neap"."user"(user_id, channel_id, type, username, email, password, display_name, logo, bio, created_at, updated_at)
    VALUES ('637db13a-f9e6-45f6-95ad-905e8fb89fff', '524e163e-2cfb-4b89-9500-a3e37ea8ceae', 'user', 'bowen', 'bowen@neap.io', '$2y$10$BHbJRjzJts/pbAH7JWrHu.uHgnqUfsZ6ddupz0ls3yAeQdM3ZnM7.', 'Bowen', 'https://gravatar.com/avatar/4366ebc14cb1243e04294581bd39af31?s=128&d=identicon', null, '2015-08-18 01:46:53.636600+0000', '2015-10-21 16:14:08.492500+0000');
INSERT INTO "neap"."channel"(channel_id, user_id, chat_id, name, display_name, topic, language, views, followers)
    VALUES ('524e163e-2cfb-4b89-9500-a3e37ea8ceae', '637db13a-f9e6-45f6-95ad-905e8fb89fff', '23fd95ec-fff2-4c23-8d3b-f3166493d183', 'bowen', 'Bowen Channel', 'Science', 'en', 22571, 148);
INSERT INTO "neap"."chat"(chat_id, channel_id, name)
    VALUES ('23fd95ec-fff2-4c23-8d3b-f3166493d183', '524e163e-2cfb-4b89-9500-a3e37ea8ceae', 'bowen');
INSERT INTO "neap"."stream"(stream_id, channel_id, title, topic_id, topic, media_info, viewers, created_at, updated_at, ended_at)
    VALUES ('4a1d0e36-ac28-49cf-b745-1caf53bccf1b', '524e163e-2cfb-4b89-9500-a3e37ea8ceae', 'Relax stream', '284b3091-455d-4476-ae67-442a19d153d4', 'Mathematics', '{"width":720,"height":400,"bitrate":654.19}', 1182, '2015-10-30 17:01:02.545400+0000', '2015-10-30 21:14:04.420600+0000', '2015-10-30 21:22:29.018800+0000');
INSERT INTO "neap"."video"(video_id, stream_id, title, type, description, status, tags, topic_id, topic, media_info, preview, views, created_at, updated_at)
    VALUES ('cfd562ee-20a0-4a53-acb2-a3c4be7b2bd2', '4a1d0e36-ac28-49cf-b745-1caf53bccf1b', 'Relax stream', 'record', 'Relax stream', '', '[]', '284b3091-455d-4476-ae67-442a19d153d4', 'Mathematics', '{"width":720,"height":400,"bitrate":552.95}', '', '38493', '2015-11-01 02:02:05.375000+0000', '2015-11-05 20:08:48.235900+0000');
INSERT INTO "neap"."stream"(stream_id, channel_id, title, topic_id, topic, media_info, viewers, created_at, updated_at, ended_at)
    VALUES ('cd25d83b-2ed6-442f-a620-1fbf987092e3', '524e163e-2cfb-4b89-9500-a3e37ea8ceae', 'Come on and have fun with Bowen!', 'b369c464-cdea-4356-9d70-1450585652e2', 'Music', '{"width":1920,"height":1080,"bitrate":3340.26}', 1845, '2015-09-20 23:25:10.646200+0000', '2015-09-21 00:33:12.141700+0000', '2015-09-21 01:16:12.405800+0000');
INSERT INTO "neap"."video"(video_id, stream_id, title, type, description, status, tags, topic_id, topic, media_info, preview, views, created_at, updated_at)
    VALUES ('756d94fa-beb8-4121-9bd9-acfad6e58f83', 'cd25d83b-2ed6-442f-a620-1fbf987092e3', 'Come on and have fun with Bowen!', 'record', 'Come on and have fun with Bowen!', '', '[]', 'b369c464-cdea-4356-9d70-1450585652e2', 'Music', '{"width":1920,"height":1080,"bitrate":2286.44}', '', '10417', '2015-10-07 12:22:19.166000+0000', '2015-10-08 03:58:24.085300+0000');
INSERT INTO "neap"."video"(video_id, stream_id, title, type, description, status, tags, topic_id, topic, media_info, preview, views, created_at, updated_at)
    VALUES ('e19ee512-a999-48f2-91c5-b3db03ffcbbf', 'cd25d83b-2ed6-442f-a620-1fbf987092e3', 'Come on and have fun with Bowen!', 'record', 'Come on and have fun with Bowen!', '', '[]', 'b369c464-cdea-4356-9d70-1450585652e2', 'Music', '{"width":1920,"height":1080,"bitrate":2983.39}', '', '15396', '2015-10-18 02:29:56.938600+0000', '2015-10-19 14:10:42.694800+0000');
INSERT INTO "neap"."stream"(stream_id, channel_id, title, topic_id, topic, media_info, viewers, created_at, updated_at, ended_at)
    VALUES ('ac540936-07cc-41f4-b0d9-6135bc725d8d', '524e163e-2cfb-4b89-9500-a3e37ea8ceae', 'The origins of Music', 'b369c464-cdea-4356-9d70-1450585652e2', 'Music', '{"width":720,"height":400,"bitrate":695.41}', 736, '2015-09-14 23:10:52.877900+0000', '2015-09-15 00:22:14.712900+0000', '2015-09-15 00:43:33.750300+0000');
INSERT INTO "neap"."video"(video_id, stream_id, title, type, description, status, tags, topic_id, topic, media_info, preview, views, created_at, updated_at)
    VALUES ('ef008b9c-899f-4b97-b17d-d7242ea17120', 'ac540936-07cc-41f4-b0d9-6135bc725d8d', 'The origins of Music', 'record', 'The origins of Music', '', '[]', 'b369c464-cdea-4356-9d70-1450585652e2', 'Music', '{"width":720,"height":400,"bitrate":639.81}', '', '24109', '2015-10-10 17:15:23.405200+0000', '2015-10-13 19:41:25.993100+0000');
INSERT INTO "neap"."stream"(stream_id, channel_id, title, topic_id, topic, media_info, viewers, created_at, updated_at, ended_at)
    VALUES ('631b8cb1-51ab-469f-ac7e-50c3cc6b8631', '524e163e-2cfb-4b89-9500-a3e37ea8ceae', 'Today is Science day', '1cae4612-f178-4a0e-b3af-343a88b99638', 'Science', '{"width":720,"height":400,"bitrate":584.03}', 1554, '2015-09-26 13:05:42.685000+0000', '2015-09-26 14:44:37.973900+0000', '2015-09-26 14:47:02.029600+0000');
INSERT INTO "neap"."video"(video_id, stream_id, title, type, description, status, tags, topic_id, topic, media_info, preview, views, created_at, updated_at)
    VALUES ('57fc91f9-f5d9-476f-b0c4-fd053acd38ea', '631b8cb1-51ab-469f-ac7e-50c3cc6b8631', 'Today is Science day', 'record', 'Today is Science day', '', '[]', '1cae4612-f178-4a0e-b3af-343a88b99638', 'Science', '{"width":720,"height":400,"bitrate":677.82}', '', '8317', '2015-09-28 02:03:08.482900+0000', '2015-10-02 15:04:31.986100+0000');
INSERT INTO "neap"."video"(video_id, stream_id, title, type, description, status, tags, topic_id, topic, media_info, preview, views, created_at, updated_at)
    VALUES ('964f34dc-ff0a-4989-88ee-dce9ecbcba2e', '631b8cb1-51ab-469f-ac7e-50c3cc6b8631', 'Today is Science day', 'record', 'Today is Science day', '', '[]', '1cae4612-f178-4a0e-b3af-343a88b99638', 'Science', '{"width":720,"height":400,"bitrate":639.97}', '', '25328', '2015-10-31 22:58:13.604400+0000', '2015-11-01 15:34:04.694100+0000');
INSERT INTO "neap"."stream"(stream_id, channel_id, title, topic_id, topic, media_info, viewers, created_at, updated_at, ended_at)
    VALUES ('a26322f2-a5f5-4cd9-88c3-2588e1bb4009', '524e163e-2cfb-4b89-9500-a3e37ea8ceae', 'Today is Astrology day', 'e9af2f53-d2dd-4e32-9dea-26d6ac21bcb8', 'Astrology', '{"width":1920,"height":1080,"bitrate":1160.35}', 0, '2015-08-25 01:41:15.001300+0000', '2015-08-25 02:38:46.062100+0000', '2015-08-25 02:57:39.404500+0000');
INSERT INTO "neap"."video"(video_id, stream_id, title, type, description, status, tags, topic_id, topic, media_info, preview, views, created_at, updated_at)
    VALUES ('7bfebd2e-a9ce-4f3c-a69e-25331b7d309c', 'a26322f2-a5f5-4cd9-88c3-2588e1bb4009', 'Today is Astrology day', 'record', 'Today is Astrology day', '', '[]', 'e9af2f53-d2dd-4e32-9dea-26d6ac21bcb8', 'Astrology', '{"width":1920,"height":1080,"bitrate":1436.78}', '', '33757', '2015-10-12 06:53:25.048400+0000', '2015-10-14 08:40:38.561200+0000');
INSERT INTO "neap"."user"(user_id, channel_id, type, username, email, password, display_name, logo, bio, created_at, updated_at)
    VALUES ('db4eb746-13f6-4276-b254-fb878ece65b5', 'a0b4ff9d-aa39-4147-be04-80b9c840a293', 'user', 'rolando', 'rolando@neap.io', '$2y$10$/YGCyYZjCCIa9SlCz.EPIOwGAWa.//3YUqydKLZlZhHULDEBVaNlS', 'Rolando', 'https://gravatar.com/avatar/f92045d7f75a7ec2992a7bd3b3db8710?s=128&d=identicon', null, '2015-07-31 01:47:51.697500+0000', '2015-08-20 11:57:40.603100+0000');
INSERT INTO "neap"."channel"(channel_id, user_id, chat_id, name, display_name, topic, language, views, followers)
    VALUES ('a0b4ff9d-aa39-4147-be04-80b9c840a293', 'db4eb746-13f6-4276-b254-fb878ece65b5', 'b85a0d24-db95-4513-bc92-cdbfbc2d2751', 'rolando', 'Rolando Channel', 'Astrology', 'en', 86779, 91);
INSERT INTO "neap"."chat"(chat_id, channel_id, name)
    VALUES ('b85a0d24-db95-4513-bc92-cdbfbc2d2751', 'a0b4ff9d-aa39-4147-be04-80b9c840a293', 'rolando');
INSERT INTO "neap"."stream"(stream_id, channel_id, title, topic_id, topic, media_info, viewers, created_at, updated_at, ended_at)
    VALUES ('aaa97f0b-8d86-465f-9cb5-d0054b22b320', 'a0b4ff9d-aa39-4147-be04-80b9c840a293', 'Fun with Music and Rolando', 'b369c464-cdea-4356-9d70-1450585652e2', 'Music', '{"width":720,"height":400,"bitrate":599.74}', 502, '2015-10-04 16:07:13.769700+0000', '2015-10-04 16:15:03.517900+0000', '2015-10-04 16:20:10.309200+0000');
INSERT INTO "neap"."video"(video_id, stream_id, title, type, description, status, tags, topic_id, topic, media_info, preview, views, created_at, updated_at)
    VALUES ('dcbce0ce-5713-40d5-992b-21f165f0264d', 'aaa97f0b-8d86-465f-9cb5-d0054b22b320', 'Fun with Music and Rolando', 'record', 'Fun with Music and Rolando', '', '[]', 'b369c464-cdea-4356-9d70-1450585652e2', 'Music', '{"width":720,"height":400,"bitrate":651.77}', '', '22619', '2015-10-27 18:15:30.848400+0000', '2015-11-02 19:40:00.634700+0000');
INSERT INTO "neap"."stream"(stream_id, channel_id, title, topic_id, topic, media_info, viewers, created_at, updated_at, ended_at)
    VALUES ('a50fbb2a-46d4-4f62-8292-ef93d4bdbf3c', 'a0b4ff9d-aa39-4147-be04-80b9c840a293', 'Rolando goes live!', '1cae4612-f178-4a0e-b3af-343a88b99638', 'Science', '{"width":720,"height":400,"bitrate":500.84}', 833, '2015-08-17 06:17:48.097000+0000', '2015-08-17 06:24:53.360000+0000', '2015-08-17 06:28:37.957300+0000');
INSERT INTO "neap"."stream"(stream_id, channel_id, title, topic_id, topic, media_info, viewers, created_at, updated_at, ended_at)
    VALUES ('9f2a01dd-334d-4d01-932a-a17b4e572067', 'a0b4ff9d-aa39-4147-be04-80b9c840a293', 'Fun with Mathematics and Rolando', '284b3091-455d-4476-ae67-442a19d153d4', 'Mathematics', '{"width":1920,"height":1080,"bitrate":3202.46}', 762, '2015-08-28 13:16:41.405000+0000', '2015-08-28 13:56:23.593200+0000', '2015-08-28 14:05:41.580600+0000');
INSERT INTO "neap"."video"(video_id, stream_id, title, type, description, status, tags, topic_id, topic, media_info, preview, views, created_at, updated_at)
    VALUES ('16e10560-050e-4998-89c0-a5271404b9fa', '9f2a01dd-334d-4d01-932a-a17b4e572067', 'Fun with Mathematics and Rolando', 'record', 'Fun with Mathematics and Rolando', '', '[]', '284b3091-455d-4476-ae67-442a19d153d4', 'Mathematics', '{"width":1920,"height":1080,"bitrate":3063.2}', '', '26080', '2015-09-05 16:34:41.818000+0000', '2015-09-09 11:15:15.470700+0000');
INSERT INTO "neap"."video"(video_id, stream_id, title, type, description, status, tags, topic_id, topic, media_info, preview, views, created_at, updated_at)
    VALUES ('d2131f31-6f8a-4493-8d4c-c50b4237c06d', '9f2a01dd-334d-4d01-932a-a17b4e572067', 'Fun with Mathematics and Rolando', 'record', 'Fun with Mathematics and Rolando', '', '[]', '284b3091-455d-4476-ae67-442a19d153d4', 'Mathematics', '{"width":1920,"height":1080,"bitrate":3202.21}', '', '37603', '2015-09-24 10:15:31.238100+0000', '2015-09-25 00:07:00.259600+0000');
INSERT INTO "neap"."stream"(stream_id, channel_id, title, topic_id, topic, media_info, viewers, created_at, updated_at, ended_at)
    VALUES ('52cc049f-c335-4182-a5f2-ce052b62f7f4', 'a0b4ff9d-aa39-4147-be04-80b9c840a293', 'Fun with Astrology and Rolando', 'e9af2f53-d2dd-4e32-9dea-26d6ac21bcb8', 'Astrology', '{"width":1920,"height":1080,"bitrate":2955.19}', 1981, '2015-10-04 14:26:01.686800+0000', '2015-10-04 16:06:27.209500+0000', '2015-10-04 16:24:11.303600+0000');
INSERT INTO "neap"."video"(video_id, stream_id, title, type, description, status, tags, topic_id, topic, media_info, preview, views, created_at, updated_at)
    VALUES ('d6f9aeb7-54c0-4d7f-9358-475728552904', '52cc049f-c335-4182-a5f2-ce052b62f7f4', 'Fun with Astrology and Rolando', 'record', 'Fun with Astrology and Rolando', '', '[]', 'e9af2f53-d2dd-4e32-9dea-26d6ac21bcb8', 'Astrology', '{"width":1920,"height":1080,"bitrate":1025.94}', '', '37410', '2015-10-29 03:10:07.594700+0000', '2015-10-29 09:53:05.051000+0000');
INSERT INTO "neap"."user"(user_id, channel_id, type, username, email, password, display_name, logo, bio, created_at, updated_at)
    VALUES ('cc26804d-952a-405b-b0d7-fd3f17f3452f', '03be2393-e505-473f-9e76-1acd6173b30a', 'user', 'carly', 'carly@neap.io', '$2y$10$k9KJvXYw/R42kDS3YpkDQ.wrr3XI1CjWbVMOttJSWXsXOI86uUgwy', 'Carly', 'https://gravatar.com/avatar/ad39723ead3bd318cbf11b0095e3ff25?s=128&d=identicon', null, '2015-08-12 14:55:43.738800+0000', '2015-10-31 09:21:58.344400+0000');
INSERT INTO "neap"."channel"(channel_id, user_id, chat_id, name, display_name, topic, language, views, followers)
    VALUES ('03be2393-e505-473f-9e76-1acd6173b30a', 'cc26804d-952a-405b-b0d7-fd3f17f3452f', 'de773fc8-01b8-46ef-842c-6680742cc66e', 'carly', 'Carly Channel', 'History', 'en', 49820, 91);
INSERT INTO "neap"."chat"(chat_id, channel_id, name)
    VALUES ('de773fc8-01b8-46ef-842c-6680742cc66e', '03be2393-e505-473f-9e76-1acd6173b30a', 'carly');
INSERT INTO "neap"."stream"(stream_id, channel_id, title, topic_id, topic, media_info, viewers, created_at, updated_at, ended_at)
    VALUES ('dd6d491f-6eb5-40c2-9125-cb704389450a', '03be2393-e505-473f-9e76-1acd6173b30a', 'Come on and have fun with Carly!', 'b369c464-cdea-4356-9d70-1450585652e2', 'Music', '{"width":1920,"height":1080,"bitrate":2764.51}', 262, '2015-09-29 12:19:55.307000+0000', '2015-09-29 16:06:55.245700+0000', '2015-09-29 16:29:03.984000+0000');
INSERT INTO "neap"."video"(video_id, stream_id, title, type, description, status, tags, topic_id, topic, media_info, preview, views, created_at, updated_at)
    VALUES ('7ceca47c-4453-460f-ab9b-0ecde0808861', 'dd6d491f-6eb5-40c2-9125-cb704389450a', 'Come on and have fun with Carly!', 'record', 'Come on and have fun with Carly!', '', '[]', 'b369c464-cdea-4356-9d70-1450585652e2', 'Music', '{"width":1920,"height":1080,"bitrate":2577.89}', '', '5407', '2015-10-30 15:34:37.499200+0000', '2015-10-31 21:51:38.734800+0000');
INSERT INTO "neap"."stream"(stream_id, channel_id, title, topic_id, topic, media_info, viewers, created_at, updated_at, ended_at)
    VALUES ('2e2b93c5-4094-4748-bfcf-4a2f2f3d77cd', '03be2393-e505-473f-9e76-1acd6173b30a', 'Relax stream', '994391cf-d41e-46f4-b6eb-ce53824e3a0c', 'Litterature', '{"width":1920,"height":1080,"bitrate":1380.76}', 99160, '2015-08-28 07:19:48.462900+0000', '2015-08-28 07:26:49.689000+0000', '2015-08-28 07:42:48.364500+0000');
INSERT INTO "neap"."video"(video_id, stream_id, title, type, description, status, tags, topic_id, topic, media_info, preview, views, created_at, updated_at)
    VALUES ('3efc4084-77a2-4407-b505-f3810f51e91c', '2e2b93c5-4094-4748-bfcf-4a2f2f3d77cd', 'Relax stream', 'record', 'Relax stream', '', '[]', '994391cf-d41e-46f4-b6eb-ce53824e3a0c', 'Litterature', '{"width":1920,"height":1080,"bitrate":2215.26}', '', '36850', '2015-10-03 01:21:06.265600+0000', '2015-10-03 08:52:44.359300+0000');
INSERT INTO "neap"."stream"(stream_id, channel_id, title, topic_id, topic, media_info, viewers, created_at, updated_at, ended_at)
    VALUES ('0a2d8751-df1e-41f2-86a4-b0700adf0a75', '03be2393-e505-473f-9e76-1acd6173b30a', 'The origins of Mathematics', '284b3091-455d-4476-ae67-442a19d153d4', 'Mathematics', '{"width":1920,"height":1080,"bitrate":2141.42}', 1047, '2015-09-07 16:19:33.115500+0000', '2015-09-07 18:52:25.513100+0000', '2015-09-07 18:55:16.660900+0000');
INSERT INTO "neap"."stream"(stream_id, channel_id, title, topic_id, topic, media_info, viewers, created_at, updated_at, ended_at)
    VALUES ('242c30c2-4ee0-4ed2-b523-8224ef127898', '03be2393-e505-473f-9e76-1acd6173b30a', 'Litterature?? Yeah, Litterature!', '994391cf-d41e-46f4-b6eb-ce53824e3a0c', 'Litterature', '{"width":720,"height":400,"bitrate":690.34}', 1168, '2015-09-02 02:17:00.451400+0000', '2015-09-02 05:18:35.364700+0000', '2015-09-02 06:08:02.103400+0000');
INSERT INTO "neap"."stream"(stream_id, channel_id, title, topic_id, topic, media_info, viewers, created_at, updated_at, ended_at)
    VALUES ('87c727bb-0bb1-482d-a084-c51c54f3b092', '03be2393-e505-473f-9e76-1acd6173b30a', 'The origins of Theology', 'd2ea25fc-eb67-4c63-86d0-58ba2ce51b56', 'Theology', '{"width":720,"height":400,"bitrate":592.75}', 950, '2015-09-10 08:19:57.214400+0000', '2015-09-10 08:31:49.026000+0000', '2015-09-10 09:05:16.848400+0000');
INSERT INTO "neap"."video"(video_id, stream_id, title, type, description, status, tags, topic_id, topic, media_info, preview, views, created_at, updated_at)
    VALUES ('8853f6c2-280c-4b19-a9f6-133c1d695297', '87c727bb-0bb1-482d-a084-c51c54f3b092', 'The origins of Theology', 'record', 'The origins of Theology', '', '[]', 'd2ea25fc-eb67-4c63-86d0-58ba2ce51b56', 'Theology', '{"width":720,"height":400,"bitrate":745.1}', '', '15109', '2015-09-18 05:39:27.712100+0000', '2015-09-20 18:58:17.205200+0000');
INSERT INTO "neap"."user"(user_id, channel_id, type, username, email, password, display_name, logo, bio, created_at, updated_at)
    VALUES ('9157fafb-039a-45f5-92f7-b661facc9c9b', 'b84f038c-5e76-479d-bde9-ebef965f301b', 'user', 'callen', 'callen@neap.io', '$2y$10$zrFwEz2EbA7G2YD..l4UUu/smKbkxnZHXrKtkzYghIIbHGhlEV3a.', 'Callen', 'https://gravatar.com/avatar/941a2f535cad0fffe3d8114052e3c0c1?s=128&d=identicon', null, '2015-08-10 06:47:42.741100+0000', '2015-09-22 21:12:54.451300+0000');
INSERT INTO "neap"."channel"(channel_id, user_id, chat_id, name, display_name, topic, language, views, followers)
    VALUES ('b84f038c-5e76-479d-bde9-ebef965f301b', '9157fafb-039a-45f5-92f7-b661facc9c9b', '13e9554d-9487-4679-982b-f5c6063b074f', 'callen', 'Callen Channel', 'Photography', 'en', 79130, 47);
INSERT INTO "neap"."chat"(chat_id, channel_id, name)
    VALUES ('13e9554d-9487-4679-982b-f5c6063b074f', 'b84f038c-5e76-479d-bde9-ebef965f301b', 'callen');
INSERT INTO "neap"."stream"(stream_id, channel_id, title, topic_id, topic, media_info, viewers, created_at, updated_at, ended_at)
    VALUES ('d538c201-0b41-467f-91b9-062aae0eb673', 'b84f038c-5e76-479d-bde9-ebef965f301b', 'Relax stream', '48e535f7-dba1-4d59-aac3-4c6cced32d6c', 'Video games', '{"width":1280,"height":720,"bitrate":1438.41}', 17539, '2015-10-27 14:48:34.092900+0000', '2015-10-27 15:21:29.743400+0000', '2015-10-27 15:49:35.040800+0000');
INSERT INTO "neap"."video"(video_id, stream_id, title, type, description, status, tags, topic_id, topic, media_info, preview, views, created_at, updated_at)
    VALUES ('b0ffb448-c293-406f-9b53-f8a6e120bdf0', 'd538c201-0b41-467f-91b9-062aae0eb673', 'Relax stream', 'record', 'Relax stream', '', '[]', '48e535f7-dba1-4d59-aac3-4c6cced32d6c', 'Video games', '{"width":1280,"height":720,"bitrate":976.5}', '', '27049', '2015-11-01 18:32:09.601400+0000', '2015-11-05 08:55:33.537500+0000');
INSERT INTO "neap"."stream"(stream_id, channel_id, title, topic_id, topic, media_info, viewers, created_at, updated_at, ended_at)
    VALUES ('0ac25faa-0c31-4c7b-9788-f21fe645e957', 'b84f038c-5e76-479d-bde9-ebef965f301b', 'Callen goes live!', '284b3091-455d-4476-ae67-442a19d153d4', 'Mathematics', '{"width":1920,"height":1080,"bitrate":1223.17}', 624, '2015-10-18 05:03:51.794700+0000', '2015-10-18 07:04:22.667100+0000', '2015-10-18 07:36:51.535400+0000');
INSERT INTO "neap"."video"(video_id, stream_id, title, type, description, status, tags, topic_id, topic, media_info, preview, views, created_at, updated_at)
    VALUES ('82ce8373-2314-4f89-aeb7-a1b0986e142f', '0ac25faa-0c31-4c7b-9788-f21fe645e957', 'Callen goes live!', 'record', 'Callen goes live!', '', '[]', '284b3091-455d-4476-ae67-442a19d153d4', 'Mathematics', '{"width":1920,"height":1080,"bitrate":2739.75}', '', '17054', '2015-11-01 01:57:58.089700+0000', '2015-11-01 19:09:58.817100+0000');
INSERT INTO "neap"."video"(video_id, stream_id, title, type, description, status, tags, topic_id, topic, media_info, preview, views, created_at, updated_at)
    VALUES ('103be8c1-739d-4645-81fa-4b85cfb1bbfa', '0ac25faa-0c31-4c7b-9788-f21fe645e957', 'Callen goes live!', 'highlight', 'Callen goes live!', '', '[]', '284b3091-455d-4476-ae67-442a19d153d4', 'Mathematics', '{"width":1920,"height":1080,"bitrate":2519.95}', '', '8968', '2015-10-29 14:12:47.859100+0000', '2015-10-30 17:06:36.187200+0000');
INSERT INTO "neap"."stream"(stream_id, channel_id, title, topic_id, topic, media_info, viewers, created_at, updated_at, ended_at)
    VALUES ('35a9cdef-28bc-4a8a-bcab-49ff7b1b9594', 'b84f038c-5e76-479d-bde9-ebef965f301b', 'Relax stream', 'b369c464-cdea-4356-9d70-1450585652e2', 'Music', '{"width":1920,"height":1080,"bitrate":1570.03}', 949, '2015-09-12 23:48:01.014700+0000', '2015-09-13 02:12:54.249500+0000', '2015-09-13 02:47:55.904800+0000');
INSERT INTO "neap"."video"(video_id, stream_id, title, type, description, status, tags, topic_id, topic, media_info, preview, views, created_at, updated_at)
    VALUES ('0bb16dcd-230c-4b3c-be28-be4be9dfaa79', '35a9cdef-28bc-4a8a-bcab-49ff7b1b9594', 'Relax stream', 'record', 'Relax stream', '', '[]', 'b369c464-cdea-4356-9d70-1450585652e2', 'Music', '{"width":1920,"height":1080,"bitrate":3221.99}', '', '36347', '2015-10-31 21:18:34.227000+0000', '2015-11-01 03:46:05.896200+0000');
INSERT INTO "neap"."video"(video_id, stream_id, title, type, description, status, tags, topic_id, topic, media_info, preview, views, created_at, updated_at)
    VALUES ('b97e05eb-fb78-4969-83e2-3e019f029b21', '35a9cdef-28bc-4a8a-bcab-49ff7b1b9594', 'Relax stream', 'highlight', 'Relax stream', '', '[]', 'b369c464-cdea-4356-9d70-1450585652e2', 'Music', '{"width":1920,"height":1080,"bitrate":2287.84}', '', '22329', '2015-10-23 04:53:47.924800+0000', '2015-10-23 20:20:23.836700+0000');
INSERT INTO "neap"."user"(user_id, channel_id, type, username, email, password, display_name, logo, bio, created_at, updated_at)
    VALUES ('adc97f75-140b-42d5-addb-54cf0a4c0a29', '0c769e1e-9964-407b-9d3f-7ca629911732', 'user', 'anakin', 'anakin@neap.io', '$2y$10$3KdlXtW892yewlQ2..coB.3LuRV79jCRjGq6Q8bP1IkAT2cZJ8stO', 'Anakin', 'https://gravatar.com/avatar/b77dd4d13d1aa5e186500d0eeb9022e6?s=128&d=identicon', null, '2015-03-21 10:07:47.905500+0000', '2015-04-18 01:12:37.294200+0000');
INSERT INTO "neap"."channel"(channel_id, user_id, chat_id, name, display_name, topic, language, views, followers)
    VALUES ('0c769e1e-9964-407b-9d3f-7ca629911732', 'adc97f75-140b-42d5-addb-54cf0a4c0a29', 'a4576e66-03e1-486d-bd41-15d43816fca8', 'anakin', 'Anakin Channel', 'Theology', 'en', 78784, 112);
INSERT INTO "neap"."chat"(chat_id, channel_id, name)
    VALUES ('a4576e66-03e1-486d-bd41-15d43816fca8', '0c769e1e-9964-407b-9d3f-7ca629911732', 'anakin');
INSERT INTO "neap"."stream"(stream_id, channel_id, title, topic_id, topic, media_info, viewers, created_at, updated_at, ended_at)
    VALUES ('67ba7b3a-4973-4ed6-aa5d-e8f9e150bb49', '0c769e1e-9964-407b-9d3f-7ca629911732', 'The origins of Theology', 'd2ea25fc-eb67-4c63-86d0-58ba2ce51b56', 'Theology', '{"width":1280,"height":720,"bitrate":1137.12}', 719, '2015-07-10 12:23:19.898700+0000', '2015-07-10 12:31:46.772900+0000', '2015-07-10 12:53:25.818100+0000');
INSERT INTO "neap"."video"(video_id, stream_id, title, type, description, status, tags, topic_id, topic, media_info, preview, views, created_at, updated_at)
    VALUES ('ade88ec7-d8d2-46e3-bd01-c5259499bc6b', '67ba7b3a-4973-4ed6-aa5d-e8f9e150bb49', 'The origins of Theology', 'record', 'The origins of Theology', '', '[]', 'd2ea25fc-eb67-4c63-86d0-58ba2ce51b56', 'Theology', '{"width":1280,"height":720,"bitrate":850.26}', '', '38472', '2015-09-18 22:53:39.536400+0000', '2015-09-21 02:21:05.573300+0000');
INSERT INTO "neap"."video"(video_id, stream_id, title, type, description, status, tags, topic_id, topic, media_info, preview, views, created_at, updated_at)
    VALUES ('10da361e-7cd4-40fa-9acf-fc001cee4c82', '67ba7b3a-4973-4ed6-aa5d-e8f9e150bb49', 'The origins of Theology', 'highlight', 'The origins of Theology', '', '[]', 'd2ea25fc-eb67-4c63-86d0-58ba2ce51b56', 'Theology', '{"width":1280,"height":720,"bitrate":1243.04}', '', '34791', '2015-09-13 16:30:54.633900+0000', '2015-09-18 01:59:21.649800+0000');
INSERT INTO "neap"."stream"(stream_id, channel_id, title, topic_id, topic, media_info, viewers, created_at, updated_at, ended_at)
    VALUES ('daa62b0b-787d-4794-895d-f0f5837829bb', '0c769e1e-9964-407b-9d3f-7ca629911732', 'Today is Video games day', '48e535f7-dba1-4d59-aac3-4c6cced32d6c', 'Video games', '{"width":720,"height":400,"bitrate":726.6}', 342, '2015-10-25 02:42:56.223300+0000', '2015-10-25 03:02:45.424300+0000', '2015-10-25 03:37:27.124800+0000');
INSERT INTO "neap"."video"(video_id, stream_id, title, type, description, status, tags, topic_id, topic, media_info, preview, views, created_at, updated_at)
    VALUES ('fa275a55-372d-4867-9d6b-ab98437026fb', 'daa62b0b-787d-4794-895d-f0f5837829bb', 'Today is Video games day', 'record', 'Today is Video games day', '', '[]', '48e535f7-dba1-4d59-aac3-4c6cced32d6c', 'Video games', '{"width":720,"height":400,"bitrate":746.18}', '', '23087', '2015-10-28 02:54:09.609300+0000', '2015-10-30 00:27:47.722600+0000');
INSERT INTO "neap"."video"(video_id, stream_id, title, type, description, status, tags, topic_id, topic, media_info, preview, views, created_at, updated_at)
    VALUES ('63076208-70bd-4be4-8d74-586109e29ee6', 'daa62b0b-787d-4794-895d-f0f5837829bb', 'Today is Video games day', 'record', 'Today is Video games day', '', '[]', '48e535f7-dba1-4d59-aac3-4c6cced32d6c', 'Video games', '{"width":720,"height":400,"bitrate":617.16}', '', '25902', '2015-10-25 16:06:48.655600+0000', '2015-10-28 01:06:18.322800+0000');
INSERT INTO "neap"."stream"(stream_id, channel_id, title, topic_id, topic, media_info, viewers, created_at, updated_at, ended_at)
    VALUES ('375bfa9b-3cdb-4d27-827a-0d8a292d733e', '0c769e1e-9964-407b-9d3f-7ca629911732', 'Anakin goes live!', 'e496e832-363e-4228-b518-7fe126ccaa04', 'Photography', '{"width":1920,"height":1080,"bitrate":1897.2}', 841, '2015-09-27 23:43:31.000400+0000', '2015-09-28 01:42:38.201300+0000', '2015-09-28 01:52:11.030900+0000');
INSERT INTO "neap"."video"(video_id, stream_id, title, type, description, status, tags, topic_id, topic, media_info, preview, views, created_at, updated_at)
    VALUES ('bfbd2d21-88ee-4fa5-8682-de3c1b9dc5d9', '375bfa9b-3cdb-4d27-827a-0d8a292d733e', 'Anakin goes live!', 'record', 'Anakin goes live!', '', '[]', 'e496e832-363e-4228-b518-7fe126ccaa04', 'Photography', '{"width":1920,"height":1080,"bitrate":3031.2}', '', '11592', '2015-10-20 17:39:48.422400+0000', '2015-10-20 18:54:46.258200+0000');
INSERT INTO "neap"."video"(video_id, stream_id, title, type, description, status, tags, topic_id, topic, media_info, preview, views, created_at, updated_at)
    VALUES ('109990b4-d4bb-459a-845e-93a24cbecfd5', '375bfa9b-3cdb-4d27-827a-0d8a292d733e', 'Anakin goes live!', 'record', 'Anakin goes live!', '', '[]', 'e496e832-363e-4228-b518-7fe126ccaa04', 'Photography', '{"width":1920,"height":1080,"bitrate":3459.98}', '', '30173', '2015-10-26 07:43:45.065800+0000', '2015-10-27 18:19:57.128900+0000');
INSERT INTO "neap"."stream"(stream_id, channel_id, title, topic_id, topic, media_info, viewers, created_at, updated_at, ended_at)
    VALUES ('42bb91c9-a81f-4448-906f-97f7c7ab2418', '0c769e1e-9964-407b-9d3f-7ca629911732', 'The origins of Philosophy', '35fa82dc-ed25-47fb-b6cd-58ae8a151f60', 'Philosophy', '{"width":1280,"height":720,"bitrate":798}', 1895, '2015-07-06 16:27:21.076800+0000', '2015-07-06 16:52:12.439700+0000', '2015-07-06 17:29:21.903300+0000');
INSERT INTO "neap"."video"(video_id, stream_id, title, type, description, status, tags, topic_id, topic, media_info, preview, views, created_at, updated_at)
    VALUES ('ee5141ae-f893-45f2-8398-d5501697ccb7', '42bb91c9-a81f-4448-906f-97f7c7ab2418', 'The origins of Philosophy', 'highlight', 'The origins of Philosophy', '', '[]', '35fa82dc-ed25-47fb-b6cd-58ae8a151f60', 'Philosophy', '{"width":1280,"height":720,"bitrate":1264.44}', '', '32629', '2015-10-22 15:12:06.268800+0000', '2015-10-22 17:40:42.944400+0000');
INSERT INTO "neap"."stream"(stream_id, channel_id, title, topic_id, topic, media_info, viewers, created_at, updated_at, ended_at)
    VALUES ('df6952b6-9a9d-4fbb-85dd-97d027daf165', '0c769e1e-9964-407b-9d3f-7ca629911732', 'Come on and have fun with Anakin!', '48e535f7-dba1-4d59-aac3-4c6cced32d6c', 'Video games', '{"width":720,"height":400,"bitrate":616.36}', 978, '2015-07-04 02:11:41.328800+0000', '2015-07-04 02:42:25.181000+0000', '2015-07-04 02:43:31.054800+0000');
INSERT INTO "neap"."video"(video_id, stream_id, title, type, description, status, tags, topic_id, topic, media_info, preview, views, created_at, updated_at)
    VALUES ('9a526a0d-9245-484c-abfb-864fc1886fec', 'df6952b6-9a9d-4fbb-85dd-97d027daf165', 'Come on and have fun with Anakin!', 'highlight', 'Come on and have fun with Anakin!', '', '[]', '48e535f7-dba1-4d59-aac3-4c6cced32d6c', 'Video games', '{"width":720,"height":400,"bitrate":608.11}', '', '32704', '2015-08-16 18:40:02.728400+0000', '2015-08-17 11:29:36.455100+0000');
INSERT INTO "neap"."stream"(stream_id, channel_id, title, topic_id, topic, media_info, viewers, created_at, updated_at, ended_at)
    VALUES ('e7655cc4-7ec8-494b-9643-0242d2ff8b09', '0c769e1e-9964-407b-9d3f-7ca629911732', 'Come on and have fun with Anakin!', '1cae4612-f178-4a0e-b3af-343a88b99638', 'Science', '{"width":1280,"height":720,"bitrate":1269.98}', 1240, '2015-08-07 06:08:50.078500+0000', '2015-08-07 07:46:17.732300+0000', '2015-08-07 08:25:59.766900+0000');
INSERT INTO "neap"."video"(video_id, stream_id, title, type, description, status, tags, topic_id, topic, media_info, preview, views, created_at, updated_at)
    VALUES ('feb56fc1-7429-4bf3-99e2-4e1cddce38dd', 'e7655cc4-7ec8-494b-9643-0242d2ff8b09', 'Come on and have fun with Anakin!', 'record', 'Come on and have fun with Anakin!', '', '[]', '1cae4612-f178-4a0e-b3af-343a88b99638', 'Science', '{"width":1280,"height":720,"bitrate":955.52}', '', '19776', '2015-10-19 11:41:21.729100+0000', '2015-10-20 11:55:46.810200+0000');
INSERT INTO "neap"."stream"(stream_id, channel_id, title, topic_id, topic, media_info, viewers, created_at, updated_at, ended_at)
    VALUES ('9198f20f-0577-4de9-8415-c23782324ff6', '0c769e1e-9964-407b-9d3f-7ca629911732', 'The origins of Astrology', 'e9af2f53-d2dd-4e32-9dea-26d6ac21bcb8', 'Astrology', '{"width":1280,"height":720,"bitrate":1229.09}', 1052, '2015-07-22 00:31:09.065900+0000', '2015-07-22 01:15:31.379500+0000', '2015-07-22 01:30:42.058400+0000');
INSERT INTO "neap"."video"(video_id, stream_id, title, type, description, status, tags, topic_id, topic, media_info, preview, views, created_at, updated_at)
    VALUES ('fa6c6760-8df4-421f-a47c-609f64f19580', '9198f20f-0577-4de9-8415-c23782324ff6', 'The origins of Astrology', 'highlight', 'The origins of Astrology', '', '[]', 'e9af2f53-d2dd-4e32-9dea-26d6ac21bcb8', 'Astrology', '{"width":1280,"height":720,"bitrate":1414.75}', '', '2393', '2015-10-02 12:14:46.075500+0000', '2015-10-03 08:42:33.075400+0000');
INSERT INTO "neap"."user"(user_id, channel_id, type, username, email, password, display_name, logo, bio, created_at, updated_at)
    VALUES ('d5de791a-b9f6-4b14-8ff0-38b4cd09bb95', '9c892456-628c-4f8e-aeba-3caf3bff7ff7', 'user', 'miah', 'miah@neap.io', '$2y$10$bFOfvkC7SmHJtaGNhr98MuxcT.3pPMz8qZMpzlOIB9rnahfoHwhJu', 'Miah', 'https://gravatar.com/avatar/a74e3c4f2ac748da3520d779d5788749?s=128&d=identicon', null, '2015-10-23 07:14:57.145900+0000', '2015-10-23 23:05:23.512600+0000');
INSERT INTO "neap"."channel"(channel_id, user_id, chat_id, name, display_name, topic, language, views, followers)
    VALUES ('9c892456-628c-4f8e-aeba-3caf3bff7ff7', 'd5de791a-b9f6-4b14-8ff0-38b4cd09bb95', 'c67e0e4d-7120-4f10-b696-b85572b908be', 'miah', 'Miah Channel', 'Photography', 'en', 26415, 44);
INSERT INTO "neap"."chat"(chat_id, channel_id, name)
    VALUES ('c67e0e4d-7120-4f10-b696-b85572b908be', '9c892456-628c-4f8e-aeba-3caf3bff7ff7', 'miah');
INSERT INTO "neap"."stream"(stream_id, channel_id, title, topic_id, topic, media_info, viewers, created_at, updated_at, ended_at)
    VALUES ('efc076a1-c13e-477e-aa78-ff891e5b8b4d', '9c892456-628c-4f8e-aeba-3caf3bff7ff7', 'Today is Science day', '1cae4612-f178-4a0e-b3af-343a88b99638', 'Science', '{"width":720,"height":400,"bitrate":515.97}', 1147, '2015-10-31 03:04:09.049600+0000', '2015-10-31 03:09:53.943500+0000', '2015-10-31 04:06:49.423200+0000');
INSERT INTO "neap"."video"(video_id, stream_id, title, type, description, status, tags, topic_id, topic, media_info, preview, views, created_at, updated_at)
    VALUES ('3673db76-496f-45fd-b298-d608a82757f6', 'efc076a1-c13e-477e-aa78-ff891e5b8b4d', 'Today is Science day', 'record', 'Today is Science day', '', '[]', '1cae4612-f178-4a0e-b3af-343a88b99638', 'Science', '{"width":720,"height":400,"bitrate":712.22}', '', '21000', '2015-11-01 19:09:11.423700+0000', '2015-11-03 23:04:43.204800+0000');
INSERT INTO "neap"."stream"(stream_id, channel_id, title, topic_id, topic, media_info, viewers, created_at, updated_at, ended_at)
    VALUES ('ac2cc75f-043e-4be3-aa7c-0f1039afb054', '9c892456-628c-4f8e-aeba-3caf3bff7ff7', 'Relax stream', 'e496e832-363e-4228-b518-7fe126ccaa04', 'Photography', '{"width":1920,"height":1080,"bitrate":2300.67}', 319, '2015-10-28 04:17:05.816800+0000', '2015-10-28 07:41:37.543100+0000', '2015-10-28 08:05:57.198200+0000');
INSERT INTO "neap"."video"(video_id, stream_id, title, type, description, status, tags, topic_id, topic, media_info, preview, views, created_at, updated_at)
    VALUES ('8502dd45-5d11-4fc3-881a-1496ad5bf381', 'ac2cc75f-043e-4be3-aa7c-0f1039afb054', 'Relax stream', 'record', 'Relax stream', '', '[]', 'e496e832-363e-4228-b518-7fe126ccaa04', 'Photography', '{"width":1920,"height":1080,"bitrate":1726.41}', '', '27859', '2015-11-01 22:17:18.564000+0000', '2015-11-06 23:36:54.840800+0000');
INSERT INTO "neap"."stream"(stream_id, channel_id, title, topic_id, topic, media_info, viewers, created_at, updated_at, ended_at)
    VALUES ('d6c7b161-e849-4c64-88f8-6cd141764bd5', '9c892456-628c-4f8e-aeba-3caf3bff7ff7', 'Come on and have fun with Miah!', 'd2ea25fc-eb67-4c63-86d0-58ba2ce51b56', 'Theology', '{"width":1920,"height":1080,"bitrate":1237.03}', 911, '2015-10-24 03:20:12.087200+0000', '2015-10-24 06:34:41.385200+0000', '2015-10-24 07:27:08.883000+0000');
INSERT INTO "neap"."video"(video_id, stream_id, title, type, description, status, tags, topic_id, topic, media_info, preview, views, created_at, updated_at)
    VALUES ('ba38cddd-92b0-4606-adec-266a890eed93', 'd6c7b161-e849-4c64-88f8-6cd141764bd5', 'Come on and have fun with Miah!', 'record', 'Come on and have fun with Miah!', '', '[]', 'd2ea25fc-eb67-4c63-86d0-58ba2ce51b56', 'Theology', '{"width":1920,"height":1080,"bitrate":1812.24}', '', '12194', '2015-10-27 23:10:52.798000+0000', '2015-10-29 19:34:45.893700+0000');
INSERT INTO "neap"."stream"(stream_id, channel_id, title, topic_id, topic, media_info, viewers, created_at, updated_at, ended_at)
    VALUES ('81380665-30a7-4989-9522-205af089c348', '9c892456-628c-4f8e-aeba-3caf3bff7ff7', 'The origins of Science', '1cae4612-f178-4a0e-b3af-343a88b99638', 'Science', '{"width":720,"height":400,"bitrate":665.3}', 1431, '2015-11-01 02:36:21.178900+0000', '2015-11-01 07:19:44.364900+0000', '2015-11-01 08:19:28.435400+0000');
INSERT INTO "neap"."video"(video_id, stream_id, title, type, description, status, tags, topic_id, topic, media_info, preview, views, created_at, updated_at)
    VALUES ('aead7243-7bb7-4ce8-83a3-67cd2cc5cc91', '81380665-30a7-4989-9522-205af089c348', 'The origins of Science', 'record', 'The origins of Science', '', '[]', '1cae4612-f178-4a0e-b3af-343a88b99638', 'Science', '{"width":720,"height":400,"bitrate":785.05}', '', '12159', '2015-11-01 15:58:55.868600+0000', '2015-11-01 18:19:34.650900+0000');
INSERT INTO "neap"."stream"(stream_id, channel_id, title, topic_id, topic, media_info, viewers, created_at, updated_at, ended_at)
    VALUES ('fee1b1f0-a06d-4d20-9c15-f753a3f4c907', '9c892456-628c-4f8e-aeba-3caf3bff7ff7', 'Come on and have fun with Miah!', 'e496e832-363e-4228-b518-7fe126ccaa04', 'Photography', '{"width":1280,"height":720,"bitrate":1151.97}', 246, '2015-10-29 11:43:41.427700+0000', '2015-10-29 13:14:48.630800+0000', '2015-10-29 13:24:26.622000+0000');
INSERT INTO "neap"."video"(video_id, stream_id, title, type, description, status, tags, topic_id, topic, media_info, preview, views, created_at, updated_at)
    VALUES ('c7ad4e06-bd58-4546-a665-28bb84592698', 'fee1b1f0-a06d-4d20-9c15-f753a3f4c907', 'Come on and have fun with Miah!', 'highlight', 'Come on and have fun with Miah!', '', '[]', 'e496e832-363e-4228-b518-7fe126ccaa04', 'Photography', '{"width":1280,"height":720,"bitrate":1234.45}', '', '37987', '2015-11-01 18:40:05.260700+0000', '2015-11-02 12:29:40.654200+0000');
INSERT INTO "neap"."video"(video_id, stream_id, title, type, description, status, tags, topic_id, topic, media_info, preview, views, created_at, updated_at)
    VALUES ('a87358f8-e351-43e2-9733-ede008228c6a', 'fee1b1f0-a06d-4d20-9c15-f753a3f4c907', 'Come on and have fun with Miah!', 'record', 'Come on and have fun with Miah!', '', '[]', 'e496e832-363e-4228-b518-7fe126ccaa04', 'Photography', '{"width":1280,"height":720,"bitrate":1000.42}', '', '4859', '2015-11-01 22:48:03.360400+0000', '2015-11-03 07:26:02.629900+0000');
INSERT INTO "neap"."stream"(stream_id, channel_id, title, topic_id, topic, media_info, viewers, created_at, updated_at, ended_at)
    VALUES ('9a01b67f-154a-4d0e-bc54-cb61ecaffb5a', '9c892456-628c-4f8e-aeba-3caf3bff7ff7', 'Fun with Music and Miah', 'b369c464-cdea-4356-9d70-1450585652e2', 'Music', '{"width":1280,"height":720,"bitrate":1119.28}', 15015, '2015-10-29 16:37:50.334200+0000', '2015-10-29 19:15:32.049900+0000', '2015-10-29 19:47:51.406100+0000');
INSERT INTO "neap"."video"(video_id, stream_id, title, type, description, status, tags, topic_id, topic, media_info, preview, views, created_at, updated_at)
    VALUES ('7d1eb2f4-c99f-4a54-81bf-db9ce5fb3034', '9a01b67f-154a-4d0e-bc54-cb61ecaffb5a', 'Fun with Music and Miah', 'highlight', 'Fun with Music and Miah', '', '[]', 'b369c464-cdea-4356-9d70-1450585652e2', 'Music', '{"width":1280,"height":720,"bitrate":1205.77}', '', '14353', '2015-10-31 18:50:41.105800+0000', '2015-11-01 17:25:22.709400+0000');
INSERT INTO "neap"."stream"(stream_id, channel_id, title, topic_id, topic, media_info, viewers, created_at, updated_at, ended_at)
    VALUES ('2ef0190d-41f2-4d60-9853-8d79ba309c2f', '9c892456-628c-4f8e-aeba-3caf3bff7ff7', 'Relax stream', 'e496e832-363e-4228-b518-7fe126ccaa04', 'Photography', '{"width":1280,"height":720,"bitrate":1456.89}', 915, '2015-10-23 12:38:12.194900+0000', '2015-10-23 15:24:10.586100+0000', '2015-10-23 15:59:40.996600+0000');
INSERT INTO "neap"."user"(user_id, channel_id, type, username, email, password, display_name, logo, bio, created_at, updated_at)
    VALUES ('610ff505-593d-46c7-b911-6142b8c31774', '0488bd75-1e31-4b94-93ef-09f172253e15', 'user', 'bryant', 'bryant@neap.io', '$2y$10$9yJ/UjM2Iwr2k1KlmpcYy.YQVLNFS5VlFLtNfMuBdVDw/HfivqFoq', 'Bryant', 'https://gravatar.com/avatar/0e089d12ec19afac034571e13c0cc023?s=128&d=identicon', null, '2015-04-24 15:15:43.097600+0000', '2015-07-05 02:05:55.579700+0000');
INSERT INTO "neap"."channel"(channel_id, user_id, chat_id, name, display_name, topic, language, views, followers)
    VALUES ('0488bd75-1e31-4b94-93ef-09f172253e15', '610ff505-593d-46c7-b911-6142b8c31774', 'b0b2c5aa-4143-4ab3-87aa-ea09af2fd044', 'bryant', 'Bryant Channel', 'Mathematics', 'en', 78669, 53);
INSERT INTO "neap"."chat"(chat_id, channel_id, name)
    VALUES ('b0b2c5aa-4143-4ab3-87aa-ea09af2fd044', '0488bd75-1e31-4b94-93ef-09f172253e15', 'bryant');
INSERT INTO "neap"."stream"(stream_id, channel_id, title, topic_id, topic, media_info, viewers, created_at, updated_at, ended_at)
    VALUES ('716d6908-7d7e-4c44-b838-c106cdaa1604', '0488bd75-1e31-4b94-93ef-09f172253e15', 'Relax stream', '35fa82dc-ed25-47fb-b6cd-58ae8a151f60', 'Philosophy', '{"width":1280,"height":720,"bitrate":1343.74}', 74464, '2015-09-01 06:31:31.480400+0000', '2015-09-01 10:01:49.411900+0000', '2015-09-01 11:26:33.190800+0000');
INSERT INTO "neap"."video"(video_id, stream_id, title, type, description, status, tags, topic_id, topic, media_info, preview, views, created_at, updated_at)
    VALUES ('a62ccf61-39fb-40a7-b6e9-373c8e583ca0', '716d6908-7d7e-4c44-b838-c106cdaa1604', 'Relax stream', 'record', 'Relax stream', '', '[]', '35fa82dc-ed25-47fb-b6cd-58ae8a151f60', 'Philosophy', '{"width":1280,"height":720,"bitrate":819.21}', '', '20377', '2015-10-06 02:00:41.567200+0000', '2015-10-10 06:37:17.716900+0000');
INSERT INTO "neap"."stream"(stream_id, channel_id, title, topic_id, topic, media_info, viewers, created_at, updated_at, ended_at)
    VALUES ('56620a02-e1be-4508-82d0-754a452eb7f0', '0488bd75-1e31-4b94-93ef-09f172253e15', 'Bryant goes live!', 'e496e832-363e-4228-b518-7fe126ccaa04', 'Photography', '{"width":1920,"height":1080,"bitrate":1736.64}', 189, '2015-05-23 06:11:35.471900+0000', '2015-05-23 06:53:54.560800+0000', '2015-05-23 07:02:18.795600+0000');
INSERT INTO "neap"."video"(video_id, stream_id, title, type, description, status, tags, topic_id, topic, media_info, preview, views, created_at, updated_at)
    VALUES ('6797d3bf-26d8-4230-aa23-7c07ca92bb95', '56620a02-e1be-4508-82d0-754a452eb7f0', 'Bryant goes live!', 'record', 'Bryant goes live!', '', '[]', 'e496e832-363e-4228-b518-7fe126ccaa04', 'Photography', '{"width":1920,"height":1080,"bitrate":2464.59}', '', '20893', '2015-06-25 02:40:30.571600+0000', '2015-06-30 02:06:44.382300+0000');
INSERT INTO "neap"."video"(video_id, stream_id, title, type, description, status, tags, topic_id, topic, media_info, preview, views, created_at, updated_at)
    VALUES ('0f395ebb-d303-44b3-8667-65f9c76b6aeb', '56620a02-e1be-4508-82d0-754a452eb7f0', 'Bryant goes live!', 'record', 'Bryant goes live!', '', '[]', 'e496e832-363e-4228-b518-7fe126ccaa04', 'Photography', '{"width":1920,"height":1080,"bitrate":1909.32}', '', '36265', '2015-10-20 00:28:36.209400+0000', '2015-10-21 13:02:48.601800+0000');
INSERT INTO "neap"."stream"(stream_id, channel_id, title, topic_id, topic, media_info, viewers, created_at, updated_at, ended_at)
    VALUES ('e7f8b000-ad9d-49ce-a22d-367d7defe9b6', '0488bd75-1e31-4b94-93ef-09f172253e15', 'Science?? Yeah, Science!', '1cae4612-f178-4a0e-b3af-343a88b99638', 'Science', '{"width":720,"height":400,"bitrate":677.02}', 469, '2015-07-01 00:40:43.288500+0000', '2015-07-01 01:29:52.852500+0000', '2015-07-01 01:58:35.045100+0000');
INSERT INTO "neap"."video"(video_id, stream_id, title, type, description, status, tags, topic_id, topic, media_info, preview, views, created_at, updated_at)
    VALUES ('89164e98-ca91-43ba-ac91-d47efe8ae8fb', 'e7f8b000-ad9d-49ce-a22d-367d7defe9b6', 'Science?? Yeah, Science!', 'record', 'Science?? Yeah, Science!', '', '[]', '1cae4612-f178-4a0e-b3af-343a88b99638', 'Science', '{"width":720,"height":400,"bitrate":646.51}', '', '27559', '2015-08-05 21:33:39.971500+0000', '2015-08-07 13:25:20.545600+0000');
INSERT INTO "neap"."stream"(stream_id, channel_id, title, topic_id, topic, media_info, viewers, created_at, updated_at, ended_at)
    VALUES ('0894937b-e7ce-4545-87ba-8ad57072bd5a', '0488bd75-1e31-4b94-93ef-09f172253e15', 'Fun with Mathematics and Bryant', '284b3091-455d-4476-ae67-442a19d153d4', 'Mathematics', '{"width":1920,"height":1080,"bitrate":3158.53}', 516, '2015-05-26 19:12:06.604000+0000', '2015-05-26 21:57:18.080000+0000', '2015-05-26 22:15:12.165600+0000');
INSERT INTO "neap"."video"(video_id, stream_id, title, type, description, status, tags, topic_id, topic, media_info, preview, views, created_at, updated_at)
    VALUES ('32effcf1-09b0-416c-be19-900b2e838895', '0894937b-e7ce-4545-87ba-8ad57072bd5a', 'Fun with Mathematics and Bryant', 'record', 'Fun with Mathematics and Bryant', '', '[]', '284b3091-455d-4476-ae67-442a19d153d4', 'Mathematics', '{"width":1920,"height":1080,"bitrate":1947.52}', '', '4231', '2015-06-08 23:22:23.031000+0000', '2015-06-09 13:58:39.082700+0000');
INSERT INTO "neap"."user"(user_id, channel_id, type, username, email, password, display_name, logo, bio, created_at, updated_at)
    VALUES ('1f198cad-303b-4782-ac79-76e190854dc1', 'b358e5cf-2d38-41f5-b7f3-e8cce3ef8201', 'user', 'janessa', 'janessa@neap.io', '$2y$10$MD6HjnL9NWHB7wGsxjLLp.HYIvJyzBA3B0Bc6ld3PZ0tsK2bRT79.', 'Janessa', 'https://gravatar.com/avatar/a2f89d7d742a6db4d8b4f2fcfd789bb2?s=128&d=identicon', null, '2015-05-25 13:04:44.321200+0000', '2015-07-11 10:48:30.109000+0000');
INSERT INTO "neap"."channel"(channel_id, user_id, chat_id, name, display_name, topic, language, views, followers)
    VALUES ('b358e5cf-2d38-41f5-b7f3-e8cce3ef8201', '1f198cad-303b-4782-ac79-76e190854dc1', '01fcb937-2b0e-4714-8cde-7442b4479690', 'janessa', 'Janessa Channel', 'Astrology', 'en', 78484, 146);
INSERT INTO "neap"."chat"(chat_id, channel_id, name)
    VALUES ('01fcb937-2b0e-4714-8cde-7442b4479690', 'b358e5cf-2d38-41f5-b7f3-e8cce3ef8201', 'janessa');
INSERT INTO "neap"."stream"(stream_id, channel_id, title, topic_id, topic, media_info, viewers, created_at, updated_at, ended_at)
    VALUES ('d4a5929d-8966-46f5-af7d-127a4c42a9d6', 'b358e5cf-2d38-41f5-b7f3-e8cce3ef8201', 'Mathematics?? Yeah, Mathematics!', '284b3091-455d-4476-ae67-442a19d153d4', 'Mathematics', '{"width":720,"height":400,"bitrate":686.21}', 787, '2015-07-15 08:11:11.120800+0000', '2015-07-15 10:26:20.921200+0000', '2015-07-15 10:35:28.460400+0000');
INSERT INTO "neap"."video"(video_id, stream_id, title, type, description, status, tags, topic_id, topic, media_info, preview, views, created_at, updated_at)
    VALUES ('ae486e01-7ebb-4187-a930-f7a9f09a5cc1', 'd4a5929d-8966-46f5-af7d-127a4c42a9d6', 'Mathematics?? Yeah, Mathematics!', 'record', 'Mathematics?? Yeah, Mathematics!', '', '[]', '284b3091-455d-4476-ae67-442a19d153d4', 'Mathematics', '{"width":720,"height":400,"bitrate":732.73}', '', '9359', '2015-10-02 20:38:21.197300+0000', '2015-10-03 09:55:26.346000+0000');
INSERT INTO "neap"."stream"(stream_id, channel_id, title, topic_id, topic, media_info, viewers, created_at, updated_at, ended_at)
    VALUES ('ed75f489-d219-4d43-8c71-026549363f20', 'b358e5cf-2d38-41f5-b7f3-e8cce3ef8201', 'Janessa goes live!', '48e535f7-dba1-4d59-aac3-4c6cced32d6c', 'Video games', '{"width":1920,"height":1080,"bitrate":1768.75}', 377, '2015-07-01 05:03:44.389000+0000', '2015-07-01 06:04:31.467200+0000', '2015-07-01 07:19:59.500100+0000');
INSERT INTO "neap"."video"(video_id, stream_id, title, type, description, status, tags, topic_id, topic, media_info, preview, views, created_at, updated_at)
    VALUES ('4efa1c62-8e94-454e-b7a9-ebf93d4859f2', 'ed75f489-d219-4d43-8c71-026549363f20', 'Janessa goes live!', 'record', 'Janessa goes live!', '', '[]', '48e535f7-dba1-4d59-aac3-4c6cced32d6c', 'Video games', '{"width":1920,"height":1080,"bitrate":2130.62}', '', '12188', '2015-07-20 15:41:55.319000+0000', '2015-07-24 20:59:21.827200+0000');
INSERT INTO "neap"."stream"(stream_id, channel_id, title, topic_id, topic, media_info, viewers, created_at, updated_at, ended_at)
    VALUES ('a544acb5-63c1-4414-b75e-c88c04e48804', 'b358e5cf-2d38-41f5-b7f3-e8cce3ef8201', 'Janessa goes live!', 'b369c464-cdea-4356-9d70-1450585652e2', 'Music', '{"width":720,"height":400,"bitrate":579.17}', 782, '2015-09-26 12:19:08.930400+0000', '2015-09-26 12:34:39.527200+0000', '2015-09-26 13:31:59.796500+0000');
INSERT INTO "neap"."video"(video_id, stream_id, title, type, description, status, tags, topic_id, topic, media_info, preview, views, created_at, updated_at)
    VALUES ('4e8e040d-085d-48e9-98d0-a9c6996d37a7', 'a544acb5-63c1-4414-b75e-c88c04e48804', 'Janessa goes live!', 'record', 'Janessa goes live!', '', '[]', 'b369c464-cdea-4356-9d70-1450585652e2', 'Music', '{"width":720,"height":400,"bitrate":679.64}', '', '12841', '2015-10-26 16:08:54.627200+0000', '2015-10-28 16:16:21.280400+0000');
INSERT INTO "neap"."user"(user_id, channel_id, type, username, email, password, display_name, logo, bio, created_at, updated_at)
    VALUES ('7719c2b8-a7b0-47c6-a279-4d41e7112ff2', 'fb90eb81-f1f3-4993-a851-26a9bf11d4a7', 'user', 'moses', 'moses@neap.io', '$2y$10$FMFDPD76h7B4ftF8UJ2QOOk6GB.wMM4gxp2NuJq4VjwPW71TmUZCS', 'Moses', 'https://gravatar.com/avatar/98f001b3f14e1aee62b9189746f9d776?s=128&d=identicon', null, '2015-05-07 08:35:10.895300+0000', '2015-05-23 07:10:17.239700+0000');
INSERT INTO "neap"."channel"(channel_id, user_id, chat_id, name, display_name, topic, language, views, followers)
    VALUES ('fb90eb81-f1f3-4993-a851-26a9bf11d4a7', '7719c2b8-a7b0-47c6-a279-4d41e7112ff2', '269a1982-c339-4a2b-bc4e-8a336e860252', 'moses', 'Moses Channel', 'Music', 'en', 49884, 50);
INSERT INTO "neap"."chat"(chat_id, channel_id, name)
    VALUES ('269a1982-c339-4a2b-bc4e-8a336e860252', 'fb90eb81-f1f3-4993-a851-26a9bf11d4a7', 'moses');
INSERT INTO "neap"."stream"(stream_id, channel_id, title, topic_id, topic, media_info, viewers, created_at, updated_at, ended_at)
    VALUES ('4a6b4b2c-cb5e-4956-8592-786dc5fde617', 'fb90eb81-f1f3-4993-a851-26a9bf11d4a7', 'Today is Biology day', 'd4f06d27-2693-4552-bd85-d9875651ce39', 'Biology', '{"width":1920,"height":1080,"bitrate":1715.86}', 516, '2015-10-27 16:10:11.526300+0000', '2015-10-27 17:53:28.763500+0000', '2015-10-27 18:04:14.636600+0000');
INSERT INTO "neap"."video"(video_id, stream_id, title, type, description, status, tags, topic_id, topic, media_info, preview, views, created_at, updated_at)
    VALUES ('35b8f767-fe5b-4975-926e-d4bf51cfde56', '4a6b4b2c-cb5e-4956-8592-786dc5fde617', 'Today is Biology day', 'record', 'Today is Biology day', '', '[]', 'd4f06d27-2693-4552-bd85-d9875651ce39', 'Biology', '{"width":1920,"height":1080,"bitrate":2081.19}', '', '25009', '2015-10-28 01:37:48.265300+0000', '2015-10-29 04:50:52.446700+0000');
INSERT INTO "neap"."video"(video_id, stream_id, title, type, description, status, tags, topic_id, topic, media_info, preview, views, created_at, updated_at)
    VALUES ('5f92aa7e-b302-4a5f-baf6-4b5f197d25fc', '4a6b4b2c-cb5e-4956-8592-786dc5fde617', 'Today is Biology day', 'highlight', 'Today is Biology day', '', '[]', 'd4f06d27-2693-4552-bd85-d9875651ce39', 'Biology', '{"width":1920,"height":1080,"bitrate":1206.98}', '', '30419', '2015-10-29 18:01:16.544600+0000', '2015-10-30 17:34:21.256800+0000');
INSERT INTO "neap"."stream"(stream_id, channel_id, title, topic_id, topic, media_info, viewers, created_at, updated_at, ended_at)
    VALUES ('e3a7c56c-cda4-46f8-be0d-1914b2f0bdd2', 'fb90eb81-f1f3-4993-a851-26a9bf11d4a7', 'Moses goes live!', '48e535f7-dba1-4d59-aac3-4c6cced32d6c', 'Video games', '{"width":1280,"height":720,"bitrate":1496.19}', 50, '2015-06-17 09:02:41.568800+0000', '2015-06-17 11:41:18.469300+0000', '2015-06-17 11:44:02.287400+0000');
INSERT INTO "neap"."video"(video_id, stream_id, title, type, description, status, tags, topic_id, topic, media_info, preview, views, created_at, updated_at)
    VALUES ('59e3a740-3752-422a-90c3-42ef0b31db07', 'e3a7c56c-cda4-46f8-be0d-1914b2f0bdd2', 'Moses goes live!', 'record', 'Moses goes live!', '', '[]', '48e535f7-dba1-4d59-aac3-4c6cced32d6c', 'Video games', '{"width":1280,"height":720,"bitrate":847.65}', '', '31985', '2015-08-02 15:38:45.279100+0000', '2015-08-05 14:04:02.285000+0000');
INSERT INTO "neap"."stream"(stream_id, channel_id, title, topic_id, topic, media_info, viewers, created_at, updated_at, ended_at)
    VALUES ('36ccfc33-0e76-4c3c-8f19-bedd2b2a9b87', 'fb90eb81-f1f3-4993-a851-26a9bf11d4a7', 'The origins of Philosophy', '35fa82dc-ed25-47fb-b6cd-58ae8a151f60', 'Philosophy', '{"width":720,"height":400,"bitrate":584.08}', 364, '2015-10-06 00:27:10.301300+0000', '2015-10-06 01:57:02.376900+0000', '2015-10-06 01:57:06.755100+0000');
INSERT INTO "neap"."video"(video_id, stream_id, title, type, description, status, tags, topic_id, topic, media_info, preview, views, created_at, updated_at)
    VALUES ('1fc220d1-adbb-4e19-8d93-d5e7f0663a57', '36ccfc33-0e76-4c3c-8f19-bedd2b2a9b87', 'The origins of Philosophy', 'record', 'The origins of Philosophy', '', '[]', '35fa82dc-ed25-47fb-b6cd-58ae8a151f60', 'Philosophy', '{"width":720,"height":400,"bitrate":733.24}', '', '38823', '2015-10-27 13:16:31.555900+0000', '2015-10-27 21:17:20.924700+0000');
INSERT INTO "neap"."video"(video_id, stream_id, title, type, description, status, tags, topic_id, topic, media_info, preview, views, created_at, updated_at)
    VALUES ('e5d8a047-abaf-4ba6-898f-50e1ab879a6d', '36ccfc33-0e76-4c3c-8f19-bedd2b2a9b87', 'The origins of Philosophy', 'record', 'The origins of Philosophy', '', '[]', '35fa82dc-ed25-47fb-b6cd-58ae8a151f60', 'Philosophy', '{"width":720,"height":400,"bitrate":669.31}', '', '34261', '2015-10-22 17:44:35.939500+0000', '2015-10-24 17:33:11.856600+0000');
INSERT INTO "neap"."stream"(stream_id, channel_id, title, topic_id, topic, media_info, viewers, created_at, updated_at, ended_at)
    VALUES ('4d5f4ced-1c51-4432-a94a-0eefe76e96af', 'fb90eb81-f1f3-4993-a851-26a9bf11d4a7', 'Theology?? Yeah, Theology!', 'd2ea25fc-eb67-4c63-86d0-58ba2ce51b56', 'Theology', '{"width":1280,"height":720,"bitrate":1039.46}', 1387, '2015-07-11 14:17:28.546400+0000', '2015-07-11 16:45:49.631800+0000', '2015-07-11 16:50:31.671700+0000');
INSERT INTO "neap"."video"(video_id, stream_id, title, type, description, status, tags, topic_id, topic, media_info, preview, views, created_at, updated_at)
    VALUES ('caebd566-5017-42e9-bcca-9bd59ef2ab4b', '4d5f4ced-1c51-4432-a94a-0eefe76e96af', 'Theology?? Yeah, Theology!', 'record', 'Theology?? Yeah, Theology!', '', '[]', 'd2ea25fc-eb67-4c63-86d0-58ba2ce51b56', 'Theology', '{"width":1280,"height":720,"bitrate":1062.38}', '', '10886', '2015-07-17 15:21:59.065500+0000', '2015-07-17 15:22:01.223500+0000');
INSERT INTO "neap"."video"(video_id, stream_id, title, type, description, status, tags, topic_id, topic, media_info, preview, views, created_at, updated_at)
    VALUES ('3a55b6dd-21c1-43c0-a88e-e9978fef81c6', '4d5f4ced-1c51-4432-a94a-0eefe76e96af', 'Theology?? Yeah, Theology!', 'record', 'Theology?? Yeah, Theology!', '', '[]', 'd2ea25fc-eb67-4c63-86d0-58ba2ce51b56', 'Theology', '{"width":1280,"height":720,"bitrate":1211.59}', '', '24201', '2015-08-09 05:41:42.523400+0000', '2015-08-13 15:21:00.283700+0000');
INSERT INTO "neap"."user"(user_id, channel_id, type, username, email, password, display_name, logo, bio, created_at, updated_at)
    VALUES ('3b3dab3c-68da-43e0-a087-c7f49fc48cad', '8311060c-62fe-4626-bac4-e5ee55364b47', 'user', 'mia', 'mia@neap.io', '$2y$10$u6H6ubB0EZql07YRKBB5yOq1YXajcSCje/llMDKKtIqR6G0l4P1rC', 'Mia', 'https://gravatar.com/avatar/d3bee8a3b1a818555cd7ff6c0c7a6b6b?s=128&d=identicon', null, '2015-05-20 18:24:05.564500+0000', '2015-07-29 02:12:23.760000+0000');
INSERT INTO "neap"."channel"(channel_id, user_id, chat_id, name, display_name, topic, language, views, followers)
    VALUES ('8311060c-62fe-4626-bac4-e5ee55364b47', '3b3dab3c-68da-43e0-a087-c7f49fc48cad', 'b5ce2684-e220-4c7e-ae00-c4cceb00b926', 'mia', 'Mia Channel', 'Philosophy', 'en', 53741, 68);
INSERT INTO "neap"."chat"(chat_id, channel_id, name)
    VALUES ('b5ce2684-e220-4c7e-ae00-c4cceb00b926', '8311060c-62fe-4626-bac4-e5ee55364b47', 'mia');
INSERT INTO "neap"."stream"(stream_id, channel_id, title, topic_id, topic, media_info, viewers, created_at, updated_at, ended_at)
    VALUES ('99d4e80f-1652-4df2-a1e4-ea970da11547', '8311060c-62fe-4626-bac4-e5ee55364b47', 'Come on and have fun with Mia!', '994391cf-d41e-46f4-b6eb-ce53824e3a0c', 'Litterature', '{"width":1920,"height":1080,"bitrate":2992.1}', 1525, '2015-10-21 12:00:28.370500+0000', '2015-10-21 16:32:58.947300+0000', '2015-10-21 17:06:05.352400+0000');
INSERT INTO "neap"."video"(video_id, stream_id, title, type, description, status, tags, topic_id, topic, media_info, preview, views, created_at, updated_at)
    VALUES ('ba30f51b-2f15-4916-9ef4-20b32b161e39', '99d4e80f-1652-4df2-a1e4-ea970da11547', 'Come on and have fun with Mia!', 'highlight', 'Come on and have fun with Mia!', '', '[]', '994391cf-d41e-46f4-b6eb-ce53824e3a0c', 'Litterature', '{"width":1920,"height":1080,"bitrate":2998.84}', '', '15485', '2015-10-28 04:34:49.051200+0000', '2015-10-29 10:50:08.819800+0000');
INSERT INTO "neap"."video"(video_id, stream_id, title, type, description, status, tags, topic_id, topic, media_info, preview, views, created_at, updated_at)
    VALUES ('15607e11-9a35-4cd0-a709-ba10b1412807', '99d4e80f-1652-4df2-a1e4-ea970da11547', 'Come on and have fun with Mia!', 'record', 'Come on and have fun with Mia!', '', '[]', '994391cf-d41e-46f4-b6eb-ce53824e3a0c', 'Litterature', '{"width":1920,"height":1080,"bitrate":2635.6}', '', '26119', '2015-10-25 15:55:52.506300+0000', '2015-10-29 10:13:41.000000+0000');
INSERT INTO "neap"."stream"(stream_id, channel_id, title, topic_id, topic, media_info, viewers, created_at, updated_at, ended_at)
    VALUES ('4e422c23-c599-494e-80b4-b8b36849517c', '8311060c-62fe-4626-bac4-e5ee55364b47', 'Photography?? Yeah, Photography!', 'e496e832-363e-4228-b518-7fe126ccaa04', 'Photography', '{"width":1280,"height":720,"bitrate":1068.18}', 528, '2015-06-15 01:48:32.994600+0000', '2015-06-15 07:31:28.893900+0000', '2015-06-15 07:47:27.630600+0000');
INSERT INTO "neap"."stream"(stream_id, channel_id, title, topic_id, topic, media_info, viewers, created_at, updated_at, ended_at)
    VALUES ('f2d04879-a4ad-4292-aa9b-5a57b0256033', '8311060c-62fe-4626-bac4-e5ee55364b47', 'Science?? Yeah, Science!', '1cae4612-f178-4a0e-b3af-343a88b99638', 'Science', '{"width":1280,"height":720,"bitrate":905.53}', 256, '2015-06-17 09:42:17.166100+0000', '2015-06-17 13:58:28.608400+0000', '2015-06-17 14:50:12.953500+0000');
INSERT INTO "neap"."stream"(stream_id, channel_id, title, topic_id, topic, media_info, viewers, created_at, updated_at, ended_at)
    VALUES ('ba749e71-96c1-4cd6-a115-8a655f34fb24', '8311060c-62fe-4626-bac4-e5ee55364b47', 'Photography?? Yeah, Photography!', 'e496e832-363e-4228-b518-7fe126ccaa04', 'Photography', '{"width":1920,"height":1080,"bitrate":1088.35}', 134, '2015-09-28 10:27:58.999000+0000', '2015-09-28 17:25:54.103500+0000', '2015-09-28 18:22:23.366400+0000');
INSERT INTO "neap"."video"(video_id, stream_id, title, type, description, status, tags, topic_id, topic, media_info, preview, views, created_at, updated_at)
    VALUES ('a0454b70-12e0-4668-9b83-65596f838a85', 'ba749e71-96c1-4cd6-a115-8a655f34fb24', 'Photography?? Yeah, Photography!', 'record', 'Photography?? Yeah, Photography!', '', '[]', 'e496e832-363e-4228-b518-7fe126ccaa04', 'Photography', '{"width":1920,"height":1080,"bitrate":1426.1}', '', '19040', '2015-10-13 01:11:21.079500+0000', '2015-10-14 09:23:04.663000+0000');
INSERT INTO "neap"."video"(video_id, stream_id, title, type, description, status, tags, topic_id, topic, media_info, preview, views, created_at, updated_at)
    VALUES ('1fad44be-679d-4861-9f33-94efc804e779', 'ba749e71-96c1-4cd6-a115-8a655f34fb24', 'Photography?? Yeah, Photography!', 'record', 'Photography?? Yeah, Photography!', '', '[]', 'e496e832-363e-4228-b518-7fe126ccaa04', 'Photography', '{"width":1920,"height":1080,"bitrate":2141.64}', '', '9906', '2015-10-07 02:03:23.128100+0000', '2015-10-07 11:39:59.658900+0000');
INSERT INTO "neap"."stream"(stream_id, channel_id, title, topic_id, topic, media_info, viewers, created_at, updated_at, ended_at)
    VALUES ('993be0b0-0973-4953-80ca-fd1b53c5623e', '8311060c-62fe-4626-bac4-e5ee55364b47', 'Relax stream', 'e9af2f53-d2dd-4e32-9dea-26d6ac21bcb8', 'Astrology', '{"width":720,"height":400,"bitrate":616.78}', 1822, '2015-06-30 05:16:15.079500+0000', '2015-06-30 08:22:15.885400+0000', '2015-06-30 08:58:44.713300+0000');
INSERT INTO "neap"."video"(video_id, stream_id, title, type, description, status, tags, topic_id, topic, media_info, preview, views, created_at, updated_at)
    VALUES ('cc2b4d20-e4dd-47c0-be16-e6e4975e003f', '993be0b0-0973-4953-80ca-fd1b53c5623e', 'Relax stream', 'record', 'Relax stream', '', '[]', 'e9af2f53-d2dd-4e32-9dea-26d6ac21bcb8', 'Astrology', '{"width":720,"height":400,"bitrate":754.87}', '', '34534', '2015-09-05 22:14:13.860300+0000', '2015-09-10 23:35:23.510600+0000');
INSERT INTO "neap"."user"(user_id, channel_id, type, username, email, password, display_name, logo, bio, created_at, updated_at)
    VALUES ('441b682f-c234-43bd-9a54-fff33625a23d', 'cbacac52-c597-4161-b7a9-867fcd6b3873', 'user', 'sawyer', 'sawyer@neap.io', '$2y$10$Pi2Mk1ldgKzA5LXvzT.8jegRN167zAAFEr3iKUTdy0snbdb2mYZda', 'Sawyer', 'https://gravatar.com/avatar/10d6ca899304166c2247a4e308203d4b?s=128&d=identicon', null, '2015-03-24 22:35:38.029300+0000', '2015-04-11 01:48:28.537700+0000');
INSERT INTO "neap"."channel"(channel_id, user_id, chat_id, name, display_name, topic, language, views, followers)
    VALUES ('cbacac52-c597-4161-b7a9-867fcd6b3873', '441b682f-c234-43bd-9a54-fff33625a23d', 'd2465bbb-ffa6-4284-8149-bc1b3be401e8', 'sawyer', 'Sawyer Channel', 'Astrology', 'en', 73695, 146);
INSERT INTO "neap"."chat"(chat_id, channel_id, name)
    VALUES ('d2465bbb-ffa6-4284-8149-bc1b3be401e8', 'cbacac52-c597-4161-b7a9-867fcd6b3873', 'sawyer');
INSERT INTO "neap"."user"(user_id, channel_id, type, username, email, password, display_name, logo, bio, created_at, updated_at)
    VALUES ('7100d865-3740-4e62-a05d-63daeb66dd02', '15fa9d8e-d352-41cd-abc5-34e8d451f44b', 'user', 'caden', 'caden@neap.io', '$2y$10$/JKZVm79MN8jTypovXbFnugy9C5/GJc3VdXNr.3epJIt69eox6OjC', 'Caden', 'https://gravatar.com/avatar/96eda6c54696ff5bb8a0e8879ae69276?s=128&d=identicon', null, '2015-03-01 17:06:13.865100+0000', '2015-05-15 12:33:42.771000+0000');
INSERT INTO "neap"."channel"(channel_id, user_id, chat_id, name, display_name, topic, language, views, followers)
    VALUES ('15fa9d8e-d352-41cd-abc5-34e8d451f44b', '7100d865-3740-4e62-a05d-63daeb66dd02', 'b3075072-8193-4752-82ac-2282753d543a', 'caden', 'Caden Channel', 'Video games', 'en', 21971, 15);
INSERT INTO "neap"."chat"(chat_id, channel_id, name)
    VALUES ('b3075072-8193-4752-82ac-2282753d543a', '15fa9d8e-d352-41cd-abc5-34e8d451f44b', 'caden');
INSERT INTO "neap"."stream"(stream_id, channel_id, title, topic_id, topic, media_info, viewers, created_at, updated_at, ended_at)
    VALUES ('a5da81ea-5eaf-49b2-8c3b-97eed3b0a9d0', '15fa9d8e-d352-41cd-abc5-34e8d451f44b', 'Come on and have fun with Caden!', 'b369c464-cdea-4356-9d70-1450585652e2', 'Music', '{"width":1280,"height":720,"bitrate":844.62}', 932, '2015-03-29 08:58:24.770800+0000', '2015-03-29 10:05:32.861300+0000', '2015-03-29 10:41:45.587300+0000');
INSERT INTO "neap"."video"(video_id, stream_id, title, type, description, status, tags, topic_id, topic, media_info, preview, views, created_at, updated_at)
    VALUES ('3eec5db5-49de-430f-9101-8649cccdffee', 'a5da81ea-5eaf-49b2-8c3b-97eed3b0a9d0', 'Come on and have fun with Caden!', 'record', 'Come on and have fun with Caden!', '', '[]', 'b369c464-cdea-4356-9d70-1450585652e2', 'Music', '{"width":1280,"height":720,"bitrate":1079.65}', '', '27785', '2015-03-31 02:50:28.785700+0000', '2015-03-31 22:02:47.642600+0000');
INSERT INTO "neap"."stream"(stream_id, channel_id, title, topic_id, topic, media_info, viewers, created_at, updated_at, ended_at)
    VALUES ('b43ae2ae-ba5c-42f7-92c9-79670e73b268', '15fa9d8e-d352-41cd-abc5-34e8d451f44b', 'Today is Biology day', 'd4f06d27-2693-4552-bd85-d9875651ce39', 'Biology', '{"width":720,"height":400,"bitrate":537.72}', 1562, '2015-03-25 10:02:08.752000+0000', '2015-03-25 10:41:26.692800+0000', '2015-03-25 10:50:54.627800+0000');
INSERT INTO "neap"."video"(video_id, stream_id, title, type, description, status, tags, topic_id, topic, media_info, preview, views, created_at, updated_at)
    VALUES ('aa64ee65-6e3f-4830-9ee0-42024004aed7', 'b43ae2ae-ba5c-42f7-92c9-79670e73b268', 'Today is Biology day', 'record', 'Today is Biology day', '', '[]', 'd4f06d27-2693-4552-bd85-d9875651ce39', 'Biology', '{"width":720,"height":400,"bitrate":582.26}', '', '9593', '2015-05-16 09:52:46.858600+0000', '2015-05-16 10:17:11.188600+0000');
INSERT INTO "neap"."stream"(stream_id, channel_id, title, topic_id, topic, media_info, viewers, created_at, updated_at, ended_at)
    VALUES ('80183b8a-bcec-4f69-8e0d-d25fe38da991', '15fa9d8e-d352-41cd-abc5-34e8d451f44b', 'Relax stream', '284b3091-455d-4476-ae67-442a19d153d4', 'Mathematics', '{"width":1280,"height":720,"bitrate":1282.63}', 23748, '2015-04-19 22:25:55.533500+0000', '2015-04-20 02:24:13.565400+0000', '2015-04-20 02:39:22.148900+0000');
INSERT INTO "neap"."video"(video_id, stream_id, title, type, description, status, tags, topic_id, topic, media_info, preview, views, created_at, updated_at)
    VALUES ('fdd5b873-741d-45de-8895-b86b9d19a2fb', '80183b8a-bcec-4f69-8e0d-d25fe38da991', 'Relax stream', 'record', 'Relax stream', '', '[]', '284b3091-455d-4476-ae67-442a19d153d4', 'Mathematics', '{"width":1280,"height":720,"bitrate":890.2}', '', '3683', '2015-06-17 11:12:07.917800+0000', '2015-06-17 20:42:49.829200+0000');
INSERT INTO "neap"."stream"(stream_id, channel_id, title, topic_id, topic, media_info, viewers, created_at, updated_at, ended_at)
    VALUES ('38ee5376-a56e-4661-a100-968fab64c3f3', '15fa9d8e-d352-41cd-abc5-34e8d451f44b', 'The origins of Video games', '48e535f7-dba1-4d59-aac3-4c6cced32d6c', 'Video games', '{"width":720,"height":400,"bitrate":752.62}', 866, '2015-06-07 22:44:06.914700+0000', '2015-06-08 02:05:21.334800+0000', '2015-06-08 02:19:35.087800+0000');
INSERT INTO "neap"."video"(video_id, stream_id, title, type, description, status, tags, topic_id, topic, media_info, preview, views, created_at, updated_at)
    VALUES ('a93b9131-cdba-49cc-89e6-cf4468afc12a', '38ee5376-a56e-4661-a100-968fab64c3f3', 'The origins of Video games', 'record', 'The origins of Video games', '', '[]', '48e535f7-dba1-4d59-aac3-4c6cced32d6c', 'Video games', '{"width":720,"height":400,"bitrate":692.94}', '', '7578', '2015-07-22 16:26:00.031300+0000', '2015-07-23 22:42:40.035900+0000');
INSERT INTO "neap"."video"(video_id, stream_id, title, type, description, status, tags, topic_id, topic, media_info, preview, views, created_at, updated_at)
    VALUES ('121fd0ba-8e08-4cfe-9178-e1011f1984e5', '38ee5376-a56e-4661-a100-968fab64c3f3', 'The origins of Video games', 'record', 'The origins of Video games', '', '[]', '48e535f7-dba1-4d59-aac3-4c6cced32d6c', 'Video games', '{"width":720,"height":400,"bitrate":730.61}', '', '22546', '2015-08-21 09:43:10.639200+0000', '2015-08-22 23:53:33.288500+0000');
INSERT INTO "neap"."stream"(stream_id, channel_id, title, topic_id, topic, media_info, viewers, created_at, updated_at, ended_at)
    VALUES ('8b38729f-6c3d-472a-8a8f-03402d1ae0e2', '15fa9d8e-d352-41cd-abc5-34e8d451f44b', 'Fun with Philosophy and Caden', '35fa82dc-ed25-47fb-b6cd-58ae8a151f60', 'Philosophy', '{"width":720,"height":400,"bitrate":746.23}', 62612, '2015-03-24 17:41:00.406400+0000', '2015-03-24 19:24:49.090300+0000', '2015-03-24 19:31:17.706600+0000');
INSERT INTO "neap"."video"(video_id, stream_id, title, type, description, status, tags, topic_id, topic, media_info, preview, views, created_at, updated_at)
    VALUES ('e9838984-b2e1-4712-941d-5a20a1e31d6f', '8b38729f-6c3d-472a-8a8f-03402d1ae0e2', 'Fun with Philosophy and Caden', 'highlight', 'Fun with Philosophy and Caden', '', '[]', '35fa82dc-ed25-47fb-b6cd-58ae8a151f60', 'Philosophy', '{"width":720,"height":400,"bitrate":603.94}', '', '37421', '2015-10-16 22:58:56.246300+0000', '2015-10-18 09:49:19.532000+0000');
INSERT INTO "neap"."stream"(stream_id, channel_id, title, topic_id, topic, media_info, viewers, created_at, updated_at, ended_at)
    VALUES ('e6b9c605-800d-41a9-ad0c-c593db2a89ad', '15fa9d8e-d352-41cd-abc5-34e8d451f44b', 'Relax stream', 'e9af2f53-d2dd-4e32-9dea-26d6ac21bcb8', 'Astrology', '{"width":1280,"height":720,"bitrate":900.93}', 290, '2015-03-09 06:36:01.578700+0000', '2015-03-09 06:37:18.630400+0000', '2015-03-09 08:02:17.858000+0000');
INSERT INTO "neap"."video"(video_id, stream_id, title, type, description, status, tags, topic_id, topic, media_info, preview, views, created_at, updated_at)
    VALUES ('5b3c6915-bc24-44de-99ef-d97473d1b0c9', 'e6b9c605-800d-41a9-ad0c-c593db2a89ad', 'Relax stream', 'record', 'Relax stream', '', '[]', 'e9af2f53-d2dd-4e32-9dea-26d6ac21bcb8', 'Astrology', '{"width":1280,"height":720,"bitrate":1344.98}', '', '21630', '2015-07-03 03:03:27.414000+0000', '2015-07-05 12:36:13.549300+0000');
INSERT INTO "neap"."stream"(stream_id, channel_id, title, topic_id, topic, media_info, viewers, created_at, updated_at, ended_at)
    VALUES ('1d6d1861-d645-41ce-b065-2f7c1be3c301', '15fa9d8e-d352-41cd-abc5-34e8d451f44b', 'The origins of Video games', '48e535f7-dba1-4d59-aac3-4c6cced32d6c', 'Video games', '{"width":1920,"height":1080,"bitrate":1390.1}', 1319, '2015-08-06 14:47:06.820800+0000', '2015-08-06 23:20:44.457800+0000', '2015-08-07 00:22:33.686700+0000');
INSERT INTO "neap"."user"(user_id, channel_id, type, username, email, password, display_name, logo, bio, created_at, updated_at)
    VALUES ('add9d90a-74cb-4667-a8ad-3a8aaf74d800', '9884ecc9-d93f-462b-a209-cc59f3b35033', 'user', 'gemma', 'gemma@neap.io', '$2y$10$KZ5jB2pF7S0jLawKe/bOiuESr/0hcU8.ZTGloHcLgPVeCClLMEu0O', 'Gemma', 'https://gravatar.com/avatar/8724720c8ca6cd447fd77594ef7ed5ae?s=128&d=identicon', null, '2015-01-05 13:52:01.444400+0000', '2015-05-31 06:27:12.279800+0000');
INSERT INTO "neap"."channel"(channel_id, user_id, chat_id, name, display_name, topic, language, views, followers)
    VALUES ('9884ecc9-d93f-462b-a209-cc59f3b35033', 'add9d90a-74cb-4667-a8ad-3a8aaf74d800', 'e6bbcc03-e55f-4325-9f97-55e684498370', 'gemma', 'Gemma Channel', 'Biology', 'en', 31801, 31);
INSERT INTO "neap"."chat"(chat_id, channel_id, name)
    VALUES ('e6bbcc03-e55f-4325-9f97-55e684498370', '9884ecc9-d93f-462b-a209-cc59f3b35033', 'gemma');
INSERT INTO "neap"."stream"(stream_id, channel_id, title, topic_id, topic, media_info, viewers, created_at, updated_at, ended_at)
    VALUES ('cdfb764d-5cdf-4b2c-9b68-93d43e9c892e', '9884ecc9-d93f-462b-a209-cc59f3b35033', 'Today is Mathematics day', '284b3091-455d-4476-ae67-442a19d153d4', 'Mathematics', '{"width":1920,"height":1080,"bitrate":2972.96}', 293, '2015-04-30 10:32:51.645300+0000', '2015-04-30 17:27:35.926600+0000', '2015-04-30 17:53:59.871300+0000');
INSERT INTO "neap"."video"(video_id, stream_id, title, type, description, status, tags, topic_id, topic, media_info, preview, views, created_at, updated_at)
    VALUES ('be598373-937a-4f79-8895-550e1564592c', 'cdfb764d-5cdf-4b2c-9b68-93d43e9c892e', 'Today is Mathematics day', 'highlight', 'Today is Mathematics day', '', '[]', '284b3091-455d-4476-ae67-442a19d153d4', 'Mathematics', '{"width":1920,"height":1080,"bitrate":3222.93}', '', '34157', '2015-07-22 04:48:35.249500+0000', '2015-07-27 13:28:29.490600+0000');
INSERT INTO "neap"."stream"(stream_id, channel_id, title, topic_id, topic, media_info, viewers, created_at, updated_at, ended_at)
    VALUES ('98c9bcbe-993c-43ba-9f34-bbded2942158', '9884ecc9-d93f-462b-a209-cc59f3b35033', 'Gemma goes live!', '994391cf-d41e-46f4-b6eb-ce53824e3a0c', 'Litterature', '{"width":1280,"height":720,"bitrate":951.13}', 770, '2015-07-09 04:01:21.822000+0000', '2015-07-09 09:43:04.574800+0000', '2015-07-09 09:54:23.807300+0000');
INSERT INTO "neap"."video"(video_id, stream_id, title, type, description, status, tags, topic_id, topic, media_info, preview, views, created_at, updated_at)
    VALUES ('f71c4401-e771-45be-abf9-db86e6697c09', '98c9bcbe-993c-43ba-9f34-bbded2942158', 'Gemma goes live!', 'record', 'Gemma goes live!', '', '[]', '994391cf-d41e-46f4-b6eb-ce53824e3a0c', 'Litterature', '{"width":1280,"height":720,"bitrate":1042.35}', '', '5206', '2015-08-14 12:21:24.708800+0000', '2015-08-15 14:28:43.524000+0000');
INSERT INTO "neap"."video"(video_id, stream_id, title, type, description, status, tags, topic_id, topic, media_info, preview, views, created_at, updated_at)
    VALUES ('9cec3703-4a13-46fb-8482-90e910042b05', '98c9bcbe-993c-43ba-9f34-bbded2942158', 'Gemma goes live!', 'record', 'Gemma goes live!', '', '[]', '994391cf-d41e-46f4-b6eb-ce53824e3a0c', 'Litterature', '{"width":1280,"height":720,"bitrate":865.24}', '', '35703', '2015-09-02 21:07:57.865800+0000', '2015-09-04 11:11:48.609700+0000');
INSERT INTO "neap"."stream"(stream_id, channel_id, title, topic_id, topic, media_info, viewers, created_at, updated_at, ended_at)
    VALUES ('2e702762-86d6-477a-9f81-4d8ecba19091', '9884ecc9-d93f-462b-a209-cc59f3b35033', 'Relax stream', 'e496e832-363e-4228-b518-7fe126ccaa04', 'Photography', '{"width":1920,"height":1080,"bitrate":1677.04}', 1323, '2015-05-05 01:53:20.859000+0000', '2015-05-05 01:54:23.728700+0000', '2015-05-05 02:12:03.795500+0000');
INSERT INTO "neap"."video"(video_id, stream_id, title, type, description, status, tags, topic_id, topic, media_info, preview, views, created_at, updated_at)
    VALUES ('b1dba51a-c07b-4031-b23e-258dc7883c92', '2e702762-86d6-477a-9f81-4d8ecba19091', 'Relax stream', 'record', 'Relax stream', '', '[]', 'e496e832-363e-4228-b518-7fe126ccaa04', 'Photography', '{"width":1920,"height":1080,"bitrate":2781.18}', '', '9382', '2015-05-08 11:09:06.926500+0000', '2015-05-08 20:37:51.314800+0000');
INSERT INTO "neap"."stream"(stream_id, channel_id, title, topic_id, topic, media_info, viewers, created_at, updated_at, ended_at)
    VALUES ('835b97a2-7194-4c8a-93a8-927b00a33b86', '9884ecc9-d93f-462b-a209-cc59f3b35033', 'Fun with Science and Gemma', '1cae4612-f178-4a0e-b3af-343a88b99638', 'Science', '{"width":720,"height":400,"bitrate":710.05}', 377, '2015-09-04 22:25:27.574700+0000', '2015-09-04 23:48:20.717600+0000', '2015-09-04 23:50:59.108900+0000');
INSERT INTO "neap"."user"(user_id, channel_id, type, username, email, password, display_name, logo, bio, created_at, updated_at)
    VALUES ('70df1c9b-cf6c-49f7-bf80-3b64c50187b4', 'd37f386e-7b23-46d2-815f-7cc9e9a0f668', 'user', 'avery', 'avery@neap.io', '$2y$10$LQ2nV/8Vz4I61Lt8OF/FKeF6N7hoRqDzXRSoQfvyo1bL7AksBA.72', 'Avery', 'https://gravatar.com/avatar/a9401aa503c12f31cf8e52f5bc5d0068?s=128&d=identicon', null, '2015-08-20 03:50:20.458400+0000', '2015-09-14 20:32:35.868300+0000');
INSERT INTO "neap"."channel"(channel_id, user_id, chat_id, name, display_name, topic, language, views, followers)
    VALUES ('d37f386e-7b23-46d2-815f-7cc9e9a0f668', '70df1c9b-cf6c-49f7-bf80-3b64c50187b4', '315d2ef1-4f39-4c72-9235-49abedd05f29', 'avery', 'Avery Channel', 'Biology', 'en', 64607, 128);
INSERT INTO "neap"."chat"(chat_id, channel_id, name)
    VALUES ('315d2ef1-4f39-4c72-9235-49abedd05f29', 'd37f386e-7b23-46d2-815f-7cc9e9a0f668', 'avery');
INSERT INTO "neap"."stream"(stream_id, channel_id, title, topic_id, topic, media_info, viewers, created_at, updated_at, ended_at)
    VALUES ('97203a0b-454d-4aa8-b172-45544a04d5de', 'd37f386e-7b23-46d2-815f-7cc9e9a0f668', 'Today is Philosophy day', '35fa82dc-ed25-47fb-b6cd-58ae8a151f60', 'Philosophy', '{"width":1920,"height":1080,"bitrate":1371.2}', 686, '2015-10-04 11:14:49.963100+0000', '2015-10-04 13:46:51.292100+0000', '2015-10-04 15:18:39.859900+0000');
INSERT INTO "neap"."stream"(stream_id, channel_id, title, topic_id, topic, media_info, viewers, created_at, updated_at, ended_at)
    VALUES ('d19c8cf7-aa8c-4439-a35f-bb3b1c26c6a4', 'd37f386e-7b23-46d2-815f-7cc9e9a0f668', 'The origins of Music', 'b369c464-cdea-4356-9d70-1450585652e2', 'Music', '{"width":720,"height":400,"bitrate":788.56}', 63, '2015-09-10 10:37:30.214000+0000', '2015-09-10 14:37:00.075800+0000', '2015-09-10 15:42:56.064500+0000');
INSERT INTO "neap"."video"(video_id, stream_id, title, type, description, status, tags, topic_id, topic, media_info, preview, views, created_at, updated_at)
    VALUES ('4ac4b964-6400-4db1-b52c-6d0d37f99c08', 'd19c8cf7-aa8c-4439-a35f-bb3b1c26c6a4', 'The origins of Music', 'record', 'The origins of Music', '', '[]', 'b369c464-cdea-4356-9d70-1450585652e2', 'Music', '{"width":720,"height":400,"bitrate":712.99}', '', '30943', '2015-09-22 16:23:39.358100+0000', '2015-09-22 18:46:04.702500+0000');
INSERT INTO "neap"."stream"(stream_id, channel_id, title, topic_id, topic, media_info, viewers, created_at, updated_at, ended_at)
    VALUES ('fb1a0a5e-7e25-49c8-9766-35c124967030', 'd37f386e-7b23-46d2-815f-7cc9e9a0f668', 'Relax stream', 'd4f06d27-2693-4552-bd85-d9875651ce39', 'Biology', '{"width":1280,"height":720,"bitrate":1204.04}', 737, '2015-09-18 11:41:43.140100+0000', '2015-09-18 11:44:06.374500+0000', '2015-09-18 11:45:51.395600+0000');
INSERT INTO "neap"."video"(video_id, stream_id, title, type, description, status, tags, topic_id, topic, media_info, preview, views, created_at, updated_at)
    VALUES ('cae7dd4f-b1b3-4f97-a7b2-829a0db61888', 'fb1a0a5e-7e25-49c8-9766-35c124967030', 'Relax stream', 'record', 'Relax stream', '', '[]', 'd4f06d27-2693-4552-bd85-d9875651ce39', 'Biology', '{"width":1280,"height":720,"bitrate":1007.57}', '', '30656', '2015-10-06 07:34:41.091100+0000', '2015-10-08 00:52:22.247000+0000');
INSERT INTO "neap"."stream"(stream_id, channel_id, title, topic_id, topic, media_info, viewers, created_at, updated_at, ended_at)
    VALUES ('2dc4f00e-24cf-4854-945a-e79bda2d57be', 'd37f386e-7b23-46d2-815f-7cc9e9a0f668', 'The origins of Science', '1cae4612-f178-4a0e-b3af-343a88b99638', 'Science', '{"width":1280,"height":720,"bitrate":1064.15}', 1096, '2015-09-21 06:02:53.201700+0000', '2015-09-21 06:18:00.654000+0000', '2015-09-21 06:21:48.129500+0000');
INSERT INTO "neap"."user"(user_id, channel_id, type, username, email, password, display_name, logo, bio, created_at, updated_at)
    VALUES ('d4288746-d3c7-4114-b917-b73157dd085c', '753417a7-2720-4d05-919a-153fecd67798', 'user', 'leandro', 'leandro@neap.io', '$2y$10$n6a/iTcqm9kZ5.Gc9EXhYOWKic9vNF95luqHYEEErS74VeVTk1vQa', 'Leandro', 'https://gravatar.com/avatar/fdd53a15a1218bebdc6a39f00e3e79a9?s=128&d=identicon', null, '2015-09-24 19:23:04.977200+0000', '2015-10-23 14:25:00.721900+0000');
INSERT INTO "neap"."channel"(channel_id, user_id, chat_id, name, display_name, topic, language, views, followers)
    VALUES ('753417a7-2720-4d05-919a-153fecd67798', 'd4288746-d3c7-4114-b917-b73157dd085c', 'bbd9e98c-1edf-4761-8483-343e2b1c5535', 'leandro', 'Leandro Channel', 'Philosophy', 'en', 95382, 31);
INSERT INTO "neap"."chat"(chat_id, channel_id, name)
    VALUES ('bbd9e98c-1edf-4761-8483-343e2b1c5535', '753417a7-2720-4d05-919a-153fecd67798', 'leandro');
INSERT INTO "neap"."stream"(stream_id, channel_id, title, topic_id, topic, media_info, viewers, created_at, updated_at, ended_at)
    VALUES ('5160238e-c09c-407e-92e3-595a4851251f', '753417a7-2720-4d05-919a-153fecd67798', 'Leandro goes live!', 'd2ea25fc-eb67-4c63-86d0-58ba2ce51b56', 'Theology', '{"width":1920,"height":1080,"bitrate":3136.06}', 485, '2015-09-29 06:29:45.123400+0000', '2015-09-29 07:03:28.772700+0000', '2015-09-29 07:07:49.104300+0000');
INSERT INTO "neap"."stream"(stream_id, channel_id, title, topic_id, topic, media_info, viewers, created_at, updated_at, ended_at)
    VALUES ('5b4c538e-6853-4db8-8392-a86fba52fcbd', '753417a7-2720-4d05-919a-153fecd67798', 'Litterature?? Yeah, Litterature!', '994391cf-d41e-46f4-b6eb-ce53824e3a0c', 'Litterature', '{"width":1920,"height":1080,"bitrate":1849.84}', 57274, '2015-10-04 20:08:43.170400+0000', '2015-10-04 21:56:41.884100+0000', '2015-10-04 22:01:19.013900+0000');
INSERT INTO "neap"."stream"(stream_id, channel_id, title, topic_id, topic, media_info, viewers, created_at, updated_at, ended_at)
    VALUES ('4a861006-0cbf-4735-9523-e233b644a5bd', '753417a7-2720-4d05-919a-153fecd67798', 'Fun with Science and Leandro', '1cae4612-f178-4a0e-b3af-343a88b99638', 'Science', '{"width":1280,"height":720,"bitrate":1488.02}', 496, '2015-10-29 11:25:58.262800+0000', '2015-10-29 11:32:02.001000+0000', '2015-10-29 11:49:10.785500+0000');
INSERT INTO "neap"."video"(video_id, stream_id, title, type, description, status, tags, topic_id, topic, media_info, preview, views, created_at, updated_at)
    VALUES ('81af3ee5-f47d-4283-a046-d12e1b10c44a', '4a861006-0cbf-4735-9523-e233b644a5bd', 'Fun with Science and Leandro', 'record', 'Fun with Science and Leandro', '', '[]', '1cae4612-f178-4a0e-b3af-343a88b99638', 'Science', '{"width":1280,"height":720,"bitrate":1340.37}', '', '19935', '2015-11-01 07:05:36.899200+0000', '2015-11-02 10:48:40.439800+0000');
INSERT INTO "neap"."video"(video_id, stream_id, title, type, description, status, tags, topic_id, topic, media_info, preview, views, created_at, updated_at)
    VALUES ('fba07dfa-75cb-4cc5-821f-e35f4caa1d7a', '4a861006-0cbf-4735-9523-e233b644a5bd', 'Fun with Science and Leandro', 'record', 'Fun with Science and Leandro', '', '[]', '1cae4612-f178-4a0e-b3af-343a88b99638', 'Science', '{"width":1280,"height":720,"bitrate":941.67}', '', '14173', '2015-10-29 20:20:54.648300+0000', '2015-11-01 15:54:06.777300+0000');
INSERT INTO "neap"."stream"(stream_id, channel_id, title, topic_id, topic, media_info, viewers, created_at, updated_at, ended_at)
    VALUES ('99123511-609d-4215-bb94-56c3f18512c0', '753417a7-2720-4d05-919a-153fecd67798', 'Leandro goes live!', 'e9af2f53-d2dd-4e32-9dea-26d6ac21bcb8', 'Astrology', '{"width":720,"height":400,"bitrate":762.45}', 16916, '2015-10-31 03:43:55.844200+0000', '2015-10-31 11:07:51.105600+0000', '2015-10-31 11:21:26.523300+0000');
INSERT INTO "neap"."video"(video_id, stream_id, title, type, description, status, tags, topic_id, topic, media_info, preview, views, created_at, updated_at)
    VALUES ('6516b9ad-a851-4058-98ba-edffab39d584', '99123511-609d-4215-bb94-56c3f18512c0', 'Leandro goes live!', 'record', 'Leandro goes live!', '', '[]', 'e9af2f53-d2dd-4e32-9dea-26d6ac21bcb8', 'Astrology', '{"width":720,"height":400,"bitrate":635.66}', '', '37882', '2015-10-31 10:34:44.861000+0000', '2015-10-31 19:40:07.854600+0000');
INSERT INTO "neap"."stream"(stream_id, channel_id, title, topic_id, topic, media_info, viewers, created_at, updated_at, ended_at)
    VALUES ('d57df91b-532e-4346-895d-743735fab7ed', '753417a7-2720-4d05-919a-153fecd67798', 'Fun with Litterature and Leandro', '994391cf-d41e-46f4-b6eb-ce53824e3a0c', 'Litterature', '{"width":720,"height":400,"bitrate":695.01}', 393, '2015-10-25 03:57:26.031700+0000', '2015-10-25 06:39:11.679400+0000', '2015-10-25 07:11:05.599200+0000');
INSERT INTO "neap"."stream"(stream_id, channel_id, title, topic_id, topic, media_info, viewers, created_at, updated_at, ended_at)
    VALUES ('507a02e0-7980-494d-b4e8-a4820adacbdd', '753417a7-2720-4d05-919a-153fecd67798', 'Fun with Photography and Leandro', 'e496e832-363e-4228-b518-7fe126ccaa04', 'Photography', '{"width":1280,"height":720,"bitrate":1281.76}', 1874, '2015-10-25 04:57:46.984700+0000', '2015-10-25 06:15:23.463500+0000', '2015-10-25 06:35:45.216000+0000');
INSERT INTO "neap"."video"(video_id, stream_id, title, type, description, status, tags, topic_id, topic, media_info, preview, views, created_at, updated_at)
    VALUES ('859d3367-270c-4997-b882-57d0b63aad1d', '507a02e0-7980-494d-b4e8-a4820adacbdd', 'Fun with Photography and Leandro', 'highlight', 'Fun with Photography and Leandro', '', '[]', 'e496e832-363e-4228-b518-7fe126ccaa04', 'Photography', '{"width":1280,"height":720,"bitrate":1296.34}', '', '18058', '2015-10-28 23:58:50.423200+0000', '2015-11-03 18:57:36.948600+0000');
INSERT INTO "neap"."video"(video_id, stream_id, title, type, description, status, tags, topic_id, topic, media_info, preview, views, created_at, updated_at)
    VALUES ('75f56d4a-dbc1-4bf7-866b-ceceaf10e043', '507a02e0-7980-494d-b4e8-a4820adacbdd', 'Fun with Photography and Leandro', 'record', 'Fun with Photography and Leandro', '', '[]', 'e496e832-363e-4228-b518-7fe126ccaa04', 'Photography', '{"width":1280,"height":720,"bitrate":831.41}', '', '16494', '2015-10-30 20:56:38.045500+0000', '2015-11-02 21:37:01.824400+0000');
INSERT INTO "neap"."stream"(stream_id, channel_id, title, topic_id, topic, media_info, viewers, created_at, updated_at, ended_at)
    VALUES ('8cef35bc-68c1-4db4-812f-f35933f7b2bc', '753417a7-2720-4d05-919a-153fecd67798', 'Today is History day', '5f6c7ec0-84ab-4d8e-a2d7-ff1887b55d6e', 'History', '{"width":720,"height":400,"bitrate":690.32}', 186, '2015-09-27 21:48:31.279600+0000', '2015-09-28 03:47:02.534000+0000', '2015-09-28 04:18:44.021800+0000');
INSERT INTO "neap"."stream"(stream_id, channel_id, title, topic_id, topic, media_info, viewers, created_at, updated_at, ended_at)
    VALUES ('5ccdca3a-340f-4dfb-bb3b-b33efe7d0236', '753417a7-2720-4d05-919a-153fecd67798', 'Come on and have fun with Leandro!', '284b3091-455d-4476-ae67-442a19d153d4', 'Mathematics', '{"width":1920,"height":1080,"bitrate":3460.43}', 209, '2015-09-24 23:00:42.546600+0000', '2015-09-24 23:22:48.369200+0000', '2015-09-24 23:55:23.191900+0000');
INSERT INTO "neap"."user"(user_id, channel_id, type, username, email, password, display_name, logo, bio, created_at, updated_at)
    VALUES ('ecb30e43-a3e3-4481-9d9f-2815a26a3859', '651047c7-6fc5-420d-9e81-bffe97f168e6', 'user', 'joy', 'joy@neap.io', '$2y$10$r9Lni84pumODfmd3HI.0au.KZktpyPqZ9p4hLUCmeFSYhZ8sDkzFq', 'Joy', 'https://gravatar.com/avatar/b664d199aed3e86f84c2624c3dea1e07?s=128&d=identicon', null, '2015-10-23 01:17:16.366100+0000', '2015-11-01 06:28:29.893600+0000');
INSERT INTO "neap"."channel"(channel_id, user_id, chat_id, name, display_name, topic, language, views, followers)
    VALUES ('651047c7-6fc5-420d-9e81-bffe97f168e6', 'ecb30e43-a3e3-4481-9d9f-2815a26a3859', '6928d0d2-f171-4714-b2b5-a8ee2909dba0', 'joy', 'Joy Channel', 'Mathematics', 'en', 44584, 132);
INSERT INTO "neap"."chat"(chat_id, channel_id, name)
    VALUES ('6928d0d2-f171-4714-b2b5-a8ee2909dba0', '651047c7-6fc5-420d-9e81-bffe97f168e6', 'joy');
INSERT INTO "neap"."stream"(stream_id, channel_id, title, topic_id, topic, media_info, viewers, created_at, updated_at, ended_at)
    VALUES ('106bf9af-cf75-4895-9444-16024efd8482', '651047c7-6fc5-420d-9e81-bffe97f168e6', 'The origins of Biology', 'd4f06d27-2693-4552-bd85-d9875651ce39', 'Biology', '{"width":1280,"height":720,"bitrate":1353.21}', 562, '2015-10-31 03:28:23.993600+0000', '2015-10-31 03:43:06.740700+0000', '2015-10-31 03:58:19.527200+0000');
INSERT INTO "neap"."video"(video_id, stream_id, title, type, description, status, tags, topic_id, topic, media_info, preview, views, created_at, updated_at)
    VALUES ('c8a73051-8d3f-495c-bb3d-e2c53b4ac1fe', '106bf9af-cf75-4895-9444-16024efd8482', 'The origins of Biology', 'record', 'The origins of Biology', '', '[]', 'd4f06d27-2693-4552-bd85-d9875651ce39', 'Biology', '{"width":1280,"height":720,"bitrate":1038.75}', '', '24606', '2015-10-31 06:50:40.553100+0000', '2015-10-31 08:37:39.750000+0000');
INSERT INTO "neap"."stream"(stream_id, channel_id, title, topic_id, topic, media_info, viewers, created_at, updated_at, ended_at)
    VALUES ('4758912c-fe33-4357-8ed1-8dfecb244fe3', '651047c7-6fc5-420d-9e81-bffe97f168e6', 'Fun with Litterature and Joy', '994391cf-d41e-46f4-b6eb-ce53824e3a0c', 'Litterature', '{"width":1280,"height":720,"bitrate":1398.67}', 36152, '2015-10-23 09:56:07.008200+0000', '2015-10-23 13:49:57.512900+0000', '2015-10-23 14:41:00.274900+0000');
INSERT INTO "neap"."video"(video_id, stream_id, title, type, description, status, tags, topic_id, topic, media_info, preview, views, created_at, updated_at)
    VALUES ('16ccfbf9-edc1-4837-ad12-0f8bce354902', '4758912c-fe33-4357-8ed1-8dfecb244fe3', 'Fun with Litterature and Joy', 'record', 'Fun with Litterature and Joy', '', '[]', '994391cf-d41e-46f4-b6eb-ce53824e3a0c', 'Litterature', '{"width":1280,"height":720,"bitrate":1221.73}', '', '23241', '2015-10-28 15:59:44.747900+0000', '2015-10-30 09:42:33.314200+0000');
INSERT INTO "neap"."video"(video_id, stream_id, title, type, description, status, tags, topic_id, topic, media_info, preview, views, created_at, updated_at)
    VALUES ('71b954ac-b889-4fce-a5c7-15dc5b07cf38', '4758912c-fe33-4357-8ed1-8dfecb244fe3', 'Fun with Litterature and Joy', 'record', 'Fun with Litterature and Joy', '', '[]', '994391cf-d41e-46f4-b6eb-ce53824e3a0c', 'Litterature', '{"width":1280,"height":720,"bitrate":1299.76}', '', '26069', '2015-10-30 02:27:34.397300+0000', '2015-11-01 14:40:35.179800+0000');
INSERT INTO "neap"."stream"(stream_id, channel_id, title, topic_id, topic, media_info, viewers, created_at, updated_at, ended_at)
    VALUES ('e14982dc-a2e0-4834-a366-0d63f4bb8417', '651047c7-6fc5-420d-9e81-bffe97f168e6', 'The origins of Theology', 'd2ea25fc-eb67-4c63-86d0-58ba2ce51b56', 'Theology', '{"width":1280,"height":720,"bitrate":1466.37}', 1885, '2015-10-27 22:52:42.825500+0000', '2015-10-27 23:00:48.110700+0000', '2015-10-27 23:16:03.242400+0000');
INSERT INTO "neap"."stream"(stream_id, channel_id, title, topic_id, topic, media_info, viewers, created_at, updated_at, ended_at)
    VALUES ('7dcd8042-3285-4bb4-8651-93bef75291ab', '651047c7-6fc5-420d-9e81-bffe97f168e6', 'The origins of Music', 'b369c464-cdea-4356-9d70-1450585652e2', 'Music', '{"width":720,"height":400,"bitrate":501.27}', 45416, '2015-10-25 01:31:54.055600+0000', '2015-10-25 03:57:47.623700+0000', '2015-10-25 04:10:27.959100+0000');
INSERT INTO "neap"."stream"(stream_id, channel_id, title, topic_id, topic, media_info, viewers, created_at, updated_at, ended_at)
    VALUES ('542e393d-9b91-4568-b731-6b831fade24a', '651047c7-6fc5-420d-9e81-bffe97f168e6', 'Joy goes live!', 'e9af2f53-d2dd-4e32-9dea-26d6ac21bcb8', 'Astrology', '{"width":1920,"height":1080,"bitrate":3224.9}', 1183, '2015-10-28 08:13:13.649700+0000', '2015-10-28 12:15:17.277500+0000', '2015-10-28 13:31:15.357200+0000');
INSERT INTO "neap"."video"(video_id, stream_id, title, type, description, status, tags, topic_id, topic, media_info, preview, views, created_at, updated_at)
    VALUES ('31d6d813-ae1a-4485-b396-3b282b6f5253', '542e393d-9b91-4568-b731-6b831fade24a', 'Joy goes live!', 'record', 'Joy goes live!', '', '[]', 'e9af2f53-d2dd-4e32-9dea-26d6ac21bcb8', 'Astrology', '{"width":1920,"height":1080,"bitrate":1484.52}', '', '31694', '2015-10-31 04:34:21.282900+0000', '2015-11-05 02:42:46.643300+0000');
INSERT INTO "neap"."video"(video_id, stream_id, title, type, description, status, tags, topic_id, topic, media_info, preview, views, created_at, updated_at)
    VALUES ('6a4f086c-b313-4e73-b581-b96643f26176', '542e393d-9b91-4568-b731-6b831fade24a', 'Joy goes live!', 'record', 'Joy goes live!', '', '[]', 'e9af2f53-d2dd-4e32-9dea-26d6ac21bcb8', 'Astrology', '{"width":1920,"height":1080,"bitrate":1365.83}', '', '17092', '2015-10-29 00:51:22.146700+0000', '2015-10-30 04:19:14.402300+0000');
INSERT INTO "neap"."user"(user_id, channel_id, type, username, email, password, display_name, logo, bio, created_at, updated_at)
    VALUES ('ccd87830-14a1-4a64-a6d8-2cb5c3f5f301', 'e752e7a7-a458-454e-9d71-f2a31ca856e9', 'user', 'kristopher', 'kristopher@neap.io', '$2y$10$1C31m0bNaHewtnhC/Uj9RO84yPbpFtoIGYBYqIyZaycELYA9rTUkO', 'Kristopher', 'https://gravatar.com/avatar/ab2677d3ed069854264709bf727eb21a?s=128&d=identicon', null, '2015-09-25 15:31:14.294700+0000', '2015-10-12 20:48:50.254600+0000');
INSERT INTO "neap"."channel"(channel_id, user_id, chat_id, name, display_name, topic, language, views, followers)
    VALUES ('e752e7a7-a458-454e-9d71-f2a31ca856e9', 'ccd87830-14a1-4a64-a6d8-2cb5c3f5f301', '9b4f31f2-604c-42a9-bf8b-0bf6ea1b7808', 'kristopher', 'Kristopher Channel', 'Video games', 'en', 49900, 51);
INSERT INTO "neap"."chat"(chat_id, channel_id, name)
    VALUES ('9b4f31f2-604c-42a9-bf8b-0bf6ea1b7808', 'e752e7a7-a458-454e-9d71-f2a31ca856e9', 'kristopher');
INSERT INTO "neap"."stream"(stream_id, channel_id, title, topic_id, topic, media_info, viewers, created_at, updated_at, ended_at)
    VALUES ('38d5400f-e728-4fdb-8156-4a7ed294844f', 'e752e7a7-a458-454e-9d71-f2a31ca856e9', 'Fun with Video games and Kristopher', '48e535f7-dba1-4d59-aac3-4c6cced32d6c', 'Video games', '{"width":720,"height":400,"bitrate":543.37}', 454, '2015-10-25 13:48:56.846800+0000', '2015-10-25 19:44:15.008500+0000', '2015-10-25 19:53:38.556700+0000');
INSERT INTO "neap"."video"(video_id, stream_id, title, type, description, status, tags, topic_id, topic, media_info, preview, views, created_at, updated_at)
    VALUES ('4739b52c-7e37-4c85-83f6-09d22783d049', '38d5400f-e728-4fdb-8156-4a7ed294844f', 'Fun with Video games and Kristopher', 'record', 'Fun with Video games and Kristopher', '', '[]', '48e535f7-dba1-4d59-aac3-4c6cced32d6c', 'Video games', '{"width":720,"height":400,"bitrate":651.93}', '', '14483', '2015-10-29 17:40:56.045500+0000', '2015-10-31 03:14:42.794700+0000');
INSERT INTO "neap"."user"(user_id, channel_id, type, username, email, password, display_name, logo, bio, created_at, updated_at)
    VALUES ('73d56033-9983-4e31-ab94-6a14c9794802', '609989d3-0c85-458e-8af3-d6cfb4174298', 'user', 'mila', 'mila@neap.io', '$2y$10$st6Vc1.xxjXClbyo4ZOdPO44As8NDDz988rG7FDQXwxBBUvcTAJHG', 'Mila', 'https://gravatar.com/avatar/c8c03bd4f6a6c03c87117b745caf3db8?s=128&d=identicon', null, '2015-08-13 12:18:57.625900+0000', '2015-10-15 18:33:22.995300+0000');
INSERT INTO "neap"."channel"(channel_id, user_id, chat_id, name, display_name, topic, language, views, followers)
    VALUES ('609989d3-0c85-458e-8af3-d6cfb4174298', '73d56033-9983-4e31-ab94-6a14c9794802', '5b48a4bd-2d93-4000-a361-ab46e1656fef', 'mila', 'Mila Channel', 'Science', 'en', 79578, 129);
INSERT INTO "neap"."chat"(chat_id, channel_id, name)
    VALUES ('5b48a4bd-2d93-4000-a361-ab46e1656fef', '609989d3-0c85-458e-8af3-d6cfb4174298', 'mila');
INSERT INTO "neap"."stream"(stream_id, channel_id, title, topic_id, topic, media_info, viewers, created_at, updated_at, ended_at)
    VALUES ('3a5ab5c1-340f-4d1c-a9d2-2dede3686db4', '609989d3-0c85-458e-8af3-d6cfb4174298', 'The origins of Astrology', 'e9af2f53-d2dd-4e32-9dea-26d6ac21bcb8', 'Astrology', '{"width":1280,"height":720,"bitrate":1273.43}', 598, '2015-09-18 13:58:38.048500+0000', '2015-09-18 16:44:10.655100+0000', '2015-09-18 16:56:10.619800+0000');
INSERT INTO "neap"."video"(video_id, stream_id, title, type, description, status, tags, topic_id, topic, media_info, preview, views, created_at, updated_at)
    VALUES ('9093d72d-a046-4e06-aeb2-4dc06814f855', '3a5ab5c1-340f-4d1c-a9d2-2dede3686db4', 'The origins of Astrology', 'record', 'The origins of Astrology', '', '[]', 'e9af2f53-d2dd-4e32-9dea-26d6ac21bcb8', 'Astrology', '{"width":1280,"height":720,"bitrate":1133.84}', '', '29743', '2015-10-18 04:15:34.378900+0000', '2015-10-22 17:45:06.905100+0000');
INSERT INTO "neap"."video"(video_id, stream_id, title, type, description, status, tags, topic_id, topic, media_info, preview, views, created_at, updated_at)
    VALUES ('42f11777-37fd-4668-bd16-ac391ea6a5d3', '3a5ab5c1-340f-4d1c-a9d2-2dede3686db4', 'The origins of Astrology', 'record', 'The origins of Astrology', '', '[]', 'e9af2f53-d2dd-4e32-9dea-26d6ac21bcb8', 'Astrology', '{"width":1280,"height":720,"bitrate":1316.23}', '', '11068', '2015-09-25 05:47:56.696800+0000', '2015-09-27 02:02:38.188500+0000');
INSERT INTO "neap"."stream"(stream_id, channel_id, title, topic_id, topic, media_info, viewers, created_at, updated_at, ended_at)
    VALUES ('35e23f91-593b-4fff-b05d-294a1cc2cfce', '609989d3-0c85-458e-8af3-d6cfb4174298', 'Today is History day', '5f6c7ec0-84ab-4d8e-a2d7-ff1887b55d6e', 'History', '{"width":1280,"height":720,"bitrate":1407.02}', 439, '2015-09-06 15:40:48.641500+0000', '2015-09-06 18:31:43.930000+0000', '2015-09-06 18:52:06.323300+0000');
INSERT INTO "neap"."video"(video_id, stream_id, title, type, description, status, tags, topic_id, topic, media_info, preview, views, created_at, updated_at)
    VALUES ('6333f305-5b50-4b86-8416-2ca5dd646285', '35e23f91-593b-4fff-b05d-294a1cc2cfce', 'Today is History day', 'record', 'Today is History day', '', '[]', '5f6c7ec0-84ab-4d8e-a2d7-ff1887b55d6e', 'History', '{"width":1280,"height":720,"bitrate":760.12}', '', '39833', '2015-09-23 15:48:58.443700+0000', '2015-09-25 03:38:53.460100+0000');
INSERT INTO "neap"."video"(video_id, stream_id, title, type, description, status, tags, topic_id, topic, media_info, preview, views, created_at, updated_at)
    VALUES ('77da25ea-9375-41ba-aa15-afc8ead825b9', '35e23f91-593b-4fff-b05d-294a1cc2cfce', 'Today is History day', 'highlight', 'Today is History day', '', '[]', '5f6c7ec0-84ab-4d8e-a2d7-ff1887b55d6e', 'History', '{"width":1280,"height":720,"bitrate":1370.01}', '', '23490', '2015-10-31 08:38:59.197200+0000', '2015-10-31 11:50:52.775200+0000');
INSERT INTO "neap"."stream"(stream_id, channel_id, title, topic_id, topic, media_info, viewers, created_at, updated_at, ended_at)
    VALUES ('49e1b362-3198-4f76-9409-bfce449f144e', '609989d3-0c85-458e-8af3-d6cfb4174298', 'The origins of Astrology', 'e9af2f53-d2dd-4e32-9dea-26d6ac21bcb8', 'Astrology', '{"width":1280,"height":720,"bitrate":1063.49}', 1504, '2015-10-13 02:22:53.515100+0000', '2015-10-13 04:41:56.596600+0000', '2015-10-13 05:43:05.373300+0000');
INSERT INTO "neap"."video"(video_id, stream_id, title, type, description, status, tags, topic_id, topic, media_info, preview, views, created_at, updated_at)
    VALUES ('8e07bf69-2b97-4a8a-ae87-60bae2965603', '49e1b362-3198-4f76-9409-bfce449f144e', 'The origins of Astrology', 'record', 'The origins of Astrology', '', '[]', 'e9af2f53-d2dd-4e32-9dea-26d6ac21bcb8', 'Astrology', '{"width":1280,"height":720,"bitrate":845.3}', '', '8810', '2015-10-14 06:51:38.001500+0000', '2015-10-14 06:52:24.733000+0000');
INSERT INTO "neap"."stream"(stream_id, channel_id, title, topic_id, topic, media_info, viewers, created_at, updated_at, ended_at)
    VALUES ('7e178736-5d91-4331-a74d-0bfc7800e6aa', '609989d3-0c85-458e-8af3-d6cfb4174298', 'Today is Philosophy day', '35fa82dc-ed25-47fb-b6cd-58ae8a151f60', 'Philosophy', '{"width":1920,"height":1080,"bitrate":2140.28}', 1550, '2015-09-23 21:31:35.958600+0000', '2015-09-23 22:22:06.747900+0000', '2015-09-23 23:15:35.951200+0000');
INSERT INTO "neap"."video"(video_id, stream_id, title, type, description, status, tags, topic_id, topic, media_info, preview, views, created_at, updated_at)
    VALUES ('6b4011b1-3c73-4381-9b47-dd1a055c3df3', '7e178736-5d91-4331-a74d-0bfc7800e6aa', 'Today is Philosophy day', 'highlight', 'Today is Philosophy day', '', '[]', '35fa82dc-ed25-47fb-b6cd-58ae8a151f60', 'Philosophy', '{"width":1920,"height":1080,"bitrate":3163.89}', '', '33571', '2015-10-12 13:22:15.276300+0000', '2015-10-12 13:26:16.424500+0000');
INSERT INTO "neap"."stream"(stream_id, channel_id, title, topic_id, topic, media_info, viewers, created_at, updated_at, ended_at)
    VALUES ('7baa6952-b6c8-4168-ab69-22968970dd4b', '609989d3-0c85-458e-8af3-d6cfb4174298', 'Come on and have fun with Mila!', 'e496e832-363e-4228-b518-7fe126ccaa04', 'Photography', '{"width":1280,"height":720,"bitrate":1138.12}', 431, '2015-09-09 00:48:03.876900+0000', '2015-09-09 03:14:54.422300+0000', '2015-09-09 03:35:53.501900+0000');
INSERT INTO "neap"."stream"(stream_id, channel_id, title, topic_id, topic, media_info, viewers, created_at, updated_at, ended_at)
    VALUES ('f8a21ae8-b2a7-4628-8acd-693f9c144827', '609989d3-0c85-458e-8af3-d6cfb4174298', 'Mila goes live!', 'e496e832-363e-4228-b518-7fe126ccaa04', 'Photography', '{"width":720,"height":400,"bitrate":727.01}', 8971, '2015-09-02 22:43:45.527800+0000', '2015-09-03 00:39:24.148700+0000', '2015-09-03 01:14:14.862900+0000');
INSERT INTO "neap"."video"(video_id, stream_id, title, type, description, status, tags, topic_id, topic, media_info, preview, views, created_at, updated_at)
    VALUES ('1da9023b-274b-4fad-9955-f038754886a3', 'f8a21ae8-b2a7-4628-8acd-693f9c144827', 'Mila goes live!', 'record', 'Mila goes live!', '', '[]', 'e496e832-363e-4228-b518-7fe126ccaa04', 'Photography', '{"width":720,"height":400,"bitrate":505.85}', '', '22319', '2015-09-20 18:39:01.810200+0000', '2015-09-22 14:38:27.665900+0000');
INSERT INTO "neap"."stream"(stream_id, channel_id, title, topic_id, topic, media_info, viewers, created_at, updated_at, ended_at)
    VALUES ('f39ed37e-ed76-4de9-acc4-fc6695d8ddef', '609989d3-0c85-458e-8af3-d6cfb4174298', 'Relax stream', 'e496e832-363e-4228-b518-7fe126ccaa04', 'Photography', '{"width":1920,"height":1080,"bitrate":1845.1}', 1601, '2015-09-05 17:53:44.848400+0000', '2015-09-05 19:39:51.926400+0000', '2015-09-05 20:19:57.180100+0000');
INSERT INTO "neap"."user"(user_id, channel_id, type, username, email, password, display_name, logo, bio, created_at, updated_at)
    VALUES ('0b2834ae-050c-4cd9-bb04-4499a0b2b833', '6e07b0b5-7da6-4ac3-8ba3-302530925547', 'user', 'mckayla', 'mckayla@neap.io', '$2y$10$TKfBhgEqWAYAfOixDd1zy.5UDBIKZsy2nymPaJN7PVCWKtc/AZaN6', 'Mckayla', 'https://gravatar.com/avatar/3c6d06d56e0f9ee914c94f9b0de1b3d3?s=128&d=identicon', null, '2015-06-22 05:01:42.966300+0000', '2015-09-03 19:15:01.764600+0000');
INSERT INTO "neap"."channel"(channel_id, user_id, chat_id, name, display_name, topic, language, views, followers)
    VALUES ('6e07b0b5-7da6-4ac3-8ba3-302530925547', '0b2834ae-050c-4cd9-bb04-4499a0b2b833', '6713041f-ffae-45dd-8575-8ad341eb8055', 'mckayla', 'Mckayla Channel', 'Photography', 'en', 76148, 29);
INSERT INTO "neap"."chat"(chat_id, channel_id, name)
    VALUES ('6713041f-ffae-45dd-8575-8ad341eb8055', '6e07b0b5-7da6-4ac3-8ba3-302530925547', 'mckayla');
INSERT INTO "neap"."stream"(stream_id, channel_id, title, topic_id, topic, media_info, viewers, created_at, updated_at, ended_at)
    VALUES ('462fc136-25bc-4c35-9b9e-a3e34e8502eb', '6e07b0b5-7da6-4ac3-8ba3-302530925547', 'The origins of Music', 'b369c464-cdea-4356-9d70-1450585652e2', 'Music', '{"width":720,"height":400,"bitrate":685.61}', 632, '2015-10-24 17:03:52.267300+0000', '2015-10-24 17:07:23.528400+0000', '2015-10-24 17:09:53.085600+0000');
INSERT INTO "neap"."video"(video_id, stream_id, title, type, description, status, tags, topic_id, topic, media_info, preview, views, created_at, updated_at)
    VALUES ('8a88f740-7259-493d-b76e-4ab773d0bc7a', '462fc136-25bc-4c35-9b9e-a3e34e8502eb', 'The origins of Music', 'record', 'The origins of Music', '', '[]', 'b369c464-cdea-4356-9d70-1450585652e2', 'Music', '{"width":720,"height":400,"bitrate":586.92}', '', '9484', '2015-10-29 05:20:05.239700+0000', '2015-10-30 19:37:15.108800+0000');
INSERT INTO "neap"."video"(video_id, stream_id, title, type, description, status, tags, topic_id, topic, media_info, preview, views, created_at, updated_at)
    VALUES ('e7a08414-b80c-4211-95b7-589c2b96ade9', '462fc136-25bc-4c35-9b9e-a3e34e8502eb', 'The origins of Music', 'record', 'The origins of Music', '', '[]', 'b369c464-cdea-4356-9d70-1450585652e2', 'Music', '{"width":720,"height":400,"bitrate":726.28}', '', '627', '2015-10-31 23:51:05.556100+0000', '2015-11-01 17:31:37.546700+0000');
INSERT INTO "neap"."user"(user_id, channel_id, type, username, email, password, display_name, logo, bio, created_at, updated_at)
    VALUES ('5bf19ded-c81e-494c-8797-1bfb1f7f6b85', 'e6e6e2a5-a042-4555-ad9e-fc7a43c8f32a', 'user', 'alvin', 'alvin@neap.io', '$2y$10$QaYdAoVZ0UJj5Hyr.Aqj7OYdfGjs8MfUTNgwvZnYsfAvCla.rlski', 'Alvin', 'https://gravatar.com/avatar/9a0aac92a29e987e04747e9e4e7d3661?s=128&d=identicon', null, '2015-10-05 13:27:04.168700+0000', '2015-10-24 12:56:25.218600+0000');
INSERT INTO "neap"."channel"(channel_id, user_id, chat_id, name, display_name, topic, language, views, followers)
    VALUES ('e6e6e2a5-a042-4555-ad9e-fc7a43c8f32a', '5bf19ded-c81e-494c-8797-1bfb1f7f6b85', '751b8f1e-9233-419c-803e-a3a8f910ca44', 'alvin', 'Alvin Channel', 'Theology', 'en', 24422, 115);
INSERT INTO "neap"."chat"(chat_id, channel_id, name)
    VALUES ('751b8f1e-9233-419c-803e-a3a8f910ca44', 'e6e6e2a5-a042-4555-ad9e-fc7a43c8f32a', 'alvin');
INSERT INTO "neap"."stream"(stream_id, channel_id, title, topic_id, topic, media_info, viewers, created_at, updated_at, ended_at)
    VALUES ('2a69cdab-0f10-439f-b488-a10b81225147', 'e6e6e2a5-a042-4555-ad9e-fc7a43c8f32a', 'The origins of History', '5f6c7ec0-84ab-4d8e-a2d7-ff1887b55d6e', 'History', '{"width":1280,"height":720,"bitrate":1076.09}', 591, '2015-10-23 23:57:40.760400+0000', '2015-10-24 00:48:37.370300+0000', '2015-10-24 01:07:27.185100+0000');
INSERT INTO "neap"."video"(video_id, stream_id, title, type, description, status, tags, topic_id, topic, media_info, preview, views, created_at, updated_at)
    VALUES ('18bd3708-bdd1-47e9-908f-9f8cd60373da', '2a69cdab-0f10-439f-b488-a10b81225147', 'The origins of History', 'record', 'The origins of History', '', '[]', '5f6c7ec0-84ab-4d8e-a2d7-ff1887b55d6e', 'History', '{"width":1280,"height":720,"bitrate":1466.92}', '', '30297', '2015-11-01 20:04:16.390600+0000', '2015-11-03 11:26:41.190600+0000');
INSERT INTO "neap"."stream"(stream_id, channel_id, title, topic_id, topic, media_info, viewers, created_at, updated_at, ended_at)
    VALUES ('e9f6c768-afd2-406f-9f85-cac7f28bb9c8', 'e6e6e2a5-a042-4555-ad9e-fc7a43c8f32a', 'Come on and have fun with Alvin!', 'd2ea25fc-eb67-4c63-86d0-58ba2ce51b56', 'Theology', '{"width":720,"height":400,"bitrate":792.65}', 690, '2015-10-21 16:29:30.715400+0000', '2015-10-21 19:51:07.895200+0000', '2015-10-21 21:01:25.523100+0000');
INSERT INTO "neap"."stream"(stream_id, channel_id, title, topic_id, topic, media_info, viewers, created_at, updated_at, ended_at)
    VALUES ('2aab262d-33ee-43db-871a-9705da991f25', 'e6e6e2a5-a042-4555-ad9e-fc7a43c8f32a', 'Alvin goes live!', 'e9af2f53-d2dd-4e32-9dea-26d6ac21bcb8', 'Astrology', '{"width":720,"height":400,"bitrate":736.68}', 809, '2015-10-12 09:12:44.201500+0000', '2015-10-12 15:55:30.582900+0000', '2015-10-12 17:01:42.207100+0000');
INSERT INTO "neap"."stream"(stream_id, channel_id, title, topic_id, topic, media_info, viewers, created_at, updated_at, ended_at)
    VALUES ('93dfe76d-73d8-48ef-a65a-1e0f0154287a', 'e6e6e2a5-a042-4555-ad9e-fc7a43c8f32a', 'Today is Video games day', '48e535f7-dba1-4d59-aac3-4c6cced32d6c', 'Video games', '{"width":720,"height":400,"bitrate":560.51}', 1462, '2015-11-01 18:02:23.051400+0000', '2015-11-01 18:06:19.022900+0000', '2015-11-01 18:10:01.982500+0000');
INSERT INTO "neap"."stream"(stream_id, channel_id, title, topic_id, topic, media_info, viewers, created_at, updated_at, ended_at)
    VALUES ('674ee6d9-a65f-451d-80d1-3b89baf3566c', 'e6e6e2a5-a042-4555-ad9e-fc7a43c8f32a', 'Video games?? Yeah, Video games!', '48e535f7-dba1-4d59-aac3-4c6cced32d6c', 'Video games', '{"width":1280,"height":720,"bitrate":1107.14}', 428, '2015-10-18 02:52:31.276800+0000', '2015-10-18 03:38:19.218300+0000', '2015-10-18 03:42:23.969500+0000');
INSERT INTO "neap"."stream"(stream_id, channel_id, title, topic_id, topic, media_info, viewers, created_at, updated_at, ended_at)
    VALUES ('3e2747b4-c44a-4542-877a-4c9160a86bf2', 'e6e6e2a5-a042-4555-ad9e-fc7a43c8f32a', 'Alvin goes live!', 'd4f06d27-2693-4552-bd85-d9875651ce39', 'Biology', '{"width":720,"height":400,"bitrate":667.28}', 322, '2015-10-22 08:27:46.743600+0000', '2015-10-22 14:42:21.660400+0000', '2015-10-22 14:46:14.051900+0000');
INSERT INTO "neap"."video"(video_id, stream_id, title, type, description, status, tags, topic_id, topic, media_info, preview, views, created_at, updated_at)
    VALUES ('1601dc8b-2511-4596-b146-8247f5630197', '3e2747b4-c44a-4542-877a-4c9160a86bf2', 'Alvin goes live!', 'record', 'Alvin goes live!', '', '[]', 'd4f06d27-2693-4552-bd85-d9875651ce39', 'Biology', '{"width":720,"height":400,"bitrate":781.37}', '', '36987', '2015-10-24 08:11:20.597400+0000', '2015-10-26 17:29:21.843100+0000');
INSERT INTO "neap"."stream"(stream_id, channel_id, title, topic_id, topic, media_info, viewers, created_at, updated_at, ended_at)
    VALUES ('0303dc0b-e497-424d-b300-5c42c59dda14', 'e6e6e2a5-a042-4555-ad9e-fc7a43c8f32a', 'Relax stream', '5f6c7ec0-84ab-4d8e-a2d7-ff1887b55d6e', 'History', '{"width":1920,"height":1080,"bitrate":3087.81}', 1095, '2015-10-26 13:37:03.907900+0000', '2015-10-26 20:30:39.546900+0000', '2015-10-26 20:35:18.630700+0000');
INSERT INTO "neap"."user"(user_id, channel_id, type, username, email, password, display_name, logo, bio, created_at, updated_at)
    VALUES ('6f6ba65b-b7c6-4c92-ba97-ac5458daa84a', '8126dc8f-0a04-42ff-93b8-a23944b20211', 'user', 'kayden', 'kayden@neap.io', '$2y$10$QjmLeUwviKSo/rdn7.rlCuWlWVZc/ujPRz8A35beqa81jCHUtnjZm', 'Kayden', 'https://gravatar.com/avatar/bd4c83ee673e366f91e086a693a37298?s=128&d=identicon', null, '2015-06-26 09:44:59.639800+0000', '2015-07-12 10:29:42.560100+0000');
INSERT INTO "neap"."channel"(channel_id, user_id, chat_id, name, display_name, topic, language, views, followers)
    VALUES ('8126dc8f-0a04-42ff-93b8-a23944b20211', '6f6ba65b-b7c6-4c92-ba97-ac5458daa84a', '976c6078-432f-42a6-b473-80484f7c34b1', 'kayden', 'Kayden Channel', 'Biology', 'en', 13365, 111);
INSERT INTO "neap"."chat"(chat_id, channel_id, name)
    VALUES ('976c6078-432f-42a6-b473-80484f7c34b1', '8126dc8f-0a04-42ff-93b8-a23944b20211', 'kayden');
INSERT INTO "neap"."stream"(stream_id, channel_id, title, topic_id, topic, media_info, viewers, created_at, updated_at, ended_at)
    VALUES ('97e1f5ad-b43b-4e3c-8344-14fb6f57ae7b', '8126dc8f-0a04-42ff-93b8-a23944b20211', 'Relax stream', 'd4f06d27-2693-4552-bd85-d9875651ce39', 'Biology', '{"width":720,"height":400,"bitrate":525.78}', 59848, '2015-07-07 05:09:14.856800+0000', '2015-07-07 05:24:00.036100+0000', '2015-07-07 05:43:11.460300+0000');
INSERT INTO "neap"."stream"(stream_id, channel_id, title, topic_id, topic, media_info, viewers, created_at, updated_at, ended_at)
    VALUES ('d1b51745-4ed9-410f-a5ec-50ff9727f598', '8126dc8f-0a04-42ff-93b8-a23944b20211', 'The origins of Science', '1cae4612-f178-4a0e-b3af-343a88b99638', 'Science', '{"width":1280,"height":720,"bitrate":1094.24}', 703, '2015-08-21 02:41:59.266700+0000', '2015-08-21 08:05:44.513100+0000', '2015-08-21 08:30:49.175300+0000');
INSERT INTO "neap"."stream"(stream_id, channel_id, title, topic_id, topic, media_info, viewers, created_at, updated_at, ended_at)
    VALUES ('6efcb9e6-2c2e-40c3-bc4e-d7e53985cff0', '8126dc8f-0a04-42ff-93b8-a23944b20211', 'Kayden goes live!', '994391cf-d41e-46f4-b6eb-ce53824e3a0c', 'Litterature', '{"width":720,"height":400,"bitrate":683.73}', 616, '2015-10-30 01:34:26.029800+0000', '2015-10-30 02:25:01.312100+0000', '2015-10-30 02:26:10.970400+0000');
INSERT INTO "neap"."stream"(stream_id, channel_id, title, topic_id, topic, media_info, viewers, created_at, updated_at, ended_at)
    VALUES ('5e5a4d62-901a-4040-b3ab-ec0996f38225', '8126dc8f-0a04-42ff-93b8-a23944b20211', 'Relax stream', 'd4f06d27-2693-4552-bd85-d9875651ce39', 'Biology', '{"width":1920,"height":1080,"bitrate":2844.68}', 1369, '2015-07-13 01:08:24.767000+0000', '2015-07-13 02:52:49.344700+0000', '2015-07-13 03:23:41.637100+0000');
INSERT INTO "neap"."stream"(stream_id, channel_id, title, topic_id, topic, media_info, viewers, created_at, updated_at, ended_at)
    VALUES ('2607120d-8228-4e61-b398-eba3b399f0b0', '8126dc8f-0a04-42ff-93b8-a23944b20211', 'Philosophy?? Yeah, Philosophy!', '35fa82dc-ed25-47fb-b6cd-58ae8a151f60', 'Philosophy', '{"width":1280,"height":720,"bitrate":1439.58}', 514, '2015-11-01 14:38:56.467600+0000', '2015-11-01 20:17:19.689100+0000', '2015-11-01 20:56:51.835100+0000');
INSERT INTO "neap"."user"(user_id, channel_id, type, username, email, password, display_name, logo, bio, created_at, updated_at)
    VALUES ('9a358b9e-86f3-4469-bcb3-2fec0e366df3', '48a7fd30-c471-4864-8bec-9e9dd2c95f6d', 'user', 'rudy', 'rudy@neap.io', '$2y$10$qn3LNQEawKO23S/7RMo0LuH487FXeYkHjfq/4OEZRZx5EhztPfpzO', 'Rudy', 'https://gravatar.com/avatar/37b19ac6ff6affd0a0dcf5baf713e989?s=128&d=identicon', null, '2015-10-05 19:45:45.342100+0000', '2015-10-20 17:49:50.170800+0000');
INSERT INTO "neap"."channel"(channel_id, user_id, chat_id, name, display_name, topic, language, views, followers)
    VALUES ('48a7fd30-c471-4864-8bec-9e9dd2c95f6d', '9a358b9e-86f3-4469-bcb3-2fec0e366df3', 'be7a893b-415c-4a4e-a167-022d9e00afab', 'rudy', 'Rudy Channel', 'Music', 'en', 15929, 70);
INSERT INTO "neap"."chat"(chat_id, channel_id, name)
    VALUES ('be7a893b-415c-4a4e-a167-022d9e00afab', '48a7fd30-c471-4864-8bec-9e9dd2c95f6d', 'rudy');
INSERT INTO "neap"."stream"(stream_id, channel_id, title, topic_id, topic, media_info, viewers, created_at, updated_at, ended_at)
    VALUES ('d1cc50fe-c708-4a8c-98f0-7ff8f60b82ef', '48a7fd30-c471-4864-8bec-9e9dd2c95f6d', 'History?? Yeah, History!', '5f6c7ec0-84ab-4d8e-a2d7-ff1887b55d6e', 'History', '{"width":1280,"height":720,"bitrate":801.2}', 1389, '2015-10-11 07:06:25.585000+0000', '2015-10-11 11:21:35.316500+0000', '2015-10-11 12:24:48.400400+0000');
INSERT INTO "neap"."video"(video_id, stream_id, title, type, description, status, tags, topic_id, topic, media_info, preview, views, created_at, updated_at)
    VALUES ('5d100369-1058-4bb1-9c3c-2f8219c0a042', 'd1cc50fe-c708-4a8c-98f0-7ff8f60b82ef', 'History?? Yeah, History!', 'record', 'History?? Yeah, History!', '', '[]', '5f6c7ec0-84ab-4d8e-a2d7-ff1887b55d6e', 'History', '{"width":1280,"height":720,"bitrate":815.73}', '', '30305', '2015-10-18 09:11:33.593100+0000', '2015-10-18 21:14:47.818200+0000');
INSERT INTO "neap"."stream"(stream_id, channel_id, title, topic_id, topic, media_info, viewers, created_at, updated_at, ended_at)
    VALUES ('11d4f012-04b0-4131-9bfe-3b2e72a56218', '48a7fd30-c471-4864-8bec-9e9dd2c95f6d', 'Today is Mathematics day', '284b3091-455d-4476-ae67-442a19d153d4', 'Mathematics', '{"width":1920,"height":1080,"bitrate":1960.46}', 758, '2015-10-18 08:46:46.185100+0000', '2015-10-18 09:07:02.444400+0000', '2015-10-18 09:10:11.641600+0000');
INSERT INTO "neap"."stream"(stream_id, channel_id, title, topic_id, topic, media_info, viewers, created_at, updated_at, ended_at)
    VALUES ('7841acae-68a9-4fc8-925c-df6e42566935', '48a7fd30-c471-4864-8bec-9e9dd2c95f6d', 'Today is Philosophy day', '35fa82dc-ed25-47fb-b6cd-58ae8a151f60', 'Philosophy', '{"width":1280,"height":720,"bitrate":1146.9}', 961, '2015-10-19 22:32:30.452200+0000', '2015-10-19 23:54:21.095000+0000', '2015-10-20 00:15:49.418700+0000');
INSERT INTO "neap"."stream"(stream_id, channel_id, title, topic_id, topic, media_info, viewers, created_at, updated_at, ended_at)
    VALUES ('f9a6f9fd-ecc3-4eb7-b316-63638d3021d3', '48a7fd30-c471-4864-8bec-9e9dd2c95f6d', 'Come on and have fun with Rudy!', '994391cf-d41e-46f4-b6eb-ce53824e3a0c', 'Litterature', '{"width":720,"height":400,"bitrate":775.06}', 740, '2015-10-22 20:20:27.155700+0000', '2015-10-22 21:51:30.422600+0000', '2015-10-22 22:39:01.106300+0000');
INSERT INTO "neap"."video"(video_id, stream_id, title, type, description, status, tags, topic_id, topic, media_info, preview, views, created_at, updated_at)
    VALUES ('2825d54d-67e2-4bd1-bcba-5c77dcc30d62', 'f9a6f9fd-ecc3-4eb7-b316-63638d3021d3', 'Come on and have fun with Rudy!', 'highlight', 'Come on and have fun with Rudy!', '', '[]', '994391cf-d41e-46f4-b6eb-ce53824e3a0c', 'Litterature', '{"width":720,"height":400,"bitrate":685.95}', '', '14951', '2015-10-27 09:08:48.881200+0000', '2015-10-31 00:51:06.231300+0000');
INSERT INTO "neap"."stream"(stream_id, channel_id, title, topic_id, topic, media_info, viewers, created_at, updated_at, ended_at)
    VALUES ('6ddaa7a8-7e4d-4f42-89ef-297707dbc11f', '48a7fd30-c471-4864-8bec-9e9dd2c95f6d', 'Today is History day', '5f6c7ec0-84ab-4d8e-a2d7-ff1887b55d6e', 'History', '{"width":720,"height":400,"bitrate":609.78}', 1299, '2015-10-23 22:24:27.266600+0000', '2015-10-24 03:26:10.092400+0000', '2015-10-24 03:28:17.226700+0000');
INSERT INTO "neap"."video"(video_id, stream_id, title, type, description, status, tags, topic_id, topic, media_info, preview, views, created_at, updated_at)
    VALUES ('bd1eb6af-e624-4c4d-a06d-e909d0f7ebed', '6ddaa7a8-7e4d-4f42-89ef-297707dbc11f', 'Today is History day', 'highlight', 'Today is History day', '', '[]', '5f6c7ec0-84ab-4d8e-a2d7-ff1887b55d6e', 'History', '{"width":720,"height":400,"bitrate":529.06}', '', '8262', '2015-10-25 17:51:34.933400+0000', '2015-10-26 22:43:13.940400+0000');
INSERT INTO "neap"."stream"(stream_id, channel_id, title, topic_id, topic, media_info, viewers, created_at, updated_at, ended_at)
    VALUES ('107c7007-3a4d-4fd2-ac0f-e4a6701217fe', '48a7fd30-c471-4864-8bec-9e9dd2c95f6d', 'Today is Science day', '1cae4612-f178-4a0e-b3af-343a88b99638', 'Science', '{"width":1280,"height":720,"bitrate":1170.27}', 1149, '2015-10-09 11:31:47.946300+0000', '2015-10-09 16:55:22.493500+0000', '2015-10-09 17:12:07.339700+0000');
INSERT INTO "neap"."video"(video_id, stream_id, title, type, description, status, tags, topic_id, topic, media_info, preview, views, created_at, updated_at)
    VALUES ('6d6ce3d0-12ee-414d-a72c-2b3c6398fd4d', '107c7007-3a4d-4fd2-ac0f-e4a6701217fe', 'Today is Science day', 'record', 'Today is Science day', '', '[]', '1cae4612-f178-4a0e-b3af-343a88b99638', 'Science', '{"width":1280,"height":720,"bitrate":1450.62}', '', '24276', '2015-10-30 16:52:13.404000+0000', '2015-11-02 01:37:55.297600+0000');
INSERT INTO "neap"."video"(video_id, stream_id, title, type, description, status, tags, topic_id, topic, media_info, preview, views, created_at, updated_at)
    VALUES ('7f4cb2f3-ff6f-414f-8851-75ca08f6812a', '107c7007-3a4d-4fd2-ac0f-e4a6701217fe', 'Today is Science day', 'record', 'Today is Science day', '', '[]', '1cae4612-f178-4a0e-b3af-343a88b99638', 'Science', '{"width":1280,"height":720,"bitrate":1122.4}', '', '33415', '2015-10-15 23:36:58.216200+0000', '2015-10-17 05:15:59.249000+0000');
INSERT INTO "neap"."stream"(stream_id, channel_id, title, topic_id, topic, media_info, viewers, created_at, updated_at, ended_at)
    VALUES ('8ffcc5b4-b772-4c04-9dfe-f77f80f24934', '48a7fd30-c471-4864-8bec-9e9dd2c95f6d', 'Come on and have fun with Rudy!', 'b369c464-cdea-4356-9d70-1450585652e2', 'Music', '{"width":720,"height":400,"bitrate":772.54}', 1349, '2015-10-25 22:27:02.285200+0000', '2015-10-26 00:35:34.913000+0000', '2015-10-26 00:37:10.395200+0000');
INSERT INTO "neap"."video"(video_id, stream_id, title, type, description, status, tags, topic_id, topic, media_info, preview, views, created_at, updated_at)
    VALUES ('2a9a7d59-87c9-4102-8524-0c5194128982', '8ffcc5b4-b772-4c04-9dfe-f77f80f24934', 'Come on and have fun with Rudy!', 'highlight', 'Come on and have fun with Rudy!', '', '[]', 'b369c464-cdea-4356-9d70-1450585652e2', 'Music', '{"width":720,"height":400,"bitrate":699.66}', '', '34420', '2015-10-27 08:30:16.542500+0000', '2015-10-30 11:50:30.639900+0000');
INSERT INTO "neap"."stream"(stream_id, channel_id, title, topic_id, topic, media_info, viewers, created_at, updated_at, ended_at)
    VALUES ('037c6319-62fa-4084-88d0-325826c28eb4', '48a7fd30-c471-4864-8bec-9e9dd2c95f6d', 'Relax stream', 'd4f06d27-2693-4552-bd85-d9875651ce39', 'Biology', '{"width":1920,"height":1080,"bitrate":3003.11}', 1710, '2015-10-30 21:19:34.749700+0000', '2015-10-31 01:44:27.882900+0000', '2015-10-31 01:57:42.291700+0000');
INSERT INTO "neap"."video"(video_id, stream_id, title, type, description, status, tags, topic_id, topic, media_info, preview, views, created_at, updated_at)
    VALUES ('c1e9a4d6-5831-4b12-9874-afdb223a00cd', '037c6319-62fa-4084-88d0-325826c28eb4', 'Relax stream', 'record', 'Relax stream', '', '[]', 'd4f06d27-2693-4552-bd85-d9875651ce39', 'Biology', '{"width":1920,"height":1080,"bitrate":1591.93}', '', '26666', '2015-10-31 23:28:10.677800+0000', '2015-11-04 09:26:57.853500+0000');
INSERT INTO "neap"."stream"(stream_id, channel_id, title, topic_id, topic, media_info, viewers, created_at, updated_at, ended_at)
    VALUES ('802cf84d-e303-413b-8580-850bd352f173', '48a7fd30-c471-4864-8bec-9e9dd2c95f6d', 'Fun with History and Rudy', '5f6c7ec0-84ab-4d8e-a2d7-ff1887b55d6e', 'History', '{"width":1280,"height":720,"bitrate":936.08}', 724, '2015-10-11 08:55:49.368000+0000', '2015-10-11 10:14:48.694400+0000', '2015-10-11 10:29:59.925500+0000');
INSERT INTO "neap"."video"(video_id, stream_id, title, type, description, status, tags, topic_id, topic, media_info, preview, views, created_at, updated_at)
    VALUES ('378d4529-9b1f-4249-9268-c27ccee56a87', '802cf84d-e303-413b-8580-850bd352f173', 'Fun with History and Rudy', 'record', 'Fun with History and Rudy', '', '[]', '5f6c7ec0-84ab-4d8e-a2d7-ff1887b55d6e', 'History', '{"width":1280,"height":720,"bitrate":763.69}', '', '13607', '2015-10-24 20:03:14.657400+0000', '2015-10-26 03:11:13.945800+0000');
INSERT INTO "neap"."video"(video_id, stream_id, title, type, description, status, tags, topic_id, topic, media_info, preview, views, created_at, updated_at)
    VALUES ('0ca26804-6a9a-43cd-b372-e95e6b837460', '802cf84d-e303-413b-8580-850bd352f173', 'Fun with History and Rudy', 'record', 'Fun with History and Rudy', '', '[]', '5f6c7ec0-84ab-4d8e-a2d7-ff1887b55d6e', 'History', '{"width":1280,"height":720,"bitrate":961.18}', '', '31878', '2015-10-22 15:01:27.422700+0000', '2015-10-26 02:26:32.932800+0000');
INSERT INTO "neap"."user"(user_id, channel_id, type, username, email, password, display_name, logo, bio, created_at, updated_at)
    VALUES ('1d97f918-5085-4495-949a-6d5e67b53e44', '369f7a26-a88f-4a55-b5aa-de3696e281ab', 'user', 'amaya', 'amaya@neap.io', '$2y$10$PIH3qbbQFEDhvlXlkJ5Zn.Oi0WqaffKzZ5DgxQC4H36q6dKmAw2Vm', 'Amaya', 'https://gravatar.com/avatar/54588511222541148643c2d459dc2f61?s=128&d=identicon', null, '2015-07-09 14:39:15.481500+0000', '2015-08-29 21:38:37.739600+0000');
INSERT INTO "neap"."channel"(channel_id, user_id, chat_id, name, display_name, topic, language, views, followers)
    VALUES ('369f7a26-a88f-4a55-b5aa-de3696e281ab', '1d97f918-5085-4495-949a-6d5e67b53e44', 'f81dde28-9a5c-438e-adca-d2be0d7da71e', 'amaya', 'Amaya Channel', 'Music', 'en', 99213, 9);
INSERT INTO "neap"."chat"(chat_id, channel_id, name)
    VALUES ('f81dde28-9a5c-438e-adca-d2be0d7da71e', '369f7a26-a88f-4a55-b5aa-de3696e281ab', 'amaya');
INSERT INTO "neap"."stream"(stream_id, channel_id, title, topic_id, topic, media_info, viewers, created_at, updated_at, ended_at)
    VALUES ('87becab4-7abe-4f89-bfbf-3cda57a3485a', '369f7a26-a88f-4a55-b5aa-de3696e281ab', 'Amaya goes live!', 'b369c464-cdea-4356-9d70-1450585652e2', 'Music', '{"width":1920,"height":1080,"bitrate":2416.19}', 5231, '2015-10-13 15:37:46.779100+0000', '2015-10-13 15:43:30.968400+0000', '2015-10-13 15:45:44.511200+0000');
INSERT INTO "neap"."video"(video_id, stream_id, title, type, description, status, tags, topic_id, topic, media_info, preview, views, created_at, updated_at)
    VALUES ('ab14192e-979a-46c2-a17a-899219818882', '87becab4-7abe-4f89-bfbf-3cda57a3485a', 'Amaya goes live!', 'record', 'Amaya goes live!', '', '[]', 'b369c464-cdea-4356-9d70-1450585652e2', 'Music', '{"width":1920,"height":1080,"bitrate":2214.89}', '', '7050', '2015-10-21 03:58:55.315200+0000', '2015-10-27 00:30:36.999400+0000');
INSERT INTO "neap"."stream"(stream_id, channel_id, title, topic_id, topic, media_info, viewers, created_at, updated_at, ended_at)
    VALUES ('0e5c53c7-cf72-4709-8239-c6e06032bca2', '369f7a26-a88f-4a55-b5aa-de3696e281ab', 'Fun with Astrology and Amaya', 'e9af2f53-d2dd-4e32-9dea-26d6ac21bcb8', 'Astrology', '{"width":1280,"height":720,"bitrate":893.62}', 1713, '2015-07-27 11:58:49.730900+0000', '2015-07-27 16:02:42.567800+0000', '2015-07-27 16:13:01.898800+0000');
INSERT INTO "neap"."video"(video_id, stream_id, title, type, description, status, tags, topic_id, topic, media_info, preview, views, created_at, updated_at)
    VALUES ('3aa3ae04-d283-4986-a6d3-45d789aaf9cd', '0e5c53c7-cf72-4709-8239-c6e06032bca2', 'Fun with Astrology and Amaya', 'record', 'Fun with Astrology and Amaya', '', '[]', 'e9af2f53-d2dd-4e32-9dea-26d6ac21bcb8', 'Astrology', '{"width":1280,"height":720,"bitrate":860.77}', '', '39320', '2015-10-24 15:20:00.184300+0000', '2015-10-24 18:58:58.060000+0000');
INSERT INTO "neap"."user"(user_id, channel_id, type, username, email, password, display_name, logo, bio, created_at, updated_at)
    VALUES ('15f4e3b6-569d-4d03-83d7-be4fe767b718', '9515eabf-93e8-4013-b623-e251fa147c9d', 'user', 'jeffrey', 'jeffrey@neap.io', '$2y$10$8d.eou9CZkordXUEyA94L.XIsSVean7Vu/lI9di.mv8qhkrkesAKK', 'Jeffrey', 'https://gravatar.com/avatar/dac5ce334e75bd582f7342dad9e5d25f?s=128&d=identicon', null, '2015-07-09 02:12:22.597600+0000', '2015-09-14 01:23:04.409700+0000');
INSERT INTO "neap"."channel"(channel_id, user_id, chat_id, name, display_name, topic, language, views, followers)
    VALUES ('9515eabf-93e8-4013-b623-e251fa147c9d', '15f4e3b6-569d-4d03-83d7-be4fe767b718', 'b46303cf-ec9c-48c5-a77b-b3dec31517da', 'jeffrey', 'Jeffrey Channel', 'Science', 'en', 8259, 3);
INSERT INTO "neap"."chat"(chat_id, channel_id, name)
    VALUES ('b46303cf-ec9c-48c5-a77b-b3dec31517da', '9515eabf-93e8-4013-b623-e251fa147c9d', 'jeffrey');
INSERT INTO "neap"."stream"(stream_id, channel_id, title, topic_id, topic, media_info, viewers, created_at, updated_at, ended_at)
    VALUES ('d7321e91-b913-4460-b0c7-fe05b6658ed4', '9515eabf-93e8-4013-b623-e251fa147c9d', 'Relax stream', '994391cf-d41e-46f4-b6eb-ce53824e3a0c', 'Litterature', '{"width":1920,"height":1080,"bitrate":2102.67}', 406, '2015-07-18 19:03:49.426700+0000', '2015-07-19 01:11:44.316600+0000', '2015-07-19 01:50:48.928300+0000');
INSERT INTO "neap"."video"(video_id, stream_id, title, type, description, status, tags, topic_id, topic, media_info, preview, views, created_at, updated_at)
    VALUES ('47599be7-fb83-40ee-bd12-f899860f5f99', 'd7321e91-b913-4460-b0c7-fe05b6658ed4', 'Relax stream', 'record', 'Relax stream', '', '[]', '994391cf-d41e-46f4-b6eb-ce53824e3a0c', 'Litterature', '{"width":1920,"height":1080,"bitrate":1699.49}', '', '14069', '2015-07-26 04:45:23.824800+0000', '2015-07-26 08:22:40.996600+0000');
INSERT INTO "neap"."video"(video_id, stream_id, title, type, description, status, tags, topic_id, topic, media_info, preview, views, created_at, updated_at)
    VALUES ('6c3e02ea-82a1-46fa-b2b8-39872c6e1166', 'd7321e91-b913-4460-b0c7-fe05b6658ed4', 'Relax stream', 'record', 'Relax stream', '', '[]', '994391cf-d41e-46f4-b6eb-ce53824e3a0c', 'Litterature', '{"width":1920,"height":1080,"bitrate":1370.09}', '', '33141', '2015-09-24 00:57:02.573700+0000', '2015-09-25 03:20:38.606400+0000');
INSERT INTO "neap"."stream"(stream_id, channel_id, title, topic_id, topic, media_info, viewers, created_at, updated_at, ended_at)
    VALUES ('12f4015e-28bf-4ed4-9c74-aff35573ff7c', '9515eabf-93e8-4013-b623-e251fa147c9d', 'The origins of Biology', 'd4f06d27-2693-4552-bd85-d9875651ce39', 'Biology', '{"width":1920,"height":1080,"bitrate":1737.1}', 55699, '2015-10-11 10:04:28.314400+0000', '2015-10-11 10:08:57.529600+0000', '2015-10-11 11:09:12.572400+0000');
INSERT INTO "neap"."stream"(stream_id, channel_id, title, topic_id, topic, media_info, viewers, created_at, updated_at, ended_at)
    VALUES ('32062152-9123-433e-ae7b-a4563875c3c0', '9515eabf-93e8-4013-b623-e251fa147c9d', 'Jeffrey goes live!', '48e535f7-dba1-4d59-aac3-4c6cced32d6c', 'Video games', '{"width":720,"height":400,"bitrate":651.35}', 1938, '2015-08-15 19:18:30.952500+0000', '2015-08-15 19:21:47.481900+0000', '2015-08-15 19:39:49.191800+0000');
INSERT INTO "neap"."video"(video_id, stream_id, title, type, description, status, tags, topic_id, topic, media_info, preview, views, created_at, updated_at)
    VALUES ('16704584-204c-491d-b22a-3bdbba83d59a', '32062152-9123-433e-ae7b-a4563875c3c0', 'Jeffrey goes live!', 'record', 'Jeffrey goes live!', '', '[]', '48e535f7-dba1-4d59-aac3-4c6cced32d6c', 'Video games', '{"width":720,"height":400,"bitrate":582.96}', '', '2453', '2015-08-19 06:46:16.245300+0000', '2015-08-21 07:29:31.235700+0000');
INSERT INTO "neap"."video"(video_id, stream_id, title, type, description, status, tags, topic_id, topic, media_info, preview, views, created_at, updated_at)
    VALUES ('6d94be22-fc00-48ba-bc76-41778cd1bf25', '32062152-9123-433e-ae7b-a4563875c3c0', 'Jeffrey goes live!', 'record', 'Jeffrey goes live!', '', '[]', '48e535f7-dba1-4d59-aac3-4c6cced32d6c', 'Video games', '{"width":720,"height":400,"bitrate":718.52}', '', '1841', '2015-08-17 16:56:03.668000+0000', '2015-08-19 09:31:07.822400+0000');
INSERT INTO "neap"."user"(user_id, channel_id, type, username, email, password, display_name, logo, bio, created_at, updated_at)
    VALUES ('33cae462-2b0e-4b8b-8515-cf5f17c2eb8e', '4472ea97-439c-4c99-a4e9-41c4014a54b9', 'user', 'thomas', 'thomas@neap.io', '$2y$10$/k5z7vj6D/oZHcMtOeJfe.2tl7BtwN32PszC6guiUR8.HeVnzjHem', 'Thomas', 'https://gravatar.com/avatar/90ec7881a282ef7e563d42730e72b875?s=128&d=identicon', null, '2015-05-21 13:53:41.815600+0000', '2015-10-15 09:49:42.435500+0000');
INSERT INTO "neap"."channel"(channel_id, user_id, chat_id, name, display_name, topic, language, views, followers)
    VALUES ('4472ea97-439c-4c99-a4e9-41c4014a54b9', '33cae462-2b0e-4b8b-8515-cf5f17c2eb8e', '9baba415-b9e2-46c9-81b3-5d00b117f008', 'thomas', 'Thomas Channel', 'Video games', 'en', 53073, 53);
INSERT INTO "neap"."chat"(chat_id, channel_id, name)
    VALUES ('9baba415-b9e2-46c9-81b3-5d00b117f008', '4472ea97-439c-4c99-a4e9-41c4014a54b9', 'thomas');
INSERT INTO "neap"."stream"(stream_id, channel_id, title, topic_id, topic, media_info, viewers, created_at, updated_at, ended_at)
    VALUES ('7bac9293-a905-4add-8cdb-38089727363d', '4472ea97-439c-4c99-a4e9-41c4014a54b9', 'Theology?? Yeah, Theology!', 'd2ea25fc-eb67-4c63-86d0-58ba2ce51b56', 'Theology', '{"width":1920,"height":1080,"bitrate":1173.26}', 1849, '2015-07-14 00:48:58.764600+0000', '2015-07-14 01:09:40.156000+0000', '2015-07-14 01:52:33.554100+0000');
INSERT INTO "neap"."stream"(stream_id, channel_id, title, topic_id, topic, media_info, viewers, created_at, updated_at, ended_at)
    VALUES ('9795b2a3-52b0-4616-b9cf-7a45d8b483fd', '4472ea97-439c-4c99-a4e9-41c4014a54b9', 'Come on and have fun with Thomas!', 'e496e832-363e-4228-b518-7fe126ccaa04', 'Photography', '{"width":1280,"height":720,"bitrate":935.29}', 551, '2015-06-16 06:47:59.266300+0000', '2015-06-16 09:25:05.185500+0000', '2015-06-16 09:26:59.612000+0000');
INSERT INTO "neap"."user"(user_id, channel_id, type, username, email, password, display_name, logo, bio, created_at, updated_at)
    VALUES ('7a30fac7-e839-4f2a-9af4-9c8ad9ccb08d', '4a937223-8d82-463e-8ba0-c8c7177f4493', 'user', 'khalid', 'khalid@neap.io', '$2y$10$20.Hj2rOT5gR1nwlHG3ZbOswe8eunq9YpTnulDeEEBol0DKDBqwZC', 'Khalid', 'https://gravatar.com/avatar/900fb08fc2f9053a38797234e1adb3a2?s=128&d=identicon', null, '2015-09-10 21:26:21.208800+0000', '2015-10-11 10:45:35.622600+0000');
INSERT INTO "neap"."channel"(channel_id, user_id, chat_id, name, display_name, topic, language, views, followers)
    VALUES ('4a937223-8d82-463e-8ba0-c8c7177f4493', '7a30fac7-e839-4f2a-9af4-9c8ad9ccb08d', '6f70d923-2d1c-4199-8fa8-6079a562d73b', 'khalid', 'Khalid Channel', 'Science', 'en', 94790, 139);
INSERT INTO "neap"."chat"(chat_id, channel_id, name)
    VALUES ('6f70d923-2d1c-4199-8fa8-6079a562d73b', '4a937223-8d82-463e-8ba0-c8c7177f4493', 'khalid');
INSERT INTO "neap"."stream"(stream_id, channel_id, title, topic_id, topic, media_info, viewers, created_at, updated_at, ended_at)
    VALUES ('008c3d74-8b75-4e03-ae51-7aea63ba33ac', '4a937223-8d82-463e-8ba0-c8c7177f4493', 'History?? Yeah, History!', '5f6c7ec0-84ab-4d8e-a2d7-ff1887b55d6e', 'History', '{"width":1920,"height":1080,"bitrate":3056.94}', 1800, '2015-10-19 07:51:57.695600+0000', '2015-10-19 08:40:42.417900+0000', '2015-10-19 08:43:16.851600+0000');
INSERT INTO "neap"."video"(video_id, stream_id, title, type, description, status, tags, topic_id, topic, media_info, preview, views, created_at, updated_at)
    VALUES ('ade87275-1f1f-454c-87dd-ed123fe29877', '008c3d74-8b75-4e03-ae51-7aea63ba33ac', 'History?? Yeah, History!', 'highlight', 'History?? Yeah, History!', '', '[]', '5f6c7ec0-84ab-4d8e-a2d7-ff1887b55d6e', 'History', '{"width":1920,"height":1080,"bitrate":1697.84}', '', '36768', '2015-10-26 20:26:11.355700+0000', '2015-10-27 04:33:29.815200+0000');
INSERT INTO "neap"."video"(video_id, stream_id, title, type, description, status, tags, topic_id, topic, media_info, preview, views, created_at, updated_at)
    VALUES ('715fb30b-82f8-44bd-b4e8-14ee73007e47', '008c3d74-8b75-4e03-ae51-7aea63ba33ac', 'History?? Yeah, History!', 'record', 'History?? Yeah, History!', '', '[]', '5f6c7ec0-84ab-4d8e-a2d7-ff1887b55d6e', 'History', '{"width":1920,"height":1080,"bitrate":1434.84}', '', '1162', '2015-10-28 03:02:47.042900+0000', '2015-10-30 11:38:44.233100+0000');
INSERT INTO "neap"."stream"(stream_id, channel_id, title, topic_id, topic, media_info, viewers, created_at, updated_at, ended_at)
    VALUES ('fa47ce8f-46a5-4b4e-a108-3a234af3ff43', '4a937223-8d82-463e-8ba0-c8c7177f4493', 'The origins of Mathematics', '284b3091-455d-4476-ae67-442a19d153d4', 'Mathematics', '{"width":720,"height":400,"bitrate":526.25}', 1382, '2015-10-14 03:22:17.562900+0000', '2015-10-14 03:28:15.384600+0000', '2015-10-14 04:15:17.387500+0000');
INSERT INTO "neap"."video"(video_id, stream_id, title, type, description, status, tags, topic_id, topic, media_info, preview, views, created_at, updated_at)
    VALUES ('6147f0a8-a63c-46a3-b33c-12b792ffcc37', 'fa47ce8f-46a5-4b4e-a108-3a234af3ff43', 'The origins of Mathematics', 'record', 'The origins of Mathematics', '', '[]', '284b3091-455d-4476-ae67-442a19d153d4', 'Mathematics', '{"width":720,"height":400,"bitrate":570.97}', '', '35053', '2015-10-31 06:41:17.652600+0000', '2015-11-02 01:04:42.575500+0000');
INSERT INTO "neap"."video"(video_id, stream_id, title, type, description, status, tags, topic_id, topic, media_info, preview, views, created_at, updated_at)
    VALUES ('0a0aee61-a601-4301-8261-68a7db487d5d', 'fa47ce8f-46a5-4b4e-a108-3a234af3ff43', 'The origins of Mathematics', 'record', 'The origins of Mathematics', '', '[]', '284b3091-455d-4476-ae67-442a19d153d4', 'Mathematics', '{"width":720,"height":400,"bitrate":542.4}', '', '11350', '2015-10-23 02:15:20.686700+0000', '2015-10-23 02:46:09.723500+0000');
INSERT INTO "neap"."stream"(stream_id, channel_id, title, topic_id, topic, media_info, viewers, created_at, updated_at, ended_at)
    VALUES ('cd18e122-1608-41eb-b715-16ab31f5a614', '4a937223-8d82-463e-8ba0-c8c7177f4493', 'Fun with Science and Khalid', '1cae4612-f178-4a0e-b3af-343a88b99638', 'Science', '{"width":1280,"height":720,"bitrate":1352.51}', 93016, '2015-11-01 14:31:49.414700+0000', '2015-11-01 19:45:10.499000+0000', '2015-11-01 20:17:36.525600+0000');
INSERT INTO "neap"."video"(video_id, stream_id, title, type, description, status, tags, topic_id, topic, media_info, preview, views, created_at, updated_at)
    VALUES ('e251c45f-0589-4fa2-a776-2f7675694d8d', 'cd18e122-1608-41eb-b715-16ab31f5a614', 'Fun with Science and Khalid', 'record', 'Fun with Science and Khalid', '', '[]', '1cae4612-f178-4a0e-b3af-343a88b99638', 'Science', '{"width":1280,"height":720,"bitrate":1047.8}', '', '34419', '2015-11-01 18:08:53.053400+0000', '2015-11-03 23:44:21.789700+0000');
INSERT INTO "neap"."video"(video_id, stream_id, title, type, description, status, tags, topic_id, topic, media_info, preview, views, created_at, updated_at)
    VALUES ('c22a236f-61aa-4936-9359-c3a1ecef301b', 'cd18e122-1608-41eb-b715-16ab31f5a614', 'Fun with Science and Khalid', 'record', 'Fun with Science and Khalid', '', '[]', '1cae4612-f178-4a0e-b3af-343a88b99638', 'Science', '{"width":1280,"height":720,"bitrate":798.03}', '', '6662', '2015-11-01 21:00:59.897500+0000', '2015-11-02 22:15:06.981600+0000');
INSERT INTO "neap"."stream"(stream_id, channel_id, title, topic_id, topic, media_info, viewers, created_at, updated_at, ended_at)
    VALUES ('73d4c0dd-c197-4d63-95c5-3995620f0787', '4a937223-8d82-463e-8ba0-c8c7177f4493', 'Khalid goes live!', '1cae4612-f178-4a0e-b3af-343a88b99638', 'Science', '{"width":720,"height":400,"bitrate":713.18}', 1239, '2015-10-25 04:38:55.091400+0000', '2015-10-25 04:45:24.584300+0000', '2015-10-25 05:36:41.574500+0000');
INSERT INTO "neap"."stream"(stream_id, channel_id, title, topic_id, topic, media_info, viewers, created_at, updated_at, ended_at)
    VALUES ('4c8408c8-b2c6-4281-be2a-f135ad242d85', '4a937223-8d82-463e-8ba0-c8c7177f4493', 'Come on and have fun with Khalid!', '48e535f7-dba1-4d59-aac3-4c6cced32d6c', 'Video games', '{"width":720,"height":400,"bitrate":631.38}', 135, '2015-09-25 03:02:10.218100+0000', '2015-09-25 05:51:35.869600+0000', '2015-09-25 06:07:13.086600+0000');
INSERT INTO "neap"."video"(video_id, stream_id, title, type, description, status, tags, topic_id, topic, media_info, preview, views, created_at, updated_at)
    VALUES ('fb1673f2-3215-441f-bb0e-57a0fe4de380', '4c8408c8-b2c6-4281-be2a-f135ad242d85', 'Come on and have fun with Khalid!', 'record', 'Come on and have fun with Khalid!', '', '[]', '48e535f7-dba1-4d59-aac3-4c6cced32d6c', 'Video games', '{"width":720,"height":400,"bitrate":667.58}', '', '32044', '2015-10-12 08:33:27.340900+0000', '2015-10-13 04:47:59.235500+0000');
INSERT INTO "neap"."stream"(stream_id, channel_id, title, topic_id, topic, media_info, viewers, created_at, updated_at, ended_at)
    VALUES ('c5ba6bcb-b5cb-4aae-8cde-b144d0a4c9c2', '4a937223-8d82-463e-8ba0-c8c7177f4493', 'Fun with Science and Khalid', '1cae4612-f178-4a0e-b3af-343a88b99638', 'Science', '{"width":1280,"height":720,"bitrate":937.14}', 200, '2015-09-24 17:16:38.249700+0000', '2015-09-24 18:00:07.951800+0000', '2015-09-24 18:14:41.860600+0000');
INSERT INTO "neap"."video"(video_id, stream_id, title, type, description, status, tags, topic_id, topic, media_info, preview, views, created_at, updated_at)
    VALUES ('f2ffe10d-8822-4e2d-a460-2441f3610806', 'c5ba6bcb-b5cb-4aae-8cde-b144d0a4c9c2', 'Fun with Science and Khalid', 'record', 'Fun with Science and Khalid', '', '[]', '1cae4612-f178-4a0e-b3af-343a88b99638', 'Science', '{"width":1280,"height":720,"bitrate":1279.15}', '', '37446', '2015-10-22 08:55:03.553900+0000', '2015-10-23 18:00:50.702000+0000');
INSERT INTO "neap"."video"(video_id, stream_id, title, type, description, status, tags, topic_id, topic, media_info, preview, views, created_at, updated_at)
    VALUES ('62000306-210e-40b5-a047-bc0c2f74443d', 'c5ba6bcb-b5cb-4aae-8cde-b144d0a4c9c2', 'Fun with Science and Khalid', 'record', 'Fun with Science and Khalid', '', '[]', '1cae4612-f178-4a0e-b3af-343a88b99638', 'Science', '{"width":1280,"height":720,"bitrate":1048.29}', '', '28752', '2015-09-25 23:18:34.871500+0000', '2015-09-26 12:52:36.146500+0000');
INSERT INTO "neap"."user"(user_id, channel_id, type, username, email, password, display_name, logo, bio, created_at, updated_at)
    VALUES ('5091f47a-0f44-458b-bbc1-a1a326d59d4a', 'fe07dd11-184d-4abf-a037-e670dd9c7370', 'user', 'sasha', 'sasha@neap.io', '$2y$10$7tTgB9zHMKRyR8kokN9Qk.Wzx9mW23DwOX6qKXR2dTn5cubjP6Cf6', 'Sasha', 'https://gravatar.com/avatar/13cc57f2e292b6817001b3730ce9d291?s=128&d=identicon', null, '2015-08-21 16:22:58.513000+0000', '2015-10-07 08:13:52.560700+0000');
INSERT INTO "neap"."channel"(channel_id, user_id, chat_id, name, display_name, topic, language, views, followers)
    VALUES ('fe07dd11-184d-4abf-a037-e670dd9c7370', '5091f47a-0f44-458b-bbc1-a1a326d59d4a', '0be503d8-4e9f-4e1b-ab68-b95b7210bf59', 'sasha', 'Sasha Channel', 'Astrology', 'en', 77487, 9);
INSERT INTO "neap"."chat"(chat_id, channel_id, name)
    VALUES ('0be503d8-4e9f-4e1b-ab68-b95b7210bf59', 'fe07dd11-184d-4abf-a037-e670dd9c7370', 'sasha');
INSERT INTO "neap"."stream"(stream_id, channel_id, title, topic_id, topic, media_info, viewers, created_at, updated_at, ended_at)
    VALUES ('943b710c-47db-4210-94dd-1e6ddf523ed8', 'fe07dd11-184d-4abf-a037-e670dd9c7370', 'Today is Litterature day', '994391cf-d41e-46f4-b6eb-ce53824e3a0c', 'Litterature', '{"width":1920,"height":1080,"bitrate":2760.92}', 1975, '2015-09-11 14:36:35.883400+0000', '2015-09-11 17:59:05.790700+0000', '2015-09-11 19:30:29.414100+0000');
INSERT INTO "neap"."stream"(stream_id, channel_id, title, topic_id, topic, media_info, viewers, created_at, updated_at, ended_at)
    VALUES ('69440fb6-c008-408c-9ccc-b4efa28d2e87', 'fe07dd11-184d-4abf-a037-e670dd9c7370', 'Sasha goes live!', 'e496e832-363e-4228-b518-7fe126ccaa04', 'Photography', '{"width":1280,"height":720,"bitrate":1262.79}', 80932, '2015-09-27 13:46:15.760000+0000', '2015-09-27 16:53:34.878000+0000', '2015-09-27 17:18:19.791900+0000');
INSERT INTO "neap"."video"(video_id, stream_id, title, type, description, status, tags, topic_id, topic, media_info, preview, views, created_at, updated_at)
    VALUES ('e1c16912-7a9f-49c8-bc91-a6e45a9ee373', '69440fb6-c008-408c-9ccc-b4efa28d2e87', 'Sasha goes live!', 'record', 'Sasha goes live!', '', '[]', 'e496e832-363e-4228-b518-7fe126ccaa04', 'Photography', '{"width":1280,"height":720,"bitrate":759.65}', '', '2626', '2015-10-20 14:50:19.212700+0000', '2015-10-23 19:37:21.286200+0000');
INSERT INTO "neap"."stream"(stream_id, channel_id, title, topic_id, topic, media_info, viewers, created_at, updated_at, ended_at)
    VALUES ('b835c737-9bde-45b7-b8da-7a2692212143', 'fe07dd11-184d-4abf-a037-e670dd9c7370', 'Come on and have fun with Sasha!', 'e496e832-363e-4228-b518-7fe126ccaa04', 'Photography', '{"width":1280,"height":720,"bitrate":1464.29}', 82, '2015-09-29 10:27:42.667400+0000', '2015-09-29 10:50:30.162200+0000', '2015-09-29 11:16:12.875600+0000');
INSERT INTO "neap"."video"(video_id, stream_id, title, type, description, status, tags, topic_id, topic, media_info, preview, views, created_at, updated_at)
    VALUES ('82c71d4c-bbcc-4d43-8d74-60f4dd97a619', 'b835c737-9bde-45b7-b8da-7a2692212143', 'Come on and have fun with Sasha!', 'record', 'Come on and have fun with Sasha!', '', '[]', 'e496e832-363e-4228-b518-7fe126ccaa04', 'Photography', '{"width":1280,"height":720,"bitrate":1324.45}', '', '6588', '2015-10-28 01:44:38.010400+0000', '2015-10-28 21:11:37.151500+0000');
INSERT INTO "neap"."stream"(stream_id, channel_id, title, topic_id, topic, media_info, viewers, created_at, updated_at, ended_at)
    VALUES ('5ba8bdc6-9b36-49d5-8320-4a2fe639a7ff', 'fe07dd11-184d-4abf-a037-e670dd9c7370', 'Today is Biology day', 'd4f06d27-2693-4552-bd85-d9875651ce39', 'Biology', '{"width":1280,"height":720,"bitrate":1122.44}', 630, '2015-09-16 11:39:13.998100+0000', '2015-09-16 13:12:58.170500+0000', '2015-09-16 13:16:45.374400+0000');
INSERT INTO "neap"."user"(user_id, channel_id, type, username, email, password, display_name, logo, bio, created_at, updated_at)
    VALUES ('6b8e3b46-d2a1-4a38-8524-10e7267cff17', 'e7269303-4b1e-497d-804c-c407bbd85dc5', 'user', 'tate', 'tate@neap.io', '$2y$10$IbEE5NnDv7xKqSJz.MV.jeAN4yUu.8lP0HwZucBtfh6B5nbkuVISa', 'Tate', 'https://gravatar.com/avatar/17a9c9ba4b25a6c22350298ab044af4b?s=128&d=identicon', null, '2015-08-17 19:28:53.347400+0000', '2015-08-29 00:46:31.559500+0000');
INSERT INTO "neap"."channel"(channel_id, user_id, chat_id, name, display_name, topic, language, views, followers)
    VALUES ('e7269303-4b1e-497d-804c-c407bbd85dc5', '6b8e3b46-d2a1-4a38-8524-10e7267cff17', 'c3b2381b-c951-46f6-8352-f837d2e9b523', 'tate', 'Tate Channel', 'Biology', 'en', 85195, 132);
INSERT INTO "neap"."chat"(chat_id, channel_id, name)
    VALUES ('c3b2381b-c951-46f6-8352-f837d2e9b523', 'e7269303-4b1e-497d-804c-c407bbd85dc5', 'tate');
INSERT INTO "neap"."stream"(stream_id, channel_id, title, topic_id, topic, media_info, viewers, created_at, updated_at, ended_at)
    VALUES ('78bcc402-aeef-4673-82d7-d8c146e13921', 'e7269303-4b1e-497d-804c-c407bbd85dc5', 'Astrology?? Yeah, Astrology!', 'e9af2f53-d2dd-4e32-9dea-26d6ac21bcb8', 'Astrology', '{"width":1280,"height":720,"bitrate":1196.21}', 28636, '2015-09-18 05:27:11.236100+0000', '2015-09-18 09:37:38.948700+0000', '2015-09-18 09:58:21.161200+0000');
INSERT INTO "neap"."stream"(stream_id, channel_id, title, topic_id, topic, media_info, viewers, created_at, updated_at, ended_at)
    VALUES ('74813252-0601-47fb-8a45-80494aa69257', 'e7269303-4b1e-497d-804c-c407bbd85dc5', 'Music?? Yeah, Music!', 'b369c464-cdea-4356-9d70-1450585652e2', 'Music', '{"width":720,"height":400,"bitrate":652.16}', 293, '2015-10-20 09:20:32.359700+0000', '2015-10-20 16:18:48.913100+0000', '2015-10-20 16:58:34.860900+0000');
INSERT INTO "neap"."stream"(stream_id, channel_id, title, topic_id, topic, media_info, viewers, created_at, updated_at, ended_at)
    VALUES ('c666beb1-6a45-4ddb-9415-6e441c95e15d', 'e7269303-4b1e-497d-804c-c407bbd85dc5', 'Tate goes live!', '48e535f7-dba1-4d59-aac3-4c6cced32d6c', 'Video games', '{"width":1920,"height":1080,"bitrate":1539.37}', 839, '2015-09-20 21:26:34.290600+0000', '2015-09-20 22:50:10.181700+0000', '2015-09-20 22:53:59.016800+0000');
INSERT INTO "neap"."stream"(stream_id, channel_id, title, topic_id, topic, media_info, viewers, created_at, updated_at, ended_at)
    VALUES ('901ee872-de93-43c0-892d-f61978ca5494', 'e7269303-4b1e-497d-804c-c407bbd85dc5', 'Fun with Theology and Tate', 'd2ea25fc-eb67-4c63-86d0-58ba2ce51b56', 'Theology', '{"width":1280,"height":720,"bitrate":790.48}', 1592, '2015-08-27 20:27:56.815900+0000', '2015-08-28 01:57:22.317400+0000', '2015-08-28 02:30:40.581400+0000');
INSERT INTO "neap"."video"(video_id, stream_id, title, type, description, status, tags, topic_id, topic, media_info, preview, views, created_at, updated_at)
    VALUES ('228d2f24-7575-4f99-b3e4-b3a61ff2d61d', '901ee872-de93-43c0-892d-f61978ca5494', 'Fun with Theology and Tate', 'record', 'Fun with Theology and Tate', '', '[]', 'd2ea25fc-eb67-4c63-86d0-58ba2ce51b56', 'Theology', '{"width":1280,"height":720,"bitrate":1041.77}', '', '33377', '2015-10-27 09:56:41.105600+0000', '2015-10-30 10:34:06.652400+0000');
INSERT INTO "neap"."stream"(stream_id, channel_id, title, topic_id, topic, media_info, viewers, created_at, updated_at, ended_at)
    VALUES ('2dfb5cda-84c4-4b1f-a156-2c1217cc3fd7', 'e7269303-4b1e-497d-804c-c407bbd85dc5', 'Tate goes live!', '994391cf-d41e-46f4-b6eb-ce53824e3a0c', 'Litterature', '{"width":1920,"height":1080,"bitrate":2280.04}', 577, '2015-09-10 10:28:37.798700+0000', '2015-09-10 14:00:29.485600+0000', '2015-09-10 15:22:22.201700+0000');
INSERT INTO "neap"."video"(video_id, stream_id, title, type, description, status, tags, topic_id, topic, media_info, preview, views, created_at, updated_at)
    VALUES ('997935db-8b16-44d2-81b9-7516925cc008', '2dfb5cda-84c4-4b1f-a156-2c1217cc3fd7', 'Tate goes live!', 'record', 'Tate goes live!', '', '[]', '994391cf-d41e-46f4-b6eb-ce53824e3a0c', 'Litterature', '{"width":1920,"height":1080,"bitrate":1337.18}', '', '4579', '2015-10-03 16:00:08.294200+0000', '2015-10-03 16:13:24.649400+0000');
INSERT INTO "neap"."stream"(stream_id, channel_id, title, topic_id, topic, media_info, viewers, created_at, updated_at, ended_at)
    VALUES ('ffd561ea-0266-472a-8a6c-526e50266c87', 'e7269303-4b1e-497d-804c-c407bbd85dc5', 'The origins of Astrology', 'e9af2f53-d2dd-4e32-9dea-26d6ac21bcb8', 'Astrology', '{"width":1920,"height":1080,"bitrate":3160.27}', 448, '2015-10-08 16:24:15.314700+0000', '2015-10-08 17:22:40.512600+0000', '2015-10-08 19:03:30.890800+0000');
INSERT INTO "neap"."video"(video_id, stream_id, title, type, description, status, tags, topic_id, topic, media_info, preview, views, created_at, updated_at)
    VALUES ('65ce1e6f-5d59-4175-93d3-d90488373c85', 'ffd561ea-0266-472a-8a6c-526e50266c87', 'The origins of Astrology', 'record', 'The origins of Astrology', '', '[]', 'e9af2f53-d2dd-4e32-9dea-26d6ac21bcb8', 'Astrology', '{"width":1920,"height":1080,"bitrate":2438.58}', '', '11758', '2015-10-28 11:11:00.570600+0000', '2015-10-29 02:23:02.901500+0000');
INSERT INTO "neap"."stream"(stream_id, channel_id, title, topic_id, topic, media_info, viewers, created_at, updated_at, ended_at)
    VALUES ('48242edf-b0b4-437e-9c75-9239f11dd730', 'e7269303-4b1e-497d-804c-c407bbd85dc5', 'Tate goes live!', '5f6c7ec0-84ab-4d8e-a2d7-ff1887b55d6e', 'History', '{"width":1280,"height":720,"bitrate":1435.17}', 983, '2015-10-31 21:15:11.399900+0000', '2015-10-31 23:15:22.739000+0000', '2015-11-01 00:06:33.952600+0000');
INSERT INTO "neap"."video"(video_id, stream_id, title, type, description, status, tags, topic_id, topic, media_info, preview, views, created_at, updated_at)
    VALUES ('d706c2f6-632b-4120-9a81-40d5684a62b0', '48242edf-b0b4-437e-9c75-9239f11dd730', 'Tate goes live!', 'record', 'Tate goes live!', '', '[]', '5f6c7ec0-84ab-4d8e-a2d7-ff1887b55d6e', 'History', '{"width":1280,"height":720,"bitrate":1286.58}', '', '10284', '2015-11-01 16:38:03.033600+0000', '2015-11-01 19:29:37.794700+0000');
INSERT INTO "neap"."stream"(stream_id, channel_id, title, topic_id, topic, media_info, viewers, created_at, updated_at, ended_at)
    VALUES ('0eeb3fb2-7aa1-44e4-b1d0-bc56cbf86c11', 'e7269303-4b1e-497d-804c-c407bbd85dc5', 'Come on and have fun with Tate!', 'e496e832-363e-4228-b518-7fe126ccaa04', 'Photography', '{"width":1280,"height":720,"bitrate":867.4}', 1771, '2015-10-29 18:06:23.053600+0000', '2015-10-29 18:23:51.558200+0000', '2015-10-29 18:26:30.499600+0000');
INSERT INTO "neap"."user"(user_id, channel_id, type, username, email, password, display_name, logo, bio, created_at, updated_at)
    VALUES ('0bd7851f-a349-4a60-b01c-56a4a71f6a17', '4af1be80-b20d-49d9-8351-d6e855b6bae1', 'user', 'raylan', 'raylan@neap.io', '$2y$10$3sx8vK3TQAqE59ruUh6SceUCDbPGA1QMgDLayNjvk3RLlFxFWsRN.', 'Raylan', 'https://gravatar.com/avatar/262f59fb1bd7abc734f89019917be675?s=128&d=identicon', null, '2015-03-01 04:03:47.505600+0000', '2015-10-16 14:20:38.501900+0000');
INSERT INTO "neap"."channel"(channel_id, user_id, chat_id, name, display_name, topic, language, views, followers)
    VALUES ('4af1be80-b20d-49d9-8351-d6e855b6bae1', '0bd7851f-a349-4a60-b01c-56a4a71f6a17', 'd3da998a-944d-4df8-924e-5487eaba0ec1', 'raylan', 'Raylan Channel', 'Litterature', 'en', 79598, 104);
INSERT INTO "neap"."chat"(chat_id, channel_id, name)
    VALUES ('d3da998a-944d-4df8-924e-5487eaba0ec1', '4af1be80-b20d-49d9-8351-d6e855b6bae1', 'raylan');
INSERT INTO "neap"."stream"(stream_id, channel_id, title, topic_id, topic, media_info, viewers, created_at, updated_at, ended_at)
    VALUES ('386f6eef-1d28-433a-b875-b8c0c128332d', '4af1be80-b20d-49d9-8351-d6e855b6bae1', 'Today is History day', '5f6c7ec0-84ab-4d8e-a2d7-ff1887b55d6e', 'History', '{"width":1920,"height":1080,"bitrate":3085.87}', 842, '2015-07-22 05:18:30.040400+0000', '2015-07-22 05:37:40.012500+0000', '2015-07-22 05:38:24.312100+0000');
INSERT INTO "neap"."stream"(stream_id, channel_id, title, topic_id, topic, media_info, viewers, created_at, updated_at, ended_at)
    VALUES ('e2ff7dd1-c607-4456-84d2-9d2ca21fa8bd', '4af1be80-b20d-49d9-8351-d6e855b6bae1', 'Today is Litterature day', '994391cf-d41e-46f4-b6eb-ce53824e3a0c', 'Litterature', '{"width":720,"height":400,"bitrate":655.96}', 1369, '2015-03-30 22:53:01.956400+0000', '2015-03-31 00:19:46.376500+0000', '2015-03-31 01:21:04.707300+0000');
INSERT INTO "neap"."video"(video_id, stream_id, title, type, description, status, tags, topic_id, topic, media_info, preview, views, created_at, updated_at)
    VALUES ('8825fe52-23e1-4520-bffe-862ed627943a', 'e2ff7dd1-c607-4456-84d2-9d2ca21fa8bd', 'Today is Litterature day', 'record', 'Today is Litterature day', '', '[]', '994391cf-d41e-46f4-b6eb-ce53824e3a0c', 'Litterature', '{"width":720,"height":400,"bitrate":609.23}', '', '30278', '2015-08-30 19:33:18.595300+0000', '2015-09-02 07:03:56.074800+0000');
INSERT INTO "neap"."video"(video_id, stream_id, title, type, description, status, tags, topic_id, topic, media_info, preview, views, created_at, updated_at)
    VALUES ('12884d0c-0762-4cb3-8e17-e9d30895da90', 'e2ff7dd1-c607-4456-84d2-9d2ca21fa8bd', 'Today is Litterature day', 'record', 'Today is Litterature day', '', '[]', '994391cf-d41e-46f4-b6eb-ce53824e3a0c', 'Litterature', '{"width":720,"height":400,"bitrate":570.1}', '', '19664', '2015-06-17 05:43:19.185000+0000', '2015-06-20 15:14:55.844200+0000');
INSERT INTO "neap"."user"(user_id, channel_id, type, username, email, password, display_name, logo, bio, created_at, updated_at)
    VALUES ('b0da54e5-d0ba-4f3f-bc06-417f43e43ed4', '8ef94175-09b7-43a2-b04f-dba5b342aeea', 'user', 'raelyn', 'raelyn@neap.io', '$2y$10$t7ejSn8iq3CqPa8VIm/hbOx7rA44bgVwQo0AncNkwTHBBobVu9Vdu', 'Raelyn', 'https://gravatar.com/avatar/7f9d5aeef23020301d719d22cf930c9d?s=128&d=identicon', null, '2015-08-25 02:58:17.391300+0000', '2015-10-18 07:15:28.305800+0000');
INSERT INTO "neap"."channel"(channel_id, user_id, chat_id, name, display_name, topic, language, views, followers)
    VALUES ('8ef94175-09b7-43a2-b04f-dba5b342aeea', 'b0da54e5-d0ba-4f3f-bc06-417f43e43ed4', '957a3fb1-8265-4d9e-a56e-c0e82282e74b', 'raelyn', 'Raelyn Channel', 'Video games', 'en', 98557, 114);
INSERT INTO "neap"."chat"(chat_id, channel_id, name)
    VALUES ('957a3fb1-8265-4d9e-a56e-c0e82282e74b', '8ef94175-09b7-43a2-b04f-dba5b342aeea', 'raelyn');
INSERT INTO "neap"."stream"(stream_id, channel_id, title, topic_id, topic, media_info, viewers, created_at, updated_at, ended_at)
    VALUES ('46b2deb6-c68a-4bd9-8d1f-c9bce94652b1', '8ef94175-09b7-43a2-b04f-dba5b342aeea', 'Science?? Yeah, Science!', '1cae4612-f178-4a0e-b3af-343a88b99638', 'Science', '{"width":1280,"height":720,"bitrate":1113.34}', 870, '2015-10-26 20:35:27.314300+0000', '2015-10-26 21:07:39.178600+0000', '2015-10-26 21:35:08.998900+0000');
INSERT INTO "neap"."stream"(stream_id, channel_id, title, topic_id, topic, media_info, viewers, created_at, updated_at, ended_at)
    VALUES ('4641eea2-2d0d-4454-8141-84b0f87fe2f9', '8ef94175-09b7-43a2-b04f-dba5b342aeea', 'Astrology?? Yeah, Astrology!', 'e9af2f53-d2dd-4e32-9dea-26d6ac21bcb8', 'Astrology', '{"width":720,"height":400,"bitrate":797.83}', 500, '2015-10-05 00:07:48.042700+0000', '2015-10-05 01:34:19.354600+0000', '2015-10-05 03:15:50.454700+0000');
INSERT INTO "neap"."video"(video_id, stream_id, title, type, description, status, tags, topic_id, topic, media_info, preview, views, created_at, updated_at)
    VALUES ('47a660f0-80ec-408b-92f1-a4245d392ab9', '4641eea2-2d0d-4454-8141-84b0f87fe2f9', 'Astrology?? Yeah, Astrology!', 'record', 'Astrology?? Yeah, Astrology!', '', '[]', 'e9af2f53-d2dd-4e32-9dea-26d6ac21bcb8', 'Astrology', '{"width":720,"height":400,"bitrate":528.91}', '', '24712', '2015-10-05 09:52:16.730400+0000', '2015-10-06 05:28:19.897800+0000');
INSERT INTO "neap"."video"(video_id, stream_id, title, type, description, status, tags, topic_id, topic, media_info, preview, views, created_at, updated_at)
    VALUES ('4ca66596-3824-48b2-af3d-4cc18e81a7a2', '4641eea2-2d0d-4454-8141-84b0f87fe2f9', 'Astrology?? Yeah, Astrology!', 'record', 'Astrology?? Yeah, Astrology!', '', '[]', 'e9af2f53-d2dd-4e32-9dea-26d6ac21bcb8', 'Astrology', '{"width":720,"height":400,"bitrate":597.7}', '', '14709', '2015-10-20 21:10:47.076900+0000', '2015-10-20 22:03:46.370100+0000');
INSERT INTO "neap"."user"(user_id, channel_id, type, username, email, password, display_name, logo, bio, created_at, updated_at)
    VALUES ('b7cb5fcf-2bce-4e0c-bb01-c2f18482995b', '6cfa1035-e4fc-4d02-aaa0-ca06568e5c86', 'user', 'braylen', 'braylen@neap.io', '$2y$10$EK1GTwZMIRdZ7Wf7xZYRTO1B6TTz9OHlyYJvpYGmHWegA8A7OF8.u', 'Braylen', 'https://gravatar.com/avatar/a3d3b44edd1b7b5253155726f11e37c2?s=128&d=identicon', null, '2015-09-25 19:22:39.042800+0000', '2015-10-12 23:31:28.741900+0000');
INSERT INTO "neap"."channel"(channel_id, user_id, chat_id, name, display_name, topic, language, views, followers)
    VALUES ('6cfa1035-e4fc-4d02-aaa0-ca06568e5c86', 'b7cb5fcf-2bce-4e0c-bb01-c2f18482995b', 'f6325e0e-7ad3-424d-b40d-e1ae7109c2d0', 'braylen', 'Braylen Channel', 'Astrology', 'en', 35584, 101);
INSERT INTO "neap"."chat"(chat_id, channel_id, name)
    VALUES ('f6325e0e-7ad3-424d-b40d-e1ae7109c2d0', '6cfa1035-e4fc-4d02-aaa0-ca06568e5c86', 'braylen');
INSERT INTO "neap"."stream"(stream_id, channel_id, title, topic_id, topic, media_info, viewers, created_at, updated_at, ended_at)
    VALUES ('a201892c-da92-4282-ad51-82402d02a2c0', '6cfa1035-e4fc-4d02-aaa0-ca06568e5c86', 'Braylen goes live!', '994391cf-d41e-46f4-b6eb-ce53824e3a0c', 'Litterature', '{"width":1280,"height":720,"bitrate":1073.59}', 523, '2015-10-18 12:32:23.415000+0000', '2015-10-18 18:44:00.585900+0000', '2015-10-18 19:18:48.188000+0000');
INSERT INTO "neap"."video"(video_id, stream_id, title, type, description, status, tags, topic_id, topic, media_info, preview, views, created_at, updated_at)
    VALUES ('af9ab194-cc53-4c51-b644-c043c354a7a4', 'a201892c-da92-4282-ad51-82402d02a2c0', 'Braylen goes live!', 'record', 'Braylen goes live!', '', '[]', '994391cf-d41e-46f4-b6eb-ce53824e3a0c', 'Litterature', '{"width":1280,"height":720,"bitrate":958.63}', '', '8262', '2015-10-26 07:06:22.344100+0000', '2015-10-26 12:36:28.303600+0000');
INSERT INTO "neap"."stream"(stream_id, channel_id, title, topic_id, topic, media_info, viewers, created_at, updated_at, ended_at)
    VALUES ('369c1b4b-fcd9-45e4-a981-e225713d7870', '6cfa1035-e4fc-4d02-aaa0-ca06568e5c86', 'History?? Yeah, History!', '5f6c7ec0-84ab-4d8e-a2d7-ff1887b55d6e', 'History', '{"width":1280,"height":720,"bitrate":1047.61}', 51, '2015-10-12 06:48:18.387800+0000', '2015-10-12 07:11:36.696600+0000', '2015-10-12 08:19:59.113600+0000');
INSERT INTO "neap"."video"(video_id, stream_id, title, type, description, status, tags, topic_id, topic, media_info, preview, views, created_at, updated_at)
    VALUES ('92a70c70-da0f-4b68-a78a-968f75c94165', '369c1b4b-fcd9-45e4-a981-e225713d7870', 'History?? Yeah, History!', 'record', 'History?? Yeah, History!', '', '[]', '5f6c7ec0-84ab-4d8e-a2d7-ff1887b55d6e', 'History', '{"width":1280,"height":720,"bitrate":1441.04}', '', '19510', '2015-10-14 04:31:13.092900+0000', '2015-10-14 19:11:18.869300+0000');
INSERT INTO "neap"."stream"(stream_id, channel_id, title, topic_id, topic, media_info, viewers, created_at, updated_at, ended_at)
    VALUES ('4085206a-53d9-428a-8d3a-a2115e5c07b3', '6cfa1035-e4fc-4d02-aaa0-ca06568e5c86', 'Fun with Astrology and Braylen', 'e9af2f53-d2dd-4e32-9dea-26d6ac21bcb8', 'Astrology', '{"width":1280,"height":720,"bitrate":1470.21}', 1749, '2015-10-12 15:25:22.733300+0000', '2015-10-12 17:25:11.893700+0000', '2015-10-12 18:08:15.762200+0000');
INSERT INTO "neap"."video"(video_id, stream_id, title, type, description, status, tags, topic_id, topic, media_info, preview, views, created_at, updated_at)
    VALUES ('09a4d9e5-a2a3-4317-b215-d1ca5f9f93bb', '4085206a-53d9-428a-8d3a-a2115e5c07b3', 'Fun with Astrology and Braylen', 'record', 'Fun with Astrology and Braylen', '', '[]', 'e9af2f53-d2dd-4e32-9dea-26d6ac21bcb8', 'Astrology', '{"width":1280,"height":720,"bitrate":1272.2}', '', '20438', '2015-10-30 13:41:53.038900+0000', '2015-11-02 18:52:17.038200+0000');
INSERT INTO "neap"."video"(video_id, stream_id, title, type, description, status, tags, topic_id, topic, media_info, preview, views, created_at, updated_at)
    VALUES ('8c46f139-df04-40a6-90bf-1178a799586f', '4085206a-53d9-428a-8d3a-a2115e5c07b3', 'Fun with Astrology and Braylen', 'record', 'Fun with Astrology and Braylen', '', '[]', 'e9af2f53-d2dd-4e32-9dea-26d6ac21bcb8', 'Astrology', '{"width":1280,"height":720,"bitrate":784.45}', '', '14215', '2015-10-15 19:57:24.660500+0000', '2015-10-18 10:32:36.375900+0000');
INSERT INTO "neap"."user"(user_id, channel_id, type, username, email, password, display_name, logo, bio, created_at, updated_at)
    VALUES ('4dded19c-7619-4a13-a5b3-3eb90fd712fd', '562319cc-cc5b-42f3-9ac7-9fae8cf5941f', 'user', 'jose', 'jose@neap.io', '$2y$10$LEmBKmF8zJG01dto1f8U6OVJz22QjpZHL.rBno/mBtg5uLv4YI4KS', 'Jose', 'https://gravatar.com/avatar/6476abe9e42261c1dadf394c10793615?s=128&d=identicon', null, '2015-09-08 21:02:08.771300+0000', '2015-09-12 00:38:01.514700+0000');
INSERT INTO "neap"."channel"(channel_id, user_id, chat_id, name, display_name, topic, language, views, followers)
    VALUES ('562319cc-cc5b-42f3-9ac7-9fae8cf5941f', '4dded19c-7619-4a13-a5b3-3eb90fd712fd', 'f4485056-8430-438b-ab49-b7e74ac2559b', 'jose', 'Jose Channel', 'Theology', 'en', 63251, 84);
INSERT INTO "neap"."chat"(chat_id, channel_id, name)
    VALUES ('f4485056-8430-438b-ab49-b7e74ac2559b', '562319cc-cc5b-42f3-9ac7-9fae8cf5941f', 'jose');
INSERT INTO "neap"."stream"(stream_id, channel_id, title, topic_id, topic, media_info, viewers, created_at, updated_at, ended_at)
    VALUES ('9ae69bbd-8eba-4e6b-b6e5-c45d30df409e', '562319cc-cc5b-42f3-9ac7-9fae8cf5941f', 'Today is Video games day', '48e535f7-dba1-4d59-aac3-4c6cced32d6c', 'Video games', '{"width":1280,"height":720,"bitrate":1375.68}', 19139, '2015-09-25 05:14:33.222600+0000', '2015-09-25 06:28:25.954900+0000', '2015-09-25 06:43:37.636700+0000');
INSERT INTO "neap"."stream"(stream_id, channel_id, title, topic_id, topic, media_info, viewers, created_at, updated_at, ended_at)
    VALUES ('0a3893fc-f70d-4a1c-aeef-d28b5a699003', '562319cc-cc5b-42f3-9ac7-9fae8cf5941f', 'Come on and have fun with Jose!', 'e9af2f53-d2dd-4e32-9dea-26d6ac21bcb8', 'Astrology', '{"width":1920,"height":1080,"bitrate":1348.08}', 1905, '2015-10-05 02:42:55.591500+0000', '2015-10-05 07:08:27.429900+0000', '2015-10-05 07:27:21.372600+0000');
INSERT INTO "neap"."stream"(stream_id, channel_id, title, topic_id, topic, media_info, viewers, created_at, updated_at, ended_at)
    VALUES ('3b5a8f4b-7900-4ce4-8df8-f333ae33dba1', '562319cc-cc5b-42f3-9ac7-9fae8cf5941f', 'Relax stream', '48e535f7-dba1-4d59-aac3-4c6cced32d6c', 'Video games', '{"width":720,"height":400,"bitrate":708.77}', 1983, '2015-10-01 06:08:12.640900+0000', '2015-10-01 06:53:09.639500+0000', '2015-10-01 06:53:28.879500+0000');
INSERT INTO "neap"."video"(video_id, stream_id, title, type, description, status, tags, topic_id, topic, media_info, preview, views, created_at, updated_at)
    VALUES ('c73d94cf-3ac9-4964-a419-d39225784ff1', '3b5a8f4b-7900-4ce4-8df8-f333ae33dba1', 'Relax stream', 'record', 'Relax stream', '', '[]', '48e535f7-dba1-4d59-aac3-4c6cced32d6c', 'Video games', '{"width":720,"height":400,"bitrate":581.25}', '', '1667', '2015-10-31 08:51:49.620300+0000', '2015-11-01 12:22:30.379500+0000');
INSERT INTO "neap"."stream"(stream_id, channel_id, title, topic_id, topic, media_info, viewers, created_at, updated_at, ended_at)
    VALUES ('7b4c3757-70f0-482f-aec2-0959573cc9dc', '562319cc-cc5b-42f3-9ac7-9fae8cf5941f', 'Fun with Photography and Jose', 'e496e832-363e-4228-b518-7fe126ccaa04', 'Photography', '{"width":720,"height":400,"bitrate":612.48}', 1342, '2015-11-01 13:20:37.800900+0000', '2015-11-01 13:22:40.880300+0000', '2015-11-01 13:32:45.800300+0000');
INSERT INTO "neap"."video"(video_id, stream_id, title, type, description, status, tags, topic_id, topic, media_info, preview, views, created_at, updated_at)
    VALUES ('64572fb6-0fad-4d45-8bdb-c3f06d3bff3b', '7b4c3757-70f0-482f-aec2-0959573cc9dc', 'Fun with Photography and Jose', 'record', 'Fun with Photography and Jose', '', '[]', 'e496e832-363e-4228-b518-7fe126ccaa04', 'Photography', '{"width":720,"height":400,"bitrate":613.72}', '', '18604', '2015-11-01 21:12:49.723300+0000', '2015-11-02 14:04:49.019800+0000');
INSERT INTO "neap"."stream"(stream_id, channel_id, title, topic_id, topic, media_info, viewers, created_at, updated_at, ended_at)
    VALUES ('706fee41-98ff-460d-b32e-6523df79f729', '562319cc-cc5b-42f3-9ac7-9fae8cf5941f', 'The origins of Astrology', 'e9af2f53-d2dd-4e32-9dea-26d6ac21bcb8', 'Astrology', '{"width":1280,"height":720,"bitrate":1206.3}', 476, '2015-10-24 13:20:43.461200+0000', '2015-10-24 15:02:51.052800+0000', '2015-10-24 15:02:53.468800+0000');
INSERT INTO "neap"."video"(video_id, stream_id, title, type, description, status, tags, topic_id, topic, media_info, preview, views, created_at, updated_at)
    VALUES ('ecd30606-6c53-4b99-b8b6-ea217d2a0b5f', '706fee41-98ff-460d-b32e-6523df79f729', 'The origins of Astrology', 'record', 'The origins of Astrology', '', '[]', 'e9af2f53-d2dd-4e32-9dea-26d6ac21bcb8', 'Astrology', '{"width":1280,"height":720,"bitrate":1232.24}', '', '114', '2015-10-28 11:10:50.750400+0000', '2015-11-01 22:51:35.481600+0000');
INSERT INTO "neap"."user"(user_id, channel_id, type, username, email, password, display_name, logo, bio, created_at, updated_at)
    VALUES ('bff2dd28-c0dd-4504-b2d9-c4476054b6a2', '2119ff20-c409-4e11-b0da-fd741819220d', 'user', 'ian', 'ian@neap.io', '$2y$10$gZTLGlshYNvecBVxiZpaEOasuR2mPIzHKz7uX8xnvEkm5Ts2m3Nne', 'Ian', 'https://gravatar.com/avatar/0f90e26ffd04145a40d8a2c4e377e2d9?s=128&d=identicon', null, '2015-06-26 04:18:07.482400+0000', '2015-10-03 11:09:58.009000+0000');
INSERT INTO "neap"."channel"(channel_id, user_id, chat_id, name, display_name, topic, language, views, followers)
    VALUES ('2119ff20-c409-4e11-b0da-fd741819220d', 'bff2dd28-c0dd-4504-b2d9-c4476054b6a2', 'a323993c-be7c-4772-acf1-b99212ca0670', 'ian', 'Ian Channel', 'Astrology', 'en', 57403, 88);
INSERT INTO "neap"."chat"(chat_id, channel_id, name)
    VALUES ('a323993c-be7c-4772-acf1-b99212ca0670', '2119ff20-c409-4e11-b0da-fd741819220d', 'ian');
INSERT INTO "neap"."stream"(stream_id, channel_id, title, topic_id, topic, media_info, viewers, created_at, updated_at, ended_at)
    VALUES ('593bbcfd-a7e5-4d6b-824c-91d186c434de', '2119ff20-c409-4e11-b0da-fd741819220d', 'Relax stream', 'b369c464-cdea-4356-9d70-1450585652e2', 'Music', '{"width":1920,"height":1080,"bitrate":1489.74}', 33764, '2015-08-29 08:54:24.413000+0000', '2015-08-29 09:09:50.429400+0000', '2015-08-29 09:15:01.086900+0000');
INSERT INTO "neap"."user"(user_id, channel_id, type, username, email, password, display_name, logo, bio, created_at, updated_at)
    VALUES ('8f003183-cd77-4f3f-a756-9ffd1ea602e2', 'ce98ee1d-82d0-4a6f-8e68-628fda011bf8', 'user', 'anna', 'anna@neap.io', '$2y$10$OaXSZmUtIMEI8d8rIbViL.7gdn.8hf6FYHXvTfBGBtgX4rw78hopa', 'Anna', 'https://gravatar.com/avatar/87891559b90e45d6b570a96474f23e0a?s=128&d=identicon', null, '2015-10-16 10:30:55.958500+0000', '2015-10-30 18:55:48.124200+0000');
INSERT INTO "neap"."channel"(channel_id, user_id, chat_id, name, display_name, topic, language, views, followers)
    VALUES ('ce98ee1d-82d0-4a6f-8e68-628fda011bf8', '8f003183-cd77-4f3f-a756-9ffd1ea602e2', 'a87f4021-22f8-4e51-bfd5-c23b315e6647', 'anna', 'Anna Channel', 'Biology', 'en', 88420, 77);
INSERT INTO "neap"."chat"(chat_id, channel_id, name)
    VALUES ('a87f4021-22f8-4e51-bfd5-c23b315e6647', 'ce98ee1d-82d0-4a6f-8e68-628fda011bf8', 'anna');
INSERT INTO "neap"."stream"(stream_id, channel_id, title, topic_id, topic, media_info, viewers, created_at, updated_at, ended_at)
    VALUES ('7b0e6e99-ac4c-43a7-bb95-62538ae8d028', 'ce98ee1d-82d0-4a6f-8e68-628fda011bf8', 'Fun with History and Anna', '5f6c7ec0-84ab-4d8e-a2d7-ff1887b55d6e', 'History', '{"width":720,"height":400,"bitrate":589.5}', 1363, '2015-10-18 01:53:07.638000+0000', '2015-10-18 03:05:44.862400+0000', '2015-10-18 03:34:19.580900+0000');
INSERT INTO "neap"."stream"(stream_id, channel_id, title, topic_id, topic, media_info, viewers, created_at, updated_at, ended_at)
    VALUES ('7dd9e319-1b77-401c-bdb5-50ecb320e934', 'ce98ee1d-82d0-4a6f-8e68-628fda011bf8', 'Relax stream', '994391cf-d41e-46f4-b6eb-ce53824e3a0c', 'Litterature', '{"width":1920,"height":1080,"bitrate":1312.54}', 47204, '2015-10-28 01:12:57.005300+0000', '2015-10-28 01:40:52.768100+0000', '2015-10-28 01:53:01.615800+0000');
INSERT INTO "neap"."video"(video_id, stream_id, title, type, description, status, tags, topic_id, topic, media_info, preview, views, created_at, updated_at)
    VALUES ('189c406c-e38b-492c-9fc4-4cc4b7ded183', '7dd9e319-1b77-401c-bdb5-50ecb320e934', 'Relax stream', 'record', 'Relax stream', '', '[]', '994391cf-d41e-46f4-b6eb-ce53824e3a0c', 'Litterature', '{"width":1920,"height":1080,"bitrate":1142.84}', '', '26738', '2015-10-30 16:35:22.809900+0000', '2015-11-02 04:10:59.504200+0000');
INSERT INTO "neap"."video"(video_id, stream_id, title, type, description, status, tags, topic_id, topic, media_info, preview, views, created_at, updated_at)
    VALUES ('ab38ae2b-020a-4fd3-8b06-c01cb007be93', '7dd9e319-1b77-401c-bdb5-50ecb320e934', 'Relax stream', 'record', 'Relax stream', '', '[]', '994391cf-d41e-46f4-b6eb-ce53824e3a0c', 'Litterature', '{"width":1920,"height":1080,"bitrate":2579.09}', '', '11538', '2015-10-28 12:42:21.687100+0000', '2015-10-29 03:53:00.491100+0000');
INSERT INTO "neap"."stream"(stream_id, channel_id, title, topic_id, topic, media_info, viewers, created_at, updated_at, ended_at)
    VALUES ('0ce97b28-1ba1-4602-b7e7-7ede3b93faf1', 'ce98ee1d-82d0-4a6f-8e68-628fda011bf8', 'Theology?? Yeah, Theology!', 'd2ea25fc-eb67-4c63-86d0-58ba2ce51b56', 'Theology', '{"width":720,"height":400,"bitrate":691.1}', 1997, '2015-10-25 22:54:24.019600+0000', '2015-10-26 00:31:24.459400+0000', '2015-10-26 00:52:16.687600+0000');
INSERT INTO "neap"."video"(video_id, stream_id, title, type, description, status, tags, topic_id, topic, media_info, preview, views, created_at, updated_at)
    VALUES ('131a82c1-b579-403b-b35a-6d734d152f0c', '0ce97b28-1ba1-4602-b7e7-7ede3b93faf1', 'Theology?? Yeah, Theology!', 'record', 'Theology?? Yeah, Theology!', '', '[]', 'd2ea25fc-eb67-4c63-86d0-58ba2ce51b56', 'Theology', '{"width":720,"height":400,"bitrate":777.92}', '', '16744', '2015-10-28 22:14:05.434300+0000', '2015-10-31 02:52:41.960400+0000');
INSERT INTO "neap"."stream"(stream_id, channel_id, title, topic_id, topic, media_info, viewers, created_at, updated_at, ended_at)
    VALUES ('9b185498-6b46-4416-87da-a4c49929549f', 'ce98ee1d-82d0-4a6f-8e68-628fda011bf8', 'The origins of Science', '1cae4612-f178-4a0e-b3af-343a88b99638', 'Science', '{"width":1280,"height":720,"bitrate":1489.74}', 1436, '2015-10-30 20:53:12.063500+0000', '2015-10-30 22:27:46.546800+0000', '2015-10-30 22:35:01.713000+0000');
INSERT INTO "neap"."video"(video_id, stream_id, title, type, description, status, tags, topic_id, topic, media_info, preview, views, created_at, updated_at)
    VALUES ('e2bca44b-7c3a-4767-85fa-cbeacb5f962b', '9b185498-6b46-4416-87da-a4c49929549f', 'The origins of Science', 'record', 'The origins of Science', '', '[]', '1cae4612-f178-4a0e-b3af-343a88b99638', 'Science', '{"width":1280,"height":720,"bitrate":1414.84}', '', '15499', '2015-10-31 13:12:36.312800+0000', '2015-11-04 05:26:26.257700+0000');
INSERT INTO "neap"."stream"(stream_id, channel_id, title, topic_id, topic, media_info, viewers, created_at, updated_at, ended_at)
    VALUES ('5e724d22-e9ae-43f6-9c53-426ff141cd8b', 'ce98ee1d-82d0-4a6f-8e68-628fda011bf8', 'Relax stream', 'd2ea25fc-eb67-4c63-86d0-58ba2ce51b56', 'Theology', '{"width":720,"height":400,"bitrate":580.26}', 73, '2015-10-26 17:46:17.699400+0000', '2015-10-26 22:48:45.326200+0000', '2015-10-26 23:46:42.552600+0000');
INSERT INTO "neap"."user"(user_id, channel_id, type, username, email, password, display_name, logo, bio, created_at, updated_at)
    VALUES ('0dc48218-f7b1-4964-8b72-59c811aa261e', '09533db1-519e-4819-beea-d6ec6d8d7b83', 'user', 'clare', 'clare@neap.io', '$2y$10$ZycaB6JgR4nHwcRY/MKstOBIBqXc/sak2o0M25qax7qtocn/7B.yC', 'Clare', 'https://gravatar.com/avatar/1858f9d8d3274f6875fadb0d63981ff0?s=128&d=identicon', null, '2015-03-24 04:47:29.697100+0000', '2015-08-15 01:21:44.612300+0000');
INSERT INTO "neap"."channel"(channel_id, user_id, chat_id, name, display_name, topic, language, views, followers)
    VALUES ('09533db1-519e-4819-beea-d6ec6d8d7b83', '0dc48218-f7b1-4964-8b72-59c811aa261e', '217681a9-8fd0-4f9a-bcc9-84d22c949a39', 'clare', 'Clare Channel', 'Science', 'en', 76723, 4);
INSERT INTO "neap"."chat"(chat_id, channel_id, name)
    VALUES ('217681a9-8fd0-4f9a-bcc9-84d22c949a39', '09533db1-519e-4819-beea-d6ec6d8d7b83', 'clare');
INSERT INTO "neap"."stream"(stream_id, channel_id, title, topic_id, topic, media_info, viewers, created_at, updated_at, ended_at)
    VALUES ('e4f791ee-ee22-470b-ab78-88bb53c8824d', '09533db1-519e-4819-beea-d6ec6d8d7b83', 'The origins of Mathematics', '284b3091-455d-4476-ae67-442a19d153d4', 'Mathematics', '{"width":1920,"height":1080,"bitrate":2556.28}', 579, '2015-08-26 08:39:28.313800+0000', '2015-08-26 09:20:19.880700+0000', '2015-08-26 09:36:15.472600+0000');
INSERT INTO "neap"."video"(video_id, stream_id, title, type, description, status, tags, topic_id, topic, media_info, preview, views, created_at, updated_at)
    VALUES ('5e0214fd-3e55-491a-b552-91c9eb8556c1', 'e4f791ee-ee22-470b-ab78-88bb53c8824d', 'The origins of Mathematics', 'record', 'The origins of Mathematics', '', '[]', '284b3091-455d-4476-ae67-442a19d153d4', 'Mathematics', '{"width":1920,"height":1080,"bitrate":2400.07}', '', '25317', '2015-10-11 00:41:25.026800+0000', '2015-10-12 13:01:39.270100+0000');
INSERT INTO "neap"."stream"(stream_id, channel_id, title, topic_id, topic, media_info, viewers, created_at, updated_at, ended_at)
    VALUES ('80889fbc-453c-4cfb-88f5-e8b72b4201a1', '09533db1-519e-4819-beea-d6ec6d8d7b83', 'Fun with Philosophy and Clare', '35fa82dc-ed25-47fb-b6cd-58ae8a151f60', 'Philosophy', '{"width":720,"height":400,"bitrate":695}', 1500, '2015-06-27 08:04:57.735700+0000', '2015-06-27 09:03:23.426800+0000', '2015-06-27 09:53:32.187000+0000');
INSERT INTO "neap"."video"(video_id, stream_id, title, type, description, status, tags, topic_id, topic, media_info, preview, views, created_at, updated_at)
    VALUES ('7b16f8e2-7633-4c5b-a35e-583610f0fcdb', '80889fbc-453c-4cfb-88f5-e8b72b4201a1', 'Fun with Philosophy and Clare', 'record', 'Fun with Philosophy and Clare', '', '[]', '35fa82dc-ed25-47fb-b6cd-58ae8a151f60', 'Philosophy', '{"width":720,"height":400,"bitrate":510.87}', '', '35812', '2015-08-01 01:13:59.313100+0000', '2015-08-07 10:09:00.854600+0000');
INSERT INTO "neap"."stream"(stream_id, channel_id, title, topic_id, topic, media_info, viewers, created_at, updated_at, ended_at)
    VALUES ('33102165-1320-4a85-87c0-5d8575d17336', '09533db1-519e-4819-beea-d6ec6d8d7b83', 'The origins of Litterature', '994391cf-d41e-46f4-b6eb-ce53824e3a0c', 'Litterature', '{"width":1280,"height":720,"bitrate":1222.41}', 955, '2015-06-21 08:20:21.338800+0000', '2015-06-21 08:37:03.421700+0000', '2015-06-21 09:09:51.386000+0000');
INSERT INTO "neap"."video"(video_id, stream_id, title, type, description, status, tags, topic_id, topic, media_info, preview, views, created_at, updated_at)
    VALUES ('06a3f16f-16c4-494e-9b64-c6f762dfe53a', '33102165-1320-4a85-87c0-5d8575d17336', 'The origins of Litterature', 'highlight', 'The origins of Litterature', '', '[]', '994391cf-d41e-46f4-b6eb-ce53824e3a0c', 'Litterature', '{"width":1280,"height":720,"bitrate":959.3}', '', '12472', '2015-08-25 11:08:51.000800+0000', '2015-08-30 04:14:39.331500+0000');
INSERT INTO "neap"."stream"(stream_id, channel_id, title, topic_id, topic, media_info, viewers, created_at, updated_at, ended_at)
    VALUES ('d3573d24-8fd6-4570-9f1b-ffb997de0bf3', '09533db1-519e-4819-beea-d6ec6d8d7b83', 'Today is Biology day', 'd4f06d27-2693-4552-bd85-d9875651ce39', 'Biology', '{"width":1920,"height":1080,"bitrate":2037.78}', 81636, '2015-09-03 15:31:50.925800+0000', '2015-09-03 16:58:32.723400+0000', '2015-09-03 17:04:08.114400+0000');
INSERT INTO "neap"."stream"(stream_id, channel_id, title, topic_id, topic, media_info, viewers, created_at, updated_at, ended_at)
    VALUES ('322566df-47b2-4be1-ae86-5ca8d2e2e5ce', '09533db1-519e-4819-beea-d6ec6d8d7b83', 'Relax stream', '35fa82dc-ed25-47fb-b6cd-58ae8a151f60', 'Philosophy', '{"width":720,"height":400,"bitrate":631.75}', 78520, '2015-07-04 07:02:49.318200+0000', '2015-07-04 07:12:30.686600+0000', '2015-07-04 07:34:32.572600+0000');
INSERT INTO "neap"."video"(video_id, stream_id, title, type, description, status, tags, topic_id, topic, media_info, preview, views, created_at, updated_at)
    VALUES ('3e3847d5-6c18-4d25-a74f-9c5c5d272079', '322566df-47b2-4be1-ae86-5ca8d2e2e5ce', 'Relax stream', 'record', 'Relax stream', '', '[]', '35fa82dc-ed25-47fb-b6cd-58ae8a151f60', 'Philosophy', '{"width":720,"height":400,"bitrate":752.56}', '', '10977', '2015-09-19 07:34:52.505800+0000', '2015-09-22 10:19:18.054400+0000');
INSERT INTO "neap"."stream"(stream_id, channel_id, title, topic_id, topic, media_info, viewers, created_at, updated_at, ended_at)
    VALUES ('15e58b8d-c229-4554-99bd-44096c2d4df1', '09533db1-519e-4819-beea-d6ec6d8d7b83', 'Clare goes live!', 'e496e832-363e-4228-b518-7fe126ccaa04', 'Photography', '{"width":720,"height":400,"bitrate":606.08}', 406, '2015-10-16 22:30:34.039400+0000', '2015-10-17 03:17:55.084600+0000', '2015-10-17 03:40:32.553100+0000');
INSERT INTO "neap"."user"(user_id, channel_id, type, username, email, password, display_name, logo, bio, created_at, updated_at)
    VALUES ('511f8995-1b0c-41a2-92cc-d9eda7538f32', '008bb5ff-2b0f-4d77-9b00-74cf1d5ad506', 'user', 'abram', 'abram@neap.io', '$2y$10$Scj6QAFgj0f/C4Fw6VSqXuH0GuWDUCBZL9IxYFjGrU8h8U4utC/AK', 'Abram', 'https://gravatar.com/avatar/23fe506209f7da0de5f31c9f8dc1d086?s=128&d=identicon', null, '2015-04-25 05:37:16.959100+0000', '2015-10-01 21:26:57.477000+0000');
INSERT INTO "neap"."channel"(channel_id, user_id, chat_id, name, display_name, topic, language, views, followers)
    VALUES ('008bb5ff-2b0f-4d77-9b00-74cf1d5ad506', '511f8995-1b0c-41a2-92cc-d9eda7538f32', 'd5ac4973-f73d-4758-bbe5-608c6f1c5835', 'abram', 'Abram Channel', 'Photography', 'en', 95637, 48);
INSERT INTO "neap"."chat"(chat_id, channel_id, name)
    VALUES ('d5ac4973-f73d-4758-bbe5-608c6f1c5835', '008bb5ff-2b0f-4d77-9b00-74cf1d5ad506', 'abram');
INSERT INTO "neap"."stream"(stream_id, channel_id, title, topic_id, topic, media_info, viewers, created_at, updated_at, ended_at)
    VALUES ('1e2e9324-7b26-4dc6-b58f-9ce95654b79e', '008bb5ff-2b0f-4d77-9b00-74cf1d5ad506', 'The origins of Philosophy', '35fa82dc-ed25-47fb-b6cd-58ae8a151f60', 'Philosophy', '{"width":720,"height":400,"bitrate":546.31}', 1581, '2015-07-23 10:49:41.979000+0000', '2015-07-23 11:05:36.329000+0000', '2015-07-23 12:10:49.308000+0000');
INSERT INTO "neap"."video"(video_id, stream_id, title, type, description, status, tags, topic_id, topic, media_info, preview, views, created_at, updated_at)
    VALUES ('888b8cb6-3f26-4cd0-b0ac-6f1fc0ff4fbb', '1e2e9324-7b26-4dc6-b58f-9ce95654b79e', 'The origins of Philosophy', 'record', 'The origins of Philosophy', '', '[]', '35fa82dc-ed25-47fb-b6cd-58ae8a151f60', 'Philosophy', '{"width":720,"height":400,"bitrate":606.77}', '', '29437', '2015-09-14 16:32:05.397100+0000', '2015-09-14 20:03:49.450500+0000');
INSERT INTO "neap"."stream"(stream_id, channel_id, title, topic_id, topic, media_info, viewers, created_at, updated_at, ended_at)
    VALUES ('b9709692-0313-4e6e-8e15-b16ea101b29f', '008bb5ff-2b0f-4d77-9b00-74cf1d5ad506', 'The origins of Litterature', '994391cf-d41e-46f4-b6eb-ce53824e3a0c', 'Litterature', '{"width":1280,"height":720,"bitrate":1018.06}', 1458, '2015-09-11 21:47:24.776500+0000', '2015-09-11 22:22:12.879000+0000', '2015-09-11 23:32:40.646900+0000');
INSERT INTO "neap"."stream"(stream_id, channel_id, title, topic_id, topic, media_info, viewers, created_at, updated_at, ended_at)
    VALUES ('d42f7164-2f47-43b6-aede-17299529647f', '008bb5ff-2b0f-4d77-9b00-74cf1d5ad506', 'Mathematics?? Yeah, Mathematics!', '284b3091-455d-4476-ae67-442a19d153d4', 'Mathematics', '{"width":1920,"height":1080,"bitrate":1807.59}', 708, '2015-07-15 19:32:13.524200+0000', '2015-07-15 20:29:50.498700+0000', '2015-07-15 20:57:09.703000+0000');
INSERT INTO "neap"."video"(video_id, stream_id, title, type, description, status, tags, topic_id, topic, media_info, preview, views, created_at, updated_at)
    VALUES ('9d411d90-e639-4b1a-ae94-58c5c47d587f', 'd42f7164-2f47-43b6-aede-17299529647f', 'Mathematics?? Yeah, Mathematics!', 'record', 'Mathematics?? Yeah, Mathematics!', '', '[]', '284b3091-455d-4476-ae67-442a19d153d4', 'Mathematics', '{"width":1920,"height":1080,"bitrate":2563.55}', '', '4179', '2015-10-09 01:42:32.548000+0000', '2015-10-13 07:41:56.946200+0000');
INSERT INTO "neap"."video"(video_id, stream_id, title, type, description, status, tags, topic_id, topic, media_info, preview, views, created_at, updated_at)
    VALUES ('ca2e6736-37ad-4829-98ce-4edbba7b7abc', 'd42f7164-2f47-43b6-aede-17299529647f', 'Mathematics?? Yeah, Mathematics!', 'record', 'Mathematics?? Yeah, Mathematics!', '', '[]', '284b3091-455d-4476-ae67-442a19d153d4', 'Mathematics', '{"width":1920,"height":1080,"bitrate":3426.71}', '', '13804', '2015-07-18 16:17:08.939500+0000', '2015-07-20 16:21:25.580400+0000');
INSERT INTO "neap"."stream"(stream_id, channel_id, title, topic_id, topic, media_info, viewers, created_at, updated_at, ended_at)
    VALUES ('b64561b7-fcfe-48ba-bb23-9b8103499bf8', '008bb5ff-2b0f-4d77-9b00-74cf1d5ad506', 'Fun with Video games and Abram', '48e535f7-dba1-4d59-aac3-4c6cced32d6c', 'Video games', '{"width":1280,"height":720,"bitrate":936.24}', 1707, '2015-05-26 23:27:06.838300+0000', '2015-05-27 03:29:10.274300+0000', '2015-05-27 03:38:34.135100+0000');
INSERT INTO "neap"."video"(video_id, stream_id, title, type, description, status, tags, topic_id, topic, media_info, preview, views, created_at, updated_at)
    VALUES ('4bb62dc1-09f9-4496-81fb-e9ffdb2b81b2', 'b64561b7-fcfe-48ba-bb23-9b8103499bf8', 'Fun with Video games and Abram', 'record', 'Fun with Video games and Abram', '', '[]', '48e535f7-dba1-4d59-aac3-4c6cced32d6c', 'Video games', '{"width":1280,"height":720,"bitrate":1233.65}', '', '35415', '2015-07-14 03:04:06.003800+0000', '2015-07-14 19:27:47.018400+0000');
INSERT INTO "neap"."video"(video_id, stream_id, title, type, description, status, tags, topic_id, topic, media_info, preview, views, created_at, updated_at)
    VALUES ('0486d571-1b7a-4aa2-bcd3-2a8b8cbd7bd9', 'b64561b7-fcfe-48ba-bb23-9b8103499bf8', 'Fun with Video games and Abram', 'record', 'Fun with Video games and Abram', '', '[]', '48e535f7-dba1-4d59-aac3-4c6cced32d6c', 'Video games', '{"width":1280,"height":720,"bitrate":1004.3}', '', '3843', '2015-09-02 00:52:55.357800+0000', '2015-09-03 03:25:15.285800+0000');
INSERT INTO "neap"."user"(user_id, channel_id, type, username, email, password, display_name, logo, bio, created_at, updated_at)
    VALUES ('88df895e-bf6a-4e7a-9dd6-a28ca00f7537', '07e180f0-a9c5-4fd4-a2ac-eb63fad64ee9', 'user', 'marcelo', 'marcelo@neap.io', '$2y$10$CdMYygJGFCdzStV6p2xCFODrN//101fBShE.kW/Xu4pgNido6ViLu', 'Marcelo', 'https://gravatar.com/avatar/61966e8fdcd24be493256d7324667e04?s=128&d=identicon', null, '2015-02-08 20:34:31.928000+0000', '2015-07-05 18:13:32.202700+0000');
INSERT INTO "neap"."channel"(channel_id, user_id, chat_id, name, display_name, topic, language, views, followers)
    VALUES ('07e180f0-a9c5-4fd4-a2ac-eb63fad64ee9', '88df895e-bf6a-4e7a-9dd6-a28ca00f7537', '0f01619d-3eb0-4033-8e69-217bb7050a1a', 'marcelo', 'Marcelo Channel', 'Biology', 'en', 23751, 32);
INSERT INTO "neap"."chat"(chat_id, channel_id, name)
    VALUES ('0f01619d-3eb0-4033-8e69-217bb7050a1a', '07e180f0-a9c5-4fd4-a2ac-eb63fad64ee9', 'marcelo');
INSERT INTO "neap"."stream"(stream_id, channel_id, title, topic_id, topic, media_info, viewers, created_at, updated_at, ended_at)
    VALUES ('2101bce1-fc25-43d0-be06-d031fa190541', '07e180f0-a9c5-4fd4-a2ac-eb63fad64ee9', 'Video games?? Yeah, Video games!', '48e535f7-dba1-4d59-aac3-4c6cced32d6c', 'Video games', '{"width":720,"height":400,"bitrate":579.12}', 1504, '2015-07-16 01:34:56.219700+0000', '2015-07-16 03:49:42.609600+0000', '2015-07-16 04:04:36.860200+0000');
INSERT INTO "neap"."video"(video_id, stream_id, title, type, description, status, tags, topic_id, topic, media_info, preview, views, created_at, updated_at)
    VALUES ('e3459132-02d6-4433-95d4-085012cfb680', '2101bce1-fc25-43d0-be06-d031fa190541', 'Video games?? Yeah, Video games!', 'record', 'Video games?? Yeah, Video games!', '', '[]', '48e535f7-dba1-4d59-aac3-4c6cced32d6c', 'Video games', '{"width":720,"height":400,"bitrate":554.66}', '', '36317', '2015-09-13 10:24:01.468000+0000', '2015-09-16 00:01:24.025200+0000');
INSERT INTO "neap"."stream"(stream_id, channel_id, title, topic_id, topic, media_info, viewers, created_at, updated_at, ended_at)
    VALUES ('b515df0c-692e-4673-8140-7e0e42eb1311', '07e180f0-a9c5-4fd4-a2ac-eb63fad64ee9', 'Litterature?? Yeah, Litterature!', '994391cf-d41e-46f4-b6eb-ce53824e3a0c', 'Litterature', '{"width":1280,"height":720,"bitrate":1311.99}', 25, '2015-05-11 13:30:23.404900+0000', '2015-05-11 20:00:54.232000+0000', '2015-05-11 20:48:00.004600+0000');
INSERT INTO "neap"."video"(video_id, stream_id, title, type, description, status, tags, topic_id, topic, media_info, preview, views, created_at, updated_at)
    VALUES ('f3583351-f76e-4fb6-9eae-5ef4d123bfe6', 'b515df0c-692e-4673-8140-7e0e42eb1311', 'Litterature?? Yeah, Litterature!', 'record', 'Litterature?? Yeah, Litterature!', '', '[]', '994391cf-d41e-46f4-b6eb-ce53824e3a0c', 'Litterature', '{"width":1280,"height":720,"bitrate":1185.09}', '', '8875', '2015-06-09 07:56:25.770700+0000', '2015-06-14 11:50:01.649100+0000');
INSERT INTO "neap"."stream"(stream_id, channel_id, title, topic_id, topic, media_info, viewers, created_at, updated_at, ended_at)
    VALUES ('47b1ba91-b2e0-4d02-beed-b9303b02001d', '07e180f0-a9c5-4fd4-a2ac-eb63fad64ee9', 'Marcelo goes live!', '48e535f7-dba1-4d59-aac3-4c6cced32d6c', 'Video games', '{"width":1280,"height":720,"bitrate":1084.57}', 1356, '2015-10-12 15:22:59.033600+0000', '2015-10-12 21:10:58.781100+0000', '2015-10-12 21:15:52.580200+0000');
INSERT INTO "neap"."video"(video_id, stream_id, title, type, description, status, tags, topic_id, topic, media_info, preview, views, created_at, updated_at)
    VALUES ('47e8aafc-7d66-439e-bf91-d3d9534363ee', '47b1ba91-b2e0-4d02-beed-b9303b02001d', 'Marcelo goes live!', 'record', 'Marcelo goes live!', '', '[]', '48e535f7-dba1-4d59-aac3-4c6cced32d6c', 'Video games', '{"width":1280,"height":720,"bitrate":826.38}', '', '4476', '2015-10-27 22:11:42.761400+0000', '2015-10-31 07:25:04.850700+0000');
INSERT INTO "neap"."stream"(stream_id, channel_id, title, topic_id, topic, media_info, viewers, created_at, updated_at, ended_at)
    VALUES ('86af9011-0cb4-4d9c-9c31-61bb2234f6ae', '07e180f0-a9c5-4fd4-a2ac-eb63fad64ee9', 'Music?? Yeah, Music!', 'b369c464-cdea-4356-9d70-1450585652e2', 'Music', '{"width":1280,"height":720,"bitrate":1414.65}', 948, '2015-09-18 21:49:55.661700+0000', '2015-09-19 01:07:02.491600+0000', '2015-09-19 01:56:26.328800+0000');
INSERT INTO "neap"."user"(user_id, channel_id, type, username, email, password, display_name, logo, bio, created_at, updated_at)
    VALUES ('e2f7e479-9d11-4e2a-962a-d07623331842', '01df1548-0b2e-4fc7-978a-80839383a51f', 'user', 'kaleigh', 'kaleigh@neap.io', '$2y$10$SmGXmfZAETWXs96PeutIOeGt2wUnTLoiY4bO2i1A62sXoQFHYnXNO', 'Kaleigh', 'https://gravatar.com/avatar/bbd7f2d626a10e4552ae7835a57d996c?s=128&d=identicon', null, '2015-05-05 05:47:30.058100+0000', '2015-08-27 01:43:01.482900+0000');
INSERT INTO "neap"."channel"(channel_id, user_id, chat_id, name, display_name, topic, language, views, followers)
    VALUES ('01df1548-0b2e-4fc7-978a-80839383a51f', 'e2f7e479-9d11-4e2a-962a-d07623331842', '70b42de2-6393-40fe-8fcc-4ee8a99c2be7', 'kaleigh', 'Kaleigh Channel', 'Theology', 'en', 87332, 117);
INSERT INTO "neap"."chat"(chat_id, channel_id, name)
    VALUES ('70b42de2-6393-40fe-8fcc-4ee8a99c2be7', '01df1548-0b2e-4fc7-978a-80839383a51f', 'kaleigh');
INSERT INTO "neap"."stream"(stream_id, channel_id, title, topic_id, topic, media_info, viewers, created_at, updated_at, ended_at)
    VALUES ('3aeff518-6a4e-403b-954f-448f6e7aa096', '01df1548-0b2e-4fc7-978a-80839383a51f', 'Relax stream', '284b3091-455d-4476-ae67-442a19d153d4', 'Mathematics', '{"width":1920,"height":1080,"bitrate":2019.56}', 1550, '2015-05-09 13:13:22.754300+0000', '2015-05-09 18:15:49.219100+0000', '2015-05-09 19:14:06.314200+0000');
INSERT INTO "neap"."user"(user_id, channel_id, type, username, email, password, display_name, logo, bio, created_at, updated_at)
    VALUES ('3f55f618-b42e-4ded-8833-3ae0e2b75d89', '4eb775a5-29c8-4c2e-a929-416cac5a6609', 'user', 'jayce', 'jayce@neap.io', '$2y$10$loIXRzMEQgikN/M3iOfecOZSWBWAIt3UKgRzEUuzGWAfx8uCbGky6', 'Jayce', 'https://gravatar.com/avatar/933639ced18ee8630688e6479f7a9cc9?s=128&d=identicon', null, '2015-08-11 21:41:44.361900+0000', '2015-09-30 11:20:25.753400+0000');
INSERT INTO "neap"."channel"(channel_id, user_id, chat_id, name, display_name, topic, language, views, followers)
    VALUES ('4eb775a5-29c8-4c2e-a929-416cac5a6609', '3f55f618-b42e-4ded-8833-3ae0e2b75d89', 'cd3358a4-d6da-456d-af06-ff41e39cb6b2', 'jayce', 'Jayce Channel', 'History', 'en', 22263, 63);
INSERT INTO "neap"."chat"(chat_id, channel_id, name)
    VALUES ('cd3358a4-d6da-456d-af06-ff41e39cb6b2', '4eb775a5-29c8-4c2e-a929-416cac5a6609', 'jayce');
INSERT INTO "neap"."stream"(stream_id, channel_id, title, topic_id, topic, media_info, viewers, created_at, updated_at, ended_at)
    VALUES ('9d44727c-3f61-40d5-af6b-167c5ea703f2', '4eb775a5-29c8-4c2e-a929-416cac5a6609', 'Come on and have fun with Jayce!', '994391cf-d41e-46f4-b6eb-ce53824e3a0c', 'Litterature', '{"width":720,"height":400,"bitrate":581.29}', 296, '2015-09-30 09:29:35.995100+0000', '2015-09-30 13:45:06.985300+0000', '2015-09-30 13:53:55.900500+0000');
INSERT INTO "neap"."video"(video_id, stream_id, title, type, description, status, tags, topic_id, topic, media_info, preview, views, created_at, updated_at)
    VALUES ('ea67cbd6-7cb1-4ec2-a5b8-ccde796fa59b', '9d44727c-3f61-40d5-af6b-167c5ea703f2', 'Come on and have fun with Jayce!', 'record', 'Come on and have fun with Jayce!', '', '[]', '994391cf-d41e-46f4-b6eb-ce53824e3a0c', 'Litterature', '{"width":720,"height":400,"bitrate":534.63}', '', '7401', '2015-10-14 21:14:06.652600+0000', '2015-10-17 13:54:49.860000+0000');
INSERT INTO "neap"."stream"(stream_id, channel_id, title, topic_id, topic, media_info, viewers, created_at, updated_at, ended_at)
    VALUES ('71a643d2-ded9-4ebd-9926-7fa741f3c095', '4eb775a5-29c8-4c2e-a929-416cac5a6609', 'The origins of Biology', 'd4f06d27-2693-4552-bd85-d9875651ce39', 'Biology', '{"width":720,"height":400,"bitrate":651.1}', 843, '2015-08-15 18:32:23.720900+0000', '2015-08-15 18:32:42.309100+0000', '2015-08-15 18:38:56.866800+0000');
INSERT INTO "neap"."video"(video_id, stream_id, title, type, description, status, tags, topic_id, topic, media_info, preview, views, created_at, updated_at)
    VALUES ('744703f0-c137-4bef-9a4f-875b6c58a14e', '71a643d2-ded9-4ebd-9926-7fa741f3c095', 'The origins of Biology', 'record', 'The origins of Biology', '', '[]', 'd4f06d27-2693-4552-bd85-d9875651ce39', 'Biology', '{"width":720,"height":400,"bitrate":757.09}', '', '4877', '2015-09-13 09:10:21.316400+0000', '2015-09-13 10:38:55.349100+0000');
INSERT INTO "neap"."stream"(stream_id, channel_id, title, topic_id, topic, media_info, viewers, created_at, updated_at, ended_at)
    VALUES ('2e8f699a-40f5-44a6-ab10-49715f076fe6', '4eb775a5-29c8-4c2e-a929-416cac5a6609', 'Relax stream', 'e496e832-363e-4228-b518-7fe126ccaa04', 'Photography', '{"width":720,"height":400,"bitrate":706.59}', 1712, '2015-09-14 13:49:10.174600+0000', '2015-09-14 15:39:30.651100+0000', '2015-09-14 15:51:28.087600+0000');
INSERT INTO "neap"."video"(video_id, stream_id, title, type, description, status, tags, topic_id, topic, media_info, preview, views, created_at, updated_at)
    VALUES ('dc3f7ee9-6f00-423d-a578-51610bc50122', '2e8f699a-40f5-44a6-ab10-49715f076fe6', 'Relax stream', 'record', 'Relax stream', '', '[]', 'e496e832-363e-4228-b518-7fe126ccaa04', 'Photography', '{"width":720,"height":400,"bitrate":641.43}', '', '32058', '2015-10-19 13:49:26.049500+0000', '2015-10-20 09:06:54.231400+0000');
INSERT INTO "neap"."stream"(stream_id, channel_id, title, topic_id, topic, media_info, viewers, created_at, updated_at, ended_at)
    VALUES ('ce63980d-9cfe-4129-98aa-f537b22f80fc', '4eb775a5-29c8-4c2e-a929-416cac5a6609', 'Jayce goes live!', 'e9af2f53-d2dd-4e32-9dea-26d6ac21bcb8', 'Astrology', '{"width":1920,"height":1080,"bitrate":3385.96}', 1308, '2015-10-30 06:01:57.529200+0000', '2015-10-30 07:46:50.083800+0000', '2015-10-30 08:59:25.525100+0000');
INSERT INTO "neap"."video"(video_id, stream_id, title, type, description, status, tags, topic_id, topic, media_info, preview, views, created_at, updated_at)
    VALUES ('646e40d6-5698-4061-8462-f9cf8069f86f', 'ce63980d-9cfe-4129-98aa-f537b22f80fc', 'Jayce goes live!', 'record', 'Jayce goes live!', '', '[]', 'e9af2f53-d2dd-4e32-9dea-26d6ac21bcb8', 'Astrology', '{"width":1920,"height":1080,"bitrate":2870.84}', '', '17174', '2015-10-31 03:05:45.568200+0000', '2015-10-31 04:35:20.728400+0000');
INSERT INTO "neap"."user"(user_id, channel_id, type, username, email, password, display_name, logo, bio, created_at, updated_at)
    VALUES ('0df75d26-164c-4dfb-b7c0-45f15a7af0a6', 'ca44a049-edba-414e-bd07-3fb0541b234e', 'user', 'brantley', 'brantley@neap.io', '$2y$10$tR3MtAshKH.YE6j59OiKXeXkUYU5FxBJ7GtqY4wwOiVS7Y0ub6fbO', 'Brantley', 'https://gravatar.com/avatar/abe11c694f5fde806673e2ddfc4c8d11?s=128&d=identicon', null, '2015-04-05 17:46:32.198500+0000', '2015-08-21 02:07:59.748400+0000');
INSERT INTO "neap"."channel"(channel_id, user_id, chat_id, name, display_name, topic, language, views, followers)
    VALUES ('ca44a049-edba-414e-bd07-3fb0541b234e', '0df75d26-164c-4dfb-b7c0-45f15a7af0a6', '1541679a-5f91-4678-b1ca-1423955e8219', 'brantley', 'Brantley Channel', 'Litterature', 'en', 20758, 7);
INSERT INTO "neap"."chat"(chat_id, channel_id, name)
    VALUES ('1541679a-5f91-4678-b1ca-1423955e8219', 'ca44a049-edba-414e-bd07-3fb0541b234e', 'brantley');
INSERT INTO "neap"."stream"(stream_id, channel_id, title, topic_id, topic, media_info, viewers, created_at, updated_at, ended_at)
    VALUES ('e327554f-a085-49f7-a072-ca71218cbb48', 'ca44a049-edba-414e-bd07-3fb0541b234e', 'Relax stream', 'e9af2f53-d2dd-4e32-9dea-26d6ac21bcb8', 'Astrology', '{"width":1280,"height":720,"bitrate":1028.35}', 648, '2015-06-03 17:50:34.232700+0000', '2015-06-03 20:52:32.796200+0000', '2015-06-03 22:02:06.515700+0000');
INSERT INTO "neap"."video"(video_id, stream_id, title, type, description, status, tags, topic_id, topic, media_info, preview, views, created_at, updated_at)
    VALUES ('408ada7c-95ae-46f8-8639-60d54d09c261', 'e327554f-a085-49f7-a072-ca71218cbb48', 'Relax stream', 'record', 'Relax stream', '', '[]', 'e9af2f53-d2dd-4e32-9dea-26d6ac21bcb8', 'Astrology', '{"width":1280,"height":720,"bitrate":893.96}', '', '27057', '2015-06-21 15:10:59.062200+0000', '2015-06-24 22:54:26.309900+0000');
INSERT INTO "neap"."video"(video_id, stream_id, title, type, description, status, tags, topic_id, topic, media_info, preview, views, created_at, updated_at)
    VALUES ('ee40137f-2d18-4b19-96cf-b638701dc0c8', 'e327554f-a085-49f7-a072-ca71218cbb48', 'Relax stream', 'record', 'Relax stream', '', '[]', 'e9af2f53-d2dd-4e32-9dea-26d6ac21bcb8', 'Astrology', '{"width":1280,"height":720,"bitrate":786.89}', '', '21274', '2015-07-09 15:55:43.916000+0000', '2015-07-12 21:58:56.170500+0000');
INSERT INTO "neap"."stream"(stream_id, channel_id, title, topic_id, topic, media_info, viewers, created_at, updated_at, ended_at)
    VALUES ('44782fda-541f-41c5-ad74-581797a47d9d', 'ca44a049-edba-414e-bd07-3fb0541b234e', 'Fun with Music and Brantley', 'b369c464-cdea-4356-9d70-1450585652e2', 'Music', '{"width":1920,"height":1080,"bitrate":3383.54}', 9276, '2015-09-29 15:39:18.211400+0000', '2015-09-29 19:45:12.352100+0000', '2015-09-29 20:10:38.245700+0000');
INSERT INTO "neap"."video"(video_id, stream_id, title, type, description, status, tags, topic_id, topic, media_info, preview, views, created_at, updated_at)
    VALUES ('5e4437e9-917e-4fcc-8829-b8977ddf4e46', '44782fda-541f-41c5-ad74-581797a47d9d', 'Fun with Music and Brantley', 'record', 'Fun with Music and Brantley', '', '[]', 'b369c464-cdea-4356-9d70-1450585652e2', 'Music', '{"width":1920,"height":1080,"bitrate":3445.39}', '', '32654', '2015-10-28 20:13:04.564700+0000', '2015-11-01 13:22:03.333900+0000');
INSERT INTO "neap"."video"(video_id, stream_id, title, type, description, status, tags, topic_id, topic, media_info, preview, views, created_at, updated_at)
    VALUES ('d6bbf4b2-a54e-4a7a-a6a7-e97af4ddf201', '44782fda-541f-41c5-ad74-581797a47d9d', 'Fun with Music and Brantley', 'record', 'Fun with Music and Brantley', '', '[]', 'b369c464-cdea-4356-9d70-1450585652e2', 'Music', '{"width":1920,"height":1080,"bitrate":2767.67}', '', '30167', '2015-10-30 12:14:18.670800+0000', '2015-10-30 15:00:25.917100+0000');
INSERT INTO "neap"."stream"(stream_id, channel_id, title, topic_id, topic, media_info, viewers, created_at, updated_at, ended_at)
    VALUES ('a6095144-d206-4ccb-9357-0fcafa0b2ba5', 'ca44a049-edba-414e-bd07-3fb0541b234e', 'Today is Music day', 'b369c464-cdea-4356-9d70-1450585652e2', 'Music', '{"width":1920,"height":1080,"bitrate":1702.34}', 295, '2015-09-20 23:07:37.986800+0000', '2015-09-21 00:47:19.670500+0000', '2015-09-21 01:22:14.880900+0000');
INSERT INTO "neap"."video"(video_id, stream_id, title, type, description, status, tags, topic_id, topic, media_info, preview, views, created_at, updated_at)
    VALUES ('167cb7f8-5747-48a2-9487-fe85002106e3', 'a6095144-d206-4ccb-9357-0fcafa0b2ba5', 'Today is Music day', 'record', 'Today is Music day', '', '[]', 'b369c464-cdea-4356-9d70-1450585652e2', 'Music', '{"width":1920,"height":1080,"bitrate":3378.1}', '', '18418', '2015-09-29 03:49:30.004100+0000', '2015-09-29 16:10:09.708600+0000');
INSERT INTO "neap"."stream"(stream_id, channel_id, title, topic_id, topic, media_info, viewers, created_at, updated_at, ended_at)
    VALUES ('fd1b7ca3-9d7c-4cbc-ad29-6b8f76d68b8c', 'ca44a049-edba-414e-bd07-3fb0541b234e', 'Fun with Astrology and Brantley', 'e9af2f53-d2dd-4e32-9dea-26d6ac21bcb8', 'Astrology', '{"width":1920,"height":1080,"bitrate":1289.48}', 1537, '2015-09-11 05:47:49.755500+0000', '2015-09-11 07:41:49.287000+0000', '2015-09-11 07:57:54.442900+0000');
INSERT INTO "neap"."video"(video_id, stream_id, title, type, description, status, tags, topic_id, topic, media_info, preview, views, created_at, updated_at)
    VALUES ('ae3a1791-a9ec-4025-955d-134e027444ac', 'fd1b7ca3-9d7c-4cbc-ad29-6b8f76d68b8c', 'Fun with Astrology and Brantley', 'record', 'Fun with Astrology and Brantley', '', '[]', 'e9af2f53-d2dd-4e32-9dea-26d6ac21bcb8', 'Astrology', '{"width":1920,"height":1080,"bitrate":2294.57}', '', '34689', '2015-10-05 06:49:47.208600+0000', '2015-10-06 11:28:16.525700+0000');
INSERT INTO "neap"."stream"(stream_id, channel_id, title, topic_id, topic, media_info, viewers, created_at, updated_at, ended_at)
    VALUES ('3f1f4343-c605-411f-bd37-d4ffae0adf3e', 'ca44a049-edba-414e-bd07-3fb0541b234e', 'Brantley goes live!', 'b369c464-cdea-4356-9d70-1450585652e2', 'Music', '{"width":1280,"height":720,"bitrate":798.39}', 192, '2015-08-30 20:31:50.064900+0000', '2015-08-30 23:23:08.887800+0000', '2015-08-30 23:49:14.996500+0000');
INSERT INTO "neap"."stream"(stream_id, channel_id, title, topic_id, topic, media_info, viewers, created_at, updated_at, ended_at)
    VALUES ('0b3529d4-4962-49b9-be94-3a9aff326e8c', 'ca44a049-edba-414e-bd07-3fb0541b234e', 'Come on and have fun with Brantley!', '5f6c7ec0-84ab-4d8e-a2d7-ff1887b55d6e', 'History', '{"width":1920,"height":1080,"bitrate":1027.62}', 162, '2015-04-20 00:36:52.542000+0000', '2015-04-20 06:49:20.669500+0000', '2015-04-20 07:35:53.310100+0000');
INSERT INTO "neap"."video"(video_id, stream_id, title, type, description, status, tags, topic_id, topic, media_info, preview, views, created_at, updated_at)
    VALUES ('8de4e124-925e-47a2-bba3-7169f411fcb5', '0b3529d4-4962-49b9-be94-3a9aff326e8c', 'Come on and have fun with Brantley!', 'record', 'Come on and have fun with Brantley!', '', '[]', '5f6c7ec0-84ab-4d8e-a2d7-ff1887b55d6e', 'History', '{"width":1920,"height":1080,"bitrate":1525.67}', '', '17190', '2015-08-05 09:06:03.888000+0000', '2015-08-05 09:38:27.125200+0000');
INSERT INTO "neap"."video"(video_id, stream_id, title, type, description, status, tags, topic_id, topic, media_info, preview, views, created_at, updated_at)
    VALUES ('fcdcf717-0631-4acd-8469-2ddc19f0a8ff', '0b3529d4-4962-49b9-be94-3a9aff326e8c', 'Come on and have fun with Brantley!', 'record', 'Come on and have fun with Brantley!', '', '[]', '5f6c7ec0-84ab-4d8e-a2d7-ff1887b55d6e', 'History', '{"width":1920,"height":1080,"bitrate":2422.9}', '', '11024', '2015-08-30 01:46:19.131800+0000', '2015-08-30 09:03:11.611500+0000');
INSERT INTO "neap"."user"(user_id, channel_id, type, username, email, password, display_name, logo, bio, created_at, updated_at)
    VALUES ('27755807-fb61-44ed-99da-bf8b41e9c520', '8f985bd1-2fef-4e18-a688-271e0f53f44a', 'user', 'annabell', 'annabell@neap.io', '$2y$10$tlkcxc/XW5uScDi3.szsT.dWeuXy3oLBd7wn1OrYAvXyiq47r6hhS', 'Annabell', 'https://gravatar.com/avatar/939fa40f3da1b4dd8d94f8d9def3535f?s=128&d=identicon', null, '2015-01-27 12:28:19.054400+0000', '2015-07-20 03:57:40.205200+0000');
INSERT INTO "neap"."channel"(channel_id, user_id, chat_id, name, display_name, topic, language, views, followers)
    VALUES ('8f985bd1-2fef-4e18-a688-271e0f53f44a', '27755807-fb61-44ed-99da-bf8b41e9c520', '634cc0f2-3450-42b5-8d07-194d4fe35fda', 'annabell', 'Annabell Channel', 'Video games', 'en', 27123, 35);
INSERT INTO "neap"."chat"(chat_id, channel_id, name)
    VALUES ('634cc0f2-3450-42b5-8d07-194d4fe35fda', '8f985bd1-2fef-4e18-a688-271e0f53f44a', 'annabell');
INSERT INTO "neap"."stream"(stream_id, channel_id, title, topic_id, topic, media_info, viewers, created_at, updated_at, ended_at)
    VALUES ('a7a5d351-2b40-4185-8f1d-be151a54717c', '8f985bd1-2fef-4e18-a688-271e0f53f44a', 'Relax stream', 'e9af2f53-d2dd-4e32-9dea-26d6ac21bcb8', 'Astrology', '{"width":720,"height":400,"bitrate":523.74}', 1670, '2015-06-17 02:24:51.025600+0000', '2015-06-17 06:18:17.993900+0000', '2015-06-17 06:26:49.072200+0000');
INSERT INTO "neap"."user"(user_id, channel_id, type, username, email, password, display_name, logo, bio, created_at, updated_at)
    VALUES ('049dca99-2524-4263-b1c7-35484b4d04f3', '44198b9f-77c2-4b0a-9006-de3d3076451d', 'user', 'layton', 'layton@neap.io', '$2y$10$hNL8tI3tnyGiwNaq9clVgu7j.8T3M4jojj5ghoARVO56OtXqT2rTG', 'Layton', 'https://gravatar.com/avatar/d5bc378d38d62745605b61bfe79cf8b0?s=128&d=identicon', null, '2015-10-25 20:58:46.551300+0000', '2015-10-27 00:30:22.610100+0000');
INSERT INTO "neap"."channel"(channel_id, user_id, chat_id, name, display_name, topic, language, views, followers)
    VALUES ('44198b9f-77c2-4b0a-9006-de3d3076451d', '049dca99-2524-4263-b1c7-35484b4d04f3', 'fd10eaeb-06a2-480d-969d-534562e32787', 'layton', 'Layton Channel', 'Video games', 'en', 30868, 59);
INSERT INTO "neap"."chat"(chat_id, channel_id, name)
    VALUES ('fd10eaeb-06a2-480d-969d-534562e32787', '44198b9f-77c2-4b0a-9006-de3d3076451d', 'layton');
INSERT INTO "neap"."stream"(stream_id, channel_id, title, topic_id, topic, media_info, viewers, created_at, updated_at, ended_at)
    VALUES ('e952ec65-4988-4994-a56f-635b46ba4c59', '44198b9f-77c2-4b0a-9006-de3d3076451d', 'Layton goes live!', 'd4f06d27-2693-4552-bd85-d9875651ce39', 'Biology', '{"width":1920,"height":1080,"bitrate":2685.94}', 174, '2015-10-31 12:12:51.688500+0000', '2015-10-31 14:39:16.467500+0000', '2015-10-31 15:02:41.758000+0000');
INSERT INTO "neap"."video"(video_id, stream_id, title, type, description, status, tags, topic_id, topic, media_info, preview, views, created_at, updated_at)
    VALUES ('5207bf82-d30a-42ae-a667-0d1018c56efe', 'e952ec65-4988-4994-a56f-635b46ba4c59', 'Layton goes live!', 'record', 'Layton goes live!', '', '[]', 'd4f06d27-2693-4552-bd85-d9875651ce39', 'Biology', '{"width":1920,"height":1080,"bitrate":2310.61}', '', '11155', '2015-10-31 19:06:23.880100+0000', '2015-11-01 13:14:05.345200+0000');
INSERT INTO "neap"."stream"(stream_id, channel_id, title, topic_id, topic, media_info, viewers, created_at, updated_at, ended_at)
    VALUES ('de92e3a5-de0d-4378-a859-ea236e6c704d', '44198b9f-77c2-4b0a-9006-de3d3076451d', 'The origins of Mathematics', '284b3091-455d-4476-ae67-442a19d153d4', 'Mathematics', '{"width":720,"height":400,"bitrate":573.81}', 1938, '2015-10-28 20:36:41.148800+0000', '2015-10-29 03:05:30.728800+0000', '2015-10-29 03:10:29.347000+0000');
INSERT INTO "neap"."stream"(stream_id, channel_id, title, topic_id, topic, media_info, viewers, created_at, updated_at, ended_at)
    VALUES ('9e683221-8777-443b-ad49-c74a6bc51352', '44198b9f-77c2-4b0a-9006-de3d3076451d', 'Come on and have fun with Layton!', 'e496e832-363e-4228-b518-7fe126ccaa04', 'Photography', '{"width":720,"height":400,"bitrate":606.16}', 1874, '2015-11-01 10:38:32.096200+0000', '2015-11-01 15:12:33.101500+0000', '2015-11-01 16:43:19.584600+0000');
INSERT INTO "neap"."video"(video_id, stream_id, title, type, description, status, tags, topic_id, topic, media_info, preview, views, created_at, updated_at)
    VALUES ('6fbfe810-ef8f-4841-a9d2-f168800605d9', '9e683221-8777-443b-ad49-c74a6bc51352', 'Come on and have fun with Layton!', 'record', 'Come on and have fun with Layton!', '', '[]', 'e496e832-363e-4228-b518-7fe126ccaa04', 'Photography', '{"width":720,"height":400,"bitrate":696.86}', '', '1622', '2015-11-01 16:04:58.184500+0000', '2015-11-01 16:18:28.026400+0000');
INSERT INTO "neap"."user"(user_id, channel_id, type, username, email, password, display_name, logo, bio, created_at, updated_at)
    VALUES ('11d23adc-5fa9-4ab9-b140-ac2498da054f', '2678dd6d-a294-4834-99a4-f9878241bdf6', 'user', 'dahlia', 'dahlia@neap.io', '$2y$10$sHMwe3ZbCFuN4q3Pu6AVv.C91l8gm0W8zpJWY3vElTQTmEAsag.ku', 'Dahlia', 'https://gravatar.com/avatar/53cee2738aba46e64befbf8ad82f2cfe?s=128&d=identicon', null, '2015-07-23 09:00:13.530700+0000', '2015-08-27 23:51:35.932400+0000');
INSERT INTO "neap"."channel"(channel_id, user_id, chat_id, name, display_name, topic, language, views, followers)
    VALUES ('2678dd6d-a294-4834-99a4-f9878241bdf6', '11d23adc-5fa9-4ab9-b140-ac2498da054f', 'fdb4c745-5e5a-47ff-85f2-6df21307f293', 'dahlia', 'Dahlia Channel', 'Science', 'en', 70048, 113);
INSERT INTO "neap"."chat"(chat_id, channel_id, name)
    VALUES ('fdb4c745-5e5a-47ff-85f2-6df21307f293', '2678dd6d-a294-4834-99a4-f9878241bdf6', 'dahlia');
INSERT INTO "neap"."stream"(stream_id, channel_id, title, topic_id, topic, media_info, viewers, created_at, updated_at, ended_at)
    VALUES ('57d5bb23-9275-4259-b4ba-bf2033058802', '2678dd6d-a294-4834-99a4-f9878241bdf6', 'Philosophy?? Yeah, Philosophy!', '35fa82dc-ed25-47fb-b6cd-58ae8a151f60', 'Philosophy', '{"width":720,"height":400,"bitrate":519.58}', 815, '2015-10-06 23:26:27.173600+0000', '2015-10-07 00:11:55.726000+0000', '2015-10-07 01:56:59.378100+0000');
INSERT INTO "neap"."stream"(stream_id, channel_id, title, topic_id, topic, media_info, viewers, created_at, updated_at, ended_at)
    VALUES ('67651e3d-37a7-4aa9-9e64-d32b533cc7a8', '2678dd6d-a294-4834-99a4-f9878241bdf6', 'Today is Astrology day', 'e9af2f53-d2dd-4e32-9dea-26d6ac21bcb8', 'Astrology', '{"width":1280,"height":720,"bitrate":1268.85}', 1852, '2015-10-17 23:56:26.676900+0000', '2015-10-18 05:33:41.947300+0000', '2015-10-18 05:42:02.609600+0000');
INSERT INTO "neap"."video"(video_id, stream_id, title, type, description, status, tags, topic_id, topic, media_info, preview, views, created_at, updated_at)
    VALUES ('b299c80e-1e91-43b3-b9c8-1666f108c7ee', '67651e3d-37a7-4aa9-9e64-d32b533cc7a8', 'Today is Astrology day', 'record', 'Today is Astrology day', '', '[]', 'e9af2f53-d2dd-4e32-9dea-26d6ac21bcb8', 'Astrology', '{"width":1280,"height":720,"bitrate":1357.62}', '', '311', '2015-10-18 20:21:09.175100+0000', '2015-10-21 21:59:35.941900+0000');
INSERT INTO "neap"."user"(user_id, channel_id, type, username, email, password, display_name, logo, bio, created_at, updated_at)
    VALUES ('96dbc81c-b296-4259-b788-67613ba82f65', '85b8ea74-925c-4faa-898a-1ffb747ecbe3', 'user', 'madelynn', 'madelynn@neap.io', '$2y$10$KxbqgKNIWyrB69Go7sQ8NuleLb6jEXhIzhfJaEyrHbnUbTvnfJioK', 'Madelynn', 'https://gravatar.com/avatar/270ce9f969b7b786b9766816362eb173?s=128&d=identicon', null, '2015-10-12 12:47:06.214600+0000', '2015-10-22 06:36:47.035000+0000');
INSERT INTO "neap"."channel"(channel_id, user_id, chat_id, name, display_name, topic, language, views, followers)
    VALUES ('85b8ea74-925c-4faa-898a-1ffb747ecbe3', '96dbc81c-b296-4259-b788-67613ba82f65', '63bdf892-c5f6-4c2e-a604-6acca06ff826', 'madelynn', 'Madelynn Channel', 'Theology', 'en', 59877, 46);
INSERT INTO "neap"."chat"(chat_id, channel_id, name)
    VALUES ('63bdf892-c5f6-4c2e-a604-6acca06ff826', '85b8ea74-925c-4faa-898a-1ffb747ecbe3', 'madelynn');
INSERT INTO "neap"."stream"(stream_id, channel_id, title, topic_id, topic, media_info, viewers, created_at, updated_at, ended_at)
    VALUES ('0ec1a5a7-fed6-45e8-84d0-34caeebbfcd6', '85b8ea74-925c-4faa-898a-1ffb747ecbe3', 'Come on and have fun with Madelynn!', 'd4f06d27-2693-4552-bd85-d9875651ce39', 'Biology', '{"width":1280,"height":720,"bitrate":844.32}', 461, '2015-10-24 13:08:35.930100+0000', '2015-10-24 19:09:34.552000+0000', '2015-10-24 19:57:06.462500+0000');
INSERT INTO "neap"."video"(video_id, stream_id, title, type, description, status, tags, topic_id, topic, media_info, preview, views, created_at, updated_at)
    VALUES ('b612b5f7-48d5-4520-b2d4-0d142edcdea6', '0ec1a5a7-fed6-45e8-84d0-34caeebbfcd6', 'Come on and have fun with Madelynn!', 'record', 'Come on and have fun with Madelynn!', '', '[]', 'd4f06d27-2693-4552-bd85-d9875651ce39', 'Biology', '{"width":1280,"height":720,"bitrate":1071.06}', '', '37997', '2015-10-25 19:13:16.016700+0000', '2015-10-28 12:15:15.561500+0000');
INSERT INTO "neap"."video"(video_id, stream_id, title, type, description, status, tags, topic_id, topic, media_info, preview, views, created_at, updated_at)
    VALUES ('1365af6b-6f84-42e2-8b8a-299474f0cab8', '0ec1a5a7-fed6-45e8-84d0-34caeebbfcd6', 'Come on and have fun with Madelynn!', 'record', 'Come on and have fun with Madelynn!', '', '[]', 'd4f06d27-2693-4552-bd85-d9875651ce39', 'Biology', '{"width":1280,"height":720,"bitrate":1180.07}', '', '3977', '2015-10-29 23:33:33.323100+0000', '2015-11-04 15:11:57.783400+0000');
INSERT INTO "neap"."stream"(stream_id, channel_id, title, topic_id, topic, media_info, viewers, created_at, updated_at, ended_at)
    VALUES ('295a3545-46da-4fdc-a7b6-5d3d3d1d408c', '85b8ea74-925c-4faa-898a-1ffb747ecbe3', 'Fun with Philosophy and Madelynn', '35fa82dc-ed25-47fb-b6cd-58ae8a151f60', 'Philosophy', '{"width":1920,"height":1080,"bitrate":2003.98}', 1543, '2015-10-30 19:07:10.310900+0000', '2015-10-30 19:43:17.723100+0000', '2015-10-30 20:05:24.078700+0000');
INSERT INTO "neap"."stream"(stream_id, channel_id, title, topic_id, topic, media_info, viewers, created_at, updated_at, ended_at)
    VALUES ('060375b2-f819-4523-adf7-15b782c5f368', '85b8ea74-925c-4faa-898a-1ffb747ecbe3', 'Fun with Science and Madelynn', '1cae4612-f178-4a0e-b3af-343a88b99638', 'Science', '{"width":1920,"height":1080,"bitrate":1562.75}', 946, '2015-10-16 07:24:12.994400+0000', '2015-10-16 09:57:35.761100+0000', '2015-10-16 11:02:32.270900+0000');
INSERT INTO "neap"."stream"(stream_id, channel_id, title, topic_id, topic, media_info, viewers, created_at, updated_at, ended_at)
    VALUES ('1718f23e-7173-4223-a8f7-897d4945037b', '85b8ea74-925c-4faa-898a-1ffb747ecbe3', 'Today is History day', '5f6c7ec0-84ab-4d8e-a2d7-ff1887b55d6e', 'History', '{"width":720,"height":400,"bitrate":595.21}', 1433, '2015-10-23 01:46:07.057900+0000', '2015-10-23 02:21:13.226200+0000', '2015-10-23 02:22:10.159100+0000');
INSERT INTO "neap"."video"(video_id, stream_id, title, type, description, status, tags, topic_id, topic, media_info, preview, views, created_at, updated_at)
    VALUES ('e998236e-cdd3-4ea6-b952-4f771a5e263e', '1718f23e-7173-4223-a8f7-897d4945037b', 'Today is History day', 'record', 'Today is History day', '', '[]', '5f6c7ec0-84ab-4d8e-a2d7-ff1887b55d6e', 'History', '{"width":720,"height":400,"bitrate":663.44}', '', '348', '2015-10-23 16:52:08.626800+0000', '2015-10-26 05:52:33.761800+0000');
INSERT INTO "neap"."stream"(stream_id, channel_id, title, topic_id, topic, media_info, viewers, created_at, updated_at, ended_at)
    VALUES ('40132b7e-77c4-4b1e-b79a-bfe54fb03784', '85b8ea74-925c-4faa-898a-1ffb747ecbe3', 'The origins of Video games', '48e535f7-dba1-4d59-aac3-4c6cced32d6c', 'Video games', '{"width":1280,"height":720,"bitrate":1147.48}', 1471, '2015-10-13 21:43:52.256000+0000', '2015-10-13 22:03:28.746300+0000', '2015-10-13 22:13:13.792800+0000');
INSERT INTO "neap"."video"(video_id, stream_id, title, type, description, status, tags, topic_id, topic, media_info, preview, views, created_at, updated_at)
    VALUES ('239abd77-3114-40fd-bd9e-3024160d7acb', '40132b7e-77c4-4b1e-b79a-bfe54fb03784', 'The origins of Video games', 'record', 'The origins of Video games', '', '[]', '48e535f7-dba1-4d59-aac3-4c6cced32d6c', 'Video games', '{"width":1280,"height":720,"bitrate":1379.19}', '', '23237', '2015-10-16 12:56:18.522300+0000', '2015-10-17 05:44:00.561400+0000');
INSERT INTO "neap"."user"(user_id, channel_id, type, username, email, password, display_name, logo, bio, created_at, updated_at)
    VALUES ('e82fe17b-f5a0-4c2e-bfb3-9e70a6778dba', 'af9f52d1-90e1-407c-89d4-bc8b1d027b39', 'user', 'gavin', 'gavin@neap.io', '$2y$10$D8H.s/XE78zUgEtz.PumhuOxZ0wbm9eRxgU.5xS32b2CFjUjHhUL.', 'Gavin', 'https://gravatar.com/avatar/c0542eb77dc6c957818c5584fc68083a?s=128&d=identicon', null, '2015-04-08 10:34:02.153900+0000', '2015-05-06 04:57:36.885400+0000');
INSERT INTO "neap"."channel"(channel_id, user_id, chat_id, name, display_name, topic, language, views, followers)
    VALUES ('af9f52d1-90e1-407c-89d4-bc8b1d027b39', 'e82fe17b-f5a0-4c2e-bfb3-9e70a6778dba', 'c21efe15-298c-4b85-883a-dc92af8bb6a0', 'gavin', 'Gavin Channel', 'Science', 'en', 25681, 14);
INSERT INTO "neap"."chat"(chat_id, channel_id, name)
    VALUES ('c21efe15-298c-4b85-883a-dc92af8bb6a0', 'af9f52d1-90e1-407c-89d4-bc8b1d027b39', 'gavin');
INSERT INTO "neap"."stream"(stream_id, channel_id, title, topic_id, topic, media_info, viewers, created_at, updated_at, ended_at)
    VALUES ('ccef4842-8fc9-4222-b8af-c76ca1447661', 'af9f52d1-90e1-407c-89d4-bc8b1d027b39', 'Gavin goes live!', 'd4f06d27-2693-4552-bd85-d9875651ce39', 'Biology', '{"width":1280,"height":720,"bitrate":1087.43}', 916, '2015-08-06 06:53:06.832800+0000', '2015-08-06 12:35:35.092100+0000', '2015-08-06 13:17:15.638400+0000');
INSERT INTO "neap"."video"(video_id, stream_id, title, type, description, status, tags, topic_id, topic, media_info, preview, views, created_at, updated_at)
    VALUES ('766ecac2-56e9-4230-83c4-80b24885aac6', 'ccef4842-8fc9-4222-b8af-c76ca1447661', 'Gavin goes live!', 'record', 'Gavin goes live!', '', '[]', 'd4f06d27-2693-4552-bd85-d9875651ce39', 'Biology', '{"width":1280,"height":720,"bitrate":938.62}', '', '27822', '2015-08-12 12:08:21.435600+0000', '2015-08-16 10:04:10.434000+0000');
INSERT INTO "neap"."stream"(stream_id, channel_id, title, topic_id, topic, media_info, viewers, created_at, updated_at, ended_at)
    VALUES ('c7481920-7edf-4981-b4fe-25fdd8cb11e5', 'af9f52d1-90e1-407c-89d4-bc8b1d027b39', 'Fun with Music and Gavin', 'b369c464-cdea-4356-9d70-1450585652e2', 'Music', '{"width":720,"height":400,"bitrate":689.97}', 741, '2015-04-19 18:01:12.687500+0000', '2015-04-19 18:04:27.548600+0000', '2015-04-19 18:25:02.633300+0000');
INSERT INTO "neap"."stream"(stream_id, channel_id, title, topic_id, topic, media_info, viewers, created_at, updated_at, ended_at)
    VALUES ('0894e588-a40e-42b5-851d-6b0cbc050c6d', 'af9f52d1-90e1-407c-89d4-bc8b1d027b39', 'Fun with Theology and Gavin', 'd2ea25fc-eb67-4c63-86d0-58ba2ce51b56', 'Theology', '{"width":720,"height":400,"bitrate":765.25}', 984, '2015-09-01 21:06:21.229900+0000', '2015-09-01 21:22:54.333100+0000', '2015-09-01 21:50:12.307100+0000');
INSERT INTO "neap"."user"(user_id, channel_id, type, username, email, password, display_name, logo, bio, created_at, updated_at)
    VALUES ('d3c7a34f-d6f7-4cc0-aaac-28cf4469501d', '90cab2dc-f040-46a4-beb0-5a91f78bfd2c', 'user', 'ronnie', 'ronnie@neap.io', '$2y$10$Dn/RVEbU/PPyr6bWKvUDf.kS2YCJCvadLWo3uJCCMhNEUbz4/VSY2', 'Ronnie', 'https://gravatar.com/avatar/b82a1e1d074fa5f9f748e964e23aa376?s=128&d=identicon', null, '2015-04-01 09:34:37.794200+0000', '2015-10-08 13:07:25.567000+0000');
INSERT INTO "neap"."channel"(channel_id, user_id, chat_id, name, display_name, topic, language, views, followers)
    VALUES ('90cab2dc-f040-46a4-beb0-5a91f78bfd2c', 'd3c7a34f-d6f7-4cc0-aaac-28cf4469501d', '6afabded-6a36-47b8-b189-8e445faf70b5', 'ronnie', 'Ronnie Channel', 'Philosophy', 'en', 62510, 122);
INSERT INTO "neap"."chat"(chat_id, channel_id, name)
    VALUES ('6afabded-6a36-47b8-b189-8e445faf70b5', '90cab2dc-f040-46a4-beb0-5a91f78bfd2c', 'ronnie');
INSERT INTO "neap"."stream"(stream_id, channel_id, title, topic_id, topic, media_info, viewers, created_at, updated_at, ended_at)
    VALUES ('eab09499-1ca5-49c8-a5c5-fc19de98f49d', '90cab2dc-f040-46a4-beb0-5a91f78bfd2c', 'Mathematics?? Yeah, Mathematics!', '284b3091-455d-4476-ae67-442a19d153d4', 'Mathematics', '{"width":1280,"height":720,"bitrate":1462.1}', 366, '2015-04-29 11:32:15.186500+0000', '2015-04-29 16:14:59.614000+0000', '2015-04-29 16:22:19.903900+0000');
INSERT INTO "neap"."stream"(stream_id, channel_id, title, topic_id, topic, media_info, viewers, created_at, updated_at, ended_at)
    VALUES ('0bddaa4e-b6dc-412f-aaa2-088530be6b67', '90cab2dc-f040-46a4-beb0-5a91f78bfd2c', 'Today is Theology day', 'd2ea25fc-eb67-4c63-86d0-58ba2ce51b56', 'Theology', '{"width":1280,"height":720,"bitrate":1446.9}', 1478, '2015-10-13 17:36:50.831000+0000', '2015-10-13 18:55:23.496400+0000', '2015-10-13 18:56:10.870900+0000');
INSERT INTO "neap"."video"(video_id, stream_id, title, type, description, status, tags, topic_id, topic, media_info, preview, views, created_at, updated_at)
    VALUES ('a5d39ef9-6dae-49c9-aae6-dabdad534d1a', '0bddaa4e-b6dc-412f-aaa2-088530be6b67', 'Today is Theology day', 'highlight', 'Today is Theology day', '', '[]', 'd2ea25fc-eb67-4c63-86d0-58ba2ce51b56', 'Theology', '{"width":1280,"height":720,"bitrate":888.53}', '', '17844', '2015-10-20 17:03:56.062000+0000', '2015-10-22 22:49:04.813200+0000');
INSERT INTO "neap"."video"(video_id, stream_id, title, type, description, status, tags, topic_id, topic, media_info, preview, views, created_at, updated_at)
    VALUES ('6f35b145-7d88-479f-9a1f-23f375c17bc2', '0bddaa4e-b6dc-412f-aaa2-088530be6b67', 'Today is Theology day', 'record', 'Today is Theology day', '', '[]', 'd2ea25fc-eb67-4c63-86d0-58ba2ce51b56', 'Theology', '{"width":1280,"height":720,"bitrate":1497.94}', '', '23854', '2015-10-23 02:40:01.724300+0000', '2015-10-28 05:28:16.946000+0000');
INSERT INTO "neap"."stream"(stream_id, channel_id, title, topic_id, topic, media_info, viewers, created_at, updated_at, ended_at)
    VALUES ('6dfc2ea9-cbb4-41b9-8759-b7e18970dc6d', '90cab2dc-f040-46a4-beb0-5a91f78bfd2c', 'The origins of Biology', 'd4f06d27-2693-4552-bd85-d9875651ce39', 'Biology', '{"width":1280,"height":720,"bitrate":1186.61}', 969, '2015-06-21 19:21:04.209300+0000', '2015-06-22 02:55:16.222300+0000', '2015-06-22 03:35:52.576600+0000');
INSERT INTO "neap"."user"(user_id, channel_id, type, username, email, password, display_name, logo, bio, created_at, updated_at)
    VALUES ('539d86cb-4fc4-436b-8a29-a6302c546e45', '3e67d8ed-556b-45ad-8244-b41e533b2a13', 'user', 'shaun', 'shaun@neap.io', '$2y$10$KGPXcSpVdsDKTbggOfvb8eXbDTb3F2A5PNAELMEWo4kboSWDRLDxm', 'Shaun', 'https://gravatar.com/avatar/c9ea5ce1761f2e522ec4b1473241f528?s=128&d=identicon', null, '2015-01-31 03:18:06.720300+0000', '2015-06-29 17:44:33.274700+0000');
INSERT INTO "neap"."channel"(channel_id, user_id, chat_id, name, display_name, topic, language, views, followers)
    VALUES ('3e67d8ed-556b-45ad-8244-b41e533b2a13', '539d86cb-4fc4-436b-8a29-a6302c546e45', '0ffe6b64-70a0-4145-8855-4ec6af80acdd', 'shaun', 'Shaun Channel', 'Science', 'en', 21905, 26);
INSERT INTO "neap"."chat"(chat_id, channel_id, name)
    VALUES ('0ffe6b64-70a0-4145-8855-4ec6af80acdd', '3e67d8ed-556b-45ad-8244-b41e533b2a13', 'shaun');
INSERT INTO "neap"."stream"(stream_id, channel_id, title, topic_id, topic, media_info, viewers, created_at, updated_at, ended_at)
    VALUES ('16473209-48ae-4f67-8711-e25d42ae1fcd', '3e67d8ed-556b-45ad-8244-b41e533b2a13', 'Litterature?? Yeah, Litterature!', '994391cf-d41e-46f4-b6eb-ce53824e3a0c', 'Litterature', '{"width":1920,"height":1080,"bitrate":3267.29}', 37997, '2015-03-11 21:13:52.244500+0000', '2015-03-12 01:05:55.679300+0000', '2015-03-12 01:39:37.046300+0000');
INSERT INTO "neap"."stream"(stream_id, channel_id, title, topic_id, topic, media_info, viewers, created_at, updated_at, ended_at)
    VALUES ('622c1446-ab33-4794-9447-96b2b9667dee', '3e67d8ed-556b-45ad-8244-b41e533b2a13', 'Shaun goes live!', 'e496e832-363e-4228-b518-7fe126ccaa04', 'Photography', '{"width":1920,"height":1080,"bitrate":2097.98}', 83904, '2015-06-29 00:29:12.536300+0000', '2015-06-29 04:45:26.372400+0000', '2015-06-29 04:58:29.279800+0000');
INSERT INTO "neap"."video"(video_id, stream_id, title, type, description, status, tags, topic_id, topic, media_info, preview, views, created_at, updated_at)
    VALUES ('fec14615-5f6d-4749-84ca-f9d4e74c091e', '622c1446-ab33-4794-9447-96b2b9667dee', 'Shaun goes live!', 'record', 'Shaun goes live!', '', '[]', 'e496e832-363e-4228-b518-7fe126ccaa04', 'Photography', '{"width":1920,"height":1080,"bitrate":2871.86}', '', '22797', '2015-09-01 05:19:29.283700+0000', '2015-09-01 08:46:32.908700+0000');
INSERT INTO "neap"."video"(video_id, stream_id, title, type, description, status, tags, topic_id, topic, media_info, preview, views, created_at, updated_at)
    VALUES ('fdac0e49-194b-433f-be21-2d74291a47b3', '622c1446-ab33-4794-9447-96b2b9667dee', 'Shaun goes live!', 'record', 'Shaun goes live!', '', '[]', 'e496e832-363e-4228-b518-7fe126ccaa04', 'Photography', '{"width":1920,"height":1080,"bitrate":1901.96}', '', '38781', '2015-07-05 06:39:42.158700+0000', '2015-07-05 16:46:12.154100+0000');
INSERT INTO "neap"."stream"(stream_id, channel_id, title, topic_id, topic, media_info, viewers, created_at, updated_at, ended_at)
    VALUES ('98ba834c-131c-4821-bd5a-14169e97d370', '3e67d8ed-556b-45ad-8244-b41e533b2a13', 'Fun with Astrology and Shaun', 'e9af2f53-d2dd-4e32-9dea-26d6ac21bcb8', 'Astrology', '{"width":1280,"height":720,"bitrate":998.29}', 59, '2015-03-13 01:46:38.364500+0000', '2015-03-13 05:54:51.581200+0000', '2015-03-13 05:55:00.915700+0000');
INSERT INTO "neap"."stream"(stream_id, channel_id, title, topic_id, topic, media_info, viewers, created_at, updated_at, ended_at)
    VALUES ('b9285a7c-6bb4-475f-9242-3b5718914899', '3e67d8ed-556b-45ad-8244-b41e533b2a13', 'Relax stream', 'd2ea25fc-eb67-4c63-86d0-58ba2ce51b56', 'Theology', '{"width":1280,"height":720,"bitrate":889.49}', 1565, '2015-05-23 12:58:31.249500+0000', '2015-05-23 14:02:33.124700+0000', '2015-05-23 14:14:59.357700+0000');
INSERT INTO "neap"."video"(video_id, stream_id, title, type, description, status, tags, topic_id, topic, media_info, preview, views, created_at, updated_at)
    VALUES ('00b97c83-2cb7-4576-bdce-031cd453a334', 'b9285a7c-6bb4-475f-9242-3b5718914899', 'Relax stream', 'record', 'Relax stream', '', '[]', 'd2ea25fc-eb67-4c63-86d0-58ba2ce51b56', 'Theology', '{"width":1280,"height":720,"bitrate":1213.91}', '', '3189', '2015-11-01 21:07:47.709100+0000', '2015-11-02 16:40:28.788400+0000');
INSERT INTO "neap"."video"(video_id, stream_id, title, type, description, status, tags, topic_id, topic, media_info, preview, views, created_at, updated_at)
    VALUES ('5513994e-d3ca-4821-97a9-b110245de5b9', 'b9285a7c-6bb4-475f-9242-3b5718914899', 'Relax stream', 'record', 'Relax stream', '', '[]', 'd2ea25fc-eb67-4c63-86d0-58ba2ce51b56', 'Theology', '{"width":1280,"height":720,"bitrate":1246.56}', '', '2534', '2015-07-23 09:52:22.377200+0000', '2015-07-23 10:15:51.496200+0000');
INSERT INTO "neap"."stream"(stream_id, channel_id, title, topic_id, topic, media_info, viewers, created_at, updated_at, ended_at)
    VALUES ('b69d38a4-3b30-4c87-97a0-d355d86b0b66', '3e67d8ed-556b-45ad-8244-b41e533b2a13', 'Philosophy?? Yeah, Philosophy!', '35fa82dc-ed25-47fb-b6cd-58ae8a151f60', 'Philosophy', '{"width":720,"height":400,"bitrate":558.21}', 1004, '2015-08-01 21:47:52.351800+0000', '2015-08-02 04:32:57.652700+0000', '2015-08-02 04:43:15.849200+0000');
INSERT INTO "neap"."stream"(stream_id, channel_id, title, topic_id, topic, media_info, viewers, created_at, updated_at, ended_at)
    VALUES ('d6a3bdaf-b4a1-4828-a5ba-abbaa7407533', '3e67d8ed-556b-45ad-8244-b41e533b2a13', 'The origins of Mathematics', '284b3091-455d-4476-ae67-442a19d153d4', 'Mathematics', '{"width":1280,"height":720,"bitrate":1244.74}', 1510, '2015-07-14 02:21:27.094300+0000', '2015-07-14 10:23:46.578600+0000', '2015-07-14 11:30:48.258600+0000');
INSERT INTO "neap"."stream"(stream_id, channel_id, title, topic_id, topic, media_info, viewers, created_at, updated_at, ended_at)
    VALUES ('e273ac95-554c-4852-90e0-9150f9a98326', '3e67d8ed-556b-45ad-8244-b41e533b2a13', 'Theology?? Yeah, Theology!', 'd2ea25fc-eb67-4c63-86d0-58ba2ce51b56', 'Theology', '{"width":1280,"height":720,"bitrate":1334.85}', 1505, '2015-08-16 06:27:44.746400+0000', '2015-08-16 08:02:24.683700+0000', '2015-08-16 09:14:01.604100+0000');
INSERT INTO "neap"."stream"(stream_id, channel_id, title, topic_id, topic, media_info, viewers, created_at, updated_at, ended_at)
    VALUES ('14ec7596-8988-422e-8c17-2f87375fe9dd', '3e67d8ed-556b-45ad-8244-b41e533b2a13', 'Today is History day', '5f6c7ec0-84ab-4d8e-a2d7-ff1887b55d6e', 'History', '{"width":1280,"height":720,"bitrate":948.62}', 407, '2015-03-05 12:33:00.174200+0000', '2015-03-05 19:11:06.211900+0000', '2015-03-05 19:36:27.526400+0000');
INSERT INTO "neap"."video"(video_id, stream_id, title, type, description, status, tags, topic_id, topic, media_info, preview, views, created_at, updated_at)
    VALUES ('2d84680f-c64e-4cd7-9978-68c76105df97', '14ec7596-8988-422e-8c17-2f87375fe9dd', 'Today is History day', 'record', 'Today is History day', '', '[]', '5f6c7ec0-84ab-4d8e-a2d7-ff1887b55d6e', 'History', '{"width":1280,"height":720,"bitrate":1058.19}', '', '11372', '2015-05-02 15:10:49.789800+0000', '2015-05-03 05:07:49.153300+0000');
INSERT INTO "neap"."stream"(stream_id, channel_id, title, topic_id, topic, media_info, viewers, created_at, updated_at, ended_at)
    VALUES ('4a97f12d-b610-4af2-9aaf-b9cb011fc8bd', '3e67d8ed-556b-45ad-8244-b41e533b2a13', 'Shaun goes live!', 'd2ea25fc-eb67-4c63-86d0-58ba2ce51b56', 'Theology', '{"width":1280,"height":720,"bitrate":756.6}', 1111, '2015-04-16 19:09:19.063200+0000', '2015-04-16 20:12:05.347100+0000', '2015-04-16 20:34:30.301400+0000');
INSERT INTO "neap"."video"(video_id, stream_id, title, type, description, status, tags, topic_id, topic, media_info, preview, views, created_at, updated_at)
    VALUES ('b05db75f-c0f1-45a6-b909-2e97484e9acd', '4a97f12d-b610-4af2-9aaf-b9cb011fc8bd', 'Shaun goes live!', 'highlight', 'Shaun goes live!', '', '[]', 'd2ea25fc-eb67-4c63-86d0-58ba2ce51b56', 'Theology', '{"width":1280,"height":720,"bitrate":757.19}', '', '36462', '2015-07-18 07:04:22.077200+0000', '2015-07-18 14:24:40.811700+0000');
INSERT INTO "neap"."stream"(stream_id, channel_id, title, topic_id, topic, media_info, viewers, created_at, updated_at, ended_at)
    VALUES ('f968ed6f-abf0-4f68-8713-44356bff7ae8', '3e67d8ed-556b-45ad-8244-b41e533b2a13', 'Shaun goes live!', 'd4f06d27-2693-4552-bd85-d9875651ce39', 'Biology', '{"width":1920,"height":1080,"bitrate":2686.06}', 823, '2015-07-14 03:26:59.790900+0000', '2015-07-14 03:43:42.597000+0000', '2015-07-14 04:40:38.469300+0000');
INSERT INTO "neap"."user"(user_id, channel_id, type, username, email, password, display_name, logo, bio, created_at, updated_at)
    VALUES ('11ba305e-017e-48ef-ac6d-056ab12b867c', '383e9285-d1e1-4111-890a-c45219f206d6', 'user', 'gerald', 'gerald@neap.io', '$2y$10$CO2q73ZgACxX6zBlWV919e/y.m5q0y4/3Z9Vg9N5LbZCdO.BVRIQW', 'Gerald', 'https://gravatar.com/avatar/c0cb91410257511e6833c2ee4dbb2d9b?s=128&d=identicon', null, '2015-07-02 09:15:33.279400+0000', '2015-08-15 17:23:28.940500+0000');
INSERT INTO "neap"."channel"(channel_id, user_id, chat_id, name, display_name, topic, language, views, followers)
    VALUES ('383e9285-d1e1-4111-890a-c45219f206d6', '11ba305e-017e-48ef-ac6d-056ab12b867c', 'd96a7985-a1bf-405e-b388-dd0504395eae', 'gerald', 'Gerald Channel', 'Biology', 'en', 97900, 124);
INSERT INTO "neap"."chat"(chat_id, channel_id, name)
    VALUES ('d96a7985-a1bf-405e-b388-dd0504395eae', '383e9285-d1e1-4111-890a-c45219f206d6', 'gerald');
INSERT INTO "neap"."stream"(stream_id, channel_id, title, topic_id, topic, media_info, viewers, created_at, updated_at, ended_at)
    VALUES ('4897fcb8-bae7-4862-a4e5-caf56cd6c2d3', '383e9285-d1e1-4111-890a-c45219f206d6', 'Gerald goes live!', 'e496e832-363e-4228-b518-7fe126ccaa04', 'Photography', '{"width":1280,"height":720,"bitrate":805.77}', 916, '2015-08-17 00:53:19.591300+0000', '2015-08-17 08:12:38.352400+0000', '2015-08-17 08:18:25.747900+0000');
INSERT INTO "neap"."video"(video_id, stream_id, title, type, description, status, tags, topic_id, topic, media_info, preview, views, created_at, updated_at)
    VALUES ('3a9f2280-b660-4544-a107-68aad6af3400', '4897fcb8-bae7-4862-a4e5-caf56cd6c2d3', 'Gerald goes live!', 'record', 'Gerald goes live!', '', '[]', 'e496e832-363e-4228-b518-7fe126ccaa04', 'Photography', '{"width":1280,"height":720,"bitrate":801.39}', '', '16169', '2015-10-17 00:43:33.984400+0000', '2015-10-20 06:19:15.319100+0000');
INSERT INTO "neap"."stream"(stream_id, channel_id, title, topic_id, topic, media_info, viewers, created_at, updated_at, ended_at)
    VALUES ('055c0399-be9a-4d51-9c4d-9b28f1e7058a', '383e9285-d1e1-4111-890a-c45219f206d6', 'Relax stream', 'e496e832-363e-4228-b518-7fe126ccaa04', 'Photography', '{"width":1280,"height":720,"bitrate":1088.75}', 1964, '2015-07-04 22:30:46.583400+0000', '2015-07-04 23:13:51.117400+0000', '2015-07-05 00:32:01.213400+0000');
INSERT INTO "neap"."video"(video_id, stream_id, title, type, description, status, tags, topic_id, topic, media_info, preview, views, created_at, updated_at)
    VALUES ('ecab9453-a3d6-4805-9faf-c421fc50cf48', '055c0399-be9a-4d51-9c4d-9b28f1e7058a', 'Relax stream', 'record', 'Relax stream', '', '[]', 'e496e832-363e-4228-b518-7fe126ccaa04', 'Photography', '{"width":1280,"height":720,"bitrate":1185.45}', '', '22654', '2015-08-15 06:15:16.934600+0000', '2015-08-15 08:35:56.093900+0000');
INSERT INTO "neap"."stream"(stream_id, channel_id, title, topic_id, topic, media_info, viewers, created_at, updated_at, ended_at)
    VALUES ('7e80892a-3ebe-4e00-8ec6-88aae5e6823e', '383e9285-d1e1-4111-890a-c45219f206d6', 'Fun with History and Gerald', '5f6c7ec0-84ab-4d8e-a2d7-ff1887b55d6e', 'History', '{"width":1920,"height":1080,"bitrate":1753.83}', 485, '2015-09-30 14:57:40.421600+0000', '2015-09-30 15:02:27.282600+0000', '2015-09-30 16:25:22.022600+0000');
INSERT INTO "neap"."video"(video_id, stream_id, title, type, description, status, tags, topic_id, topic, media_info, preview, views, created_at, updated_at)
    VALUES ('2e27ba6c-2b09-4969-8b77-d8764974d8b0', '7e80892a-3ebe-4e00-8ec6-88aae5e6823e', 'Fun with History and Gerald', 'record', 'Fun with History and Gerald', '', '[]', '5f6c7ec0-84ab-4d8e-a2d7-ff1887b55d6e', 'History', '{"width":1920,"height":1080,"bitrate":1042.23}', '', '12213', '2015-10-27 19:07:25.926900+0000', '2015-10-28 09:51:27.929000+0000');
INSERT INTO "neap"."video"(video_id, stream_id, title, type, description, status, tags, topic_id, topic, media_info, preview, views, created_at, updated_at)
    VALUES ('c0d755e3-cae5-4368-b1f1-ad645d094811', '7e80892a-3ebe-4e00-8ec6-88aae5e6823e', 'Fun with History and Gerald', 'record', 'Fun with History and Gerald', '', '[]', '5f6c7ec0-84ab-4d8e-a2d7-ff1887b55d6e', 'History', '{"width":1920,"height":1080,"bitrate":2406.89}', '', '657', '2015-10-12 08:32:11.548900+0000', '2015-10-12 21:08:00.291800+0000');
INSERT INTO "neap"."stream"(stream_id, channel_id, title, topic_id, topic, media_info, viewers, created_at, updated_at, ended_at)
    VALUES ('ed1f4193-4bf8-4552-a00b-e88829c93bf1', '383e9285-d1e1-4111-890a-c45219f206d6', 'Come on and have fun with Gerald!', '48e535f7-dba1-4d59-aac3-4c6cced32d6c', 'Video games', '{"width":720,"height":400,"bitrate":688.92}', 1087, '2015-07-13 01:05:53.284000+0000', '2015-07-13 01:35:53.569100+0000', '2015-07-13 01:57:57.284400+0000');
INSERT INTO "neap"."video"(video_id, stream_id, title, type, description, status, tags, topic_id, topic, media_info, preview, views, created_at, updated_at)
    VALUES ('97a9d7df-3c49-4f66-8142-6760687255f9', 'ed1f4193-4bf8-4552-a00b-e88829c93bf1', 'Come on and have fun with Gerald!', 'record', 'Come on and have fun with Gerald!', '', '[]', '48e535f7-dba1-4d59-aac3-4c6cced32d6c', 'Video games', '{"width":720,"height":400,"bitrate":767.02}', '', '31854', '2015-10-31 11:44:58.728400+0000', '2015-11-01 00:52:00.241900+0000');
INSERT INTO "neap"."stream"(stream_id, channel_id, title, topic_id, topic, media_info, viewers, created_at, updated_at, ended_at)
    VALUES ('0da96820-02cc-4e5b-8c35-aa9088eb3d74', '383e9285-d1e1-4111-890a-c45219f206d6', 'Relax stream', '284b3091-455d-4476-ae67-442a19d153d4', 'Mathematics', '{"width":1920,"height":1080,"bitrate":1612.86}', 1173, '2015-07-08 03:02:50.054400+0000', '2015-07-08 09:28:48.003400+0000', '2015-07-08 10:15:36.230400+0000');
INSERT INTO "neap"."video"(video_id, stream_id, title, type, description, status, tags, topic_id, topic, media_info, preview, views, created_at, updated_at)
    VALUES ('c04f6906-1a56-4b88-be51-6bd77546a03d', '0da96820-02cc-4e5b-8c35-aa9088eb3d74', 'Relax stream', 'record', 'Relax stream', '', '[]', '284b3091-455d-4476-ae67-442a19d153d4', 'Mathematics', '{"width":1920,"height":1080,"bitrate":1545.7}', '', '12936', '2015-09-06 16:25:25.971900+0000', '2015-09-08 01:44:47.002500+0000');
INSERT INTO "neap"."video"(video_id, stream_id, title, type, description, status, tags, topic_id, topic, media_info, preview, views, created_at, updated_at)
    VALUES ('a3f174c5-7aad-4fe1-bc0f-9c6b12e3d884', '0da96820-02cc-4e5b-8c35-aa9088eb3d74', 'Relax stream', 'record', 'Relax stream', '', '[]', '284b3091-455d-4476-ae67-442a19d153d4', 'Mathematics', '{"width":1920,"height":1080,"bitrate":2408}', '', '20215', '2015-08-02 17:18:30.814500+0000', '2015-08-05 11:24:42.910900+0000');
INSERT INTO "neap"."stream"(stream_id, channel_id, title, topic_id, topic, media_info, viewers, created_at, updated_at, ended_at)
    VALUES ('e8a56911-b574-4c5c-b6da-47245eb88159', '383e9285-d1e1-4111-890a-c45219f206d6', 'Mathematics?? Yeah, Mathematics!', '284b3091-455d-4476-ae67-442a19d153d4', 'Mathematics', '{"width":720,"height":400,"bitrate":660.01}', 295, '2015-07-28 15:07:04.176600+0000', '2015-07-28 18:45:13.518400+0000', '2015-07-28 20:33:52.724600+0000');
INSERT INTO "neap"."video"(video_id, stream_id, title, type, description, status, tags, topic_id, topic, media_info, preview, views, created_at, updated_at)
    VALUES ('3e71c250-cda0-48eb-84f3-4efcbfebd074', 'e8a56911-b574-4c5c-b6da-47245eb88159', 'Mathematics?? Yeah, Mathematics!', 'record', 'Mathematics?? Yeah, Mathematics!', '', '[]', '284b3091-455d-4476-ae67-442a19d153d4', 'Mathematics', '{"width":720,"height":400,"bitrate":670.09}', '', '23101', '2015-10-01 13:43:33.103200+0000', '2015-10-05 07:18:14.070700+0000');
INSERT INTO "neap"."video"(video_id, stream_id, title, type, description, status, tags, topic_id, topic, media_info, preview, views, created_at, updated_at)
    VALUES ('236a3a7e-ca50-45fc-bde7-c6b851ad6dbd', 'e8a56911-b574-4c5c-b6da-47245eb88159', 'Mathematics?? Yeah, Mathematics!', 'record', 'Mathematics?? Yeah, Mathematics!', '', '[]', '284b3091-455d-4476-ae67-442a19d153d4', 'Mathematics', '{"width":720,"height":400,"bitrate":758.43}', '', '24723', '2015-09-10 19:00:16.709800+0000', '2015-09-13 13:40:11.052400+0000');
INSERT INTO "neap"."stream"(stream_id, channel_id, title, topic_id, topic, media_info, viewers, created_at, updated_at, ended_at)
    VALUES ('c5b88239-f8a7-4b2c-af5f-573803bf4fc7', '383e9285-d1e1-4111-890a-c45219f206d6', 'Fun with Science and Gerald', '1cae4612-f178-4a0e-b3af-343a88b99638', 'Science', '{"width":1920,"height":1080,"bitrate":2546.13}', 813, '2015-09-07 09:28:48.567800+0000', '2015-09-07 13:45:00.396600+0000', '2015-09-07 14:06:45.546400+0000');
INSERT INTO "neap"."video"(video_id, stream_id, title, type, description, status, tags, topic_id, topic, media_info, preview, views, created_at, updated_at)
    VALUES ('da5105d9-36db-425d-9035-8ce22f69bbb1', 'c5b88239-f8a7-4b2c-af5f-573803bf4fc7', 'Fun with Science and Gerald', 'highlight', 'Fun with Science and Gerald', '', '[]', '1cae4612-f178-4a0e-b3af-343a88b99638', 'Science', '{"width":1920,"height":1080,"bitrate":1253.38}', '', '10189', '2015-09-28 14:28:49.790800+0000', '2015-09-28 14:49:28.223700+0000');
INSERT INTO "neap"."stream"(stream_id, channel_id, title, topic_id, topic, media_info, viewers, created_at, updated_at, ended_at)
    VALUES ('7031d39e-92af-4735-a78c-8341906270ad', '383e9285-d1e1-4111-890a-c45219f206d6', 'Astrology?? Yeah, Astrology!', 'e9af2f53-d2dd-4e32-9dea-26d6ac21bcb8', 'Astrology', '{"width":1280,"height":720,"bitrate":1364.27}', 1393, '2015-10-05 22:45:57.847300+0000', '2015-10-05 23:37:20.445700+0000', '2015-10-05 23:45:56.561000+0000');
INSERT INTO "neap"."user"(user_id, channel_id, type, username, email, password, display_name, logo, bio, created_at, updated_at)
    VALUES ('c127d8df-6f8d-40b8-b976-9b3a5cf67ce3', 'e8e2c828-2652-43be-ae50-2f05905e5ef9', 'user', 'raul', 'raul@neap.io', '$2y$10$L86OK7TYiRqNnbVca7Ko5.H1iCzN6ToCp90XiNwMBTBTIbhnoeI6u', 'Raul', 'https://gravatar.com/avatar/b8fe53c017a8cf9c9ff71db403f9adfa?s=128&d=identicon', null, '2015-08-28 04:50:28.303300+0000', '2015-09-05 07:51:33.199300+0000');
INSERT INTO "neap"."channel"(channel_id, user_id, chat_id, name, display_name, topic, language, views, followers)
    VALUES ('e8e2c828-2652-43be-ae50-2f05905e5ef9', 'c127d8df-6f8d-40b8-b976-9b3a5cf67ce3', 'a087e661-fd2f-4a44-8523-33942a37eb3a', 'raul', 'Raul Channel', 'Photography', 'en', 80589, 48);
INSERT INTO "neap"."chat"(chat_id, channel_id, name)
    VALUES ('a087e661-fd2f-4a44-8523-33942a37eb3a', 'e8e2c828-2652-43be-ae50-2f05905e5ef9', 'raul');
INSERT INTO "neap"."user"(user_id, channel_id, type, username, email, password, display_name, logo, bio, created_at, updated_at)
    VALUES ('a95ef837-d187-4fd2-96f8-22d719543ca2', '0243b430-34e3-4c08-bf38-b87f447677f6', 'user', 'jonas', 'jonas@neap.io', '$2y$10$uNnW2v3SqxHmEZHIwzAic.xh7HLBngRL5TIjZGuRTXEMp0XBYaA66', 'Jonas', 'https://gravatar.com/avatar/409674a503b9d8e79bded8f79d4e1f49?s=128&d=identicon', null, '2015-08-06 16:39:44.548000+0000', '2015-09-22 09:18:40.726300+0000');
INSERT INTO "neap"."channel"(channel_id, user_id, chat_id, name, display_name, topic, language, views, followers)
    VALUES ('0243b430-34e3-4c08-bf38-b87f447677f6', 'a95ef837-d187-4fd2-96f8-22d719543ca2', '1f9c19d7-f9d1-4614-b0c5-445dafde4236', 'jonas', 'Jonas Channel', 'Photography', 'en', 83839, 108);
INSERT INTO "neap"."chat"(chat_id, channel_id, name)
    VALUES ('1f9c19d7-f9d1-4614-b0c5-445dafde4236', '0243b430-34e3-4c08-bf38-b87f447677f6', 'jonas');
INSERT INTO "neap"."stream"(stream_id, channel_id, title, topic_id, topic, media_info, viewers, created_at, updated_at, ended_at)
    VALUES ('21e04353-b9d0-42a7-8445-88c7c3f3927f', '0243b430-34e3-4c08-bf38-b87f447677f6', 'The origins of Litterature', '994391cf-d41e-46f4-b6eb-ce53824e3a0c', 'Litterature', '{"width":1920,"height":1080,"bitrate":2521.83}', 1050, '2015-08-31 11:56:15.812400+0000', '2015-08-31 14:09:33.767300+0000', '2015-08-31 14:20:28.780300+0000');
INSERT INTO "neap"."video"(video_id, stream_id, title, type, description, status, tags, topic_id, topic, media_info, preview, views, created_at, updated_at)
    VALUES ('81f85da5-3313-4dfa-93b6-61a7a5c79852', '21e04353-b9d0-42a7-8445-88c7c3f3927f', 'The origins of Litterature', 'highlight', 'The origins of Litterature', '', '[]', '994391cf-d41e-46f4-b6eb-ce53824e3a0c', 'Litterature', '{"width":1920,"height":1080,"bitrate":3030.97}', '', '33472', '2015-10-09 18:18:05.714300+0000', '2015-10-10 19:43:17.488300+0000');
INSERT INTO "neap"."stream"(stream_id, channel_id, title, topic_id, topic, media_info, viewers, created_at, updated_at, ended_at)
    VALUES ('0af7f3af-be77-45bf-b000-26512b5afed3', '0243b430-34e3-4c08-bf38-b87f447677f6', 'Relax stream', 'd2ea25fc-eb67-4c63-86d0-58ba2ce51b56', 'Theology', '{"width":1280,"height":720,"bitrate":1280.26}', 740, '2015-09-21 20:45:40.613700+0000', '2015-09-21 23:07:38.107000+0000', '2015-09-21 23:38:12.675000+0000');
INSERT INTO "neap"."video"(video_id, stream_id, title, type, description, status, tags, topic_id, topic, media_info, preview, views, created_at, updated_at)
    VALUES ('853511db-27b9-409f-a1ca-635f09c744a2', '0af7f3af-be77-45bf-b000-26512b5afed3', 'Relax stream', 'highlight', 'Relax stream', '', '[]', 'd2ea25fc-eb67-4c63-86d0-58ba2ce51b56', 'Theology', '{"width":1280,"height":720,"bitrate":1310.67}', '', '19001', '2015-09-26 22:59:13.390500+0000', '2015-09-30 13:43:58.152500+0000');
INSERT INTO "neap"."stream"(stream_id, channel_id, title, topic_id, topic, media_info, viewers, created_at, updated_at, ended_at)
    VALUES ('5b75e2b6-974a-44f6-b7c0-6972791d997c', '0243b430-34e3-4c08-bf38-b87f447677f6', 'Come on and have fun with Jonas!', '1cae4612-f178-4a0e-b3af-343a88b99638', 'Science', '{"width":1280,"height":720,"bitrate":1072.52}', 1091, '2015-08-27 10:14:45.747300+0000', '2015-08-27 13:54:08.404700+0000', '2015-08-27 14:20:45.579700+0000');
INSERT INTO "neap"."video"(video_id, stream_id, title, type, description, status, tags, topic_id, topic, media_info, preview, views, created_at, updated_at)
    VALUES ('dbbe9aa5-76f3-45fc-b778-8a86f06cfc4a', '5b75e2b6-974a-44f6-b7c0-6972791d997c', 'Come on and have fun with Jonas!', 'record', 'Come on and have fun with Jonas!', '', '[]', '1cae4612-f178-4a0e-b3af-343a88b99638', 'Science', '{"width":1280,"height":720,"bitrate":1331.24}', '', '15225', '2015-10-23 18:47:15.523700+0000', '2015-10-24 03:35:59.749000+0000');
INSERT INTO "neap"."video"(video_id, stream_id, title, type, description, status, tags, topic_id, topic, media_info, preview, views, created_at, updated_at)
    VALUES ('5f580bd0-0946-4a64-bc55-96fc0e81b1fe', '5b75e2b6-974a-44f6-b7c0-6972791d997c', 'Come on and have fun with Jonas!', 'record', 'Come on and have fun with Jonas!', '', '[]', '1cae4612-f178-4a0e-b3af-343a88b99638', 'Science', '{"width":1280,"height":720,"bitrate":1126.59}', '', '39122', '2015-10-12 20:00:00.191000+0000', '2015-10-13 21:35:11.024600+0000');
INSERT INTO "neap"."stream"(stream_id, channel_id, title, topic_id, topic, media_info, viewers, created_at, updated_at, ended_at)
    VALUES ('d229e9c7-5190-4d84-8352-4948e1f3b096', '0243b430-34e3-4c08-bf38-b87f447677f6', 'The origins of Mathematics', '284b3091-455d-4476-ae67-442a19d153d4', 'Mathematics', '{"width":1920,"height":1080,"bitrate":2533.71}', 34165, '2015-09-15 12:42:14.215500+0000', '2015-09-15 12:45:47.425000+0000', '2015-09-15 13:03:53.726300+0000');
INSERT INTO "neap"."stream"(stream_id, channel_id, title, topic_id, topic, media_info, viewers, created_at, updated_at, ended_at)
    VALUES ('ec0c8415-8008-47be-a640-abd764fa48ab', '0243b430-34e3-4c08-bf38-b87f447677f6', 'Today is Photography day', 'e496e832-363e-4228-b518-7fe126ccaa04', 'Photography', '{"width":1920,"height":1080,"bitrate":3416.25}', 1937, '2015-09-27 10:45:59.327700+0000', '2015-09-27 12:09:07.470400+0000', '2015-09-27 12:43:16.028700+0000');
INSERT INTO "neap"."video"(video_id, stream_id, title, type, description, status, tags, topic_id, topic, media_info, preview, views, created_at, updated_at)
    VALUES ('1768fb8e-bfbf-4198-aa85-961ecca3e024', 'ec0c8415-8008-47be-a640-abd764fa48ab', 'Today is Photography day', 'record', 'Today is Photography day', '', '[]', 'e496e832-363e-4228-b518-7fe126ccaa04', 'Photography', '{"width":1920,"height":1080,"bitrate":1061.78}', '', '1733', '2015-10-27 10:14:44.892000+0000', '2015-10-27 11:47:11.345600+0000');
INSERT INTO "neap"."stream"(stream_id, channel_id, title, topic_id, topic, media_info, viewers, created_at, updated_at, ended_at)
    VALUES ('7a170cbb-77e1-429f-95ab-fd791e82174d', '0243b430-34e3-4c08-bf38-b87f447677f6', 'Today is Astrology day', 'e9af2f53-d2dd-4e32-9dea-26d6ac21bcb8', 'Astrology', '{"width":1280,"height":720,"bitrate":1226.95}', 474, '2015-10-30 12:20:04.144100+0000', '2015-10-30 12:24:31.314700+0000', '2015-10-30 14:06:14.220200+0000');
INSERT INTO "neap"."video"(video_id, stream_id, title, type, description, status, tags, topic_id, topic, media_info, preview, views, created_at, updated_at)
    VALUES ('1675906f-3c1f-499b-8457-aadb4decc892', '7a170cbb-77e1-429f-95ab-fd791e82174d', 'Today is Astrology day', 'highlight', 'Today is Astrology day', '', '[]', 'e9af2f53-d2dd-4e32-9dea-26d6ac21bcb8', 'Astrology', '{"width":1280,"height":720,"bitrate":1445.47}', '', '29958', '2015-10-31 01:33:46.690800+0000', '2015-10-31 17:10:40.827200+0000');
INSERT INTO "neap"."stream"(stream_id, channel_id, title, topic_id, topic, media_info, viewers, created_at, updated_at, ended_at)
    VALUES ('b0dc390c-f8ec-4894-ba4b-88585cc1301f', '0243b430-34e3-4c08-bf38-b87f447677f6', 'Fun with Biology and Jonas', 'd4f06d27-2693-4552-bd85-d9875651ce39', 'Biology', '{"width":1280,"height":720,"bitrate":1066.44}', 804, '2015-09-24 02:09:13.991800+0000', '2015-09-24 05:16:01.571500+0000', '2015-09-24 05:32:20.216700+0000');
INSERT INTO "neap"."video"(video_id, stream_id, title, type, description, status, tags, topic_id, topic, media_info, preview, views, created_at, updated_at)
    VALUES ('98c625a8-a719-4251-93de-e8c4166ee0ed', 'b0dc390c-f8ec-4894-ba4b-88585cc1301f', 'Fun with Biology and Jonas', 'record', 'Fun with Biology and Jonas', '', '[]', 'd4f06d27-2693-4552-bd85-d9875651ce39', 'Biology', '{"width":1280,"height":720,"bitrate":844.91}', '', '12988', '2015-10-29 16:29:54.564800+0000', '2015-10-30 00:56:52.410700+0000');
INSERT INTO "neap"."video"(video_id, stream_id, title, type, description, status, tags, topic_id, topic, media_info, preview, views, created_at, updated_at)
    VALUES ('a7376562-8d47-4c0d-b56a-1d85f978bce2', 'b0dc390c-f8ec-4894-ba4b-88585cc1301f', 'Fun with Biology and Jonas', 'record', 'Fun with Biology and Jonas', '', '[]', 'd4f06d27-2693-4552-bd85-d9875651ce39', 'Biology', '{"width":1280,"height":720,"bitrate":1421.6}', '', '7394', '2015-10-25 00:35:25.262900+0000', '2015-10-26 19:20:24.570800+0000');
INSERT INTO "neap"."stream"(stream_id, channel_id, title, topic_id, topic, media_info, viewers, created_at, updated_at, ended_at)
    VALUES ('80b675fc-5fa0-4972-88d1-b583085c0620', '0243b430-34e3-4c08-bf38-b87f447677f6', 'Come on and have fun with Jonas!', '35fa82dc-ed25-47fb-b6cd-58ae8a151f60', 'Philosophy', '{"width":720,"height":400,"bitrate":658.74}', 1941, '2015-09-01 08:59:04.323900+0000', '2015-09-01 10:05:21.832900+0000', '2015-09-01 10:10:12.178500+0000');
INSERT INTO "neap"."video"(video_id, stream_id, title, type, description, status, tags, topic_id, topic, media_info, preview, views, created_at, updated_at)
    VALUES ('5f201b2e-e57d-4f9e-b0e0-e3b4b6ac06f0', '80b675fc-5fa0-4972-88d1-b583085c0620', 'Come on and have fun with Jonas!', 'record', 'Come on and have fun with Jonas!', '', '[]', '35fa82dc-ed25-47fb-b6cd-58ae8a151f60', 'Philosophy', '{"width":720,"height":400,"bitrate":671.66}', '', '25539', '2015-10-26 23:55:14.262700+0000', '2015-10-28 02:04:03.842700+0000');
INSERT INTO "neap"."video"(video_id, stream_id, title, type, description, status, tags, topic_id, topic, media_info, preview, views, created_at, updated_at)
    VALUES ('450b1602-248a-4406-80e6-f5830a269c9f', '80b675fc-5fa0-4972-88d1-b583085c0620', 'Come on and have fun with Jonas!', 'record', 'Come on and have fun with Jonas!', '', '[]', '35fa82dc-ed25-47fb-b6cd-58ae8a151f60', 'Philosophy', '{"width":720,"height":400,"bitrate":688.63}', '', '34620', '2015-09-28 10:56:42.307100+0000', '2015-09-28 16:31:56.113600+0000');
INSERT INTO "neap"."stream"(stream_id, channel_id, title, topic_id, topic, media_info, viewers, created_at, updated_at, ended_at)
    VALUES ('7e72f127-9805-4a83-b96e-8f4d267c8eca', '0243b430-34e3-4c08-bf38-b87f447677f6', 'History?? Yeah, History!', '5f6c7ec0-84ab-4d8e-a2d7-ff1887b55d6e', 'History', '{"width":1280,"height":720,"bitrate":927.39}', 241, '2015-10-28 03:59:27.189000+0000', '2015-10-28 04:34:39.121300+0000', '2015-10-28 05:23:55.180100+0000');
INSERT INTO "neap"."video"(video_id, stream_id, title, type, description, status, tags, topic_id, topic, media_info, preview, views, created_at, updated_at)
    VALUES ('88d84940-567d-442e-8c42-9e63f282d31b', '7e72f127-9805-4a83-b96e-8f4d267c8eca', 'History?? Yeah, History!', 'record', 'History?? Yeah, History!', '', '[]', '5f6c7ec0-84ab-4d8e-a2d7-ff1887b55d6e', 'History', '{"width":1280,"height":720,"bitrate":806.64}', '', '2899', '2015-10-29 18:06:46.331700+0000', '2015-10-31 22:58:20.993200+0000');
INSERT INTO "neap"."stream"(stream_id, channel_id, title, topic_id, topic, media_info, viewers, created_at, updated_at, ended_at)
    VALUES ('dbf2bfa1-e0de-44da-a0f6-9b9e08f1dd3f', '0243b430-34e3-4c08-bf38-b87f447677f6', 'Jonas goes live!', 'e496e832-363e-4228-b518-7fe126ccaa04', 'Photography', '{"width":720,"height":400,"bitrate":719.17}', 47, '2015-09-16 06:58:10.263300+0000', '2015-09-16 06:58:27.017300+0000', '2015-09-16 07:56:42.540300+0000');
INSERT INTO "neap"."stream"(stream_id, channel_id, title, topic_id, topic, media_info, viewers, created_at, updated_at, ended_at)
    VALUES ('cd1a23d3-7ab2-4f38-bd88-d3b93939aef5', '0243b430-34e3-4c08-bf38-b87f447677f6', 'Jonas goes live!', '35fa82dc-ed25-47fb-b6cd-58ae8a151f60', 'Philosophy', '{"width":1920,"height":1080,"bitrate":2540.09}', 861, '2015-09-26 13:34:24.246900+0000', '2015-09-26 15:40:19.449800+0000', '2015-09-26 15:52:32.919500+0000');
INSERT INTO "neap"."video"(video_id, stream_id, title, type, description, status, tags, topic_id, topic, media_info, preview, views, created_at, updated_at)
    VALUES ('d93ad3fe-ea94-4223-a807-77015a0af003', 'cd1a23d3-7ab2-4f38-bd88-d3b93939aef5', 'Jonas goes live!', 'record', 'Jonas goes live!', '', '[]', '35fa82dc-ed25-47fb-b6cd-58ae8a151f60', 'Philosophy', '{"width":1920,"height":1080,"bitrate":1879.79}', '', '8250', '2015-10-18 07:59:05.395500+0000', '2015-10-18 17:08:36.331300+0000');
INSERT INTO "neap"."stream"(stream_id, channel_id, title, topic_id, topic, media_info, viewers, created_at, updated_at, ended_at)
    VALUES ('0ab9da7b-901b-4699-8d10-66dee5893dbc', '0243b430-34e3-4c08-bf38-b87f447677f6', 'The origins of Science', '1cae4612-f178-4a0e-b3af-343a88b99638', 'Science', '{"width":1280,"height":720,"bitrate":920.32}', 673, '2015-10-13 01:47:08.451200+0000', '2015-10-13 03:32:34.406300+0000', '2015-10-13 03:49:28.503800+0000');
INSERT INTO "neap"."video"(video_id, stream_id, title, type, description, status, tags, topic_id, topic, media_info, preview, views, created_at, updated_at)
    VALUES ('5706ed5f-0bd2-47ed-b355-0bbbeb5ec39f', '0ab9da7b-901b-4699-8d10-66dee5893dbc', 'The origins of Science', 'record', 'The origins of Science', '', '[]', '1cae4612-f178-4a0e-b3af-343a88b99638', 'Science', '{"width":1280,"height":720,"bitrate":840.83}', '', '32062', '2015-10-26 20:47:50.001600+0000', '2015-10-28 13:48:21.061000+0000');
INSERT INTO "neap"."user"(user_id, channel_id, type, username, email, password, display_name, logo, bio, created_at, updated_at)
    VALUES ('df4a762a-d951-4a3b-92e0-ce09d846f92f', '7e674eae-2aa5-492f-94a3-7d1eed53ab31', 'user', 'terry', 'terry@neap.io', '$2y$10$MKIXyluVRKzslgeRK1Ci2..BTTslW26b.R.s6d3RKWRB5SLD6wW/e', 'Terry', 'https://gravatar.com/avatar/3a3be844dd5e442c5c621d73eb1c7052?s=128&d=identicon', null, '2015-08-04 18:51:25.313300+0000', '2015-08-28 02:14:48.029800+0000');
INSERT INTO "neap"."channel"(channel_id, user_id, chat_id, name, display_name, topic, language, views, followers)
    VALUES ('7e674eae-2aa5-492f-94a3-7d1eed53ab31', 'df4a762a-d951-4a3b-92e0-ce09d846f92f', '4633ba11-655a-4e3b-bcb3-4fa3054e3b86', 'terry', 'Terry Channel', 'Biology', 'en', 50605, 34);
INSERT INTO "neap"."chat"(chat_id, channel_id, name)
    VALUES ('4633ba11-655a-4e3b-bcb3-4fa3054e3b86', '7e674eae-2aa5-492f-94a3-7d1eed53ab31', 'terry');
INSERT INTO "neap"."stream"(stream_id, channel_id, title, topic_id, topic, media_info, viewers, created_at, updated_at, ended_at)
    VALUES ('26bb9158-aa3a-4ff7-9f6b-95ff02569fc6', '7e674eae-2aa5-492f-94a3-7d1eed53ab31', 'Relax stream', 'e9af2f53-d2dd-4e32-9dea-26d6ac21bcb8', 'Astrology', '{"width":1280,"height":720,"bitrate":1431.84}', 367, '2015-08-06 05:13:13.647500+0000', '2015-08-06 06:08:27.699200+0000', '2015-08-06 06:16:12.447100+0000');
INSERT INTO "neap"."video"(video_id, stream_id, title, type, description, status, tags, topic_id, topic, media_info, preview, views, created_at, updated_at)
    VALUES ('02064444-a6e9-4b65-a6b6-60f227a5f9d1', '26bb9158-aa3a-4ff7-9f6b-95ff02569fc6', 'Relax stream', 'record', 'Relax stream', '', '[]', 'e9af2f53-d2dd-4e32-9dea-26d6ac21bcb8', 'Astrology', '{"width":1280,"height":720,"bitrate":1387.04}', '', '24501', '2015-10-14 13:04:57.831600+0000', '2015-10-18 14:24:05.218000+0000');
INSERT INTO "neap"."video"(video_id, stream_id, title, type, description, status, tags, topic_id, topic, media_info, preview, views, created_at, updated_at)
    VALUES ('971cb1b1-346c-4586-9927-d847e390ec2b', '26bb9158-aa3a-4ff7-9f6b-95ff02569fc6', 'Relax stream', 'record', 'Relax stream', '', '[]', 'e9af2f53-d2dd-4e32-9dea-26d6ac21bcb8', 'Astrology', '{"width":1280,"height":720,"bitrate":1110.25}', '', '3687', '2015-10-03 05:58:55.782400+0000', '2015-10-03 11:22:10.820300+0000');
INSERT INTO "neap"."stream"(stream_id, channel_id, title, topic_id, topic, media_info, viewers, created_at, updated_at, ended_at)
    VALUES ('64a2da85-fe70-4fae-abbb-76e9bb8b8b87', '7e674eae-2aa5-492f-94a3-7d1eed53ab31', 'The origins of Music', 'b369c464-cdea-4356-9d70-1450585652e2', 'Music', '{"width":1280,"height":720,"bitrate":1231.37}', 815, '2015-10-28 17:55:52.960600+0000', '2015-10-28 22:22:32.987400+0000', '2015-10-28 23:13:15.918900+0000');
INSERT INTO "neap"."video"(video_id, stream_id, title, type, description, status, tags, topic_id, topic, media_info, preview, views, created_at, updated_at)
    VALUES ('aca71067-44ff-477c-87a5-039cbc385b01', '64a2da85-fe70-4fae-abbb-76e9bb8b8b87', 'The origins of Music', 'record', 'The origins of Music', '', '[]', 'b369c464-cdea-4356-9d70-1450585652e2', 'Music', '{"width":1280,"height":720,"bitrate":910.37}', '', '22731', '2015-10-29 00:52:45.550800+0000', '2015-10-30 03:01:31.698000+0000');
INSERT INTO "neap"."video"(video_id, stream_id, title, type, description, status, tags, topic_id, topic, media_info, preview, views, created_at, updated_at)
    VALUES ('005f4690-ad32-4f5f-9891-e699630a1e1e', '64a2da85-fe70-4fae-abbb-76e9bb8b8b87', 'The origins of Music', 'record', 'The origins of Music', '', '[]', 'b369c464-cdea-4356-9d70-1450585652e2', 'Music', '{"width":1280,"height":720,"bitrate":783.08}', '', '30901', '2015-11-01 11:04:46.602000+0000', '2015-11-01 12:13:20.980900+0000');
INSERT INTO "neap"."stream"(stream_id, channel_id, title, topic_id, topic, media_info, viewers, created_at, updated_at, ended_at)
    VALUES ('72b7c049-5fe8-481c-accb-a70a948dd153', '7e674eae-2aa5-492f-94a3-7d1eed53ab31', 'Come on and have fun with Terry!', '284b3091-455d-4476-ae67-442a19d153d4', 'Mathematics', '{"width":1920,"height":1080,"bitrate":2781.65}', 683, '2015-09-12 13:44:35.127800+0000', '2015-09-12 14:51:13.010800+0000', '2015-09-12 15:22:42.059100+0000');
INSERT INTO "neap"."video"(video_id, stream_id, title, type, description, status, tags, topic_id, topic, media_info, preview, views, created_at, updated_at)
    VALUES ('2f053133-8360-4330-860c-a7f250275521', '72b7c049-5fe8-481c-accb-a70a948dd153', 'Come on and have fun with Terry!', 'highlight', 'Come on and have fun with Terry!', '', '[]', '284b3091-455d-4476-ae67-442a19d153d4', 'Mathematics', '{"width":1920,"height":1080,"bitrate":2040.87}', '', '9965', '2015-10-03 05:45:51.186300+0000', '2015-10-09 02:42:46.324100+0000');
INSERT INTO "neap"."video"(video_id, stream_id, title, type, description, status, tags, topic_id, topic, media_info, preview, views, created_at, updated_at)
    VALUES ('e7e7e039-de97-4a4b-92bb-f9a0821edb3c', '72b7c049-5fe8-481c-accb-a70a948dd153', 'Come on and have fun with Terry!', 'record', 'Come on and have fun with Terry!', '', '[]', '284b3091-455d-4476-ae67-442a19d153d4', 'Mathematics', '{"width":1920,"height":1080,"bitrate":3484.5}', '', '23596', '2015-09-13 00:48:42.909300+0000', '2015-09-17 02:59:35.309400+0000');
INSERT INTO "neap"."user"(user_id, channel_id, type, username, email, password, display_name, logo, bio, created_at, updated_at)
    VALUES ('e89230f1-d312-4493-875e-c8ed651630e2', '155ee395-6d27-4bf3-8b8c-4e825fe290cf', 'user', 'danica', 'danica@neap.io', '$2y$10$dFAEMrCGAhJJE.GbY1NMX.PHGN1oqu9JaCqg3t6R9j/efawhsU5lS', 'Danica', 'https://gravatar.com/avatar/443d3f3f441096d427d858b3f802b254?s=128&d=identicon', null, '2015-01-05 12:25:56.225400+0000', '2015-08-05 13:22:20.150400+0000');
INSERT INTO "neap"."channel"(channel_id, user_id, chat_id, name, display_name, topic, language, views, followers)
    VALUES ('155ee395-6d27-4bf3-8b8c-4e825fe290cf', 'e89230f1-d312-4493-875e-c8ed651630e2', '24d8d261-ee37-40d0-98d2-fd60bb62b5bc', 'danica', 'Danica Channel', 'Philosophy', 'en', 581, 126);
INSERT INTO "neap"."chat"(chat_id, channel_id, name)
    VALUES ('24d8d261-ee37-40d0-98d2-fd60bb62b5bc', '155ee395-6d27-4bf3-8b8c-4e825fe290cf', 'danica');
INSERT INTO "neap"."stream"(stream_id, channel_id, title, topic_id, topic, media_info, viewers, created_at, updated_at, ended_at)
    VALUES ('ef050515-c3ad-47ef-8cbd-fe6b502355d5', '155ee395-6d27-4bf3-8b8c-4e825fe290cf', 'Come on and have fun with Danica!', 'e9af2f53-d2dd-4e32-9dea-26d6ac21bcb8', 'Astrology', '{"width":720,"height":400,"bitrate":542.54}', 806, '2015-10-21 12:34:55.104600+0000', '2015-10-21 16:48:50.189000+0000', '2015-10-21 17:07:38.554500+0000');
INSERT INTO "neap"."video"(video_id, stream_id, title, type, description, status, tags, topic_id, topic, media_info, preview, views, created_at, updated_at)
    VALUES ('7aec50d9-4a5b-422d-8ca4-7ec3130fc00c', 'ef050515-c3ad-47ef-8cbd-fe6b502355d5', 'Come on and have fun with Danica!', 'record', 'Come on and have fun with Danica!', '', '[]', 'e9af2f53-d2dd-4e32-9dea-26d6ac21bcb8', 'Astrology', '{"width":720,"height":400,"bitrate":697.58}', '', '13824', '2015-10-30 07:29:28.016000+0000', '2015-11-01 02:03:26.363600+0000');
INSERT INTO "neap"."user"(user_id, channel_id, type, username, email, password, display_name, logo, bio, created_at, updated_at)
    VALUES ('505f2191-06f3-4679-8771-7db4aa146536', 'ed2a3133-5402-4d71-a8f7-3c868b69af45', 'user', 'angeline', 'angeline@neap.io', '$2y$10$hSVRgJfhaZjr/LT4drSYBuWGOhqdlENI//1Z5Q3Unlo0VzPmgRn.e', 'Angeline', 'https://gravatar.com/avatar/b93d9540983e7794f4252cfde55ca882?s=128&d=identicon', null, '2015-07-17 15:30:54.123500+0000', '2015-08-12 04:42:36.863600+0000');
INSERT INTO "neap"."channel"(channel_id, user_id, chat_id, name, display_name, topic, language, views, followers)
    VALUES ('ed2a3133-5402-4d71-a8f7-3c868b69af45', '505f2191-06f3-4679-8771-7db4aa146536', '9b5374dc-a96c-4f8f-b7c4-74b540c04c40', 'angeline', 'Angeline Channel', 'Video games', 'en', 64636, 59);
INSERT INTO "neap"."chat"(chat_id, channel_id, name)
    VALUES ('9b5374dc-a96c-4f8f-b7c4-74b540c04c40', 'ed2a3133-5402-4d71-a8f7-3c868b69af45', 'angeline');
INSERT INTO "neap"."stream"(stream_id, channel_id, title, topic_id, topic, media_info, viewers, created_at, updated_at, ended_at)
    VALUES ('2529865a-799a-4a64-9564-8a159788da2b', 'ed2a3133-5402-4d71-a8f7-3c868b69af45', 'Come on and have fun with Angeline!', 'e9af2f53-d2dd-4e32-9dea-26d6ac21bcb8', 'Astrology', '{"width":1920,"height":1080,"bitrate":2455.89}', 224, '2015-08-24 20:00:45.951500+0000', '2015-08-25 00:23:31.321500+0000', '2015-08-25 00:53:52.065000+0000');
INSERT INTO "neap"."video"(video_id, stream_id, title, type, description, status, tags, topic_id, topic, media_info, preview, views, created_at, updated_at)
    VALUES ('63bf5f80-9603-4460-bcf1-d815475c5f1f', '2529865a-799a-4a64-9564-8a159788da2b', 'Come on and have fun with Angeline!', 'record', 'Come on and have fun with Angeline!', '', '[]', 'e9af2f53-d2dd-4e32-9dea-26d6ac21bcb8', 'Astrology', '{"width":1920,"height":1080,"bitrate":2151.22}', '', '16418', '2015-09-18 16:54:02.513800+0000', '2015-09-19 23:47:13.233700+0000');
INSERT INTO "neap"."stream"(stream_id, channel_id, title, topic_id, topic, media_info, viewers, created_at, updated_at, ended_at)
    VALUES ('c836f942-91f9-4c4b-bea8-847e8a73dd99', 'ed2a3133-5402-4d71-a8f7-3c868b69af45', 'Relax stream', 'd2ea25fc-eb67-4c63-86d0-58ba2ce51b56', 'Theology', '{"width":720,"height":400,"bitrate":792.54}', 1436, '2015-09-10 10:09:16.058600+0000', '2015-09-10 10:31:32.840300+0000', '2015-09-10 10:33:11.570700+0000');
INSERT INTO "neap"."video"(video_id, stream_id, title, type, description, status, tags, topic_id, topic, media_info, preview, views, created_at, updated_at)
    VALUES ('e54014fc-66d9-4462-bffa-4806e78180d8', 'c836f942-91f9-4c4b-bea8-847e8a73dd99', 'Relax stream', 'record', 'Relax stream', '', '[]', 'd2ea25fc-eb67-4c63-86d0-58ba2ce51b56', 'Theology', '{"width":720,"height":400,"bitrate":771.12}', '', '6631', '2015-09-29 02:44:32.914100+0000', '2015-09-29 04:14:21.374400+0000');
INSERT INTO "neap"."stream"(stream_id, channel_id, title, topic_id, topic, media_info, viewers, created_at, updated_at, ended_at)
    VALUES ('0049dd16-7c4e-4c56-82bb-142e53e530a9', 'ed2a3133-5402-4d71-a8f7-3c868b69af45', 'Today is Video games day', '48e535f7-dba1-4d59-aac3-4c6cced32d6c', 'Video games', '{"width":720,"height":400,"bitrate":665.94}', 1072, '2015-08-24 12:42:48.171900+0000', '2015-08-24 13:30:06.875400+0000', '2015-08-24 13:47:15.516500+0000');
INSERT INTO "neap"."stream"(stream_id, channel_id, title, topic_id, topic, media_info, viewers, created_at, updated_at, ended_at)
    VALUES ('7742d86b-e4ff-42cd-8ae6-0017965170d6', 'ed2a3133-5402-4d71-a8f7-3c868b69af45', 'The origins of History', '5f6c7ec0-84ab-4d8e-a2d7-ff1887b55d6e', 'History', '{"width":720,"height":400,"bitrate":795.08}', 1480, '2015-07-23 19:11:12.014500+0000', '2015-07-23 19:12:39.923700+0000', '2015-07-23 20:01:28.442000+0000');
INSERT INTO "neap"."video"(video_id, stream_id, title, type, description, status, tags, topic_id, topic, media_info, preview, views, created_at, updated_at)
    VALUES ('d0a86c62-b2a5-44a5-a02a-f3ee33f6e866', '7742d86b-e4ff-42cd-8ae6-0017965170d6', 'The origins of History', 'record', 'The origins of History', '', '[]', '5f6c7ec0-84ab-4d8e-a2d7-ff1887b55d6e', 'History', '{"width":720,"height":400,"bitrate":579.86}', '', '29421', '2015-10-10 07:55:21.556700+0000', '2015-10-12 09:02:27.096700+0000');
INSERT INTO "neap"."video"(video_id, stream_id, title, type, description, status, tags, topic_id, topic, media_info, preview, views, created_at, updated_at)
    VALUES ('c4dc14a9-1c34-4f91-8487-1c0d74f7f781', '7742d86b-e4ff-42cd-8ae6-0017965170d6', 'The origins of History', 'record', 'The origins of History', '', '[]', '5f6c7ec0-84ab-4d8e-a2d7-ff1887b55d6e', 'History', '{"width":720,"height":400,"bitrate":642.27}', '', '8198', '2015-10-01 11:23:14.577900+0000', '2015-10-02 02:38:50.713400+0000');
INSERT INTO "neap"."stream"(stream_id, channel_id, title, topic_id, topic, media_info, viewers, created_at, updated_at, ended_at)
    VALUES ('f2ed25a2-91c5-4896-a7c7-d6ac16fac98b', 'ed2a3133-5402-4d71-a8f7-3c868b69af45', 'Angeline goes live!', '994391cf-d41e-46f4-b6eb-ce53824e3a0c', 'Litterature', '{"width":720,"height":400,"bitrate":562.32}', 204, '2015-09-18 19:51:25.626800+0000', '2015-09-18 22:14:50.705300+0000', '2015-09-18 22:22:35.202300+0000');
INSERT INTO "neap"."video"(video_id, stream_id, title, type, description, status, tags, topic_id, topic, media_info, preview, views, created_at, updated_at)
    VALUES ('8aee11d3-36dd-46d5-99b9-089f0f26b065', 'f2ed25a2-91c5-4896-a7c7-d6ac16fac98b', 'Angeline goes live!', 'record', 'Angeline goes live!', '', '[]', '994391cf-d41e-46f4-b6eb-ce53824e3a0c', 'Litterature', '{"width":720,"height":400,"bitrate":608.19}', '', '29204', '2015-10-18 20:47:03.882600+0000', '2015-10-20 10:58:17.979600+0000');
INSERT INTO "neap"."video"(video_id, stream_id, title, type, description, status, tags, topic_id, topic, media_info, preview, views, created_at, updated_at)
    VALUES ('e571287d-1edd-4aa8-900c-9834dc0dde98', 'f2ed25a2-91c5-4896-a7c7-d6ac16fac98b', 'Angeline goes live!', 'record', 'Angeline goes live!', '', '[]', '994391cf-d41e-46f4-b6eb-ce53824e3a0c', 'Litterature', '{"width":720,"height":400,"bitrate":545.53}', '', '24611', '2015-10-19 20:16:29.939600+0000', '2015-10-22 04:45:48.587500+0000');
INSERT INTO "neap"."stream"(stream_id, channel_id, title, topic_id, topic, media_info, viewers, created_at, updated_at, ended_at)
    VALUES ('218dbe28-88e3-4b55-a24a-0d7a38ddba76', 'ed2a3133-5402-4d71-a8f7-3c868b69af45', 'Today is History day', '5f6c7ec0-84ab-4d8e-a2d7-ff1887b55d6e', 'History', '{"width":1920,"height":1080,"bitrate":2160.93}', 1642, '2015-10-17 08:45:19.629000+0000', '2015-10-17 08:48:08.490400+0000', '2015-10-17 09:12:54.879300+0000');
INSERT INTO "neap"."video"(video_id, stream_id, title, type, description, status, tags, topic_id, topic, media_info, preview, views, created_at, updated_at)
    VALUES ('8d812738-0984-467c-842a-8f22eb344530', '218dbe28-88e3-4b55-a24a-0d7a38ddba76', 'Today is History day', 'record', 'Today is History day', '', '[]', '5f6c7ec0-84ab-4d8e-a2d7-ff1887b55d6e', 'History', '{"width":1920,"height":1080,"bitrate":2478.08}', '', '14358', '2015-10-25 01:18:14.487500+0000', '2015-10-25 06:43:57.288600+0000');
INSERT INTO "neap"."user"(user_id, channel_id, type, username, email, password, display_name, logo, bio, created_at, updated_at)
    VALUES ('c44bc298-fd5b-49b2-b6aa-0c81c1daefe6', 'fbdb4a6b-b248-4ac2-9a46-dc112e75416d', 'user', 'royal', 'royal@neap.io', '$2y$10$nPoOPJ1RGfWYKCSG98FBOemyfHEoVdGJLH0DpD7hs35iPNRUYfYIO', 'Royal', 'https://gravatar.com/avatar/2381a18eeb28380e3000f8a9e7b37a78?s=128&d=identicon', null, '2015-10-24 12:00:39.484900+0000', '2015-11-01 02:59:14.164100+0000');
INSERT INTO "neap"."channel"(channel_id, user_id, chat_id, name, display_name, topic, language, views, followers)
    VALUES ('fbdb4a6b-b248-4ac2-9a46-dc112e75416d', 'c44bc298-fd5b-49b2-b6aa-0c81c1daefe6', 'ddcaf70c-dc59-49ad-87ee-012de3586e78', 'royal', 'Royal Channel', 'Science', 'en', 6938, 87);
INSERT INTO "neap"."chat"(chat_id, channel_id, name)
    VALUES ('ddcaf70c-dc59-49ad-87ee-012de3586e78', 'fbdb4a6b-b248-4ac2-9a46-dc112e75416d', 'royal');
INSERT INTO "neap"."stream"(stream_id, channel_id, title, topic_id, topic, media_info, viewers, created_at, updated_at, ended_at)
    VALUES ('e91fefc3-e845-4bac-8553-f46ae366e20f', 'fbdb4a6b-b248-4ac2-9a46-dc112e75416d', 'Relax stream', '48e535f7-dba1-4d59-aac3-4c6cced32d6c', 'Video games', '{"width":1280,"height":720,"bitrate":1345.71}', 1305, '2015-10-27 01:45:22.922700+0000', '2015-10-27 04:32:53.380100+0000', '2015-10-27 05:04:09.609300+0000');
INSERT INTO "neap"."video"(video_id, stream_id, title, type, description, status, tags, topic_id, topic, media_info, preview, views, created_at, updated_at)
    VALUES ('84a2ac0d-a45c-43ac-bd36-37ccf9f2a1ac', 'e91fefc3-e845-4bac-8553-f46ae366e20f', 'Relax stream', 'record', 'Relax stream', '', '[]', '48e535f7-dba1-4d59-aac3-4c6cced32d6c', 'Video games', '{"width":1280,"height":720,"bitrate":1117.95}', '', '19475', '2015-10-28 23:05:03.132200+0000', '2015-11-01 05:16:06.888200+0000');
INSERT INTO "neap"."stream"(stream_id, channel_id, title, topic_id, topic, media_info, viewers, created_at, updated_at, ended_at)
    VALUES ('4ab6f5e7-25ba-4155-9e8e-d4cd80a1cdb1', 'fbdb4a6b-b248-4ac2-9a46-dc112e75416d', 'Come on and have fun with Royal!', 'd4f06d27-2693-4552-bd85-d9875651ce39', 'Biology', '{"width":720,"height":400,"bitrate":522.99}', 1362, '2015-10-29 12:39:26.246800+0000', '2015-10-29 13:31:48.559200+0000', '2015-10-29 14:01:53.116100+0000');
INSERT INTO "neap"."video"(video_id, stream_id, title, type, description, status, tags, topic_id, topic, media_info, preview, views, created_at, updated_at)
    VALUES ('79c1ed48-138d-4a89-b6ee-b5d7843dd4c9', '4ab6f5e7-25ba-4155-9e8e-d4cd80a1cdb1', 'Come on and have fun with Royal!', 'record', 'Come on and have fun with Royal!', '', '[]', 'd4f06d27-2693-4552-bd85-d9875651ce39', 'Biology', '{"width":720,"height":400,"bitrate":764.55}', '', '21887', '2015-11-01 12:48:40.524600+0000', '2015-11-01 13:43:25.783300+0000');
INSERT INTO "neap"."stream"(stream_id, channel_id, title, topic_id, topic, media_info, viewers, created_at, updated_at, ended_at)
    VALUES ('cb42931d-516b-4074-b0f9-a30b50cafa35', 'fbdb4a6b-b248-4ac2-9a46-dc112e75416d', 'Theology?? Yeah, Theology!', 'd2ea25fc-eb67-4c63-86d0-58ba2ce51b56', 'Theology', '{"width":1280,"height":720,"bitrate":1323.67}', 1854, '2015-10-29 21:25:03.955900+0000', '2015-10-29 22:29:53.467200+0000', '2015-10-29 22:44:09.441500+0000');
INSERT INTO "neap"."video"(video_id, stream_id, title, type, description, status, tags, topic_id, topic, media_info, preview, views, created_at, updated_at)
    VALUES ('1f2fb8a2-ec3e-41d1-aec5-845cfc16d72e', 'cb42931d-516b-4074-b0f9-a30b50cafa35', 'Theology?? Yeah, Theology!', 'record', 'Theology?? Yeah, Theology!', '', '[]', 'd2ea25fc-eb67-4c63-86d0-58ba2ce51b56', 'Theology', '{"width":1280,"height":720,"bitrate":1343.68}', '', '30101', '2015-10-31 08:33:05.719500+0000', '2015-11-03 06:38:17.788500+0000');
INSERT INTO "neap"."stream"(stream_id, channel_id, title, topic_id, topic, media_info, viewers, created_at, updated_at, ended_at)
    VALUES ('fbb890a9-878a-4ca9-bf45-3ecfb30728cc', 'fbdb4a6b-b248-4ac2-9a46-dc112e75416d', 'Fun with Litterature and Royal', '994391cf-d41e-46f4-b6eb-ce53824e3a0c', 'Litterature', '{"width":1920,"height":1080,"bitrate":1750.2}', 158, '2015-10-24 15:16:50.837100+0000', '2015-10-24 19:04:31.331100+0000', '2015-10-24 20:06:06.671300+0000');
INSERT INTO "neap"."video"(video_id, stream_id, title, type, description, status, tags, topic_id, topic, media_info, preview, views, created_at, updated_at)
    VALUES ('7037455d-f9e6-4140-b08a-b25a1b9ee16d', 'fbb890a9-878a-4ca9-bf45-3ecfb30728cc', 'Fun with Litterature and Royal', 'record', 'Fun with Litterature and Royal', '', '[]', '994391cf-d41e-46f4-b6eb-ce53824e3a0c', 'Litterature', '{"width":1920,"height":1080,"bitrate":1205.27}', '', '5827', '2015-10-30 00:23:28.163900+0000', '2015-10-30 13:18:24.685700+0000');
INSERT INTO "neap"."user"(user_id, channel_id, type, username, email, password, display_name, logo, bio, created_at, updated_at)
    VALUES ('786044f4-0d6f-4aaa-86b8-04c061b1ec99', '4a62bb19-6f98-4020-b12b-0e700149e548', 'user', 'holland', 'holland@neap.io', '$2y$10$kqbnVGMrXBKN2xS9RboBe.aT66iLFNszT93k2boSlmgYs2.W0cEv6', 'Holland', 'https://gravatar.com/avatar/37e81c8016b9f8e2c30110e5e2425f8c?s=128&d=identicon', null, '2015-03-29 02:29:00.257500+0000', '2015-04-13 07:52:32.954800+0000');
INSERT INTO "neap"."channel"(channel_id, user_id, chat_id, name, display_name, topic, language, views, followers)
    VALUES ('4a62bb19-6f98-4020-b12b-0e700149e548', '786044f4-0d6f-4aaa-86b8-04c061b1ec99', '50b7587a-23ae-497d-860d-39a2e28101e1', 'holland', 'Holland Channel', 'Philosophy', 'en', 82033, 88);
INSERT INTO "neap"."chat"(chat_id, channel_id, name)
    VALUES ('50b7587a-23ae-497d-860d-39a2e28101e1', '4a62bb19-6f98-4020-b12b-0e700149e548', 'holland');
INSERT INTO "neap"."stream"(stream_id, channel_id, title, topic_id, topic, media_info, viewers, created_at, updated_at, ended_at)
    VALUES ('f6d34dd2-7a95-45b0-afd1-bd416a1bdef4', '4a62bb19-6f98-4020-b12b-0e700149e548', 'Come on and have fun with Holland!', 'd2ea25fc-eb67-4c63-86d0-58ba2ce51b56', 'Theology', '{"width":1920,"height":1080,"bitrate":1115.78}', 1190, '2015-08-12 04:30:43.926500+0000', '2015-08-12 04:31:04.235100+0000', '2015-08-12 04:34:40.327600+0000');
INSERT INTO "neap"."video"(video_id, stream_id, title, type, description, status, tags, topic_id, topic, media_info, preview, views, created_at, updated_at)
    VALUES ('2813bffb-2d9f-4ae8-9290-8d50cefecec4', 'f6d34dd2-7a95-45b0-afd1-bd416a1bdef4', 'Come on and have fun with Holland!', 'record', 'Come on and have fun with Holland!', '', '[]', 'd2ea25fc-eb67-4c63-86d0-58ba2ce51b56', 'Theology', '{"width":1920,"height":1080,"bitrate":1877.95}', '', '4220', '2015-09-17 09:47:03.183500+0000', '2015-09-17 14:13:46.947800+0000');
INSERT INTO "neap"."video"(video_id, stream_id, title, type, description, status, tags, topic_id, topic, media_info, preview, views, created_at, updated_at)
    VALUES ('a855eac7-858c-48fa-b321-6b7a3ed0526c', 'f6d34dd2-7a95-45b0-afd1-bd416a1bdef4', 'Come on and have fun with Holland!', 'highlight', 'Come on and have fun with Holland!', '', '[]', 'd2ea25fc-eb67-4c63-86d0-58ba2ce51b56', 'Theology', '{"width":1920,"height":1080,"bitrate":1386.39}', '', '25034', '2015-08-20 11:40:41.221500+0000', '2015-08-24 11:56:27.887100+0000');
INSERT INTO "neap"."stream"(stream_id, channel_id, title, topic_id, topic, media_info, viewers, created_at, updated_at, ended_at)
    VALUES ('a44ed09c-c231-489c-b079-12a481b824d4', '4a62bb19-6f98-4020-b12b-0e700149e548', 'Fun with Video games and Holland', '48e535f7-dba1-4d59-aac3-4c6cced32d6c', 'Video games', '{"width":720,"height":400,"bitrate":595.16}', 1997, '2015-04-01 02:05:41.514800+0000', '2015-04-01 05:17:27.511900+0000', '2015-04-01 05:42:51.682200+0000');
INSERT INTO "neap"."video"(video_id, stream_id, title, type, description, status, tags, topic_id, topic, media_info, preview, views, created_at, updated_at)
    VALUES ('80eca1ad-e04c-4cd3-adc1-cfe7d376877a', 'a44ed09c-c231-489c-b079-12a481b824d4', 'Fun with Video games and Holland', 'record', 'Fun with Video games and Holland', '', '[]', '48e535f7-dba1-4d59-aac3-4c6cced32d6c', 'Video games', '{"width":720,"height":400,"bitrate":649.42}', '', '1517', '2015-10-19 11:22:06.112500+0000', '2015-10-20 19:30:46.072900+0000');
INSERT INTO "neap"."stream"(stream_id, channel_id, title, topic_id, topic, media_info, viewers, created_at, updated_at, ended_at)
    VALUES ('65bab011-f1a2-4d71-b08d-456c68d86c5d', '4a62bb19-6f98-4020-b12b-0e700149e548', 'Come on and have fun with Holland!', 'e496e832-363e-4228-b518-7fe126ccaa04', 'Photography', '{"width":1920,"height":1080,"bitrate":1248.63}', 299, '2015-10-27 19:52:35.508500+0000', '2015-10-27 21:37:01.425300+0000', '2015-10-27 22:34:37.426600+0000');
INSERT INTO "neap"."stream"(stream_id, channel_id, title, topic_id, topic, media_info, viewers, created_at, updated_at, ended_at)
    VALUES ('f4651c49-876e-45f7-bbf8-fd1116c62546', '4a62bb19-6f98-4020-b12b-0e700149e548', 'Theology?? Yeah, Theology!', 'd2ea25fc-eb67-4c63-86d0-58ba2ce51b56', 'Theology', '{"width":720,"height":400,"bitrate":625.22}', 162, '2015-04-28 02:07:09.128000+0000', '2015-04-28 02:21:03.445800+0000', '2015-04-28 03:52:09.778300+0000');
INSERT INTO "neap"."video"(video_id, stream_id, title, type, description, status, tags, topic_id, topic, media_info, preview, views, created_at, updated_at)
    VALUES ('9fea8d93-8e85-43d2-80d4-ab87dc1af450', 'f4651c49-876e-45f7-bbf8-fd1116c62546', 'Theology?? Yeah, Theology!', 'record', 'Theology?? Yeah, Theology!', '', '[]', 'd2ea25fc-eb67-4c63-86d0-58ba2ce51b56', 'Theology', '{"width":720,"height":400,"bitrate":532.25}', '', '17401', '2015-10-26 06:04:26.478500+0000', '2015-10-27 11:29:00.633200+0000');
INSERT INTO "neap"."video"(video_id, stream_id, title, type, description, status, tags, topic_id, topic, media_info, preview, views, created_at, updated_at)
    VALUES ('6ae32391-7644-444e-a417-b0e7a9040119', 'f4651c49-876e-45f7-bbf8-fd1116c62546', 'Theology?? Yeah, Theology!', 'record', 'Theology?? Yeah, Theology!', '', '[]', 'd2ea25fc-eb67-4c63-86d0-58ba2ce51b56', 'Theology', '{"width":720,"height":400,"bitrate":563.81}', '', '22450', '2015-07-25 09:15:07.340600+0000', '2015-07-28 13:50:13.064000+0000');
INSERT INTO "neap"."stream"(stream_id, channel_id, title, topic_id, topic, media_info, viewers, created_at, updated_at, ended_at)
    VALUES ('91589c4b-88a6-4f39-a8b2-c8a291d2ced5', '4a62bb19-6f98-4020-b12b-0e700149e548', 'The origins of Biology', 'd4f06d27-2693-4552-bd85-d9875651ce39', 'Biology', '{"width":1920,"height":1080,"bitrate":2714.96}', 51, '2015-08-27 02:06:39.648300+0000', '2015-08-27 04:27:00.640500+0000', '2015-08-27 04:34:25.614600+0000');
INSERT INTO "neap"."stream"(stream_id, channel_id, title, topic_id, topic, media_info, viewers, created_at, updated_at, ended_at)
    VALUES ('5dcb88ba-f21c-4b6a-b76c-a396936f52d5', '4a62bb19-6f98-4020-b12b-0e700149e548', 'Philosophy?? Yeah, Philosophy!', '35fa82dc-ed25-47fb-b6cd-58ae8a151f60', 'Philosophy', '{"width":720,"height":400,"bitrate":699.7}', 94422, '2015-10-28 11:28:51.959600+0000', '2015-10-28 17:29:19.875000+0000', '2015-10-28 17:33:04.900400+0000');
INSERT INTO "neap"."stream"(stream_id, channel_id, title, topic_id, topic, media_info, viewers, created_at, updated_at, ended_at)
    VALUES ('90e476c2-a45f-4a1d-8586-000198a740d9', '4a62bb19-6f98-4020-b12b-0e700149e548', 'Relax stream', 'e9af2f53-d2dd-4e32-9dea-26d6ac21bcb8', 'Astrology', '{"width":1280,"height":720,"bitrate":1192.87}', 1377, '2015-07-13 18:04:50.511200+0000', '2015-07-13 19:18:03.541000+0000', '2015-07-13 19:21:16.868200+0000');
INSERT INTO "neap"."video"(video_id, stream_id, title, type, description, status, tags, topic_id, topic, media_info, preview, views, created_at, updated_at)
    VALUES ('085965ee-2005-42b7-b089-cf9926197e10', '90e476c2-a45f-4a1d-8586-000198a740d9', 'Relax stream', 'highlight', 'Relax stream', '', '[]', 'e9af2f53-d2dd-4e32-9dea-26d6ac21bcb8', 'Astrology', '{"width":1280,"height":720,"bitrate":1402.02}', '', '28318', '2015-10-31 09:58:02.292900+0000', '2015-11-01 08:54:13.519800+0000');
INSERT INTO "neap"."stream"(stream_id, channel_id, title, topic_id, topic, media_info, viewers, created_at, updated_at, ended_at)
    VALUES ('e8722ef4-a507-4386-acf2-8dae86985ac8', '4a62bb19-6f98-4020-b12b-0e700149e548', 'Come on and have fun with Holland!', 'b369c464-cdea-4356-9d70-1450585652e2', 'Music', '{"width":1280,"height":720,"bitrate":1087.53}', 52638, '2015-08-15 13:24:07.296600+0000', '2015-08-15 16:35:31.251900+0000', '2015-08-15 17:25:32.851800+0000');
INSERT INTO "neap"."video"(video_id, stream_id, title, type, description, status, tags, topic_id, topic, media_info, preview, views, created_at, updated_at)
    VALUES ('10ee8723-b01f-4ad3-b689-6f382274c1ea', 'e8722ef4-a507-4386-acf2-8dae86985ac8', 'Come on and have fun with Holland!', 'record', 'Come on and have fun with Holland!', '', '[]', 'b369c464-cdea-4356-9d70-1450585652e2', 'Music', '{"width":1280,"height":720,"bitrate":1475.33}', '', '31338', '2015-10-05 15:54:32.961500+0000', '2015-10-09 03:24:21.457500+0000');
INSERT INTO "neap"."stream"(stream_id, channel_id, title, topic_id, topic, media_info, viewers, created_at, updated_at, ended_at)
    VALUES ('2233c15f-814a-470a-b46a-6e51aa4a78da', '4a62bb19-6f98-4020-b12b-0e700149e548', 'Holland goes live!', '5f6c7ec0-84ab-4d8e-a2d7-ff1887b55d6e', 'History', '{"width":1920,"height":1080,"bitrate":2882.12}', 695, '2015-06-28 13:16:49.731400+0000', '2015-06-28 16:37:12.440100+0000', '2015-06-28 16:48:01.560900+0000');
INSERT INTO "neap"."video"(video_id, stream_id, title, type, description, status, tags, topic_id, topic, media_info, preview, views, created_at, updated_at)
    VALUES ('a9ffd6cb-a204-43a6-b6c3-0316e554d81d', '2233c15f-814a-470a-b46a-6e51aa4a78da', 'Holland goes live!', 'record', 'Holland goes live!', '', '[]', '5f6c7ec0-84ab-4d8e-a2d7-ff1887b55d6e', 'History', '{"width":1920,"height":1080,"bitrate":1210.53}', '', '4730', '2015-10-09 08:35:51.248000+0000', '2015-10-11 02:31:51.665100+0000');
INSERT INTO "neap"."video"(video_id, stream_id, title, type, description, status, tags, topic_id, topic, media_info, preview, views, created_at, updated_at)
    VALUES ('9b3953c5-b3cf-4ece-9fd0-b86db39da9c3', '2233c15f-814a-470a-b46a-6e51aa4a78da', 'Holland goes live!', 'record', 'Holland goes live!', '', '[]', '5f6c7ec0-84ab-4d8e-a2d7-ff1887b55d6e', 'History', '{"width":1920,"height":1080,"bitrate":2364.6}', '', '27822', '2015-07-05 02:56:41.132700+0000', '2015-07-06 03:00:47.680800+0000');
INSERT INTO "neap"."stream"(stream_id, channel_id, title, topic_id, topic, media_info, viewers, created_at, updated_at, ended_at)
    VALUES ('6885c77e-c871-440e-a854-fbc31065f7fc', '4a62bb19-6f98-4020-b12b-0e700149e548', 'Come on and have fun with Holland!', 'd4f06d27-2693-4552-bd85-d9875651ce39', 'Biology', '{"width":1280,"height":720,"bitrate":1354.73}', 1876, '2015-10-02 22:50:41.903000+0000', '2015-10-03 00:01:46.440100+0000', '2015-10-03 01:31:16.227200+0000');
INSERT INTO "neap"."video"(video_id, stream_id, title, type, description, status, tags, topic_id, topic, media_info, preview, views, created_at, updated_at)
    VALUES ('bccfc29c-5566-41b2-b002-48c7719aa331', '6885c77e-c871-440e-a854-fbc31065f7fc', 'Come on and have fun with Holland!', 'record', 'Come on and have fun with Holland!', '', '[]', 'd4f06d27-2693-4552-bd85-d9875651ce39', 'Biology', '{"width":1280,"height":720,"bitrate":956.85}', '', '4316', '2015-10-11 04:56:39.696000+0000', '2015-10-11 14:24:09.822800+0000');
INSERT INTO "neap"."user"(user_id, channel_id, type, username, email, password, display_name, logo, bio, created_at, updated_at)
    VALUES ('c398cb14-e864-4fc3-8e3c-f908b5c0418e', '901a1880-17d9-498d-b810-8a9aa8af62f5', 'user', 'corbin', 'corbin@neap.io', '$2y$10$7gwUbEM5fuiHJeoSdSOGluPfD1ywY1kck76CuoRdQDRAJ/DZcdUr2', 'Corbin', 'https://gravatar.com/avatar/5b2bfc1e2d312b549477b1c20af909fb?s=128&d=identicon', null, '2015-10-10 15:04:39.822600+0000', '2015-10-18 19:45:59.910500+0000');
INSERT INTO "neap"."channel"(channel_id, user_id, chat_id, name, display_name, topic, language, views, followers)
    VALUES ('901a1880-17d9-498d-b810-8a9aa8af62f5', 'c398cb14-e864-4fc3-8e3c-f908b5c0418e', 'e607a2b0-8e01-49cb-8567-f687df265a8a', 'corbin', 'Corbin Channel', 'Video games', 'en', 1063, 75);
INSERT INTO "neap"."chat"(chat_id, channel_id, name)
    VALUES ('e607a2b0-8e01-49cb-8567-f687df265a8a', '901a1880-17d9-498d-b810-8a9aa8af62f5', 'corbin');
INSERT INTO "neap"."stream"(stream_id, channel_id, title, topic_id, topic, media_info, viewers, created_at, updated_at, ended_at)
    VALUES ('b4bc4b69-a8bd-420b-b229-93608f531e52', '901a1880-17d9-498d-b810-8a9aa8af62f5', 'Relax stream', '48e535f7-dba1-4d59-aac3-4c6cced32d6c', 'Video games', '{"width":1920,"height":1080,"bitrate":2558.62}', 542, '2015-11-01 05:44:19.313000+0000', '2015-11-01 05:54:36.281000+0000', '2015-11-01 06:04:09.187700+0000');
INSERT INTO "neap"."video"(video_id, stream_id, title, type, description, status, tags, topic_id, topic, media_info, preview, views, created_at, updated_at)
    VALUES ('95f0cbb0-2d83-4576-b48d-621de5c96ed4', 'b4bc4b69-a8bd-420b-b229-93608f531e52', 'Relax stream', 'record', 'Relax stream', '', '[]', '48e535f7-dba1-4d59-aac3-4c6cced32d6c', 'Video games', '{"width":1920,"height":1080,"bitrate":3197.08}', '', '27134', '2015-11-01 09:17:53.823400+0000', '2015-11-01 20:49:37.492600+0000');
INSERT INTO "neap"."video"(video_id, stream_id, title, type, description, status, tags, topic_id, topic, media_info, preview, views, created_at, updated_at)
    VALUES ('e537cb1a-aef6-4172-b584-40ffcdc13075', 'b4bc4b69-a8bd-420b-b229-93608f531e52', 'Relax stream', 'record', 'Relax stream', '', '[]', '48e535f7-dba1-4d59-aac3-4c6cced32d6c', 'Video games', '{"width":1920,"height":1080,"bitrate":2448.78}', '', '26095', '2015-11-01 06:10:55.710000+0000', '2015-11-04 12:41:07.344700+0000');
INSERT INTO "neap"."stream"(stream_id, channel_id, title, topic_id, topic, media_info, viewers, created_at, updated_at, ended_at)
    VALUES ('f12b6b90-7598-4a67-9266-ff56fdddcdfe', '901a1880-17d9-498d-b810-8a9aa8af62f5', 'Relax stream', 'b369c464-cdea-4356-9d70-1450585652e2', 'Music', '{"width":720,"height":400,"bitrate":640.54}', 1391, '2015-10-25 00:38:24.125100+0000', '2015-10-25 06:07:22.685700+0000', '2015-10-25 06:16:43.337600+0000');
INSERT INTO "neap"."video"(video_id, stream_id, title, type, description, status, tags, topic_id, topic, media_info, preview, views, created_at, updated_at)
    VALUES ('38412d1d-c15f-4838-9f0d-d96c0de28955', 'f12b6b90-7598-4a67-9266-ff56fdddcdfe', 'Relax stream', 'record', 'Relax stream', '', '[]', 'b369c464-cdea-4356-9d70-1450585652e2', 'Music', '{"width":720,"height":400,"bitrate":697.63}', '', '5522', '2015-10-27 15:14:06.551200+0000', '2015-10-29 14:36:37.955700+0000');
INSERT INTO "neap"."stream"(stream_id, channel_id, title, topic_id, topic, media_info, viewers, created_at, updated_at, ended_at)
    VALUES ('d2408d33-2ea5-4397-adff-587bf61f1dc4', '901a1880-17d9-498d-b810-8a9aa8af62f5', 'Fun with Theology and Corbin', 'd2ea25fc-eb67-4c63-86d0-58ba2ce51b56', 'Theology', '{"width":1280,"height":720,"bitrate":1356.34}', 97, '2015-10-20 11:05:36.358800+0000', '2015-10-20 12:36:50.186700+0000', '2015-10-20 12:58:23.041100+0000');
INSERT INTO "neap"."stream"(stream_id, channel_id, title, topic_id, topic, media_info, viewers, created_at, updated_at, ended_at)
    VALUES ('0d958288-b807-4fe2-8ada-c3ac90bc5545', '901a1880-17d9-498d-b810-8a9aa8af62f5', 'Fun with Mathematics and Corbin', '284b3091-455d-4476-ae67-442a19d153d4', 'Mathematics', '{"width":1280,"height":720,"bitrate":998.28}', 84007, '2015-11-01 05:54:07.331900+0000', '2015-11-01 11:31:16.943600+0000', '2015-11-01 11:42:24.776100+0000');
INSERT INTO "neap"."video"(video_id, stream_id, title, type, description, status, tags, topic_id, topic, media_info, preview, views, created_at, updated_at)
    VALUES ('406985d2-7a77-4f78-a0ba-7c780140d1ce', '0d958288-b807-4fe2-8ada-c3ac90bc5545', 'Fun with Mathematics and Corbin', 'record', 'Fun with Mathematics and Corbin', '', '[]', '284b3091-455d-4476-ae67-442a19d153d4', 'Mathematics', '{"width":1280,"height":720,"bitrate":1329.04}', '', '8362', '2015-11-01 07:02:25.988100+0000', '2015-11-01 11:07:17.428600+0000');
INSERT INTO "neap"."user"(user_id, channel_id, type, username, email, password, display_name, logo, bio, created_at, updated_at)
    VALUES ('92e2a2ac-33ee-454d-8804-c7863d20b609', '0677823f-0561-483e-86ce-d0dc529d93c2', 'user', 'valentino', 'valentino@neap.io', '$2y$10$cfxzVpbNR/h8ivkF5FRgK.4.MfkNgBdiLyzWiGRPD54E.YAvz/R/6', 'Valentino', 'https://gravatar.com/avatar/bef756c0f355f261fde2e8564161be6c?s=128&d=identicon', null, '2015-10-28 06:25:41.451200+0000', '2015-10-28 11:47:10.378900+0000');
INSERT INTO "neap"."channel"(channel_id, user_id, chat_id, name, display_name, topic, language, views, followers)
    VALUES ('0677823f-0561-483e-86ce-d0dc529d93c2', '92e2a2ac-33ee-454d-8804-c7863d20b609', 'aac364bf-bbca-407a-bcae-a52b0c0a7a97', 'valentino', 'Valentino Channel', 'Photography', 'en', 47774, 122);
INSERT INTO "neap"."chat"(chat_id, channel_id, name)
    VALUES ('aac364bf-bbca-407a-bcae-a52b0c0a7a97', '0677823f-0561-483e-86ce-d0dc529d93c2', 'valentino');
INSERT INTO "neap"."user"(user_id, channel_id, type, username, email, password, display_name, logo, bio, created_at, updated_at)
    VALUES ('2b855941-bab8-4131-a951-d8f0da45c736', '4750bb9d-d83e-46af-848b-6e1794c1a6ed', 'user', 'giovanna', 'giovanna@neap.io', '$2y$10$7MCdgfxmyxn5tHYCJ.MLauvDusL07UKZSFyFhkzD66I3X30eLqa4O', 'Giovanna', 'https://gravatar.com/avatar/b451eadc44045fe4464398d6e7070e19?s=128&d=identicon', null, '2015-01-01 10:38:47.239200+0000', '2015-07-13 22:14:16.819400+0000');
INSERT INTO "neap"."channel"(channel_id, user_id, chat_id, name, display_name, topic, language, views, followers)
    VALUES ('4750bb9d-d83e-46af-848b-6e1794c1a6ed', '2b855941-bab8-4131-a951-d8f0da45c736', '57fd191a-ec8b-4ece-84b8-6a301e70347d', 'giovanna', 'Giovanna Channel', 'Astrology', 'en', 95650, 54);
INSERT INTO "neap"."chat"(chat_id, channel_id, name)
    VALUES ('57fd191a-ec8b-4ece-84b8-6a301e70347d', '4750bb9d-d83e-46af-848b-6e1794c1a6ed', 'giovanna');
INSERT INTO "neap"."stream"(stream_id, channel_id, title, topic_id, topic, media_info, viewers, created_at, updated_at, ended_at)
    VALUES ('1d64e1bb-f43b-4f19-b8ab-50b404149215', '4750bb9d-d83e-46af-848b-6e1794c1a6ed', 'Fun with Astrology and Giovanna', 'e9af2f53-d2dd-4e32-9dea-26d6ac21bcb8', 'Astrology', '{"width":720,"height":400,"bitrate":605.12}', 197, '2015-08-14 21:29:43.101200+0000', '2015-08-14 21:58:27.922200+0000', '2015-08-14 22:00:35.751400+0000');
INSERT INTO "neap"."video"(video_id, stream_id, title, type, description, status, tags, topic_id, topic, media_info, preview, views, created_at, updated_at)
    VALUES ('59f6f05c-efc1-4c95-a848-ebaf535c28a9', '1d64e1bb-f43b-4f19-b8ab-50b404149215', 'Fun with Astrology and Giovanna', 'record', 'Fun with Astrology and Giovanna', '', '[]', 'e9af2f53-d2dd-4e32-9dea-26d6ac21bcb8', 'Astrology', '{"width":720,"height":400,"bitrate":659.96}', '', '20125', '2015-09-08 09:18:36.226000+0000', '2015-09-10 04:42:25.200200+0000');
INSERT INTO "neap"."stream"(stream_id, channel_id, title, topic_id, topic, media_info, viewers, created_at, updated_at, ended_at)
    VALUES ('3f74ac50-1eec-480a-a76a-5eacbc51d96f', '4750bb9d-d83e-46af-848b-6e1794c1a6ed', 'Today is Mathematics day', '284b3091-455d-4476-ae67-442a19d153d4', 'Mathematics', '{"width":1280,"height":720,"bitrate":1217.37}', 291, '2015-07-12 08:16:17.618400+0000', '2015-07-12 09:42:47.493000+0000', '2015-07-12 10:04:46.642100+0000');
INSERT INTO "neap"."video"(video_id, stream_id, title, type, description, status, tags, topic_id, topic, media_info, preview, views, created_at, updated_at)
    VALUES ('3a6baaec-66e4-4e15-8f5e-b1ae5591a172', '3f74ac50-1eec-480a-a76a-5eacbc51d96f', 'Today is Mathematics day', 'record', 'Today is Mathematics day', '', '[]', '284b3091-455d-4476-ae67-442a19d153d4', 'Mathematics', '{"width":1280,"height":720,"bitrate":1393.13}', '', '21183', '2015-10-09 02:06:06.858100+0000', '2015-10-09 03:09:14.658200+0000');
INSERT INTO "neap"."user"(user_id, channel_id, type, username, email, password, display_name, logo, bio, created_at, updated_at)
    VALUES ('760e59ee-5084-46a4-9614-f737f346d596', 'f02346cb-0a13-49d7-9189-5d9a3f56f8ad', 'user', 'keyla', 'keyla@neap.io', '$2y$10$8RxyD7XmPEOFcc3aNUEks.FtkADKAC82rv/ce3LnjtGhto03CYTUm', 'Keyla', 'https://gravatar.com/avatar/c68a3d89083b16d227627e61deda7912?s=128&d=identicon', null, '2015-09-05 18:26:05.957700+0000', '2015-10-20 20:32:58.032100+0000');
INSERT INTO "neap"."channel"(channel_id, user_id, chat_id, name, display_name, topic, language, views, followers)
    VALUES ('f02346cb-0a13-49d7-9189-5d9a3f56f8ad', '760e59ee-5084-46a4-9614-f737f346d596', '0046e4a2-ddef-455d-a9e2-79c65f5c3cad', 'keyla', 'Keyla Channel', 'Litterature', 'en', 81756, 70);
INSERT INTO "neap"."chat"(chat_id, channel_id, name)
    VALUES ('0046e4a2-ddef-455d-a9e2-79c65f5c3cad', 'f02346cb-0a13-49d7-9189-5d9a3f56f8ad', 'keyla');
INSERT INTO "neap"."stream"(stream_id, channel_id, title, topic_id, topic, media_info, viewers, created_at, updated_at, ended_at)
    VALUES ('6c46f64b-ab0c-4051-bf08-1f3d62c0d0c7', 'f02346cb-0a13-49d7-9189-5d9a3f56f8ad', 'Keyla goes live!', '994391cf-d41e-46f4-b6eb-ce53824e3a0c', 'Litterature', '{"width":720,"height":400,"bitrate":709.69}', 67338, '2015-09-20 20:05:57.735200+0000', '2015-09-20 23:01:36.638700+0000', '2015-09-20 23:25:42.841600+0000');
INSERT INTO "neap"."stream"(stream_id, channel_id, title, topic_id, topic, media_info, viewers, created_at, updated_at, ended_at)
    VALUES ('c472ee6f-a5b9-403c-9c1a-d9288ac16b8d', 'f02346cb-0a13-49d7-9189-5d9a3f56f8ad', 'Come on and have fun with Keyla!', '35fa82dc-ed25-47fb-b6cd-58ae8a151f60', 'Philosophy', '{"width":720,"height":400,"bitrate":737.77}', 46451, '2015-09-17 20:07:36.215600+0000', '2015-09-17 22:57:51.014200+0000', '2015-09-17 23:12:59.536500+0000');
INSERT INTO "neap"."video"(video_id, stream_id, title, type, description, status, tags, topic_id, topic, media_info, preview, views, created_at, updated_at)
    VALUES ('8f830813-7295-4670-9314-62d93375fff1', 'c472ee6f-a5b9-403c-9c1a-d9288ac16b8d', 'Come on and have fun with Keyla!', 'record', 'Come on and have fun with Keyla!', '', '[]', '35fa82dc-ed25-47fb-b6cd-58ae8a151f60', 'Philosophy', '{"width":720,"height":400,"bitrate":610.49}', '', '721', '2015-09-20 12:23:52.082300+0000', '2015-09-25 01:08:06.762400+0000');
INSERT INTO "neap"."stream"(stream_id, channel_id, title, topic_id, topic, media_info, viewers, created_at, updated_at, ended_at)
    VALUES ('b60d3f12-0785-4d4b-a388-648330d4f027', 'f02346cb-0a13-49d7-9189-5d9a3f56f8ad', 'The origins of Theology', 'd2ea25fc-eb67-4c63-86d0-58ba2ce51b56', 'Theology', '{"width":1920,"height":1080,"bitrate":3468.07}', 508, '2015-09-08 19:17:04.366600+0000', '2015-09-09 00:21:57.180300+0000', '2015-09-09 01:06:08.183400+0000');
INSERT INTO "neap"."stream"(stream_id, channel_id, title, topic_id, topic, media_info, viewers, created_at, updated_at, ended_at)
    VALUES ('f40cdbb2-c703-4b42-a924-8c07dd1ff183', 'f02346cb-0a13-49d7-9189-5d9a3f56f8ad', 'Keyla goes live!', 'd2ea25fc-eb67-4c63-86d0-58ba2ce51b56', 'Theology', '{"width":1920,"height":1080,"bitrate":2134.9}', 879, '2015-10-06 13:41:00.747700+0000', '2015-10-06 14:37:19.164800+0000', '2015-10-06 15:15:59.774800+0000');
INSERT INTO "neap"."video"(video_id, stream_id, title, type, description, status, tags, topic_id, topic, media_info, preview, views, created_at, updated_at)
    VALUES ('754113d1-dd34-4f3a-87c1-02b549714d51', 'f40cdbb2-c703-4b42-a924-8c07dd1ff183', 'Keyla goes live!', 'record', 'Keyla goes live!', '', '[]', 'd2ea25fc-eb67-4c63-86d0-58ba2ce51b56', 'Theology', '{"width":1920,"height":1080,"bitrate":1916.91}', '', '30706', '2015-10-14 05:08:19.420100+0000', '2015-10-15 01:36:58.260000+0000');
INSERT INTO "neap"."video"(video_id, stream_id, title, type, description, status, tags, topic_id, topic, media_info, preview, views, created_at, updated_at)
    VALUES ('a7ee89a7-5adf-4b7f-a95a-76cee72074f2', 'f40cdbb2-c703-4b42-a924-8c07dd1ff183', 'Keyla goes live!', 'record', 'Keyla goes live!', '', '[]', 'd2ea25fc-eb67-4c63-86d0-58ba2ce51b56', 'Theology', '{"width":1920,"height":1080,"bitrate":2779.92}', '', '645', '2015-10-09 17:00:48.080500+0000', '2015-10-09 22:28:32.656700+0000');
INSERT INTO "neap"."stream"(stream_id, channel_id, title, topic_id, topic, media_info, viewers, created_at, updated_at, ended_at)
    VALUES ('cde1db5b-a08d-4067-9360-d4bfb2b5ce1d', 'f02346cb-0a13-49d7-9189-5d9a3f56f8ad', 'Relax stream', '1cae4612-f178-4a0e-b3af-343a88b99638', 'Science', '{"width":720,"height":400,"bitrate":532.97}', 1161, '2015-10-14 05:38:58.956800+0000', '2015-10-14 08:55:28.270700+0000', '2015-10-14 09:45:23.364600+0000');
INSERT INTO "neap"."video"(video_id, stream_id, title, type, description, status, tags, topic_id, topic, media_info, preview, views, created_at, updated_at)
    VALUES ('a8817c3f-d44e-49b4-a20e-03ddda439eb8', 'cde1db5b-a08d-4067-9360-d4bfb2b5ce1d', 'Relax stream', 'record', 'Relax stream', '', '[]', '1cae4612-f178-4a0e-b3af-343a88b99638', 'Science', '{"width":720,"height":400,"bitrate":610.68}', '', '1946', '2015-10-22 23:41:57.464700+0000', '2015-10-24 20:49:26.916200+0000');
INSERT INTO "neap"."user"(user_id, channel_id, type, username, email, password, display_name, logo, bio, created_at, updated_at)
    VALUES ('ca9f891f-dd9f-4643-889f-b15d82c6027c', '361db714-23f3-4152-babb-96741cb9e405', 'user', 'amia', 'amia@neap.io', '$2y$10$ld0HBaegg1rUAHdSH1S2OOTYoSC02cK4.rxrNdg1CU6VHrE71/Vgi', 'Amia', 'https://gravatar.com/avatar/76899a07f30a53320751de5578c3b0fa?s=128&d=identicon', null, '2015-05-19 13:22:38.070800+0000', '2015-08-10 21:48:07.864500+0000');
INSERT INTO "neap"."channel"(channel_id, user_id, chat_id, name, display_name, topic, language, views, followers)
    VALUES ('361db714-23f3-4152-babb-96741cb9e405', 'ca9f891f-dd9f-4643-889f-b15d82c6027c', '6bd46737-4f01-4356-b95c-778a4ca219a5', 'amia', 'Amia Channel', 'Science', 'en', 3670, 46);
INSERT INTO "neap"."chat"(chat_id, channel_id, name)
    VALUES ('6bd46737-4f01-4356-b95c-778a4ca219a5', '361db714-23f3-4152-babb-96741cb9e405', 'amia');
INSERT INTO "neap"."stream"(stream_id, channel_id, title, topic_id, topic, media_info, viewers, created_at, updated_at, ended_at)
    VALUES ('7222179f-9e8b-49ce-ad2f-5c18598546f3', '361db714-23f3-4152-babb-96741cb9e405', 'Relax stream', '35fa82dc-ed25-47fb-b6cd-58ae8a151f60', 'Philosophy', '{"width":720,"height":400,"bitrate":797.58}', 1040, '2015-05-22 12:01:46.497600+0000', '2015-05-22 19:45:00.407500+0000', '2015-05-22 21:19:29.182600+0000');
INSERT INTO "neap"."video"(video_id, stream_id, title, type, description, status, tags, topic_id, topic, media_info, preview, views, created_at, updated_at)
    VALUES ('19ce6ddc-467d-4311-a3c6-2c723b192bdb', '7222179f-9e8b-49ce-ad2f-5c18598546f3', 'Relax stream', 'record', 'Relax stream', '', '[]', '35fa82dc-ed25-47fb-b6cd-58ae8a151f60', 'Philosophy', '{"width":720,"height":400,"bitrate":595.56}', '', '6836', '2015-06-23 18:49:28.022000+0000', '2015-06-25 18:01:25.357300+0000');
INSERT INTO "neap"."stream"(stream_id, channel_id, title, topic_id, topic, media_info, viewers, created_at, updated_at, ended_at)
    VALUES ('aa464a36-9944-4ffe-b4cb-d4f404635b90', '361db714-23f3-4152-babb-96741cb9e405', 'History?? Yeah, History!', '5f6c7ec0-84ab-4d8e-a2d7-ff1887b55d6e', 'History', '{"width":1280,"height":720,"bitrate":835.66}', 47, '2015-06-27 21:20:05.882500+0000', '2015-06-28 00:15:09.944300+0000', '2015-06-28 00:38:30.992300+0000');
INSERT INTO "neap"."video"(video_id, stream_id, title, type, description, status, tags, topic_id, topic, media_info, preview, views, created_at, updated_at)
    VALUES ('cb04a76a-02e2-476b-b534-d0ac49d6cc63', 'aa464a36-9944-4ffe-b4cb-d4f404635b90', 'History?? Yeah, History!', 'record', 'History?? Yeah, History!', '', '[]', '5f6c7ec0-84ab-4d8e-a2d7-ff1887b55d6e', 'History', '{"width":1280,"height":720,"bitrate":930.62}', '', '29056', '2015-10-28 12:33:25.597200+0000', '2015-10-31 15:06:16.185100+0000');
INSERT INTO "neap"."stream"(stream_id, channel_id, title, topic_id, topic, media_info, viewers, created_at, updated_at, ended_at)
    VALUES ('2d8090c5-2aad-4aa0-9dce-10cf3f12f1fd', '361db714-23f3-4152-babb-96741cb9e405', 'Fun with Photography and Amia', 'e496e832-363e-4228-b518-7fe126ccaa04', 'Photography', '{"width":1920,"height":1080,"bitrate":2050.88}', 1970, '2015-08-15 13:10:50.691200+0000', '2015-08-15 14:18:15.151700+0000', '2015-08-15 14:29:11.317600+0000');
INSERT INTO "neap"."video"(video_id, stream_id, title, type, description, status, tags, topic_id, topic, media_info, preview, views, created_at, updated_at)
    VALUES ('47920b9d-4c51-4efc-a67f-49aaaf510b4f', '2d8090c5-2aad-4aa0-9dce-10cf3f12f1fd', 'Fun with Photography and Amia', 'record', 'Fun with Photography and Amia', '', '[]', 'e496e832-363e-4228-b518-7fe126ccaa04', 'Photography', '{"width":1920,"height":1080,"bitrate":3165.91}', '', '5726', '2015-08-30 10:05:56.806000+0000', '2015-09-03 00:51:28.217700+0000');
INSERT INTO "neap"."stream"(stream_id, channel_id, title, topic_id, topic, media_info, viewers, created_at, updated_at, ended_at)
    VALUES ('4989e27a-82c5-41bd-818d-e2302ace4210', '361db714-23f3-4152-babb-96741cb9e405', 'Come on and have fun with Amia!', 'd4f06d27-2693-4552-bd85-d9875651ce39', 'Biology', '{"width":1920,"height":1080,"bitrate":3487.83}', 1474, '2015-07-06 03:21:59.881600+0000', '2015-07-06 04:09:40.556900+0000', '2015-07-06 04:47:11.485400+0000');
INSERT INTO "neap"."video"(video_id, stream_id, title, type, description, status, tags, topic_id, topic, media_info, preview, views, created_at, updated_at)
    VALUES ('8ae154d9-8ed9-4146-a402-f45fee85e3d3', '4989e27a-82c5-41bd-818d-e2302ace4210', 'Come on and have fun with Amia!', 'record', 'Come on and have fun with Amia!', '', '[]', 'd4f06d27-2693-4552-bd85-d9875651ce39', 'Biology', '{"width":1920,"height":1080,"bitrate":1175.58}', '', '1401', '2015-10-25 01:45:11.861100+0000', '2015-10-26 06:26:50.078400+0000');
INSERT INTO "neap"."video"(video_id, stream_id, title, type, description, status, tags, topic_id, topic, media_info, preview, views, created_at, updated_at)
    VALUES ('a9667801-a32f-4eee-b930-a6dc8f926de9', '4989e27a-82c5-41bd-818d-e2302ace4210', 'Come on and have fun with Amia!', 'record', 'Come on and have fun with Amia!', '', '[]', 'd4f06d27-2693-4552-bd85-d9875651ce39', 'Biology', '{"width":1920,"height":1080,"bitrate":1072.22}', '', '30397', '2015-10-11 03:34:36.882800+0000', '2015-10-11 22:11:01.699800+0000');
INSERT INTO "neap"."stream"(stream_id, channel_id, title, topic_id, topic, media_info, viewers, created_at, updated_at, ended_at)
    VALUES ('f54db214-c03e-40f7-b33f-eb1730158632', '361db714-23f3-4152-babb-96741cb9e405', 'Relax stream', '1cae4612-f178-4a0e-b3af-343a88b99638', 'Science', '{"width":720,"height":400,"bitrate":526.98}', 1866, '2015-07-27 00:47:25.904700+0000', '2015-07-27 01:48:44.150800+0000', '2015-07-27 01:49:49.538300+0000');
INSERT INTO "neap"."video"(video_id, stream_id, title, type, description, status, tags, topic_id, topic, media_info, preview, views, created_at, updated_at)
    VALUES ('79151c45-c531-40ed-b45b-2a0cf7ec41db', 'f54db214-c03e-40f7-b33f-eb1730158632', 'Relax stream', 'record', 'Relax stream', '', '[]', '1cae4612-f178-4a0e-b3af-343a88b99638', 'Science', '{"width":720,"height":400,"bitrate":541.77}', '', '17683', '2015-10-29 23:13:28.315400+0000', '2015-10-30 05:33:40.735900+0000');
INSERT INTO "neap"."user"(user_id, channel_id, type, username, email, password, display_name, logo, bio, created_at, updated_at)
    VALUES ('6ddc97e4-8cf9-4329-95cf-57c0bd7693ec', 'a87624ee-e640-4f10-ba7f-e7a8a96e933a', 'user', 'dwayne', 'dwayne@neap.io', '$2y$10$GsaOHTbYiGP.DkHVEZQnEe4Q2h/CliZrOUXOODdzpuP1qab1vxCsu', 'Dwayne', 'https://gravatar.com/avatar/f390e582766a89023508562d09fba68b?s=128&d=identicon', null, '2015-10-31 23:58:12.461300+0000', '2015-11-01 07:11:59.300700+0000');
INSERT INTO "neap"."channel"(channel_id, user_id, chat_id, name, display_name, topic, language, views, followers)
    VALUES ('a87624ee-e640-4f10-ba7f-e7a8a96e933a', '6ddc97e4-8cf9-4329-95cf-57c0bd7693ec', 'd6cdf6d5-ea5b-4140-a4ff-ed57f04f112f', 'dwayne', 'Dwayne Channel', 'Music', 'en', 57863, 118);
INSERT INTO "neap"."chat"(chat_id, channel_id, name)
    VALUES ('d6cdf6d5-ea5b-4140-a4ff-ed57f04f112f', 'a87624ee-e640-4f10-ba7f-e7a8a96e933a', 'dwayne');
INSERT INTO "neap"."stream"(stream_id, channel_id, title, topic_id, topic, media_info, viewers, created_at, updated_at, ended_at)
    VALUES ('d2002a70-ae77-4753-968d-62c3f55099ca', 'a87624ee-e640-4f10-ba7f-e7a8a96e933a', 'The origins of Mathematics', '284b3091-455d-4476-ae67-442a19d153d4', 'Mathematics', '{"width":1280,"height":720,"bitrate":1438.27}', 1865, '2015-11-01 00:07:16.520600+0000', '2015-11-01 00:29:27.654900+0000', '2015-11-01 00:59:47.019400+0000');
INSERT INTO "neap"."video"(video_id, stream_id, title, type, description, status, tags, topic_id, topic, media_info, preview, views, created_at, updated_at)
    VALUES ('3506639a-442d-48ff-914c-b58ea31d8e43', 'd2002a70-ae77-4753-968d-62c3f55099ca', 'The origins of Mathematics', 'record', 'The origins of Mathematics', '', '[]', '284b3091-455d-4476-ae67-442a19d153d4', 'Mathematics', '{"width":1280,"height":720,"bitrate":752.06}', '', '22775', '2015-11-01 11:11:15.761900+0000', '2015-11-01 11:37:19.888600+0000');
INSERT INTO "neap"."stream"(stream_id, channel_id, title, topic_id, topic, media_info, viewers, created_at, updated_at, ended_at)
    VALUES ('d1e11acd-5c4d-4569-ab5a-7470f3b52d10', 'a87624ee-e640-4f10-ba7f-e7a8a96e933a', 'Today is Mathematics day', '284b3091-455d-4476-ae67-442a19d153d4', 'Mathematics', '{"width":720,"height":400,"bitrate":793.92}', 249, '2015-11-01 20:46:26.540100+0000', '2015-11-01 22:46:57.944900+0000', '2015-11-01 22:55:02.763000+0000');
INSERT INTO "neap"."stream"(stream_id, channel_id, title, topic_id, topic, media_info, viewers, created_at, updated_at, ended_at)
    VALUES ('d8a8150d-d1fc-4df3-ba9e-cb8c74764ceb', 'a87624ee-e640-4f10-ba7f-e7a8a96e933a', 'Fun with Theology and Dwayne', 'd2ea25fc-eb67-4c63-86d0-58ba2ce51b56', 'Theology', '{"width":720,"height":400,"bitrate":656.25}', 728, '2015-11-01 18:33:45.141900+0000', '2015-11-01 20:21:17.051900+0000', '2015-11-01 21:39:01.832900+0000');
INSERT INTO "neap"."stream"(stream_id, channel_id, title, topic_id, topic, media_info, viewers, created_at, updated_at, ended_at)
    VALUES ('1f09ff72-773f-454c-9e98-e02efc57767c', 'a87624ee-e640-4f10-ba7f-e7a8a96e933a', 'Music?? Yeah, Music!', 'b369c464-cdea-4356-9d70-1450585652e2', 'Music', '{"width":1920,"height":1080,"bitrate":3052.09}', 4672, '2015-11-01 20:42:23.785300+0000', '2015-11-01 20:57:38.001600+0000', '2015-11-01 21:18:18.103300+0000');
INSERT INTO "neap"."video"(video_id, stream_id, title, type, description, status, tags, topic_id, topic, media_info, preview, views, created_at, updated_at)
    VALUES ('6720ad68-03ce-46a0-8840-1b5f724d9a24', '1f09ff72-773f-454c-9e98-e02efc57767c', 'Music?? Yeah, Music!', 'record', 'Music?? Yeah, Music!', '', '[]', 'b369c464-cdea-4356-9d70-1450585652e2', 'Music', '{"width":1920,"height":1080,"bitrate":1924.69}', '', '19548', '2015-11-01 23:16:24.214000+0000', '2015-11-02 18:08:44.052000+0000');
INSERT INTO "neap"."stream"(stream_id, channel_id, title, topic_id, topic, media_info, viewers, created_at, updated_at, ended_at)
    VALUES ('f6ff7d61-4386-41ce-8ac8-9af4f072fde1', 'a87624ee-e640-4f10-ba7f-e7a8a96e933a', 'Come on and have fun with Dwayne!', 'e9af2f53-d2dd-4e32-9dea-26d6ac21bcb8', 'Astrology', '{"width":720,"height":400,"bitrate":525.93}', 78270, '2015-11-01 10:30:06.909300+0000', '2015-11-01 13:45:57.337600+0000', '2015-11-01 14:13:00.810500+0000');
INSERT INTO "neap"."video"(video_id, stream_id, title, type, description, status, tags, topic_id, topic, media_info, preview, views, created_at, updated_at)
    VALUES ('6f952423-221e-4f9f-a7da-6789c6477cdb', 'f6ff7d61-4386-41ce-8ac8-9af4f072fde1', 'Come on and have fun with Dwayne!', 'record', 'Come on and have fun with Dwayne!', '', '[]', 'e9af2f53-d2dd-4e32-9dea-26d6ac21bcb8', 'Astrology', '{"width":720,"height":400,"bitrate":607.5}', '', '15605', '2015-11-01 13:54:27.098200+0000', '2015-11-01 15:51:53.332900+0000');
INSERT INTO "neap"."user"(user_id, channel_id, type, username, email, password, display_name, logo, bio, created_at, updated_at)
    VALUES ('bf6fbf37-7217-427a-9f94-1e11ebc8dd70', '6c0a9334-1574-4b23-a494-9931e891f4f6', 'user', 'miles', 'miles@neap.io', '$2y$10$umY4ImjPxy1.V3umbRxYA.dc1zE110Cgo9WcmPavi5MM.P.3AIN1G', 'Miles', 'https://gravatar.com/avatar/1ba8a5e23ced44ea341550309ac18f3e?s=128&d=identicon', null, '2015-06-21 08:53:32.308800+0000', '2015-07-17 18:49:00.683200+0000');
INSERT INTO "neap"."channel"(channel_id, user_id, chat_id, name, display_name, topic, language, views, followers)
    VALUES ('6c0a9334-1574-4b23-a494-9931e891f4f6', 'bf6fbf37-7217-427a-9f94-1e11ebc8dd70', '74aec1e1-1019-43f2-8e66-c0d240ff6b1a', 'miles', 'Miles Channel', 'Mathematics', 'en', 95516, 36);
INSERT INTO "neap"."chat"(chat_id, channel_id, name)
    VALUES ('74aec1e1-1019-43f2-8e66-c0d240ff6b1a', '6c0a9334-1574-4b23-a494-9931e891f4f6', 'miles');
INSERT INTO "neap"."stream"(stream_id, channel_id, title, topic_id, topic, media_info, viewers, created_at, updated_at, ended_at)
    VALUES ('525ba7dd-d20c-4426-aab9-d984bb7fcd3b', '6c0a9334-1574-4b23-a494-9931e891f4f6', 'Miles goes live!', '48e535f7-dba1-4d59-aac3-4c6cced32d6c', 'Video games', '{"width":1280,"height":720,"bitrate":1453.85}', 991, '2015-09-19 01:52:57.204200+0000', '2015-09-19 05:01:49.690600+0000', '2015-09-19 05:35:23.735400+0000');
INSERT INTO "neap"."video"(video_id, stream_id, title, type, description, status, tags, topic_id, topic, media_info, preview, views, created_at, updated_at)
    VALUES ('f93e617f-7f4a-4c07-ae01-675ee5797bca', '525ba7dd-d20c-4426-aab9-d984bb7fcd3b', 'Miles goes live!', 'highlight', 'Miles goes live!', '', '[]', '48e535f7-dba1-4d59-aac3-4c6cced32d6c', 'Video games', '{"width":1280,"height":720,"bitrate":1150.76}', '', '20503', '2015-10-13 17:33:43.165100+0000', '2015-10-16 03:44:37.970500+0000');
INSERT INTO "neap"."video"(video_id, stream_id, title, type, description, status, tags, topic_id, topic, media_info, preview, views, created_at, updated_at)
    VALUES ('1eef4a2d-9f79-4a02-97a8-3424fcf579f6', '525ba7dd-d20c-4426-aab9-d984bb7fcd3b', 'Miles goes live!', 'highlight', 'Miles goes live!', '', '[]', '48e535f7-dba1-4d59-aac3-4c6cced32d6c', 'Video games', '{"width":1280,"height":720,"bitrate":975.59}', '', '9997', '2015-09-24 07:55:00.216000+0000', '2015-09-26 16:39:35.012500+0000');
INSERT INTO "neap"."stream"(stream_id, channel_id, title, topic_id, topic, media_info, viewers, created_at, updated_at, ended_at)
    VALUES ('8149cbdd-1ab0-4c36-bf9a-6e0be702287d', '6c0a9334-1574-4b23-a494-9931e891f4f6', 'Come on and have fun with Miles!', 'd2ea25fc-eb67-4c63-86d0-58ba2ce51b56', 'Theology', '{"width":1280,"height":720,"bitrate":1133.76}', 325, '2015-08-07 14:21:37.742000+0000', '2015-08-07 15:16:53.198600+0000', '2015-08-07 15:49:43.548800+0000');
INSERT INTO "neap"."video"(video_id, stream_id, title, type, description, status, tags, topic_id, topic, media_info, preview, views, created_at, updated_at)
    VALUES ('5328fe9e-28d4-43b1-8fce-7326facd0661', '8149cbdd-1ab0-4c36-bf9a-6e0be702287d', 'Come on and have fun with Miles!', 'record', 'Come on and have fun with Miles!', '', '[]', 'd2ea25fc-eb67-4c63-86d0-58ba2ce51b56', 'Theology', '{"width":1280,"height":720,"bitrate":902.48}', '', '32956', '2015-09-28 04:10:13.776700+0000', '2015-09-28 16:31:36.187100+0000');
INSERT INTO "neap"."stream"(stream_id, channel_id, title, topic_id, topic, media_info, viewers, created_at, updated_at, ended_at)
    VALUES ('f676dedf-dbc8-4707-90d2-2e813bcb43f9', '6c0a9334-1574-4b23-a494-9931e891f4f6', 'Today is Video games day', '48e535f7-dba1-4d59-aac3-4c6cced32d6c', 'Video games', '{"width":1280,"height":720,"bitrate":1345.19}', 1102, '2015-07-17 09:50:33.873200+0000', '2015-07-17 13:22:34.974200+0000', '2015-07-17 13:41:10.735400+0000');
INSERT INTO "neap"."user"(user_id, channel_id, type, username, email, password, display_name, logo, bio, created_at, updated_at)
    VALUES ('65de0bc3-8ec3-4749-936f-22e702a36201', '769df52d-32a4-4253-b171-5b7ea46da163', 'user', 'shane', 'shane@neap.io', '$2y$10$T3XmV5391M3Z2kvDBEf79.EfID1HA1LnT3ky2Ta/8KcypzCK9Qjhi', 'Shane', 'https://gravatar.com/avatar/ba2d7d1060d1bcf591556dbc1317d381?s=128&d=identicon', null, '2015-10-13 01:54:51.427700+0000', '2015-10-22 05:14:16.031400+0000');
INSERT INTO "neap"."channel"(channel_id, user_id, chat_id, name, display_name, topic, language, views, followers)
    VALUES ('769df52d-32a4-4253-b171-5b7ea46da163', '65de0bc3-8ec3-4749-936f-22e702a36201', '96b1cf10-aab0-4d58-9ea9-e00dfd03fe85', 'shane', 'Shane Channel', 'Biology', 'en', 39535, 134);
INSERT INTO "neap"."chat"(chat_id, channel_id, name)
    VALUES ('96b1cf10-aab0-4d58-9ea9-e00dfd03fe85', '769df52d-32a4-4253-b171-5b7ea46da163', 'shane');
INSERT INTO "neap"."stream"(stream_id, channel_id, title, topic_id, topic, media_info, viewers, created_at, updated_at, ended_at)
    VALUES ('c4eca147-23cf-4c71-ac24-41ac4634f477', '769df52d-32a4-4253-b171-5b7ea46da163', 'The origins of Litterature', '994391cf-d41e-46f4-b6eb-ce53824e3a0c', 'Litterature', '{"width":1280,"height":720,"bitrate":1178.87}', 8453, '2015-10-13 07:44:53.125900+0000', '2015-10-13 08:21:30.492800+0000', '2015-10-13 08:21:33.139000+0000');
INSERT INTO "neap"."video"(video_id, stream_id, title, type, description, status, tags, topic_id, topic, media_info, preview, views, created_at, updated_at)
    VALUES ('f5c4cef8-34aa-4634-b656-34ed18414c23', 'c4eca147-23cf-4c71-ac24-41ac4634f477', 'The origins of Litterature', 'highlight', 'The origins of Litterature', '', '[]', '994391cf-d41e-46f4-b6eb-ce53824e3a0c', 'Litterature', '{"width":1280,"height":720,"bitrate":1196.78}', '', '32009', '2015-10-17 22:37:32.251500+0000', '2015-10-18 08:39:28.800000+0000');
INSERT INTO "neap"."stream"(stream_id, channel_id, title, topic_id, topic, media_info, viewers, created_at, updated_at, ended_at)
    VALUES ('b67441a9-d290-4454-ad0a-8e1ab2aac13e', '769df52d-32a4-4253-b171-5b7ea46da163', 'Fun with Photography and Shane', 'e496e832-363e-4228-b518-7fe126ccaa04', 'Photography', '{"width":1920,"height":1080,"bitrate":1125.28}', 1969, '2015-10-30 04:31:53.988300+0000', '2015-10-30 06:56:04.550300+0000', '2015-10-30 07:30:18.175500+0000');
INSERT INTO "neap"."stream"(stream_id, channel_id, title, topic_id, topic, media_info, viewers, created_at, updated_at, ended_at)
    VALUES ('13c14722-d6b5-4a66-b129-e27b4f7aaf38', '769df52d-32a4-4253-b171-5b7ea46da163', 'Relax stream', '5f6c7ec0-84ab-4d8e-a2d7-ff1887b55d6e', 'History', '{"width":720,"height":400,"bitrate":630.66}', 1765, '2015-10-23 08:33:22.605400+0000', '2015-10-23 09:07:06.260100+0000', '2015-10-23 09:32:18.122900+0000');
INSERT INTO "neap"."video"(video_id, stream_id, title, type, description, status, tags, topic_id, topic, media_info, preview, views, created_at, updated_at)
    VALUES ('a67ec362-907d-47f5-9e43-8506b8084c1f', '13c14722-d6b5-4a66-b129-e27b4f7aaf38', 'Relax stream', 'record', 'Relax stream', '', '[]', '5f6c7ec0-84ab-4d8e-a2d7-ff1887b55d6e', 'History', '{"width":720,"height":400,"bitrate":624.4}', '', '16395', '2015-11-01 03:06:14.821100+0000', '2015-11-07 00:02:32.668300+0000');
INSERT INTO "neap"."stream"(stream_id, channel_id, title, topic_id, topic, media_info, viewers, created_at, updated_at, ended_at)
    VALUES ('a4c77d43-cbf8-4f04-b1dc-614ca924f772', '769df52d-32a4-4253-b171-5b7ea46da163', 'Litterature?? Yeah, Litterature!', '994391cf-d41e-46f4-b6eb-ce53824e3a0c', 'Litterature', '{"width":720,"height":400,"bitrate":736.3}', 794, '2015-10-18 12:35:09.109500+0000', '2015-10-18 13:06:58.532000+0000', '2015-10-18 13:09:35.336400+0000');
INSERT INTO "neap"."video"(video_id, stream_id, title, type, description, status, tags, topic_id, topic, media_info, preview, views, created_at, updated_at)
    VALUES ('114919a5-432c-446f-837d-91b84e748226', 'a4c77d43-cbf8-4f04-b1dc-614ca924f772', 'Litterature?? Yeah, Litterature!', 'record', 'Litterature?? Yeah, Litterature!', '', '[]', '994391cf-d41e-46f4-b6eb-ce53824e3a0c', 'Litterature', '{"width":720,"height":400,"bitrate":665.67}', '', '38307', '2015-11-01 12:10:18.669600+0000', '2015-11-02 07:32:15.632000+0000');
INSERT INTO "neap"."video"(video_id, stream_id, title, type, description, status, tags, topic_id, topic, media_info, preview, views, created_at, updated_at)
    VALUES ('6f1a6d71-95ff-4027-923f-131cce0ef77f', 'a4c77d43-cbf8-4f04-b1dc-614ca924f772', 'Litterature?? Yeah, Litterature!', 'record', 'Litterature?? Yeah, Litterature!', '', '[]', '994391cf-d41e-46f4-b6eb-ce53824e3a0c', 'Litterature', '{"width":720,"height":400,"bitrate":665.76}', '', '34889', '2015-10-24 00:09:49.049800+0000', '2015-10-27 04:10:32.554800+0000');
INSERT INTO "neap"."stream"(stream_id, channel_id, title, topic_id, topic, media_info, viewers, created_at, updated_at, ended_at)
    VALUES ('7dfb11a9-5427-4c13-ab63-80cc8aa6f33c', '769df52d-32a4-4253-b171-5b7ea46da163', 'Fun with Theology and Shane', 'd2ea25fc-eb67-4c63-86d0-58ba2ce51b56', 'Theology', '{"width":1280,"height":720,"bitrate":1020.15}', 1650, '2015-10-30 11:00:25.058200+0000', '2015-10-30 11:48:14.781600+0000', '2015-10-30 11:54:18.063700+0000');
INSERT INTO "neap"."video"(video_id, stream_id, title, type, description, status, tags, topic_id, topic, media_info, preview, views, created_at, updated_at)
    VALUES ('2ca537fb-d7c6-4438-a260-7f099d223eb4', '7dfb11a9-5427-4c13-ab63-80cc8aa6f33c', 'Fun with Theology and Shane', 'record', 'Fun with Theology and Shane', '', '[]', 'd2ea25fc-eb67-4c63-86d0-58ba2ce51b56', 'Theology', '{"width":1280,"height":720,"bitrate":835.35}', '', '39975', '2015-11-01 13:45:59.998500+0000', '2015-11-07 09:53:05.316900+0000');
INSERT INTO "neap"."user"(user_id, channel_id, type, username, email, password, display_name, logo, bio, created_at, updated_at)
    VALUES ('59d4b4a3-f5f2-4dc6-9de8-fd0a7b9d5994', '11460690-998b-4234-9fe8-593edb96b0df', 'user', 'andy', 'andy@neap.io', '$2y$10$LGggmbW2YmDBK.yJoYyNd.GW8wHfk8oChQnIoW5f9BaO24QFQFmua', 'Andy', 'https://gravatar.com/avatar/7b967047c949d519cb9d9befe150e1f1?s=128&d=identicon', null, '2015-05-29 12:25:52.795600+0000', '2015-09-14 07:59:30.903500+0000');
INSERT INTO "neap"."channel"(channel_id, user_id, chat_id, name, display_name, topic, language, views, followers)
    VALUES ('11460690-998b-4234-9fe8-593edb96b0df', '59d4b4a3-f5f2-4dc6-9de8-fd0a7b9d5994', '442c6da1-c3bc-4596-af51-01b877ada704', 'andy', 'Andy Channel', 'Photography', 'en', 34854, 30);
INSERT INTO "neap"."chat"(chat_id, channel_id, name)
    VALUES ('442c6da1-c3bc-4596-af51-01b877ada704', '11460690-998b-4234-9fe8-593edb96b0df', 'andy');
INSERT INTO "neap"."stream"(stream_id, channel_id, title, topic_id, topic, media_info, viewers, created_at, updated_at, ended_at)
    VALUES ('b4fff0ba-49c1-4d65-b5ff-4c566922eab6', '11460690-998b-4234-9fe8-593edb96b0df', 'Fun with Philosophy and Andy', '35fa82dc-ed25-47fb-b6cd-58ae8a151f60', 'Philosophy', '{"width":1280,"height":720,"bitrate":1450.8}', 923, '2015-09-03 16:50:56.443000+0000', '2015-09-03 22:28:44.400500+0000', '2015-09-03 22:46:21.494800+0000');
INSERT INTO "neap"."video"(video_id, stream_id, title, type, description, status, tags, topic_id, topic, media_info, preview, views, created_at, updated_at)
    VALUES ('2c26a4b2-bcfb-46ba-9bf0-4642cee65dfb', 'b4fff0ba-49c1-4d65-b5ff-4c566922eab6', 'Fun with Philosophy and Andy', 'record', 'Fun with Philosophy and Andy', '', '[]', '35fa82dc-ed25-47fb-b6cd-58ae8a151f60', 'Philosophy', '{"width":1280,"height":720,"bitrate":1406.01}', '', '565', '2015-10-04 23:51:07.691900+0000', '2015-10-05 06:02:03.752700+0000');
INSERT INTO "neap"."stream"(stream_id, channel_id, title, topic_id, topic, media_info, viewers, created_at, updated_at, ended_at)
    VALUES ('01eab6a4-6136-40a0-9362-a18412a7cc48', '11460690-998b-4234-9fe8-593edb96b0df', 'Litterature?? Yeah, Litterature!', '994391cf-d41e-46f4-b6eb-ce53824e3a0c', 'Litterature', '{"width":720,"height":400,"bitrate":576.03}', 523, '2015-10-16 18:01:19.416300+0000', '2015-10-16 23:07:07.457800+0000', '2015-10-16 23:20:50.286400+0000');
INSERT INTO "neap"."video"(video_id, stream_id, title, type, description, status, tags, topic_id, topic, media_info, preview, views, created_at, updated_at)
    VALUES ('7f5894a7-9f41-437b-a665-ac4d2e5d89e4', '01eab6a4-6136-40a0-9362-a18412a7cc48', 'Litterature?? Yeah, Litterature!', 'record', 'Litterature?? Yeah, Litterature!', '', '[]', '994391cf-d41e-46f4-b6eb-ce53824e3a0c', 'Litterature', '{"width":720,"height":400,"bitrate":677.35}', '', '29604', '2015-10-25 20:04:39.728200+0000', '2015-10-25 20:15:20.716500+0000');
INSERT INTO "neap"."video"(video_id, stream_id, title, type, description, status, tags, topic_id, topic, media_info, preview, views, created_at, updated_at)
    VALUES ('f0044a20-8d3a-4163-8f08-7eefa1840334', '01eab6a4-6136-40a0-9362-a18412a7cc48', 'Litterature?? Yeah, Litterature!', 'record', 'Litterature?? Yeah, Litterature!', '', '[]', '994391cf-d41e-46f4-b6eb-ce53824e3a0c', 'Litterature', '{"width":720,"height":400,"bitrate":633.42}', '', '3441', '2015-10-27 04:09:30.525300+0000', '2015-10-27 05:35:37.295200+0000');
INSERT INTO "neap"."stream"(stream_id, channel_id, title, topic_id, topic, media_info, viewers, created_at, updated_at, ended_at)
    VALUES ('a4d0ec3f-0b88-4dc2-9c94-563c88fed1d7', '11460690-998b-4234-9fe8-593edb96b0df', 'Today is Biology day', 'd4f06d27-2693-4552-bd85-d9875651ce39', 'Biology', '{"width":1280,"height":720,"bitrate":1317.4}', 1513, '2015-08-06 18:33:27.809200+0000', '2015-08-06 19:06:18.548300+0000', '2015-08-06 19:47:12.436300+0000');
INSERT INTO "neap"."video"(video_id, stream_id, title, type, description, status, tags, topic_id, topic, media_info, preview, views, created_at, updated_at)
    VALUES ('0b758cff-23b9-4cb4-b7a2-9ca36135ffb6', 'a4d0ec3f-0b88-4dc2-9c94-563c88fed1d7', 'Today is Biology day', 'record', 'Today is Biology day', '', '[]', 'd4f06d27-2693-4552-bd85-d9875651ce39', 'Biology', '{"width":1280,"height":720,"bitrate":1045.1}', '', '22043', '2015-09-03 22:42:15.500300+0000', '2015-09-05 17:00:07.187300+0000');
INSERT INTO "neap"."user"(user_id, channel_id, type, username, email, password, display_name, logo, bio, created_at, updated_at)
    VALUES ('af28b3ba-cabd-4a2b-99d1-7b292704bc0e', 'e424d910-fd8b-495d-b30c-476236949802', 'user', 'jasiah', 'jasiah@neap.io', '$2y$10$Q6jjAz/E9635OBYaSDpowevcgpROehMCzdyRA4XxvQJnTZfj8S3nm', 'Jasiah', 'https://gravatar.com/avatar/47ed4b4bf3e934e3488afa49c775f0a4?s=128&d=identicon', null, '2015-06-29 05:48:55.060400+0000', '2015-07-05 19:29:21.208900+0000');
INSERT INTO "neap"."channel"(channel_id, user_id, chat_id, name, display_name, topic, language, views, followers)
    VALUES ('e424d910-fd8b-495d-b30c-476236949802', 'af28b3ba-cabd-4a2b-99d1-7b292704bc0e', '45f47805-6645-4ccf-84c4-f86ba96228f8', 'jasiah', 'Jasiah Channel', 'Video games', 'en', 42646, 60);
INSERT INTO "neap"."chat"(chat_id, channel_id, name)
    VALUES ('45f47805-6645-4ccf-84c4-f86ba96228f8', 'e424d910-fd8b-495d-b30c-476236949802', 'jasiah');
INSERT INTO "neap"."stream"(stream_id, channel_id, title, topic_id, topic, media_info, viewers, created_at, updated_at, ended_at)
    VALUES ('31e3f2ee-e209-43da-b3f2-71649cd653bb', 'e424d910-fd8b-495d-b30c-476236949802', 'Today is Philosophy day', '35fa82dc-ed25-47fb-b6cd-58ae8a151f60', 'Philosophy', '{"width":1280,"height":720,"bitrate":1222.43}', 550, '2015-09-20 00:14:33.381400+0000', '2015-09-20 04:05:12.638800+0000', '2015-09-20 04:38:14.665400+0000');
INSERT INTO "neap"."video"(video_id, stream_id, title, type, description, status, tags, topic_id, topic, media_info, preview, views, created_at, updated_at)
    VALUES ('38005d0c-422f-48cc-81dd-5cd772074e16', '31e3f2ee-e209-43da-b3f2-71649cd653bb', 'Today is Philosophy day', 'record', 'Today is Philosophy day', '', '[]', '35fa82dc-ed25-47fb-b6cd-58ae8a151f60', 'Philosophy', '{"width":1280,"height":720,"bitrate":910.29}', '', '35293', '2015-11-01 21:09:33.223500+0000', '2015-11-06 14:37:03.129400+0000');
INSERT INTO "neap"."stream"(stream_id, channel_id, title, topic_id, topic, media_info, viewers, created_at, updated_at, ended_at)
    VALUES ('ad67d79a-931f-40bf-bd67-d257b03cba3c', 'e424d910-fd8b-495d-b30c-476236949802', 'Jasiah goes live!', '284b3091-455d-4476-ae67-442a19d153d4', 'Mathematics', '{"width":1920,"height":1080,"bitrate":2195.79}', 357, '2015-08-14 10:23:23.627100+0000', '2015-08-14 11:06:06.136000+0000', '2015-08-14 12:01:26.068900+0000');
INSERT INTO "neap"."video"(video_id, stream_id, title, type, description, status, tags, topic_id, topic, media_info, preview, views, created_at, updated_at)
    VALUES ('e4a6564e-f021-4363-a8f2-2139b90b3c29', 'ad67d79a-931f-40bf-bd67-d257b03cba3c', 'Jasiah goes live!', 'highlight', 'Jasiah goes live!', '', '[]', '284b3091-455d-4476-ae67-442a19d153d4', 'Mathematics', '{"width":1920,"height":1080,"bitrate":2783.21}', '', '25503', '2015-08-19 07:17:27.620100+0000', '2015-08-22 15:05:50.580600+0000');
INSERT INTO "neap"."video"(video_id, stream_id, title, type, description, status, tags, topic_id, topic, media_info, preview, views, created_at, updated_at)
    VALUES ('cb537047-6f5d-4649-9f99-80f41433dcb3', 'ad67d79a-931f-40bf-bd67-d257b03cba3c', 'Jasiah goes live!', 'record', 'Jasiah goes live!', '', '[]', '284b3091-455d-4476-ae67-442a19d153d4', 'Mathematics', '{"width":1920,"height":1080,"bitrate":1833.79}', '', '10629', '2015-10-03 21:05:14.730500+0000', '2015-10-04 22:34:10.657300+0000');
INSERT INTO "neap"."stream"(stream_id, channel_id, title, topic_id, topic, media_info, viewers, created_at, updated_at, ended_at)
    VALUES ('a74606cd-d677-48a1-9891-946d223c7a89', 'e424d910-fd8b-495d-b30c-476236949802', 'Today is History day', '5f6c7ec0-84ab-4d8e-a2d7-ff1887b55d6e', 'History', '{"width":1920,"height":1080,"bitrate":1839}', 734, '2015-07-27 23:12:28.815900+0000', '2015-07-27 23:32:39.942200+0000', '2015-07-28 00:28:55.761900+0000');
INSERT INTO "neap"."video"(video_id, stream_id, title, type, description, status, tags, topic_id, topic, media_info, preview, views, created_at, updated_at)
    VALUES ('10174271-6693-4224-925b-d0d9fc85d11a', 'a74606cd-d677-48a1-9891-946d223c7a89', 'Today is History day', 'highlight', 'Today is History day', '', '[]', '5f6c7ec0-84ab-4d8e-a2d7-ff1887b55d6e', 'History', '{"width":1920,"height":1080,"bitrate":3017.12}', '', '680', '2015-08-19 21:18:16.344800+0000', '2015-08-20 10:16:20.727200+0000');
INSERT INTO "neap"."video"(video_id, stream_id, title, type, description, status, tags, topic_id, topic, media_info, preview, views, created_at, updated_at)
    VALUES ('4ffa5ce0-4998-41df-8a57-7652cf83172f', 'a74606cd-d677-48a1-9891-946d223c7a89', 'Today is History day', 'highlight', 'Today is History day', '', '[]', '5f6c7ec0-84ab-4d8e-a2d7-ff1887b55d6e', 'History', '{"width":1920,"height":1080,"bitrate":1589.22}', '', '35198', '2015-10-26 13:07:19.301800+0000', '2015-10-27 04:21:17.007300+0000');
INSERT INTO "neap"."user"(user_id, channel_id, type, username, email, password, display_name, logo, bio, created_at, updated_at)
    VALUES ('09469fe7-6459-4512-b6e5-b2444578fd3b', 'da6c7680-32d4-4dae-a5ad-799f8f0e47a9', 'user', 'riley', 'riley@neap.io', '$2y$10$zJnFzvjctMjIJGLYCVBHI.f/Bud0p0sIav8DoSX/dgdkNMZhS6uVq', 'Riley', 'https://gravatar.com/avatar/3d83b5c84cb95805217980893fa1038d?s=128&d=identicon', null, '2015-09-22 17:55:07.608300+0000', '2015-10-09 19:09:17.690100+0000');
INSERT INTO "neap"."channel"(channel_id, user_id, chat_id, name, display_name, topic, language, views, followers)
    VALUES ('da6c7680-32d4-4dae-a5ad-799f8f0e47a9', '09469fe7-6459-4512-b6e5-b2444578fd3b', '8560d552-a641-47d6-87c9-2abd8b84c4d4', 'riley', 'Riley Channel', 'Science', 'en', 8620, 4);
INSERT INTO "neap"."chat"(chat_id, channel_id, name)
    VALUES ('8560d552-a641-47d6-87c9-2abd8b84c4d4', 'da6c7680-32d4-4dae-a5ad-799f8f0e47a9', 'riley');
INSERT INTO "neap"."stream"(stream_id, channel_id, title, topic_id, topic, media_info, viewers, created_at, updated_at, ended_at)
    VALUES ('236d79f4-9a86-4452-b0d8-0dca2cf9e3cf', 'da6c7680-32d4-4dae-a5ad-799f8f0e47a9', 'Fun with Video games and Riley', '48e535f7-dba1-4d59-aac3-4c6cced32d6c', 'Video games', '{"width":720,"height":400,"bitrate":666.83}', 1010, '2015-10-14 00:05:14.077700+0000', '2015-10-14 03:24:34.500000+0000', '2015-10-14 04:23:33.984700+0000');
INSERT INTO "neap"."video"(video_id, stream_id, title, type, description, status, tags, topic_id, topic, media_info, preview, views, created_at, updated_at)
    VALUES ('28232671-003d-4aa8-8995-34f24f01fc95', '236d79f4-9a86-4452-b0d8-0dca2cf9e3cf', 'Fun with Video games and Riley', 'record', 'Fun with Video games and Riley', '', '[]', '48e535f7-dba1-4d59-aac3-4c6cced32d6c', 'Video games', '{"width":720,"height":400,"bitrate":653.98}', '', '1839', '2015-10-31 15:20:43.572300+0000', '2015-11-03 00:49:36.585400+0000');
INSERT INTO "neap"."video"(video_id, stream_id, title, type, description, status, tags, topic_id, topic, media_info, preview, views, created_at, updated_at)
    VALUES ('c0e1ab11-8980-44b2-b7c1-fc5dcf79565a', '236d79f4-9a86-4452-b0d8-0dca2cf9e3cf', 'Fun with Video games and Riley', 'record', 'Fun with Video games and Riley', '', '[]', '48e535f7-dba1-4d59-aac3-4c6cced32d6c', 'Video games', '{"width":720,"height":400,"bitrate":715.82}', '', '18957', '2015-10-27 13:49:49.877400+0000', '2015-10-27 14:51:53.297200+0000');
INSERT INTO "neap"."user"(user_id, channel_id, type, username, email, password, display_name, logo, bio, created_at, updated_at)
    VALUES ('f134e551-2b32-4025-8e3c-82626a55ff0a', 'c3f81bb0-fd44-4767-a509-95aa5de035ff', 'user', 'cambria', 'cambria@neap.io', '$2y$10$3qs2Pu3EODYdzMnwWWuUY.sm5Cb.Kv/NbEl/Fyv5CyexXfjpzBrbW', 'Cambria', 'https://gravatar.com/avatar/3b34bffcf931539c70c73dba0eb3bb29?s=128&d=identicon', null, '2015-01-19 02:30:28.915200+0000', '2015-05-22 07:02:18.379800+0000');
INSERT INTO "neap"."channel"(channel_id, user_id, chat_id, name, display_name, topic, language, views, followers)
    VALUES ('c3f81bb0-fd44-4767-a509-95aa5de035ff', 'f134e551-2b32-4025-8e3c-82626a55ff0a', 'ae80f863-2ca3-4e34-bde9-9c60f95d46b9', 'cambria', 'Cambria Channel', 'Astrology', 'en', 60411, 148);
INSERT INTO "neap"."chat"(chat_id, channel_id, name)
    VALUES ('ae80f863-2ca3-4e34-bde9-9c60f95d46b9', 'c3f81bb0-fd44-4767-a509-95aa5de035ff', 'cambria');
INSERT INTO "neap"."stream"(stream_id, channel_id, title, topic_id, topic, media_info, viewers, created_at, updated_at, ended_at)
    VALUES ('2d4ace1c-8fe3-4099-986b-20056814ce6f', 'c3f81bb0-fd44-4767-a509-95aa5de035ff', 'Today is Astrology day', 'e9af2f53-d2dd-4e32-9dea-26d6ac21bcb8', 'Astrology', '{"width":1920,"height":1080,"bitrate":1406.88}', 1782, '2015-08-31 09:13:20.492000+0000', '2015-08-31 10:11:16.036900+0000', '2015-08-31 11:27:02.947300+0000');
INSERT INTO "neap"."video"(video_id, stream_id, title, type, description, status, tags, topic_id, topic, media_info, preview, views, created_at, updated_at)
    VALUES ('1a58f9e1-5c08-43db-894f-cb52ec474847', '2d4ace1c-8fe3-4099-986b-20056814ce6f', 'Today is Astrology day', 'record', 'Today is Astrology day', '', '[]', 'e9af2f53-d2dd-4e32-9dea-26d6ac21bcb8', 'Astrology', '{"width":1920,"height":1080,"bitrate":2076.47}', '', '4121', '2015-09-26 12:54:32.886600+0000', '2015-09-27 21:51:53.854800+0000');
INSERT INTO "neap"."video"(video_id, stream_id, title, type, description, status, tags, topic_id, topic, media_info, preview, views, created_at, updated_at)
    VALUES ('732c8f25-1205-4049-8216-1390729f3ec2', '2d4ace1c-8fe3-4099-986b-20056814ce6f', 'Today is Astrology day', 'record', 'Today is Astrology day', '', '[]', 'e9af2f53-d2dd-4e32-9dea-26d6ac21bcb8', 'Astrology', '{"width":1920,"height":1080,"bitrate":2726.16}', '', '23545', '2015-09-05 07:06:44.460600+0000', '2015-09-08 06:40:00.631900+0000');
INSERT INTO "neap"."stream"(stream_id, channel_id, title, topic_id, topic, media_info, viewers, created_at, updated_at, ended_at)
    VALUES ('f40b4a6c-3384-4cb2-8521-4f4f6f1861c1', 'c3f81bb0-fd44-4767-a509-95aa5de035ff', 'History?? Yeah, History!', '5f6c7ec0-84ab-4d8e-a2d7-ff1887b55d6e', 'History', '{"width":1280,"height":720,"bitrate":867.36}', 1526, '2015-04-18 02:40:53.792300+0000', '2015-04-18 05:25:33.379100+0000', '2015-04-18 05:51:59.788900+0000');
INSERT INTO "neap"."video"(video_id, stream_id, title, type, description, status, tags, topic_id, topic, media_info, preview, views, created_at, updated_at)
    VALUES ('92b18a75-9785-485e-adc7-dd4ab49cd4f9', 'f40b4a6c-3384-4cb2-8521-4f4f6f1861c1', 'History?? Yeah, History!', 'highlight', 'History?? Yeah, History!', '', '[]', '5f6c7ec0-84ab-4d8e-a2d7-ff1887b55d6e', 'History', '{"width":1280,"height":720,"bitrate":1049.18}', '', '5902', '2015-04-22 19:22:32.819900+0000', '2015-04-24 11:00:57.555500+0000');
INSERT INTO "neap"."stream"(stream_id, channel_id, title, topic_id, topic, media_info, viewers, created_at, updated_at, ended_at)
    VALUES ('2101a890-18ee-436b-8de6-999c627a18b6', 'c3f81bb0-fd44-4767-a509-95aa5de035ff', 'Today is History day', '5f6c7ec0-84ab-4d8e-a2d7-ff1887b55d6e', 'History', '{"width":1920,"height":1080,"bitrate":1700.93}', 1775, '2015-01-21 09:37:29.178900+0000', '2015-01-21 17:19:28.851100+0000', '2015-01-21 18:04:31.993900+0000');
INSERT INTO "neap"."stream"(stream_id, channel_id, title, topic_id, topic, media_info, viewers, created_at, updated_at, ended_at)
    VALUES ('7e1e6b76-e2a3-4b8e-833c-b421e434df5a', 'c3f81bb0-fd44-4767-a509-95aa5de035ff', 'Cambria goes live!', '5f6c7ec0-84ab-4d8e-a2d7-ff1887b55d6e', 'History', '{"width":1920,"height":1080,"bitrate":1820.19}', 200, '2015-03-18 17:52:04.843500+0000', '2015-03-18 20:07:41.174300+0000', '2015-03-18 20:55:23.911600+0000');
INSERT INTO "neap"."user"(user_id, channel_id, type, username, email, password, display_name, logo, bio, created_at, updated_at)
    VALUES ('4b4ead86-5830-43f3-b1b0-7b1694637db1', '37edcb96-3772-4305-a75f-5d5d5a4a56b9', 'user', 'jonathan', 'jonathan@neap.io', '$2y$10$cMOB3V0YnXhWR7I4zrhY1OMvkOUanqJf.AmvIVazk6b0uyuO9gqPG', 'Jonathan', 'https://gravatar.com/avatar/834ec86fd7a49ef5d8d85916472e4fc4?s=128&d=identicon', null, '2015-02-19 23:43:21.236800+0000', '2015-09-08 13:01:14.744500+0000');
INSERT INTO "neap"."channel"(channel_id, user_id, chat_id, name, display_name, topic, language, views, followers)
    VALUES ('37edcb96-3772-4305-a75f-5d5d5a4a56b9', '4b4ead86-5830-43f3-b1b0-7b1694637db1', '77ca2f32-7c1c-44bc-94e7-4db030feff17', 'jonathan', 'Jonathan Channel', 'Mathematics', 'en', 81913, 126);
INSERT INTO "neap"."chat"(chat_id, channel_id, name)
    VALUES ('77ca2f32-7c1c-44bc-94e7-4db030feff17', '37edcb96-3772-4305-a75f-5d5d5a4a56b9', 'jonathan');
INSERT INTO "neap"."stream"(stream_id, channel_id, title, topic_id, topic, media_info, viewers, created_at, updated_at, ended_at)
    VALUES ('fd355d4c-6546-465c-b440-d97aef502ff9', '37edcb96-3772-4305-a75f-5d5d5a4a56b9', 'Fun with Litterature and Jonathan', '994391cf-d41e-46f4-b6eb-ce53824e3a0c', 'Litterature', '{"width":720,"height":400,"bitrate":677.24}', 700, '2015-04-08 12:53:12.646300+0000', '2015-04-08 13:03:34.601400+0000', '2015-04-08 13:45:18.084600+0000');
INSERT INTO "neap"."video"(video_id, stream_id, title, type, description, status, tags, topic_id, topic, media_info, preview, views, created_at, updated_at)
    VALUES ('0b22a554-fcf4-455a-83cb-eec50c76bb0e', 'fd355d4c-6546-465c-b440-d97aef502ff9', 'Fun with Litterature and Jonathan', 'record', 'Fun with Litterature and Jonathan', '', '[]', '994391cf-d41e-46f4-b6eb-ce53824e3a0c', 'Litterature', '{"width":720,"height":400,"bitrate":506.34}', '', '13055', '2015-05-07 22:37:04.106500+0000', '2015-05-08 01:37:55.902400+0000');
INSERT INTO "neap"."stream"(stream_id, channel_id, title, topic_id, topic, media_info, viewers, created_at, updated_at, ended_at)
    VALUES ('23cb5378-10a0-4690-ac20-8e814c83383f', '37edcb96-3772-4305-a75f-5d5d5a4a56b9', 'Theology?? Yeah, Theology!', 'd2ea25fc-eb67-4c63-86d0-58ba2ce51b56', 'Theology', '{"width":1920,"height":1080,"bitrate":1741.87}', 1847, '2015-05-05 03:27:39.633400+0000', '2015-05-05 07:57:03.886400+0000', '2015-05-05 08:26:41.053100+0000');
INSERT INTO "neap"."stream"(stream_id, channel_id, title, topic_id, topic, media_info, viewers, created_at, updated_at, ended_at)
    VALUES ('ffc06879-5c89-4563-ac8a-f5242920e356', '37edcb96-3772-4305-a75f-5d5d5a4a56b9', 'Jonathan goes live!', '35fa82dc-ed25-47fb-b6cd-58ae8a151f60', 'Philosophy', '{"width":720,"height":400,"bitrate":585.05}', 678, '2015-07-09 07:44:13.038500+0000', '2015-07-09 08:20:37.071200+0000', '2015-07-09 08:28:22.226800+0000');
INSERT INTO "neap"."video"(video_id, stream_id, title, type, description, status, tags, topic_id, topic, media_info, preview, views, created_at, updated_at)
    VALUES ('c1d480ad-6f92-420f-9e6f-af7f5dff11aa', 'ffc06879-5c89-4563-ac8a-f5242920e356', 'Jonathan goes live!', 'record', 'Jonathan goes live!', '', '[]', '35fa82dc-ed25-47fb-b6cd-58ae8a151f60', 'Philosophy', '{"width":720,"height":400,"bitrate":641.76}', '', '2621', '2015-07-12 11:36:50.156000+0000', '2015-07-12 21:20:05.919800+0000');
INSERT INTO "neap"."user"(user_id, channel_id, type, username, email, password, display_name, logo, bio, created_at, updated_at)
    VALUES ('999d75f1-1b70-4152-9249-cd23d6830a80', 'fbefd49f-8049-43a2-9bc4-94ce0131eafa', 'user', 'baylee', 'baylee@neap.io', '$2y$10$tQsv8HIviX5.b52xaNR0XuEAE14ergyG.Rkn1EIbqLFCqgar1iXQu', 'Baylee', 'https://gravatar.com/avatar/61ac2b10d4a0f2702180d613cef1caa1?s=128&d=identicon', null, '2015-03-19 22:32:17.793300+0000', '2015-04-03 11:17:53.907000+0000');
INSERT INTO "neap"."channel"(channel_id, user_id, chat_id, name, display_name, topic, language, views, followers)
    VALUES ('fbefd49f-8049-43a2-9bc4-94ce0131eafa', '999d75f1-1b70-4152-9249-cd23d6830a80', 'a2f8159a-73c7-4778-910a-e9572b184a34', 'baylee', 'Baylee Channel', 'Science', 'en', 94558, 86);
INSERT INTO "neap"."chat"(chat_id, channel_id, name)
    VALUES ('a2f8159a-73c7-4778-910a-e9572b184a34', 'fbefd49f-8049-43a2-9bc4-94ce0131eafa', 'baylee');
INSERT INTO "neap"."stream"(stream_id, channel_id, title, topic_id, topic, media_info, viewers, created_at, updated_at, ended_at)
    VALUES ('92e83633-344e-47d7-83af-36b659c6d35d', 'fbefd49f-8049-43a2-9bc4-94ce0131eafa', 'The origins of Music', 'b369c464-cdea-4356-9d70-1450585652e2', 'Music', '{"width":720,"height":400,"bitrate":548.49}', 315, '2015-09-13 18:05:59.003700+0000', '2015-09-14 00:02:40.376400+0000', '2015-09-14 01:25:06.676900+0000');
INSERT INTO "neap"."video"(video_id, stream_id, title, type, description, status, tags, topic_id, topic, media_info, preview, views, created_at, updated_at)
    VALUES ('3bc19453-6cf1-4203-b65d-442859469b89', '92e83633-344e-47d7-83af-36b659c6d35d', 'The origins of Music', 'record', 'The origins of Music', '', '[]', 'b369c464-cdea-4356-9d70-1450585652e2', 'Music', '{"width":720,"height":400,"bitrate":674.45}', '', '31051', '2015-10-13 18:57:52.751000+0000', '2015-10-15 21:07:31.518800+0000');
INSERT INTO "neap"."stream"(stream_id, channel_id, title, topic_id, topic, media_info, viewers, created_at, updated_at, ended_at)
    VALUES ('a1f8aaa6-2e2f-4b5b-b7e6-bbe51b5e15cf', 'fbefd49f-8049-43a2-9bc4-94ce0131eafa', 'Relax stream', '5f6c7ec0-84ab-4d8e-a2d7-ff1887b55d6e', 'History', '{"width":1280,"height":720,"bitrate":1294.65}', 95800, '2015-05-30 15:11:39.447800+0000', '2015-05-30 15:47:46.351200+0000', '2015-05-30 16:28:20.530000+0000');
INSERT INTO "neap"."video"(video_id, stream_id, title, type, description, status, tags, topic_id, topic, media_info, preview, views, created_at, updated_at)
    VALUES ('1c291f9c-f61c-44ef-92b4-588843dd028e', 'a1f8aaa6-2e2f-4b5b-b7e6-bbe51b5e15cf', 'Relax stream', 'record', 'Relax stream', '', '[]', '5f6c7ec0-84ab-4d8e-a2d7-ff1887b55d6e', 'History', '{"width":1280,"height":720,"bitrate":1199.89}', '', '7853', '2015-07-31 09:51:18.034300+0000', '2015-07-31 14:52:39.592300+0000');
INSERT INTO "neap"."stream"(stream_id, channel_id, title, topic_id, topic, media_info, viewers, created_at, updated_at, ended_at)
    VALUES ('96dc60d2-b921-4768-b727-48c7b413f64c', 'fbefd49f-8049-43a2-9bc4-94ce0131eafa', 'Music?? Yeah, Music!', 'b369c464-cdea-4356-9d70-1450585652e2', 'Music', '{"width":1920,"height":1080,"bitrate":2235.67}', 185, '2015-07-03 02:30:52.509100+0000', '2015-07-03 04:16:58.840100+0000', '2015-07-03 04:24:03.100500+0000');
INSERT INTO "neap"."video"(video_id, stream_id, title, type, description, status, tags, topic_id, topic, media_info, preview, views, created_at, updated_at)
    VALUES ('5cd343e0-89ec-4191-bc74-bb5868dcb467', '96dc60d2-b921-4768-b727-48c7b413f64c', 'Music?? Yeah, Music!', 'record', 'Music?? Yeah, Music!', '', '[]', 'b369c464-cdea-4356-9d70-1450585652e2', 'Music', '{"width":1920,"height":1080,"bitrate":2324.4}', '', '7161', '2015-07-13 18:52:51.180300+0000', '2015-07-14 00:50:24.330200+0000');
INSERT INTO "neap"."stream"(stream_id, channel_id, title, topic_id, topic, media_info, viewers, created_at, updated_at, ended_at)
    VALUES ('1dc2506b-9a58-453f-9d72-50143af2538a', 'fbefd49f-8049-43a2-9bc4-94ce0131eafa', 'Baylee goes live!', 'd2ea25fc-eb67-4c63-86d0-58ba2ce51b56', 'Theology', '{"width":1280,"height":720,"bitrate":842.07}', 633, '2015-03-27 19:47:17.519600+0000', '2015-03-27 20:39:04.709000+0000', '2015-03-27 20:43:22.520000+0000');
INSERT INTO "neap"."user"(user_id, channel_id, type, username, email, password, display_name, logo, bio, created_at, updated_at)
    VALUES ('11269015-3f97-4f2d-ad8a-6943316421ad', 'ca18d8e0-f333-4483-873e-a89bdabf80e6', 'user', 'gloria', 'gloria@neap.io', '$2y$10$hSIovWDIixPIToQbkQIpROhnTU4qCc3OymkrNsDaqibSrtpKPtqLS', 'Gloria', 'https://gravatar.com/avatar/232b00ecff8a23cf01370eb20e576d58?s=128&d=identicon', null, '2015-05-08 09:41:06.322300+0000', '2015-09-23 15:38:39.850800+0000');
INSERT INTO "neap"."channel"(channel_id, user_id, chat_id, name, display_name, topic, language, views, followers)
    VALUES ('ca18d8e0-f333-4483-873e-a89bdabf80e6', '11269015-3f97-4f2d-ad8a-6943316421ad', 'e55c0b87-7942-48ad-a9cd-d3f126ae4802', 'gloria', 'Gloria Channel', 'Science', 'en', 6971, 27);
INSERT INTO "neap"."chat"(chat_id, channel_id, name)
    VALUES ('e55c0b87-7942-48ad-a9cd-d3f126ae4802', 'ca18d8e0-f333-4483-873e-a89bdabf80e6', 'gloria');
INSERT INTO "neap"."stream"(stream_id, channel_id, title, topic_id, topic, media_info, viewers, created_at, updated_at, ended_at)
    VALUES ('0ea7c7d9-757f-45a7-be6e-1e2bfb868c20', 'ca18d8e0-f333-4483-873e-a89bdabf80e6', 'Come on and have fun with Gloria!', 'e9af2f53-d2dd-4e32-9dea-26d6ac21bcb8', 'Astrology', '{"width":1280,"height":720,"bitrate":861.11}', 1008, '2015-06-14 08:27:02.506800+0000', '2015-06-14 12:34:21.589000+0000', '2015-06-14 12:43:09.675600+0000');
INSERT INTO "neap"."video"(video_id, stream_id, title, type, description, status, tags, topic_id, topic, media_info, preview, views, created_at, updated_at)
    VALUES ('5be43c25-4ee8-47e5-8618-232e9e07aa30', '0ea7c7d9-757f-45a7-be6e-1e2bfb868c20', 'Come on and have fun with Gloria!', 'record', 'Come on and have fun with Gloria!', '', '[]', 'e9af2f53-d2dd-4e32-9dea-26d6ac21bcb8', 'Astrology', '{"width":1280,"height":720,"bitrate":927.02}', '', '4197', '2015-08-26 01:01:10.430900+0000', '2015-08-26 01:55:16.578900+0000');
INSERT INTO "neap"."video"(video_id, stream_id, title, type, description, status, tags, topic_id, topic, media_info, preview, views, created_at, updated_at)
    VALUES ('5744ff4c-f432-4635-9c5c-857c98eceb98', '0ea7c7d9-757f-45a7-be6e-1e2bfb868c20', 'Come on and have fun with Gloria!', 'record', 'Come on and have fun with Gloria!', '', '[]', 'e9af2f53-d2dd-4e32-9dea-26d6ac21bcb8', 'Astrology', '{"width":1280,"height":720,"bitrate":943.36}', '', '7033', '2015-07-07 01:28:22.674700+0000', '2015-07-10 00:54:51.712400+0000');
INSERT INTO "neap"."stream"(stream_id, channel_id, title, topic_id, topic, media_info, viewers, created_at, updated_at, ended_at)
    VALUES ('a157c042-1c57-46a8-b730-a5f9f56dff00', 'ca18d8e0-f333-4483-873e-a89bdabf80e6', 'Come on and have fun with Gloria!', '48e535f7-dba1-4d59-aac3-4c6cced32d6c', 'Video games', '{"width":1280,"height":720,"bitrate":1108.51}', 626, '2015-09-30 13:31:09.445400+0000', '2015-09-30 16:36:20.272500+0000', '2015-09-30 18:18:18.420600+0000');
INSERT INTO "neap"."stream"(stream_id, channel_id, title, topic_id, topic, media_info, viewers, created_at, updated_at, ended_at)
    VALUES ('ba56292a-f3fd-4b2a-906c-fa65d995fa3f', 'ca18d8e0-f333-4483-873e-a89bdabf80e6', 'Today is Music day', 'b369c464-cdea-4356-9d70-1450585652e2', 'Music', '{"width":1920,"height":1080,"bitrate":1370.26}', 1399, '2015-09-20 07:39:27.747900+0000', '2015-09-20 09:28:38.220300+0000', '2015-09-20 09:34:02.103600+0000');
INSERT INTO "neap"."video"(video_id, stream_id, title, type, description, status, tags, topic_id, topic, media_info, preview, views, created_at, updated_at)
    VALUES ('4111ef89-df4d-43f2-a56f-7b969fe02cfd', 'ba56292a-f3fd-4b2a-906c-fa65d995fa3f', 'Today is Music day', 'record', 'Today is Music day', '', '[]', 'b369c464-cdea-4356-9d70-1450585652e2', 'Music', '{"width":1920,"height":1080,"bitrate":3200.13}', '', '37690', '2015-10-08 18:21:11.533900+0000', '2015-10-09 05:07:35.463200+0000');
INSERT INTO "neap"."user"(user_id, channel_id, type, username, email, password, display_name, logo, bio, created_at, updated_at)
    VALUES ('a27d2085-7a0f-4702-bab9-72cef25159d4', '6484ee8a-5e32-4378-b1fb-2ff5679beee5', 'user', 'kendall', 'kendall@neap.io', '$2y$10$W7yGayR4oF1LmHbuyygH0.dM0W9ruJCaiO0Z4ZC8IpTmFKIRb/.Me', 'Kendall', 'https://gravatar.com/avatar/a6048ee2e225a5c33e0647ad51aa2742?s=128&d=identicon', null, '2015-09-14 21:29:48.055200+0000', '2015-09-17 05:08:33.731900+0000');
INSERT INTO "neap"."channel"(channel_id, user_id, chat_id, name, display_name, topic, language, views, followers)
    VALUES ('6484ee8a-5e32-4378-b1fb-2ff5679beee5', 'a27d2085-7a0f-4702-bab9-72cef25159d4', '1f22a2fe-ded1-4309-81cd-10317e14bd4b', 'kendall', 'Kendall Channel', 'Astrology', 'en', 41732, 60);
INSERT INTO "neap"."chat"(chat_id, channel_id, name)
    VALUES ('1f22a2fe-ded1-4309-81cd-10317e14bd4b', '6484ee8a-5e32-4378-b1fb-2ff5679beee5', 'kendall');
INSERT INTO "neap"."stream"(stream_id, channel_id, title, topic_id, topic, media_info, viewers, created_at, updated_at, ended_at)
    VALUES ('bf02e1e0-0167-4dc0-abf2-4b076f30a60b', '6484ee8a-5e32-4378-b1fb-2ff5679beee5', 'Today is History day', '5f6c7ec0-84ab-4d8e-a2d7-ff1887b55d6e', 'History', '{"width":720,"height":400,"bitrate":571.99}', 1437, '2015-09-19 19:46:23.412500+0000', '2015-09-19 20:37:22.060100+0000', '2015-09-19 20:42:17.397600+0000');
INSERT INTO "neap"."stream"(stream_id, channel_id, title, topic_id, topic, media_info, viewers, created_at, updated_at, ended_at)
    VALUES ('7b7b85ab-41a0-4342-80c8-74f5d4605d9f', '6484ee8a-5e32-4378-b1fb-2ff5679beee5', 'Today is Biology day', 'd4f06d27-2693-4552-bd85-d9875651ce39', 'Biology', '{"width":1280,"height":720,"bitrate":1105.48}', 158, '2015-10-26 21:48:33.485200+0000', '2015-10-26 22:12:43.476600+0000', '2015-10-26 22:13:38.635200+0000');
INSERT INTO "neap"."video"(video_id, stream_id, title, type, description, status, tags, topic_id, topic, media_info, preview, views, created_at, updated_at)
    VALUES ('51b603b6-e1bb-443d-a712-73bcc90bfb14', '7b7b85ab-41a0-4342-80c8-74f5d4605d9f', 'Today is Biology day', 'record', 'Today is Biology day', '', '[]', 'd4f06d27-2693-4552-bd85-d9875651ce39', 'Biology', '{"width":1280,"height":720,"bitrate":1383.91}', '', '33642', '2015-10-28 20:26:13.149600+0000', '2015-10-29 09:32:01.325400+0000');
INSERT INTO "neap"."video"(video_id, stream_id, title, type, description, status, tags, topic_id, topic, media_info, preview, views, created_at, updated_at)
    VALUES ('c8df8327-8040-48aa-83e4-4478fe0454f0', '7b7b85ab-41a0-4342-80c8-74f5d4605d9f', 'Today is Biology day', 'record', 'Today is Biology day', '', '[]', 'd4f06d27-2693-4552-bd85-d9875651ce39', 'Biology', '{"width":1280,"height":720,"bitrate":1077.5}', '', '36501', '2015-10-27 22:10:37.868800+0000', '2015-10-29 22:35:58.556300+0000');
INSERT INTO "neap"."stream"(stream_id, channel_id, title, topic_id, topic, media_info, viewers, created_at, updated_at, ended_at)
    VALUES ('8e776db8-1995-4e32-9ccb-566dd9999001', '6484ee8a-5e32-4378-b1fb-2ff5679beee5', 'Kendall goes live!', '1cae4612-f178-4a0e-b3af-343a88b99638', 'Science', '{"width":1280,"height":720,"bitrate":1307.13}', 1952, '2015-09-26 13:10:47.746100+0000', '2015-09-26 13:29:45.399300+0000', '2015-09-26 13:36:25.473700+0000');
INSERT INTO "neap"."video"(video_id, stream_id, title, type, description, status, tags, topic_id, topic, media_info, preview, views, created_at, updated_at)
    VALUES ('d5b98a0d-ee46-4e98-8eeb-c9df75f1ddaf', '8e776db8-1995-4e32-9ccb-566dd9999001', 'Kendall goes live!', 'record', 'Kendall goes live!', '', '[]', '1cae4612-f178-4a0e-b3af-343a88b99638', 'Science', '{"width":1280,"height":720,"bitrate":1013.5}', '', '30866', '2015-10-19 07:33:20.788800+0000', '2015-10-19 07:36:39.500100+0000');
INSERT INTO "neap"."video"(video_id, stream_id, title, type, description, status, tags, topic_id, topic, media_info, preview, views, created_at, updated_at)
    VALUES ('829925a3-9896-46b7-88a2-60edb09ca7a9', '8e776db8-1995-4e32-9ccb-566dd9999001', 'Kendall goes live!', 'record', 'Kendall goes live!', '', '[]', '1cae4612-f178-4a0e-b3af-343a88b99638', 'Science', '{"width":1280,"height":720,"bitrate":934.03}', '', '8627', '2015-09-29 11:44:21.778300+0000', '2015-10-01 03:54:33.057400+0000');
INSERT INTO "neap"."stream"(stream_id, channel_id, title, topic_id, topic, media_info, viewers, created_at, updated_at, ended_at)
    VALUES ('7f902796-60a0-4cab-9bdb-c53d761040da', '6484ee8a-5e32-4378-b1fb-2ff5679beee5', 'The origins of Science', '1cae4612-f178-4a0e-b3af-343a88b99638', 'Science', '{"width":720,"height":400,"bitrate":663.06}', 83, '2015-10-15 21:47:53.918800+0000', '2015-10-15 23:11:05.476500+0000', '2015-10-16 00:08:06.088100+0000');
INSERT INTO "neap"."stream"(stream_id, channel_id, title, topic_id, topic, media_info, viewers, created_at, updated_at, ended_at)
    VALUES ('4a275e5c-120d-4d59-94c7-1bc6cb5ada21', '6484ee8a-5e32-4378-b1fb-2ff5679beee5', 'The origins of Photography', 'e496e832-363e-4228-b518-7fe126ccaa04', 'Photography', '{"width":1920,"height":1080,"bitrate":2019.23}', 1342, '2015-09-15 05:38:57.538400+0000', '2015-09-15 07:50:22.949800+0000', '2015-09-15 08:06:34.528800+0000');
INSERT INTO "neap"."stream"(stream_id, channel_id, title, topic_id, topic, media_info, viewers, created_at, updated_at, ended_at)
    VALUES ('8f9d6060-e5ae-486c-9888-790934b25c35', '6484ee8a-5e32-4378-b1fb-2ff5679beee5', 'Fun with History and Kendall', '5f6c7ec0-84ab-4d8e-a2d7-ff1887b55d6e', 'History', '{"width":1920,"height":1080,"bitrate":1661.08}', 1110, '2015-09-29 00:06:33.670400+0000', '2015-09-29 06:52:34.705800+0000', '2015-09-29 07:21:10.559100+0000');
INSERT INTO "neap"."user"(user_id, channel_id, type, username, email, password, display_name, logo, bio, created_at, updated_at)
    VALUES ('261beece-ca63-4bfa-97d9-f5e95ee0b68d', '6dd08030-8896-498a-9812-1cfe596b37d3', 'user', 'misael', 'misael@neap.io', '$2y$10$34b/aNW0.2EbDNRgMOLXyuBbnJra9UjwMpfeXgj7tJ9V35ROIBVti', 'Misael', 'https://gravatar.com/avatar/937fda62bd38c8a6070461ba1ca7efa8?s=128&d=identicon', null, '2015-08-08 04:31:01.209100+0000', '2015-08-19 14:45:06.879300+0000');
INSERT INTO "neap"."channel"(channel_id, user_id, chat_id, name, display_name, topic, language, views, followers)
    VALUES ('6dd08030-8896-498a-9812-1cfe596b37d3', '261beece-ca63-4bfa-97d9-f5e95ee0b68d', '4c13ff35-3431-4b8c-a187-57b7477da345', 'misael', 'Misael Channel', 'Astrology', 'en', 86527, 40);
INSERT INTO "neap"."chat"(chat_id, channel_id, name)
    VALUES ('4c13ff35-3431-4b8c-a187-57b7477da345', '6dd08030-8896-498a-9812-1cfe596b37d3', 'misael');
INSERT INTO "neap"."stream"(stream_id, channel_id, title, topic_id, topic, media_info, viewers, created_at, updated_at, ended_at)
    VALUES ('31f23aa4-55a7-45e8-9bf9-fff9c01efc97', '6dd08030-8896-498a-9812-1cfe596b37d3', 'Relax stream', '284b3091-455d-4476-ae67-442a19d153d4', 'Mathematics', '{"width":720,"height":400,"bitrate":738.53}', 745, '2015-09-13 05:47:11.507900+0000', '2015-09-13 05:53:58.873100+0000', '2015-09-13 06:02:00.115700+0000');
INSERT INTO "neap"."video"(video_id, stream_id, title, type, description, status, tags, topic_id, topic, media_info, preview, views, created_at, updated_at)
    VALUES ('36da5a74-534b-4a2c-8a0e-2ed2b3f09e24', '31f23aa4-55a7-45e8-9bf9-fff9c01efc97', 'Relax stream', 'record', 'Relax stream', '', '[]', '284b3091-455d-4476-ae67-442a19d153d4', 'Mathematics', '{"width":720,"height":400,"bitrate":781.19}', '', '15371', '2015-09-25 01:21:26.454100+0000', '2015-09-25 02:04:37.810300+0000');
INSERT INTO "neap"."stream"(stream_id, channel_id, title, topic_id, topic, media_info, viewers, created_at, updated_at, ended_at)
    VALUES ('61b4c72b-33c8-47e4-974c-825b8aa15eea', '6dd08030-8896-498a-9812-1cfe596b37d3', 'Fun with Mathematics and Misael', '284b3091-455d-4476-ae67-442a19d153d4', 'Mathematics', '{"width":720,"height":400,"bitrate":775.71}', 398, '2015-10-12 12:13:15.949600+0000', '2015-10-12 16:18:46.401500+0000', '2015-10-12 16:19:42.705400+0000');
INSERT INTO "neap"."video"(video_id, stream_id, title, type, description, status, tags, topic_id, topic, media_info, preview, views, created_at, updated_at)
    VALUES ('9cc66139-9004-4069-9803-15ff24208399', '61b4c72b-33c8-47e4-974c-825b8aa15eea', 'Fun with Mathematics and Misael', 'highlight', 'Fun with Mathematics and Misael', '', '[]', '284b3091-455d-4476-ae67-442a19d153d4', 'Mathematics', '{"width":720,"height":400,"bitrate":501.17}', '', '12536', '2015-10-16 12:52:19.681700+0000', '2015-10-19 01:17:33.705500+0000');
INSERT INTO "neap"."video"(video_id, stream_id, title, type, description, status, tags, topic_id, topic, media_info, preview, views, created_at, updated_at)
    VALUES ('eadb45d0-b002-4fda-a79c-43162592f548', '61b4c72b-33c8-47e4-974c-825b8aa15eea', 'Fun with Mathematics and Misael', 'record', 'Fun with Mathematics and Misael', '', '[]', '284b3091-455d-4476-ae67-442a19d153d4', 'Mathematics', '{"width":720,"height":400,"bitrate":709.21}', '', '16052', '2015-10-23 23:59:30.458500+0000', '2015-10-25 13:15:01.688800+0000');
INSERT INTO "neap"."stream"(stream_id, channel_id, title, topic_id, topic, media_info, viewers, created_at, updated_at, ended_at)
    VALUES ('e2e39155-e462-48c1-8b17-229027a92322', '6dd08030-8896-498a-9812-1cfe596b37d3', 'Today is Video games day', '48e535f7-dba1-4d59-aac3-4c6cced32d6c', 'Video games', '{"width":1920,"height":1080,"bitrate":3476.02}', 1564, '2015-09-24 10:15:47.991500+0000', '2015-09-24 11:39:23.373700+0000', '2015-09-24 11:50:55.709100+0000');
INSERT INTO "neap"."video"(video_id, stream_id, title, type, description, status, tags, topic_id, topic, media_info, preview, views, created_at, updated_at)
    VALUES ('b6c837c6-eb40-4ff2-a94b-a5443cf2a57e', 'e2e39155-e462-48c1-8b17-229027a92322', 'Today is Video games day', 'record', 'Today is Video games day', '', '[]', '48e535f7-dba1-4d59-aac3-4c6cced32d6c', 'Video games', '{"width":1920,"height":1080,"bitrate":1272.35}', '', '12558', '2015-09-27 10:30:25.460500+0000', '2015-09-29 07:31:35.639300+0000');
INSERT INTO "neap"."video"(video_id, stream_id, title, type, description, status, tags, topic_id, topic, media_info, preview, views, created_at, updated_at)
    VALUES ('436d12bf-9558-4f0b-997b-7aedda11f0c3', 'e2e39155-e462-48c1-8b17-229027a92322', 'Today is Video games day', 'record', 'Today is Video games day', '', '[]', '48e535f7-dba1-4d59-aac3-4c6cced32d6c', 'Video games', '{"width":1920,"height":1080,"bitrate":1955.88}', '', '27023', '2015-09-30 04:47:30.737100+0000', '2015-10-02 03:50:08.856800+0000');
INSERT INTO "neap"."user"(user_id, channel_id, type, username, email, password, display_name, logo, bio, created_at, updated_at)
    VALUES ('e445f2b5-a151-4aa2-93e6-d1e348ac45f1', '859209f1-04b4-4be0-b7dc-7c60025d7d37', 'user', 'caroline', 'caroline@neap.io', '$2y$10$dyHsepdWk0hCPKrMaGfDn.U8Rkc4RC/5rWnzaA48qijvs1JAsi4gC', 'Caroline', 'https://gravatar.com/avatar/2f6ba106e726218440189dc46ab383ff?s=128&d=identicon', null, '2015-08-19 05:50:38.546400+0000', '2015-09-16 04:33:06.581200+0000');
INSERT INTO "neap"."channel"(channel_id, user_id, chat_id, name, display_name, topic, language, views, followers)
    VALUES ('859209f1-04b4-4be0-b7dc-7c60025d7d37', 'e445f2b5-a151-4aa2-93e6-d1e348ac45f1', '11258153-830c-4f57-a63b-f042a8ff806a', 'caroline', 'Caroline Channel', 'History', 'en', 43831, 87);
INSERT INTO "neap"."chat"(chat_id, channel_id, name)
    VALUES ('11258153-830c-4f57-a63b-f042a8ff806a', '859209f1-04b4-4be0-b7dc-7c60025d7d37', 'caroline');
INSERT INTO "neap"."stream"(stream_id, channel_id, title, topic_id, topic, media_info, viewers, created_at, updated_at, ended_at)
    VALUES ('80d276a4-26dc-41d5-a9b3-871afb9a0a6a', '859209f1-04b4-4be0-b7dc-7c60025d7d37', 'Come on and have fun with Caroline!', '5f6c7ec0-84ab-4d8e-a2d7-ff1887b55d6e', 'History', '{"width":1280,"height":720,"bitrate":1012.04}', 621, '2015-09-11 12:38:49.842700+0000', '2015-09-11 18:27:05.971600+0000', '2015-09-11 18:29:07.824900+0000');
INSERT INTO "neap"."stream"(stream_id, channel_id, title, topic_id, topic, media_info, viewers, created_at, updated_at, ended_at)
    VALUES ('6f8f5d12-42c4-4588-9cfe-bf143bb33352', '859209f1-04b4-4be0-b7dc-7c60025d7d37', 'The origins of Video games', '48e535f7-dba1-4d59-aac3-4c6cced32d6c', 'Video games', '{"width":1920,"height":1080,"bitrate":1356.82}', 1741, '2015-09-13 16:05:53.104900+0000', '2015-09-13 16:12:16.028000+0000', '2015-09-13 16:22:34.577900+0000');
INSERT INTO "neap"."stream"(stream_id, channel_id, title, topic_id, topic, media_info, viewers, created_at, updated_at, ended_at)
    VALUES ('0624bbc8-bf80-4fb0-bf72-874897c00fc9', '859209f1-04b4-4be0-b7dc-7c60025d7d37', 'Relax stream', '35fa82dc-ed25-47fb-b6cd-58ae8a151f60', 'Philosophy', '{"width":1920,"height":1080,"bitrate":1190.88}', 782, '2015-09-14 00:46:57.614900+0000', '2015-09-14 00:52:15.351000+0000', '2015-09-14 00:55:32.606300+0000');
INSERT INTO "neap"."stream"(stream_id, channel_id, title, topic_id, topic, media_info, viewers, created_at, updated_at, ended_at)
    VALUES ('00487cef-5590-4cb5-9e74-fe07e8ade5dd', '859209f1-04b4-4be0-b7dc-7c60025d7d37', 'Caroline goes live!', '1cae4612-f178-4a0e-b3af-343a88b99638', 'Science', '{"width":1280,"height":720,"bitrate":1181.45}', 714, '2015-09-18 06:16:43.784800+0000', '2015-09-18 06:33:05.216400+0000', '2015-09-18 07:07:46.799200+0000');
INSERT INTO "neap"."stream"(stream_id, channel_id, title, topic_id, topic, media_info, viewers, created_at, updated_at, ended_at)
    VALUES ('e7eb95fd-7bb1-44f6-a6c4-5db2bd996481', '859209f1-04b4-4be0-b7dc-7c60025d7d37', 'Fun with Photography and Caroline', 'e496e832-363e-4228-b518-7fe126ccaa04', 'Photography', '{"width":720,"height":400,"bitrate":509.74}', 428, '2015-09-14 14:58:22.250700+0000', '2015-09-14 17:03:48.182300+0000', '2015-09-14 17:32:28.265400+0000');
INSERT INTO "neap"."video"(video_id, stream_id, title, type, description, status, tags, topic_id, topic, media_info, preview, views, created_at, updated_at)
    VALUES ('a6779706-7235-4bae-a127-c87e5cb76a5c', 'e7eb95fd-7bb1-44f6-a6c4-5db2bd996481', 'Fun with Photography and Caroline', 'record', 'Fun with Photography and Caroline', '', '[]', 'e496e832-363e-4228-b518-7fe126ccaa04', 'Photography', '{"width":720,"height":400,"bitrate":566.18}', '', '39293', '2015-09-29 10:47:06.449200+0000', '2015-09-29 20:08:59.425000+0000');
INSERT INTO "neap"."user"(user_id, channel_id, type, username, email, password, display_name, logo, bio, created_at, updated_at)
    VALUES ('7d82c941-0f34-4fe7-86d1-70619f093282', '585e6f07-4fd1-4d80-a0a4-196f0490b141', 'user', 'lennox', 'lennox@neap.io', '$2y$10$fUHL.2qQddvwCe.ww6Spa.t7lN88GgCrlIcePx17ayOwCuU5Edzom', 'Lennox', 'https://gravatar.com/avatar/0203d24d9eb70159755d4ad287fac29b?s=128&d=identicon', null, '2015-03-03 07:04:39.379300+0000', '2015-10-25 09:33:53.393500+0000');
INSERT INTO "neap"."channel"(channel_id, user_id, chat_id, name, display_name, topic, language, views, followers)
    VALUES ('585e6f07-4fd1-4d80-a0a4-196f0490b141', '7d82c941-0f34-4fe7-86d1-70619f093282', '7900cee6-e29a-47d3-805f-a87aa53aa441', 'lennox', 'Lennox Channel', 'Philosophy', 'en', 7045, 128);
INSERT INTO "neap"."chat"(chat_id, channel_id, name)
    VALUES ('7900cee6-e29a-47d3-805f-a87aa53aa441', '585e6f07-4fd1-4d80-a0a4-196f0490b141', 'lennox');
INSERT INTO "neap"."stream"(stream_id, channel_id, title, topic_id, topic, media_info, viewers, created_at, updated_at, ended_at)
    VALUES ('f3625008-191b-4db3-81ba-80eec87fbeef', '585e6f07-4fd1-4d80-a0a4-196f0490b141', 'Today is Litterature day', '994391cf-d41e-46f4-b6eb-ce53824e3a0c', 'Litterature', '{"width":1280,"height":720,"bitrate":1052.67}', 1784, '2015-09-03 15:53:47.720000+0000', '2015-09-03 18:35:45.281500+0000', '2015-09-03 19:36:09.771000+0000');
INSERT INTO "neap"."video"(video_id, stream_id, title, type, description, status, tags, topic_id, topic, media_info, preview, views, created_at, updated_at)
    VALUES ('f1c2e157-1dc7-419a-aaeb-ade217989589', 'f3625008-191b-4db3-81ba-80eec87fbeef', 'Today is Litterature day', 'record', 'Today is Litterature day', '', '[]', '994391cf-d41e-46f4-b6eb-ce53824e3a0c', 'Litterature', '{"width":1280,"height":720,"bitrate":1302.22}', '', '19829', '2015-09-25 14:22:22.877600+0000', '2015-09-28 17:17:35.809100+0000');
INSERT INTO "neap"."stream"(stream_id, channel_id, title, topic_id, topic, media_info, viewers, created_at, updated_at, ended_at)
    VALUES ('d5ef8e56-aa30-4504-82b3-cc4be412f3b8', '585e6f07-4fd1-4d80-a0a4-196f0490b141', 'Science?? Yeah, Science!', '1cae4612-f178-4a0e-b3af-343a88b99638', 'Science', '{"width":720,"height":400,"bitrate":566.04}', 1945, '2015-06-05 16:12:27.614800+0000', '2015-06-05 17:07:37.372500+0000', '2015-06-05 17:14:14.252100+0000');
INSERT INTO "neap"."video"(video_id, stream_id, title, type, description, status, tags, topic_id, topic, media_info, preview, views, created_at, updated_at)
    VALUES ('6c9913cd-726c-49fc-b623-4d1063f0749e', 'd5ef8e56-aa30-4504-82b3-cc4be412f3b8', 'Science?? Yeah, Science!', 'record', 'Science?? Yeah, Science!', '', '[]', '1cae4612-f178-4a0e-b3af-343a88b99638', 'Science', '{"width":720,"height":400,"bitrate":686.77}', '', '36323', '2015-09-20 21:18:47.337500+0000', '2015-09-21 10:46:30.843000+0000');
INSERT INTO "neap"."video"(video_id, stream_id, title, type, description, status, tags, topic_id, topic, media_info, preview, views, created_at, updated_at)
    VALUES ('31ba13af-a790-4688-bb91-89691432474d', 'd5ef8e56-aa30-4504-82b3-cc4be412f3b8', 'Science?? Yeah, Science!', 'highlight', 'Science?? Yeah, Science!', '', '[]', '1cae4612-f178-4a0e-b3af-343a88b99638', 'Science', '{"width":720,"height":400,"bitrate":584.51}', '', '15479', '2015-10-19 07:02:01.874100+0000', '2015-10-19 19:01:32.873800+0000');
INSERT INTO "neap"."stream"(stream_id, channel_id, title, topic_id, topic, media_info, viewers, created_at, updated_at, ended_at)
    VALUES ('0a16ca07-26f6-481a-8bd6-bb04fef65837', '585e6f07-4fd1-4d80-a0a4-196f0490b141', 'Come on and have fun with Lennox!', '5f6c7ec0-84ab-4d8e-a2d7-ff1887b55d6e', 'History', '{"width":1920,"height":1080,"bitrate":2423.6}', 1408, '2015-05-04 21:49:23.204700+0000', '2015-05-05 00:43:03.045000+0000', '2015-05-05 01:56:57.642300+0000');
INSERT INTO "neap"."video"(video_id, stream_id, title, type, description, status, tags, topic_id, topic, media_info, preview, views, created_at, updated_at)
    VALUES ('e4ab5c93-f895-4814-9749-2a53890d440f', '0a16ca07-26f6-481a-8bd6-bb04fef65837', 'Come on and have fun with Lennox!', 'record', 'Come on and have fun with Lennox!', '', '[]', '5f6c7ec0-84ab-4d8e-a2d7-ff1887b55d6e', 'History', '{"width":1920,"height":1080,"bitrate":3346.18}', '', '37118', '2015-05-15 00:39:04.459000+0000', '2015-05-15 06:35:01.802300+0000');
INSERT INTO "neap"."stream"(stream_id, channel_id, title, topic_id, topic, media_info, viewers, created_at, updated_at, ended_at)
    VALUES ('9c264c67-32b6-4aea-9bcb-5aeabaa11206', '585e6f07-4fd1-4d80-a0a4-196f0490b141', 'Today is Astrology day', 'e9af2f53-d2dd-4e32-9dea-26d6ac21bcb8', 'Astrology', '{"width":720,"height":400,"bitrate":608.03}', 316, '2015-09-18 06:14:39.118200+0000', '2015-09-18 10:43:16.114800+0000', '2015-09-18 11:44:03.048000+0000');
INSERT INTO "neap"."video"(video_id, stream_id, title, type, description, status, tags, topic_id, topic, media_info, preview, views, created_at, updated_at)
    VALUES ('f8d015e9-43c1-4115-958b-2261e2af6aea', '9c264c67-32b6-4aea-9bcb-5aeabaa11206', 'Today is Astrology day', 'record', 'Today is Astrology day', '', '[]', 'e9af2f53-d2dd-4e32-9dea-26d6ac21bcb8', 'Astrology', '{"width":720,"height":400,"bitrate":612.95}', '', '36666', '2015-09-19 01:00:48.182900+0000', '2015-09-22 17:54:25.777800+0000');
INSERT INTO "neap"."user"(user_id, channel_id, type, username, email, password, display_name, logo, bio, created_at, updated_at)
    VALUES ('1601d0d6-7dd6-48c7-8c17-06a84726d5fc', '4cf63246-69e8-4e18-afa5-d07bf0f1094f', 'user', 'amirah', 'amirah@neap.io', '$2y$10$.3fdJ/W1Rypona5hYA34DeOGZ/gHlWehS.WZ2.dCZUOxg3qYO1TdO', 'Amirah', 'https://gravatar.com/avatar/125e7aae5a0b9cbb603c810a9c6485d5?s=128&d=identicon', null, '2015-05-24 18:11:57.116000+0000', '2015-10-27 00:02:50.183100+0000');
INSERT INTO "neap"."channel"(channel_id, user_id, chat_id, name, display_name, topic, language, views, followers)
    VALUES ('4cf63246-69e8-4e18-afa5-d07bf0f1094f', '1601d0d6-7dd6-48c7-8c17-06a84726d5fc', '921a4dd3-dccc-4209-a655-b1bc15444fba', 'amirah', 'Amirah Channel', 'Astrology', 'en', 97652, 110);
INSERT INTO "neap"."chat"(chat_id, channel_id, name)
    VALUES ('921a4dd3-dccc-4209-a655-b1bc15444fba', '4cf63246-69e8-4e18-afa5-d07bf0f1094f', 'amirah');
INSERT INTO "neap"."stream"(stream_id, channel_id, title, topic_id, topic, media_info, viewers, created_at, updated_at, ended_at)
    VALUES ('3a046b19-1ba8-41da-b4a4-c6bef32bcd2c', '4cf63246-69e8-4e18-afa5-d07bf0f1094f', 'Amirah goes live!', 'd4f06d27-2693-4552-bd85-d9875651ce39', 'Biology', '{"width":1920,"height":1080,"bitrate":2502.05}', 1624, '2015-06-03 09:39:51.935800+0000', '2015-06-03 14:42:37.469300+0000', '2015-06-03 15:41:41.132900+0000');
INSERT INTO "neap"."video"(video_id, stream_id, title, type, description, status, tags, topic_id, topic, media_info, preview, views, created_at, updated_at)
    VALUES ('5c294426-f2c5-42b9-a9a8-325609ac798a', '3a046b19-1ba8-41da-b4a4-c6bef32bcd2c', 'Amirah goes live!', 'record', 'Amirah goes live!', '', '[]', 'd4f06d27-2693-4552-bd85-d9875651ce39', 'Biology', '{"width":1920,"height":1080,"bitrate":2177.77}', '', '24546', '2015-06-19 23:26:48.434800+0000', '2015-06-22 00:47:02.605300+0000');
INSERT INTO "neap"."stream"(stream_id, channel_id, title, topic_id, topic, media_info, viewers, created_at, updated_at, ended_at)
    VALUES ('8b8c1e08-f0d5-4a1f-b9d4-178199a4569f', '4cf63246-69e8-4e18-afa5-d07bf0f1094f', 'Amirah goes live!', '48e535f7-dba1-4d59-aac3-4c6cced32d6c', 'Video games', '{"width":1280,"height":720,"bitrate":1433.52}', 895, '2015-09-03 13:29:16.304600+0000', '2015-09-03 16:28:46.058100+0000', '2015-09-03 17:21:41.353700+0000');
INSERT INTO "neap"."video"(video_id, stream_id, title, type, description, status, tags, topic_id, topic, media_info, preview, views, created_at, updated_at)
    VALUES ('0e535b1f-119d-41d6-9f05-af99e8de2647', '8b8c1e08-f0d5-4a1f-b9d4-178199a4569f', 'Amirah goes live!', 'record', 'Amirah goes live!', '', '[]', '48e535f7-dba1-4d59-aac3-4c6cced32d6c', 'Video games', '{"width":1280,"height":720,"bitrate":1105.15}', '', '20141', '2015-09-08 12:37:57.356000+0000', '2015-09-09 23:37:28.992200+0000');
INSERT INTO "neap"."stream"(stream_id, channel_id, title, topic_id, topic, media_info, viewers, created_at, updated_at, ended_at)
    VALUES ('e3407953-f17d-4700-8695-aadb423196c4', '4cf63246-69e8-4e18-afa5-d07bf0f1094f', 'Music?? Yeah, Music!', 'b369c464-cdea-4356-9d70-1450585652e2', 'Music', '{"width":1920,"height":1080,"bitrate":2496.13}', 1368, '2015-08-05 16:23:01.785900+0000', '2015-08-06 00:41:31.310600+0000', '2015-08-06 00:41:41.776500+0000');
INSERT INTO "neap"."video"(video_id, stream_id, title, type, description, status, tags, topic_id, topic, media_info, preview, views, created_at, updated_at)
    VALUES ('bb185f9f-91f6-4505-9945-639751ff6e88', 'e3407953-f17d-4700-8695-aadb423196c4', 'Music?? Yeah, Music!', 'record', 'Music?? Yeah, Music!', '', '[]', 'b369c464-cdea-4356-9d70-1450585652e2', 'Music', '{"width":1920,"height":1080,"bitrate":2237.53}', '', '3942', '2015-09-20 10:04:51.058200+0000', '2015-09-21 03:07:03.133900+0000');
INSERT INTO "neap"."user"(user_id, channel_id, type, username, email, password, display_name, logo, bio, created_at, updated_at)
    VALUES ('95e8525b-fb05-468d-804d-88b5f65343ec', '64aff649-942c-45dd-a996-efafb395c158', 'user', 'gia', 'gia@neap.io', '$2y$10$OP5MDYbindK0CvOUESBqZOIHJRIMQ4px3Q.AsdzW4/vllbCMMoqna', 'Gia', 'https://gravatar.com/avatar/c74fc95226aad146293837e76c24ec2e?s=128&d=identicon', null, '2015-08-23 23:18:39.389600+0000', '2015-10-17 01:50:32.980600+0000');
INSERT INTO "neap"."channel"(channel_id, user_id, chat_id, name, display_name, topic, language, views, followers)
    VALUES ('64aff649-942c-45dd-a996-efafb395c158', '95e8525b-fb05-468d-804d-88b5f65343ec', 'b6fbc735-473d-460f-b1f7-e51b8aac40aa', 'gia', 'Gia Channel', 'History', 'en', 5159, 68);
INSERT INTO "neap"."chat"(chat_id, channel_id, name)
    VALUES ('b6fbc735-473d-460f-b1f7-e51b8aac40aa', '64aff649-942c-45dd-a996-efafb395c158', 'gia');
INSERT INTO "neap"."stream"(stream_id, channel_id, title, topic_id, topic, media_info, viewers, created_at, updated_at, ended_at)
    VALUES ('2e85242e-bd4f-4793-b19e-c7697de0e400', '64aff649-942c-45dd-a996-efafb395c158', 'History?? Yeah, History!', '5f6c7ec0-84ab-4d8e-a2d7-ff1887b55d6e', 'History', '{"width":720,"height":400,"bitrate":675.92}', 726, '2015-10-04 00:06:29.398600+0000', '2015-10-04 00:23:55.802100+0000', '2015-10-04 00:37:14.075500+0000');
INSERT INTO "neap"."video"(video_id, stream_id, title, type, description, status, tags, topic_id, topic, media_info, preview, views, created_at, updated_at)
    VALUES ('074bf186-7453-4b26-ac6d-ed42c0b63c55', '2e85242e-bd4f-4793-b19e-c7697de0e400', 'History?? Yeah, History!', 'record', 'History?? Yeah, History!', '', '[]', '5f6c7ec0-84ab-4d8e-a2d7-ff1887b55d6e', 'History', '{"width":720,"height":400,"bitrate":540.15}', '', '14701', '2015-10-07 16:00:25.613500+0000', '2015-10-09 19:52:19.520800+0000');
INSERT INTO "neap"."user"(user_id, channel_id, type, username, email, password, display_name, logo, bio, created_at, updated_at)
    VALUES ('91a6aaa1-cd35-4265-b7e7-4b29bf880f57', '6d15967c-66ff-4f9b-9e06-41ab485bef51', 'user', 'celeste', 'celeste@neap.io', '$2y$10$1lfyJmyed.NWMQyDELhpte36H6/csHjMdVcE3dq9lzWlsNM4tR5pK', 'Celeste', 'https://gravatar.com/avatar/ee548baca2afcd9587681b3983c0633c?s=128&d=identicon', null, '2015-03-08 04:17:07.148700+0000', '2015-03-23 23:44:18.973900+0000');
INSERT INTO "neap"."channel"(channel_id, user_id, chat_id, name, display_name, topic, language, views, followers)
    VALUES ('6d15967c-66ff-4f9b-9e06-41ab485bef51', '91a6aaa1-cd35-4265-b7e7-4b29bf880f57', '45374b43-14d0-4c1e-a653-5e50a83303f7', 'celeste', 'Celeste Channel', 'Science', 'en', 16053, 57);
INSERT INTO "neap"."chat"(chat_id, channel_id, name)
    VALUES ('45374b43-14d0-4c1e-a653-5e50a83303f7', '6d15967c-66ff-4f9b-9e06-41ab485bef51', 'celeste');
INSERT INTO "neap"."stream"(stream_id, channel_id, title, topic_id, topic, media_info, viewers, created_at, updated_at, ended_at)
    VALUES ('57da71d0-8d93-47bc-b3dc-180ec393bbfa', '6d15967c-66ff-4f9b-9e06-41ab485bef51', 'Celeste goes live!', '994391cf-d41e-46f4-b6eb-ce53824e3a0c', 'Litterature', '{"width":720,"height":400,"bitrate":793.03}', 1598, '2015-03-08 20:56:32.441600+0000', '2015-03-08 23:00:22.429100+0000', '2015-03-08 23:01:42.583700+0000');
INSERT INTO "neap"."stream"(stream_id, channel_id, title, topic_id, topic, media_info, viewers, created_at, updated_at, ended_at)
    VALUES ('6ee7b525-58dd-467a-9926-c110364a6426', '6d15967c-66ff-4f9b-9e06-41ab485bef51', 'Relax stream', '48e535f7-dba1-4d59-aac3-4c6cced32d6c', 'Video games', '{"width":1920,"height":1080,"bitrate":1106.14}', 1070, '2015-08-21 07:24:01.087700+0000', '2015-08-21 09:03:39.565100+0000', '2015-08-21 09:10:27.487900+0000');
INSERT INTO "neap"."video"(video_id, stream_id, title, type, description, status, tags, topic_id, topic, media_info, preview, views, created_at, updated_at)
    VALUES ('1337ef5b-6756-46e4-9a7d-01a136049cf3', '6ee7b525-58dd-467a-9926-c110364a6426', 'Relax stream', 'record', 'Relax stream', '', '[]', '48e535f7-dba1-4d59-aac3-4c6cced32d6c', 'Video games', '{"width":1920,"height":1080,"bitrate":3376.73}', '', '36978', '2015-10-01 12:44:47.077800+0000', '2015-10-07 03:07:06.873100+0000');
INSERT INTO "neap"."stream"(stream_id, channel_id, title, topic_id, topic, media_info, viewers, created_at, updated_at, ended_at)
    VALUES ('74de454d-5aa0-4d95-9c32-80f2c64c328d', '6d15967c-66ff-4f9b-9e06-41ab485bef51', 'Come on and have fun with Celeste!', 'd4f06d27-2693-4552-bd85-d9875651ce39', 'Biology', '{"width":1920,"height":1080,"bitrate":3112.09}', 1999, '2015-08-01 02:06:43.898700+0000', '2015-08-01 07:15:52.512900+0000', '2015-08-01 07:24:23.601900+0000');
INSERT INTO "neap"."stream"(stream_id, channel_id, title, topic_id, topic, media_info, viewers, created_at, updated_at, ended_at)
    VALUES ('d7ccf2b7-8bfc-4dc0-afb8-b6798a03d981', '6d15967c-66ff-4f9b-9e06-41ab485bef51', 'Today is Philosophy day', '35fa82dc-ed25-47fb-b6cd-58ae8a151f60', 'Philosophy', '{"width":1280,"height":720,"bitrate":904.9}', 84, '2015-07-08 04:45:43.224700+0000', '2015-07-08 04:56:22.451800+0000', '2015-07-08 05:24:29.880700+0000');
INSERT INTO "neap"."video"(video_id, stream_id, title, type, description, status, tags, topic_id, topic, media_info, preview, views, created_at, updated_at)
    VALUES ('468558a4-ae20-46f1-bb6e-97502ef6bf0c', 'd7ccf2b7-8bfc-4dc0-afb8-b6798a03d981', 'Today is Philosophy day', 'record', 'Today is Philosophy day', '', '[]', '35fa82dc-ed25-47fb-b6cd-58ae8a151f60', 'Philosophy', '{"width":1280,"height":720,"bitrate":1284.58}', '', '606', '2015-09-15 11:50:37.048100+0000', '2015-09-18 10:21:10.060400+0000');
INSERT INTO "neap"."user"(user_id, channel_id, type, username, email, password, display_name, logo, bio, created_at, updated_at)
    VALUES ('8d3507a8-a1f5-4726-b852-8f42afb585b1', '003f7fa4-0355-40d2-acd4-32c9b4a7bbea', 'user', 'howard', 'howard@neap.io', '$2y$10$3Vu.0MC9e0Z9OtYgwhYgJuBZmyqBp0eUQfCY49w7Fl2AYYUh8E4G6', 'Howard', 'https://gravatar.com/avatar/8f81e387bbc509a1eedbb66c4fce8a9d?s=128&d=identicon', null, '2015-10-17 09:52:52.119500+0000', '2015-10-19 18:37:33.642400+0000');
INSERT INTO "neap"."channel"(channel_id, user_id, chat_id, name, display_name, topic, language, views, followers)
    VALUES ('003f7fa4-0355-40d2-acd4-32c9b4a7bbea', '8d3507a8-a1f5-4726-b852-8f42afb585b1', 'f5a1e826-a09b-48f4-9fab-c45a89d726f2', 'howard', 'Howard Channel', 'History', 'en', 83821, 136);
INSERT INTO "neap"."chat"(chat_id, channel_id, name)
    VALUES ('f5a1e826-a09b-48f4-9fab-c45a89d726f2', '003f7fa4-0355-40d2-acd4-32c9b4a7bbea', 'howard');
INSERT INTO "neap"."stream"(stream_id, channel_id, title, topic_id, topic, media_info, viewers, created_at, updated_at, ended_at)
    VALUES ('546cdd81-6801-40b4-b9bd-761a9c9c5873', '003f7fa4-0355-40d2-acd4-32c9b4a7bbea', 'Come on and have fun with Howard!', '48e535f7-dba1-4d59-aac3-4c6cced32d6c', 'Video games', '{"width":1920,"height":1080,"bitrate":1981.41}', 84, '2015-10-19 03:49:55.287100+0000', '2015-10-19 03:50:54.658900+0000', '2015-10-19 04:17:22.113700+0000');
INSERT INTO "neap"."stream"(stream_id, channel_id, title, topic_id, topic, media_info, viewers, created_at, updated_at, ended_at)
    VALUES ('c11d18e9-9b73-40de-9c38-094a1b9ed9c9', '003f7fa4-0355-40d2-acd4-32c9b4a7bbea', 'Fun with Biology and Howard', 'd4f06d27-2693-4552-bd85-d9875651ce39', 'Biology', '{"width":720,"height":400,"bitrate":684.38}', 1135, '2015-10-25 10:13:00.076000+0000', '2015-10-25 14:04:01.457900+0000', '2015-10-25 14:35:14.026800+0000');
INSERT INTO "neap"."video"(video_id, stream_id, title, type, description, status, tags, topic_id, topic, media_info, preview, views, created_at, updated_at)
    VALUES ('43d0be32-1d74-4f08-bb90-c37c2bb079f4', 'c11d18e9-9b73-40de-9c38-094a1b9ed9c9', 'Fun with Biology and Howard', 'record', 'Fun with Biology and Howard', '', '[]', 'd4f06d27-2693-4552-bd85-d9875651ce39', 'Biology', '{"width":720,"height":400,"bitrate":745.95}', '', '13518', '2015-10-31 16:22:59.370100+0000', '2015-11-05 02:31:49.019300+0000');
INSERT INTO "neap"."stream"(stream_id, channel_id, title, topic_id, topic, media_info, viewers, created_at, updated_at, ended_at)
    VALUES ('5d22eadc-2bd4-430e-9958-fbd3aa44d5d4', '003f7fa4-0355-40d2-acd4-32c9b4a7bbea', 'Music?? Yeah, Music!', 'b369c464-cdea-4356-9d70-1450585652e2', 'Music', '{"width":1280,"height":720,"bitrate":1273.07}', 81, '2015-10-21 04:28:03.854100+0000', '2015-10-21 05:59:50.830100+0000', '2015-10-21 06:02:27.096700+0000');
INSERT INTO "neap"."stream"(stream_id, channel_id, title, topic_id, topic, media_info, viewers, created_at, updated_at, ended_at)
    VALUES ('d012c7ae-3a22-487f-ad4a-89c71fbb11f8', '003f7fa4-0355-40d2-acd4-32c9b4a7bbea', 'Fun with Music and Howard', 'b369c464-cdea-4356-9d70-1450585652e2', 'Music', '{"width":1280,"height":720,"bitrate":1071.41}', 181, '2015-10-17 12:33:51.455200+0000', '2015-10-17 21:31:35.663900+0000', '2015-10-17 22:20:47.309900+0000');
INSERT INTO "neap"."user"(user_id, channel_id, type, username, email, password, display_name, logo, bio, created_at, updated_at)
    VALUES ('c96039c2-279a-4d09-9b11-5e2679dca747', '752ebdbc-9262-46a3-b9bd-8762bfea3d7a', 'user', 'julie', 'julie@neap.io', '$2y$10$FxLYMVy/YyeQWRdEzOnItOWoRVDTLNordz9arD6431c6erH8jFjWe', 'Julie', 'https://gravatar.com/avatar/a5d080265901568345b01e2e339002c9?s=128&d=identicon', null, '2015-03-30 14:34:07.837900+0000', '2015-04-26 10:03:50.308900+0000');
INSERT INTO "neap"."channel"(channel_id, user_id, chat_id, name, display_name, topic, language, views, followers)
    VALUES ('752ebdbc-9262-46a3-b9bd-8762bfea3d7a', 'c96039c2-279a-4d09-9b11-5e2679dca747', 'c4adb7ac-4511-498b-97b0-34c2bcb7d1b1', 'julie', 'Julie Channel', 'Science', 'en', 13748, 40);
INSERT INTO "neap"."chat"(chat_id, channel_id, name)
    VALUES ('c4adb7ac-4511-498b-97b0-34c2bcb7d1b1', '752ebdbc-9262-46a3-b9bd-8762bfea3d7a', 'julie');
INSERT INTO "neap"."stream"(stream_id, channel_id, title, topic_id, topic, media_info, viewers, created_at, updated_at, ended_at)
    VALUES ('a02e6e70-29c8-4522-ae54-de9c52fe8489', '752ebdbc-9262-46a3-b9bd-8762bfea3d7a', 'Today is Science day', '1cae4612-f178-4a0e-b3af-343a88b99638', 'Science', '{"width":1920,"height":1080,"bitrate":3051.22}', 1675, '2015-04-04 04:07:59.789400+0000', '2015-04-04 09:59:47.575400+0000', '2015-04-04 11:21:59.951600+0000');
INSERT INTO "neap"."stream"(stream_id, channel_id, title, topic_id, topic, media_info, viewers, created_at, updated_at, ended_at)
    VALUES ('fb07b55f-1996-446a-b9d7-c1f0cdc57666', '752ebdbc-9262-46a3-b9bd-8762bfea3d7a', 'Fun with Music and Julie', 'b369c464-cdea-4356-9d70-1450585652e2', 'Music', '{"width":1280,"height":720,"bitrate":1104.11}', 641, '2015-06-20 08:54:20.864900+0000', '2015-06-20 12:13:39.463100+0000', '2015-06-20 12:18:01.606700+0000');
INSERT INTO "neap"."stream"(stream_id, channel_id, title, topic_id, topic, media_info, viewers, created_at, updated_at, ended_at)
    VALUES ('d6d3d1c0-5328-4c14-beb9-4131bd159e26', '752ebdbc-9262-46a3-b9bd-8762bfea3d7a', 'Fun with Photography and Julie', 'e496e832-363e-4228-b518-7fe126ccaa04', 'Photography', '{"width":720,"height":400,"bitrate":640.83}', 419, '2015-05-27 21:23:10.318000+0000', '2015-05-27 22:20:27.408800+0000', '2015-05-27 22:32:27.690200+0000');
INSERT INTO "neap"."video"(video_id, stream_id, title, type, description, status, tags, topic_id, topic, media_info, preview, views, created_at, updated_at)
    VALUES ('2e6daae3-75d7-44d0-a49e-5e09eb1a9ec1', 'd6d3d1c0-5328-4c14-beb9-4131bd159e26', 'Fun with Photography and Julie', 'record', 'Fun with Photography and Julie', '', '[]', 'e496e832-363e-4228-b518-7fe126ccaa04', 'Photography', '{"width":720,"height":400,"bitrate":699.17}', '', '9278', '2015-08-23 13:56:09.235100+0000', '2015-08-28 05:55:10.960800+0000');
INSERT INTO "neap"."stream"(stream_id, channel_id, title, topic_id, topic, media_info, viewers, created_at, updated_at, ended_at)
    VALUES ('aa1ba8a5-31a5-4307-8a3e-2c51735995d7', '752ebdbc-9262-46a3-b9bd-8762bfea3d7a', 'Astrology?? Yeah, Astrology!', 'e9af2f53-d2dd-4e32-9dea-26d6ac21bcb8', 'Astrology', '{"width":1920,"height":1080,"bitrate":1679.52}', 1081, '2015-06-30 08:53:49.202900+0000', '2015-06-30 12:05:35.238500+0000', '2015-06-30 13:09:13.829300+0000');
INSERT INTO "neap"."stream"(stream_id, channel_id, title, topic_id, topic, media_info, viewers, created_at, updated_at, ended_at)
    VALUES ('3ae8be4f-594d-472d-a4cc-e244d41a422c', '752ebdbc-9262-46a3-b9bd-8762bfea3d7a', 'Julie goes live!', 'd2ea25fc-eb67-4c63-86d0-58ba2ce51b56', 'Theology', '{"width":1280,"height":720,"bitrate":1280.75}', 8378, '2015-08-14 07:51:06.255300+0000', '2015-08-14 08:14:43.727700+0000', '2015-08-14 09:09:10.775700+0000');
INSERT INTO "neap"."stream"(stream_id, channel_id, title, topic_id, topic, media_info, viewers, created_at, updated_at, ended_at)
    VALUES ('a0945872-4a51-46b8-b740-284e791df68f', '752ebdbc-9262-46a3-b9bd-8762bfea3d7a', 'Relax stream', '1cae4612-f178-4a0e-b3af-343a88b99638', 'Science', '{"width":1280,"height":720,"bitrate":1202.2}', 712, '2015-05-27 23:40:15.919100+0000', '2015-05-28 00:22:00.985500+0000', '2015-05-28 00:39:28.609400+0000');
INSERT INTO "neap"."video"(video_id, stream_id, title, type, description, status, tags, topic_id, topic, media_info, preview, views, created_at, updated_at)
    VALUES ('10b2b7f0-c811-4a88-b3cc-9f25785e5ceb', 'a0945872-4a51-46b8-b740-284e791df68f', 'Relax stream', 'record', 'Relax stream', '', '[]', '1cae4612-f178-4a0e-b3af-343a88b99638', 'Science', '{"width":1280,"height":720,"bitrate":1168.23}', '', '39942', '2015-10-23 09:10:55.772000+0000', '2015-10-23 16:27:16.322200+0000');
INSERT INTO "neap"."stream"(stream_id, channel_id, title, topic_id, topic, media_info, viewers, created_at, updated_at, ended_at)
    VALUES ('1b797a2a-dca2-481d-a9bf-52b5dbe3e90f', '752ebdbc-9262-46a3-b9bd-8762bfea3d7a', 'Come on and have fun with Julie!', 'e9af2f53-d2dd-4e32-9dea-26d6ac21bcb8', 'Astrology', '{"width":720,"height":400,"bitrate":758.56}', 22, '2015-04-23 07:31:13.513000+0000', '2015-04-23 14:45:51.869600+0000', '2015-04-23 15:36:20.957100+0000');
INSERT INTO "neap"."video"(video_id, stream_id, title, type, description, status, tags, topic_id, topic, media_info, preview, views, created_at, updated_at)
    VALUES ('460ceb49-4d0b-41a2-a157-4bf0e265c70b', '1b797a2a-dca2-481d-a9bf-52b5dbe3e90f', 'Come on and have fun with Julie!', 'highlight', 'Come on and have fun with Julie!', '', '[]', 'e9af2f53-d2dd-4e32-9dea-26d6ac21bcb8', 'Astrology', '{"width":720,"height":400,"bitrate":575.66}', '', '16463', '2015-04-29 13:09:47.543600+0000', '2015-04-30 15:46:52.522900+0000');
INSERT INTO "neap"."video"(video_id, stream_id, title, type, description, status, tags, topic_id, topic, media_info, preview, views, created_at, updated_at)
    VALUES ('0f2a1636-8dd4-494e-8b87-7fb949ee2a76', '1b797a2a-dca2-481d-a9bf-52b5dbe3e90f', 'Come on and have fun with Julie!', 'record', 'Come on and have fun with Julie!', '', '[]', 'e9af2f53-d2dd-4e32-9dea-26d6ac21bcb8', 'Astrology', '{"width":720,"height":400,"bitrate":795.38}', '', '18003', '2015-06-30 16:09:13.440300+0000', '2015-07-01 02:28:15.325100+0000');
INSERT INTO "neap"."stream"(stream_id, channel_id, title, topic_id, topic, media_info, viewers, created_at, updated_at, ended_at)
    VALUES ('44d38893-e6f6-456c-a0df-3bc631c0ecc7', '752ebdbc-9262-46a3-b9bd-8762bfea3d7a', 'Come on and have fun with Julie!', '5f6c7ec0-84ab-4d8e-a2d7-ff1887b55d6e', 'History', '{"width":1920,"height":1080,"bitrate":1152.62}', 37, '2015-06-26 16:36:42.705600+0000', '2015-06-26 17:02:17.617400+0000', '2015-06-26 17:50:24.263200+0000');
INSERT INTO "neap"."user"(user_id, channel_id, type, username, email, password, display_name, logo, bio, created_at, updated_at)
    VALUES ('d4d91480-d35b-4ad1-9321-49af55b0455f', 'a45ac56b-348e-4ed1-be61-0fbd52c00fbe', 'user', 'samantha', 'samantha@neap.io', '$2y$10$.0NB75xkqNwtTyF4GspqQuNgsEgPGcgNIV3T/x0dhBR6ot7KM99zi', 'Samantha', 'https://gravatar.com/avatar/c4c741fab166622664f7767c3b1a0469?s=128&d=identicon', null, '2015-03-13 22:37:43.656000+0000', '2015-06-25 17:58:41.310800+0000');
INSERT INTO "neap"."channel"(channel_id, user_id, chat_id, name, display_name, topic, language, views, followers)
    VALUES ('a45ac56b-348e-4ed1-be61-0fbd52c00fbe', 'd4d91480-d35b-4ad1-9321-49af55b0455f', '1d948a7d-3c99-471e-88ff-070c690b59f4', 'samantha', 'Samantha Channel', 'Photography', 'en', 80986, 18);
INSERT INTO "neap"."chat"(chat_id, channel_id, name)
    VALUES ('1d948a7d-3c99-471e-88ff-070c690b59f4', 'a45ac56b-348e-4ed1-be61-0fbd52c00fbe', 'samantha');
INSERT INTO "neap"."stream"(stream_id, channel_id, title, topic_id, topic, media_info, viewers, created_at, updated_at, ended_at)
    VALUES ('e15e54df-45f7-45af-be0a-80fb1ff93bf2', 'a45ac56b-348e-4ed1-be61-0fbd52c00fbe', 'Relax stream', 'b369c464-cdea-4356-9d70-1450585652e2', 'Music', '{"width":1280,"height":720,"bitrate":924.93}', 1087, '2015-06-18 00:44:18.368900+0000', '2015-06-18 02:09:27.893500+0000', '2015-06-18 02:20:49.592200+0000');
INSERT INTO "neap"."stream"(stream_id, channel_id, title, topic_id, topic, media_info, viewers, created_at, updated_at, ended_at)
    VALUES ('a8ad579f-9519-4026-8e60-16007b8f3ea0', 'a45ac56b-348e-4ed1-be61-0fbd52c00fbe', 'Today is Litterature day', '994391cf-d41e-46f4-b6eb-ce53824e3a0c', 'Litterature', '{"width":1280,"height":720,"bitrate":1180.83}', 1620, '2015-09-27 23:24:24.083200+0000', '2015-09-28 00:03:45.456800+0000', '2015-09-28 00:37:29.423200+0000');
INSERT INTO "neap"."video"(video_id, stream_id, title, type, description, status, tags, topic_id, topic, media_info, preview, views, created_at, updated_at)
    VALUES ('021315ec-bf15-4fcd-9877-38d672a315f6', 'a8ad579f-9519-4026-8e60-16007b8f3ea0', 'Today is Litterature day', 'record', 'Today is Litterature day', '', '[]', '994391cf-d41e-46f4-b6eb-ce53824e3a0c', 'Litterature', '{"width":1280,"height":720,"bitrate":1044.48}', '', '8516', '2015-09-30 21:50:37.057700+0000', '2015-10-01 18:52:13.191100+0000');
INSERT INTO "neap"."stream"(stream_id, channel_id, title, topic_id, topic, media_info, viewers, created_at, updated_at, ended_at)
    VALUES ('60a58edd-907d-48fd-8123-61e8c487dc48', 'a45ac56b-348e-4ed1-be61-0fbd52c00fbe', 'Today is Astrology day', 'e9af2f53-d2dd-4e32-9dea-26d6ac21bcb8', 'Astrology', '{"width":1920,"height":1080,"bitrate":3482.87}', 1641, '2015-04-02 04:36:40.200600+0000', '2015-04-02 10:40:14.306500+0000', '2015-04-02 10:51:43.454000+0000');
INSERT INTO "neap"."video"(video_id, stream_id, title, type, description, status, tags, topic_id, topic, media_info, preview, views, created_at, updated_at)
    VALUES ('f970795e-f851-4e87-9c08-cc8ea3a4e460', '60a58edd-907d-48fd-8123-61e8c487dc48', 'Today is Astrology day', 'record', 'Today is Astrology day', '', '[]', 'e9af2f53-d2dd-4e32-9dea-26d6ac21bcb8', 'Astrology', '{"width":1920,"height":1080,"bitrate":1479.41}', '', '34599', '2015-05-15 07:18:57.256300+0000', '2015-05-16 04:05:04.386900+0000');
INSERT INTO "neap"."user"(user_id, channel_id, type, username, email, password, display_name, logo, bio, created_at, updated_at)
    VALUES ('82833519-a8bc-47b5-a13f-4524b61ce7ef', 'd77e06d1-0809-4eb8-9371-b44e45f8bc8a', 'user', 'ashlynn', 'ashlynn@neap.io', '$2y$10$eAintMfCSJzUzyGWR1a0AugHTs/EpJgVaG/smKOLCXhPoz4WLa9MG', 'Ashlynn', 'https://gravatar.com/avatar/14ea82f23fc0b313673063681c1fa65f?s=128&d=identicon', null, '2015-01-08 00:07:42.420900+0000', '2015-08-17 14:53:24.253000+0000');
INSERT INTO "neap"."channel"(channel_id, user_id, chat_id, name, display_name, topic, language, views, followers)
    VALUES ('d77e06d1-0809-4eb8-9371-b44e45f8bc8a', '82833519-a8bc-47b5-a13f-4524b61ce7ef', 'f03895de-0b33-4fb3-b73f-6b8ecb7c923f', 'ashlynn', 'Ashlynn Channel', 'Astrology', 'en', 61834, 131);
INSERT INTO "neap"."chat"(chat_id, channel_id, name)
    VALUES ('f03895de-0b33-4fb3-b73f-6b8ecb7c923f', 'd77e06d1-0809-4eb8-9371-b44e45f8bc8a', 'ashlynn');
INSERT INTO "neap"."stream"(stream_id, channel_id, title, topic_id, topic, media_info, viewers, created_at, updated_at, ended_at)
    VALUES ('83d3c9bf-7f51-44de-84b3-3c021cde5b18', 'd77e06d1-0809-4eb8-9371-b44e45f8bc8a', 'The origins of History', '5f6c7ec0-84ab-4d8e-a2d7-ff1887b55d6e', 'History', '{"width":720,"height":400,"bitrate":505.91}', 1305, '2015-04-02 17:14:45.173200+0000', '2015-04-02 17:20:20.838100+0000', '2015-04-02 17:27:16.893600+0000');
INSERT INTO "neap"."video"(video_id, stream_id, title, type, description, status, tags, topic_id, topic, media_info, preview, views, created_at, updated_at)
    VALUES ('dd1e5f09-40d8-497a-a618-5d4368c5d097', '83d3c9bf-7f51-44de-84b3-3c021cde5b18', 'The origins of History', 'record', 'The origins of History', '', '[]', '5f6c7ec0-84ab-4d8e-a2d7-ff1887b55d6e', 'History', '{"width":720,"height":400,"bitrate":552.16}', '', '26813', '2015-05-25 22:29:40.743100+0000', '2015-05-27 20:42:54.068800+0000');
INSERT INTO "neap"."stream"(stream_id, channel_id, title, topic_id, topic, media_info, viewers, created_at, updated_at, ended_at)
    VALUES ('16b15fda-e7a9-4ec7-aa83-e5028f9071be', 'd77e06d1-0809-4eb8-9371-b44e45f8bc8a', 'Relax stream', 'e496e832-363e-4228-b518-7fe126ccaa04', 'Photography', '{"width":1280,"height":720,"bitrate":1109.84}', 1251, '2015-05-11 19:04:32.468000+0000', '2015-05-12 01:10:08.333800+0000', '2015-05-12 01:37:57.984600+0000');
INSERT INTO "neap"."video"(video_id, stream_id, title, type, description, status, tags, topic_id, topic, media_info, preview, views, created_at, updated_at)
    VALUES ('d72044f5-d731-4fc1-bff1-6a38f397e1db', '16b15fda-e7a9-4ec7-aa83-e5028f9071be', 'Relax stream', 'record', 'Relax stream', '', '[]', 'e496e832-363e-4228-b518-7fe126ccaa04', 'Photography', '{"width":1280,"height":720,"bitrate":773.34}', '', '18848', '2015-09-18 01:30:51.820400+0000', '2015-09-18 01:53:25.937200+0000');
INSERT INTO "neap"."user"(user_id, channel_id, type, username, email, password, display_name, logo, bio, created_at, updated_at)
    VALUES ('bb57828c-815e-4e9c-ae65-c3ea81369e36', '14b0f00e-cead-4c63-b9ea-ed047b4b5d79', 'user', 'nina', 'nina@neap.io', '$2y$10$W/ttWURQIUol.tcBs1YtQuxiRmtrt.AZBqgpo/HSy81b7rDVqvCV2', 'Nina', 'https://gravatar.com/avatar/7723b85cb3f6d0b6b5ba94fb28ffdb6e?s=128&d=identicon', null, '2015-02-24 19:18:42.444600+0000', '2015-04-02 13:48:00.805400+0000');
INSERT INTO "neap"."channel"(channel_id, user_id, chat_id, name, display_name, topic, language, views, followers)
    VALUES ('14b0f00e-cead-4c63-b9ea-ed047b4b5d79', 'bb57828c-815e-4e9c-ae65-c3ea81369e36', '1715e17b-0ad7-4f1d-9e93-2ba85fb161b7', 'nina', 'Nina Channel', 'History', 'en', 82306, 43);
INSERT INTO "neap"."chat"(chat_id, channel_id, name)
    VALUES ('1715e17b-0ad7-4f1d-9e93-2ba85fb161b7', '14b0f00e-cead-4c63-b9ea-ed047b4b5d79', 'nina');
INSERT INTO "neap"."stream"(stream_id, channel_id, title, topic_id, topic, media_info, viewers, created_at, updated_at, ended_at)
    VALUES ('999b8a94-97dd-4993-875d-9464de264aa2', '14b0f00e-cead-4c63-b9ea-ed047b4b5d79', 'Come on and have fun with Nina!', '5f6c7ec0-84ab-4d8e-a2d7-ff1887b55d6e', 'History', '{"width":720,"height":400,"bitrate":725.78}', 1081, '2015-07-08 11:13:34.486200+0000', '2015-07-08 15:02:52.645000+0000', '2015-07-08 15:26:57.932000+0000');
INSERT INTO "neap"."stream"(stream_id, channel_id, title, topic_id, topic, media_info, viewers, created_at, updated_at, ended_at)
    VALUES ('85f200b5-eaca-4bab-a3cd-ee7b28a6626a', '14b0f00e-cead-4c63-b9ea-ed047b4b5d79', 'The origins of Photography', 'e496e832-363e-4228-b518-7fe126ccaa04', 'Photography', '{"width":1280,"height":720,"bitrate":1126.73}', 1380, '2015-03-11 22:12:09.642800+0000', '2015-03-11 22:39:42.833100+0000', '2015-03-11 22:47:57.191100+0000');
INSERT INTO "neap"."video"(video_id, stream_id, title, type, description, status, tags, topic_id, topic, media_info, preview, views, created_at, updated_at)
    VALUES ('56305ed9-874d-41f4-8de0-a91f8d99d7d4', '85f200b5-eaca-4bab-a3cd-ee7b28a6626a', 'The origins of Photography', 'record', 'The origins of Photography', '', '[]', 'e496e832-363e-4228-b518-7fe126ccaa04', 'Photography', '{"width":1280,"height":720,"bitrate":1239.41}', '', '23739', '2015-08-15 09:02:37.706400+0000', '2015-08-16 21:40:15.972300+0000');
INSERT INTO "neap"."video"(video_id, stream_id, title, type, description, status, tags, topic_id, topic, media_info, preview, views, created_at, updated_at)
    VALUES ('954d7107-1be0-4348-a6f2-fe00748ba10b', '85f200b5-eaca-4bab-a3cd-ee7b28a6626a', 'The origins of Photography', 'record', 'The origins of Photography', '', '[]', 'e496e832-363e-4228-b518-7fe126ccaa04', 'Photography', '{"width":1280,"height":720,"bitrate":1437.08}', '', '32348', '2015-06-04 14:43:44.560200+0000', '2015-06-10 06:04:43.719500+0000');
INSERT INTO "neap"."stream"(stream_id, channel_id, title, topic_id, topic, media_info, viewers, created_at, updated_at, ended_at)
    VALUES ('ae54729b-b95b-4831-83be-12dc9c607c22', '14b0f00e-cead-4c63-b9ea-ed047b4b5d79', 'Today is Astrology day', 'e9af2f53-d2dd-4e32-9dea-26d6ac21bcb8', 'Astrology', '{"width":720,"height":400,"bitrate":705.47}', 1798, '2015-04-08 19:55:09.542400+0000', '2015-04-08 22:26:40.899900+0000', '2015-04-08 23:22:24.052800+0000');
INSERT INTO "neap"."video"(video_id, stream_id, title, type, description, status, tags, topic_id, topic, media_info, preview, views, created_at, updated_at)
    VALUES ('988f36e2-06cf-406f-ad37-e00039f2ef6a', 'ae54729b-b95b-4831-83be-12dc9c607c22', 'Today is Astrology day', 'record', 'Today is Astrology day', '', '[]', 'e9af2f53-d2dd-4e32-9dea-26d6ac21bcb8', 'Astrology', '{"width":720,"height":400,"bitrate":771.71}', '', '38640', '2015-08-14 19:17:04.114700+0000', '2015-08-18 08:23:39.609600+0000');
INSERT INTO "neap"."video"(video_id, stream_id, title, type, description, status, tags, topic_id, topic, media_info, preview, views, created_at, updated_at)
    VALUES ('f4f25dc4-a52c-486c-a182-75093efe8924', 'ae54729b-b95b-4831-83be-12dc9c607c22', 'Today is Astrology day', 'record', 'Today is Astrology day', '', '[]', 'e9af2f53-d2dd-4e32-9dea-26d6ac21bcb8', 'Astrology', '{"width":720,"height":400,"bitrate":698.79}', '', '15027', '2015-10-14 12:31:09.256000+0000', '2015-10-14 21:59:24.338700+0000');
INSERT INTO "neap"."stream"(stream_id, channel_id, title, topic_id, topic, media_info, viewers, created_at, updated_at, ended_at)
    VALUES ('4215a43f-38e0-4c36-831b-4daafef9152d', '14b0f00e-cead-4c63-b9ea-ed047b4b5d79', 'The origins of Astrology', 'e9af2f53-d2dd-4e32-9dea-26d6ac21bcb8', 'Astrology', '{"width":720,"height":400,"bitrate":750.42}', 1249, '2015-07-02 15:24:30.378800+0000', '2015-07-02 15:31:19.891200+0000', '2015-07-02 15:36:07.314900+0000');
INSERT INTO "neap"."video"(video_id, stream_id, title, type, description, status, tags, topic_id, topic, media_info, preview, views, created_at, updated_at)
    VALUES ('b81e6f1b-0181-4e41-9dd6-eaea04793c3b', '4215a43f-38e0-4c36-831b-4daafef9152d', 'The origins of Astrology', 'record', 'The origins of Astrology', '', '[]', 'e9af2f53-d2dd-4e32-9dea-26d6ac21bcb8', 'Astrology', '{"width":720,"height":400,"bitrate":762.14}', '', '32817', '2015-10-24 02:08:49.723100+0000', '2015-10-25 15:15:45.641600+0000');
INSERT INTO "neap"."user"(user_id, channel_id, type, username, email, password, display_name, logo, bio, created_at, updated_at)
    VALUES ('570a5e4f-70a1-4ff6-a47f-9199cfafc8fe', '184eeee7-e265-419a-b287-14251b1a777b', 'user', 'khaleesi', 'khaleesi@neap.io', '$2y$10$OcaineunrmDhPQMmXVqCW.EKFjNanf.KyVCnCs3dgnknjDlXRIFci', 'Khaleesi', 'https://gravatar.com/avatar/c6c7f3abb8fc4c2f91af4e20981c743b?s=128&d=identicon', null, '2015-02-04 11:36:39.842500+0000', '2015-07-23 22:16:46.869100+0000');
INSERT INTO "neap"."channel"(channel_id, user_id, chat_id, name, display_name, topic, language, views, followers)
    VALUES ('184eeee7-e265-419a-b287-14251b1a777b', '570a5e4f-70a1-4ff6-a47f-9199cfafc8fe', 'edd4d2ff-32cd-46c3-806d-d64aa6061855', 'khaleesi', 'Khaleesi Channel', 'Music', 'en', 88775, 48);
INSERT INTO "neap"."chat"(chat_id, channel_id, name)
    VALUES ('edd4d2ff-32cd-46c3-806d-d64aa6061855', '184eeee7-e265-419a-b287-14251b1a777b', 'khaleesi');
INSERT INTO "neap"."stream"(stream_id, channel_id, title, topic_id, topic, media_info, viewers, created_at, updated_at, ended_at)
    VALUES ('bef77c39-4607-4bff-a577-b49edcd8d014', '184eeee7-e265-419a-b287-14251b1a777b', 'Khaleesi goes live!', '284b3091-455d-4476-ae67-442a19d153d4', 'Mathematics', '{"width":1920,"height":1080,"bitrate":3061.93}', 311, '2015-07-17 01:53:25.025300+0000', '2015-07-17 03:42:51.465400+0000', '2015-07-17 04:24:47.989700+0000');
INSERT INTO "neap"."stream"(stream_id, channel_id, title, topic_id, topic, media_info, viewers, created_at, updated_at, ended_at)
    VALUES ('f44eaaf4-5c74-471f-baeb-bae28ca8e031', '184eeee7-e265-419a-b287-14251b1a777b', 'Today is Science day', '1cae4612-f178-4a0e-b3af-343a88b99638', 'Science', '{"width":720,"height":400,"bitrate":629.21}', 147, '2015-03-27 06:33:44.179600+0000', '2015-03-27 07:06:42.448700+0000', '2015-03-27 07:19:09.513800+0000');
INSERT INTO "neap"."video"(video_id, stream_id, title, type, description, status, tags, topic_id, topic, media_info, preview, views, created_at, updated_at)
    VALUES ('7756e6b8-4987-4684-be40-38cd579bb724', 'f44eaaf4-5c74-471f-baeb-bae28ca8e031', 'Today is Science day', 'record', 'Today is Science day', '', '[]', '1cae4612-f178-4a0e-b3af-343a88b99638', 'Science', '{"width":720,"height":400,"bitrate":570.63}', '', '22059', '2015-05-19 21:52:11.313000+0000', '2015-05-21 02:59:07.937400+0000');
INSERT INTO "neap"."video"(video_id, stream_id, title, type, description, status, tags, topic_id, topic, media_info, preview, views, created_at, updated_at)
    VALUES ('83e71098-4061-4013-b083-f02adf951bfa', 'f44eaaf4-5c74-471f-baeb-bae28ca8e031', 'Today is Science day', 'record', 'Today is Science day', '', '[]', '1cae4612-f178-4a0e-b3af-343a88b99638', 'Science', '{"width":720,"height":400,"bitrate":604.67}', '', '16235', '2015-06-26 15:22:19.286200+0000', '2015-06-28 09:03:48.802500+0000');
INSERT INTO "neap"."stream"(stream_id, channel_id, title, topic_id, topic, media_info, viewers, created_at, updated_at, ended_at)
    VALUES ('0ce4c080-37af-406a-9b3c-08ec3d3fb4d6', '184eeee7-e265-419a-b287-14251b1a777b', 'Relax stream', '994391cf-d41e-46f4-b6eb-ce53824e3a0c', 'Litterature', '{"width":1920,"height":1080,"bitrate":2274.03}', 89087, '2015-03-17 21:39:38.486500+0000', '2015-03-18 00:43:39.563600+0000', '2015-03-18 01:09:49.682200+0000');
INSERT INTO "neap"."video"(video_id, stream_id, title, type, description, status, tags, topic_id, topic, media_info, preview, views, created_at, updated_at)
    VALUES ('ec408463-d94e-4ac1-9052-103c536487fb', '0ce4c080-37af-406a-9b3c-08ec3d3fb4d6', 'Relax stream', 'highlight', 'Relax stream', '', '[]', '994391cf-d41e-46f4-b6eb-ce53824e3a0c', 'Litterature', '{"width":1920,"height":1080,"bitrate":2957.92}', '', '25124', '2015-05-04 09:43:41.516800+0000', '2015-05-05 03:13:24.902800+0000');
INSERT INTO "neap"."stream"(stream_id, channel_id, title, topic_id, topic, media_info, viewers, created_at, updated_at, ended_at)
    VALUES ('b37bc767-00bf-427d-8394-482766e1030a', '184eeee7-e265-419a-b287-14251b1a777b', 'Today is Astrology day', 'e9af2f53-d2dd-4e32-9dea-26d6ac21bcb8', 'Astrology', '{"width":1920,"height":1080,"bitrate":1130.22}', 1759, '2015-05-22 04:14:01.012100+0000', '2015-05-22 04:34:19.190800+0000', '2015-05-22 05:21:15.107100+0000');
INSERT INTO "neap"."video"(video_id, stream_id, title, type, description, status, tags, topic_id, topic, media_info, preview, views, created_at, updated_at)
    VALUES ('76faec47-b65d-44be-87d3-108174e86f03', 'b37bc767-00bf-427d-8394-482766e1030a', 'Today is Astrology day', 'record', 'Today is Astrology day', '', '[]', 'e9af2f53-d2dd-4e32-9dea-26d6ac21bcb8', 'Astrology', '{"width":1920,"height":1080,"bitrate":2031.04}', '', '39524', '2015-08-06 04:28:55.164500+0000', '2015-08-06 21:44:34.638000+0000');
INSERT INTO "neap"."stream"(stream_id, channel_id, title, topic_id, topic, media_info, viewers, created_at, updated_at, ended_at)
    VALUES ('ca0973b1-ef1b-4d46-b1e6-a41c2e7ef038', '184eeee7-e265-419a-b287-14251b1a777b', 'Relax stream', '5f6c7ec0-84ab-4d8e-a2d7-ff1887b55d6e', 'History', '{"width":720,"height":400,"bitrate":656.7}', 1991, '2015-06-25 04:46:51.685900+0000', '2015-06-25 05:31:44.411800+0000', '2015-06-25 06:06:05.502300+0000');
INSERT INTO "neap"."video"(video_id, stream_id, title, type, description, status, tags, topic_id, topic, media_info, preview, views, created_at, updated_at)
    VALUES ('ccdcd312-ab39-4e00-8754-71ebff9615d8', 'ca0973b1-ef1b-4d46-b1e6-a41c2e7ef038', 'Relax stream', 'record', 'Relax stream', '', '[]', '5f6c7ec0-84ab-4d8e-a2d7-ff1887b55d6e', 'History', '{"width":720,"height":400,"bitrate":752.72}', '', '18411', '2015-08-27 21:27:17.097100+0000', '2015-08-28 14:16:41.043600+0000');
INSERT INTO "neap"."stream"(stream_id, channel_id, title, topic_id, topic, media_info, viewers, created_at, updated_at, ended_at)
    VALUES ('b834fd04-5100-43b7-b806-e57a28fde8be', '184eeee7-e265-419a-b287-14251b1a777b', 'Come on and have fun with Khaleesi!', 'b369c464-cdea-4356-9d70-1450585652e2', 'Music', '{"width":1920,"height":1080,"bitrate":2867.77}', 1107, '2015-07-16 13:21:25.715600+0000', '2015-07-16 17:55:44.749200+0000', '2015-07-16 18:03:57.913000+0000');
INSERT INTO "neap"."stream"(stream_id, channel_id, title, topic_id, topic, media_info, viewers, created_at, updated_at, ended_at)
    VALUES ('7475c8a4-8b46-4e72-af19-3973637232fe', '184eeee7-e265-419a-b287-14251b1a777b', 'The origins of Astrology', 'e9af2f53-d2dd-4e32-9dea-26d6ac21bcb8', 'Astrology', '{"width":720,"height":400,"bitrate":555.3}', 926, '2015-06-05 09:11:09.478100+0000', '2015-06-05 09:49:21.923400+0000', '2015-06-05 10:46:47.515900+0000');
INSERT INTO "neap"."video"(video_id, stream_id, title, type, description, status, tags, topic_id, topic, media_info, preview, views, created_at, updated_at)
    VALUES ('fadadf4f-4e19-431b-8c4e-a15a31ee5203', '7475c8a4-8b46-4e72-af19-3973637232fe', 'The origins of Astrology', 'record', 'The origins of Astrology', '', '[]', 'e9af2f53-d2dd-4e32-9dea-26d6ac21bcb8', 'Astrology', '{"width":720,"height":400,"bitrate":738.69}', '', '6025', '2015-10-20 03:07:17.939700+0000', '2015-10-20 17:02:03.884200+0000');
INSERT INTO "neap"."stream"(stream_id, channel_id, title, topic_id, topic, media_info, viewers, created_at, updated_at, ended_at)
    VALUES ('57bad940-9f91-4172-aef2-991907a87659', '184eeee7-e265-419a-b287-14251b1a777b', 'Video games?? Yeah, Video games!', '48e535f7-dba1-4d59-aac3-4c6cced32d6c', 'Video games', '{"width":720,"height":400,"bitrate":752.29}', 741, '2015-04-07 00:15:15.571600+0000', '2015-04-07 01:26:09.419400+0000', '2015-04-07 02:38:32.545800+0000');
INSERT INTO "neap"."video"(video_id, stream_id, title, type, description, status, tags, topic_id, topic, media_info, preview, views, created_at, updated_at)
    VALUES ('dd44bdf9-5c92-476c-a318-6fb22e3f178c', '57bad940-9f91-4172-aef2-991907a87659', 'Video games?? Yeah, Video games!', 'record', 'Video games?? Yeah, Video games!', '', '[]', '48e535f7-dba1-4d59-aac3-4c6cced32d6c', 'Video games', '{"width":720,"height":400,"bitrate":720.35}', '', '7578', '2015-04-20 02:36:20.379600+0000', '2015-04-23 06:51:55.642300+0000');
INSERT INTO "neap"."stream"(stream_id, channel_id, title, topic_id, topic, media_info, viewers, created_at, updated_at, ended_at)
    VALUES ('d6958ce9-04e9-4416-b0d7-02e069b35aaa', '184eeee7-e265-419a-b287-14251b1a777b', 'Today is Theology day', 'd2ea25fc-eb67-4c63-86d0-58ba2ce51b56', 'Theology', '{"width":1280,"height":720,"bitrate":918.14}', 1159, '2015-10-07 11:18:22.867100+0000', '2015-10-07 13:57:22.365700+0000', '2015-10-07 15:12:41.311900+0000');
INSERT INTO "neap"."user"(user_id, channel_id, type, username, email, password, display_name, logo, bio, created_at, updated_at)
    VALUES ('8f3c05bc-7093-469a-a12b-35889cc89a05', '98b45b53-55f7-4b44-8448-2b7fad1a9dc3', 'user', 'jackson', 'jackson@neap.io', '$2y$10$oM39zNgMdU4WbOMS0OVL1OKHLIkN9olKkRLdK3gDG2dIKuTgr/aXe', 'Jackson', 'https://gravatar.com/avatar/6aaa14dbb2f24dfe7ab05927ad50a6c1?s=128&d=identicon', null, '2015-06-09 08:08:36.776300+0000', '2015-07-09 09:02:12.411300+0000');
INSERT INTO "neap"."channel"(channel_id, user_id, chat_id, name, display_name, topic, language, views, followers)
    VALUES ('98b45b53-55f7-4b44-8448-2b7fad1a9dc3', '8f3c05bc-7093-469a-a12b-35889cc89a05', 'aa07203b-7e1c-40b5-be14-3a7525669518', 'jackson', 'Jackson Channel', 'Photography', 'en', 51703, 68);
INSERT INTO "neap"."chat"(chat_id, channel_id, name)
    VALUES ('aa07203b-7e1c-40b5-be14-3a7525669518', '98b45b53-55f7-4b44-8448-2b7fad1a9dc3', 'jackson');
INSERT INTO "neap"."stream"(stream_id, channel_id, title, topic_id, topic, media_info, viewers, created_at, updated_at, ended_at)
    VALUES ('90d5d94f-a7c2-4a28-a1f6-be46866404a1', '98b45b53-55f7-4b44-8448-2b7fad1a9dc3', 'Today is Philosophy day', '35fa82dc-ed25-47fb-b6cd-58ae8a151f60', 'Philosophy', '{"width":1280,"height":720,"bitrate":1141.96}', 1914, '2015-06-15 08:49:53.902600+0000', '2015-06-15 14:11:43.145600+0000', '2015-06-15 14:59:32.547700+0000');
INSERT INTO "neap"."video"(video_id, stream_id, title, type, description, status, tags, topic_id, topic, media_info, preview, views, created_at, updated_at)
    VALUES ('bd695cbc-9e80-4dfe-8b5d-cfd4f06d95be', '90d5d94f-a7c2-4a28-a1f6-be46866404a1', 'Today is Philosophy day', 'record', 'Today is Philosophy day', '', '[]', '35fa82dc-ed25-47fb-b6cd-58ae8a151f60', 'Philosophy', '{"width":1280,"height":720,"bitrate":1435.27}', '', '5513', '2015-10-27 20:13:11.079600+0000', '2015-10-27 20:37:29.688300+0000');
INSERT INTO "neap"."stream"(stream_id, channel_id, title, topic_id, topic, media_info, viewers, created_at, updated_at, ended_at)
    VALUES ('e4a05253-d66c-4086-bacb-622e862658cc', '98b45b53-55f7-4b44-8448-2b7fad1a9dc3', 'Fun with Photography and Jackson', 'e496e832-363e-4228-b518-7fe126ccaa04', 'Photography', '{"width":1920,"height":1080,"bitrate":1783.79}', 105, '2015-07-17 01:08:48.423600+0000', '2015-07-17 01:22:34.846600+0000', '2015-07-17 01:30:33.698500+0000');
INSERT INTO "neap"."stream"(stream_id, channel_id, title, topic_id, topic, media_info, viewers, created_at, updated_at, ended_at)
    VALUES ('4dca5880-f392-4220-883f-a2582fa16d3f', '98b45b53-55f7-4b44-8448-2b7fad1a9dc3', 'Relax stream', '48e535f7-dba1-4d59-aac3-4c6cced32d6c', 'Video games', '{"width":1920,"height":1080,"bitrate":1003.73}', 934, '2015-09-25 20:28:42.209500+0000', '2015-09-25 20:47:16.430200+0000', '2015-09-25 21:51:38.059600+0000');
INSERT INTO "neap"."stream"(stream_id, channel_id, title, topic_id, topic, media_info, viewers, created_at, updated_at, ended_at)
    VALUES ('c7f571e9-b5c7-4934-8139-4b08c33cf8fa', '98b45b53-55f7-4b44-8448-2b7fad1a9dc3', 'Relax stream', '5f6c7ec0-84ab-4d8e-a2d7-ff1887b55d6e', 'History', '{"width":1280,"height":720,"bitrate":998.19}', 773, '2015-07-22 03:06:43.295800+0000', '2015-07-22 06:10:48.723100+0000', '2015-07-22 06:19:28.748300+0000');
INSERT INTO "neap"."video"(video_id, stream_id, title, type, description, status, tags, topic_id, topic, media_info, preview, views, created_at, updated_at)
    VALUES ('c4e7c3f9-57e2-467e-8078-48fbab7f3a8b', 'c7f571e9-b5c7-4934-8139-4b08c33cf8fa', 'Relax stream', 'record', 'Relax stream', '', '[]', '5f6c7ec0-84ab-4d8e-a2d7-ff1887b55d6e', 'History', '{"width":1280,"height":720,"bitrate":1392.05}', '', '33253', '2015-08-28 03:20:38.452500+0000', '2015-08-29 20:35:44.613200+0000');
INSERT INTO "neap"."stream"(stream_id, channel_id, title, topic_id, topic, media_info, viewers, created_at, updated_at, ended_at)
    VALUES ('ed9f3fd2-0aeb-4f1a-ab3d-69ff2bc1ca83', '98b45b53-55f7-4b44-8448-2b7fad1a9dc3', 'Jackson goes live!', '1cae4612-f178-4a0e-b3af-343a88b99638', 'Science', '{"width":1920,"height":1080,"bitrate":2006.1}', 1916, '2015-10-11 06:26:24.442000+0000', '2015-10-11 07:05:48.803800+0000', '2015-10-11 07:42:05.987900+0000');
INSERT INTO "neap"."video"(video_id, stream_id, title, type, description, status, tags, topic_id, topic, media_info, preview, views, created_at, updated_at)
    VALUES ('3225a7b7-ea15-4af8-bd0e-b70882f5f7b6', 'ed9f3fd2-0aeb-4f1a-ab3d-69ff2bc1ca83', 'Jackson goes live!', 'record', 'Jackson goes live!', '', '[]', '1cae4612-f178-4a0e-b3af-343a88b99638', 'Science', '{"width":1920,"height":1080,"bitrate":2361.24}', '', '3750', '2015-10-26 06:06:07.431800+0000', '2015-10-31 12:37:02.115600+0000');
INSERT INTO "neap"."video"(video_id, stream_id, title, type, description, status, tags, topic_id, topic, media_info, preview, views, created_at, updated_at)
    VALUES ('bab2777c-48f0-4b32-9352-b64eb96c012a', 'ed9f3fd2-0aeb-4f1a-ab3d-69ff2bc1ca83', 'Jackson goes live!', 'record', 'Jackson goes live!', '', '[]', '1cae4612-f178-4a0e-b3af-343a88b99638', 'Science', '{"width":1920,"height":1080,"bitrate":1183.06}', '', '39268', '2015-10-18 17:59:20.780600+0000', '2015-10-18 19:46:08.142300+0000');
INSERT INTO "neap"."stream"(stream_id, channel_id, title, topic_id, topic, media_info, viewers, created_at, updated_at, ended_at)
    VALUES ('f22654da-ae00-4d55-9145-3751e889ad93', '98b45b53-55f7-4b44-8448-2b7fad1a9dc3', 'Photography?? Yeah, Photography!', 'e496e832-363e-4228-b518-7fe126ccaa04', 'Photography', '{"width":720,"height":400,"bitrate":716.82}', 269, '2015-07-15 03:00:50.588200+0000', '2015-07-15 07:31:43.729000+0000', '2015-07-15 07:36:40.802400+0000');
INSERT INTO "neap"."video"(video_id, stream_id, title, type, description, status, tags, topic_id, topic, media_info, preview, views, created_at, updated_at)
    VALUES ('f46a301e-39c7-4241-994d-d1bca6ab4a32', 'f22654da-ae00-4d55-9145-3751e889ad93', 'Photography?? Yeah, Photography!', 'record', 'Photography?? Yeah, Photography!', '', '[]', 'e496e832-363e-4228-b518-7fe126ccaa04', 'Photography', '{"width":720,"height":400,"bitrate":534.48}', '', '23878', '2015-09-06 18:12:11.187400+0000', '2015-09-06 23:55:31.178900+0000');
INSERT INTO "neap"."stream"(stream_id, channel_id, title, topic_id, topic, media_info, viewers, created_at, updated_at, ended_at)
    VALUES ('415c12ca-7da0-442f-abff-967ea4721932', '98b45b53-55f7-4b44-8448-2b7fad1a9dc3', 'Today is Music day', 'b369c464-cdea-4356-9d70-1450585652e2', 'Music', '{"width":720,"height":400,"bitrate":585.61}', 793, '2015-09-10 09:34:10.800400+0000', '2015-09-10 12:41:45.521500+0000', '2015-09-10 14:12:31.049200+0000');
INSERT INTO "neap"."video"(video_id, stream_id, title, type, description, status, tags, topic_id, topic, media_info, preview, views, created_at, updated_at)
    VALUES ('89ed04c1-264d-49c8-ac57-5678cc8851fc', '415c12ca-7da0-442f-abff-967ea4721932', 'Today is Music day', 'highlight', 'Today is Music day', '', '[]', 'b369c464-cdea-4356-9d70-1450585652e2', 'Music', '{"width":720,"height":400,"bitrate":772.55}', '', '9122', '2015-09-18 15:57:17.455600+0000', '2015-09-19 16:50:36.381200+0000');
INSERT INTO "neap"."stream"(stream_id, channel_id, title, topic_id, topic, media_info, viewers, created_at, updated_at, ended_at)
    VALUES ('959e466a-51f3-44e3-b619-8925c9d881ff', '98b45b53-55f7-4b44-8448-2b7fad1a9dc3', 'Today is Biology day', 'd4f06d27-2693-4552-bd85-d9875651ce39', 'Biology', '{"width":1920,"height":1080,"bitrate":1020.79}', 569, '2015-08-01 02:28:43.630600+0000', '2015-08-01 07:26:54.094800+0000', '2015-08-01 07:30:59.687500+0000');
INSERT INTO "neap"."video"(video_id, stream_id, title, type, description, status, tags, topic_id, topic, media_info, preview, views, created_at, updated_at)
    VALUES ('a2bbe1b7-b56e-475e-bde3-9ec3ebe5e557', '959e466a-51f3-44e3-b619-8925c9d881ff', 'Today is Biology day', 'record', 'Today is Biology day', '', '[]', 'd4f06d27-2693-4552-bd85-d9875651ce39', 'Biology', '{"width":1920,"height":1080,"bitrate":2018.11}', '', '16385', '2015-08-05 20:59:33.822500+0000', '2015-08-06 15:44:05.526800+0000');
INSERT INTO "neap"."stream"(stream_id, channel_id, title, topic_id, topic, media_info, viewers, created_at, updated_at, ended_at)
    VALUES ('37cf9cca-0a6b-47d2-b197-272c06bef0b2', '98b45b53-55f7-4b44-8448-2b7fad1a9dc3', 'The origins of Biology', 'd4f06d27-2693-4552-bd85-d9875651ce39', 'Biology', '{"width":720,"height":400,"bitrate":711.19}', 1092, '2015-06-14 09:06:11.694300+0000', '2015-06-14 11:58:19.155200+0000', '2015-06-14 12:01:29.067500+0000');
INSERT INTO "neap"."user"(user_id, channel_id, type, username, email, password, display_name, logo, bio, created_at, updated_at)
    VALUES ('be9404e6-f716-4e72-a104-ee758f21a9da', 'f5fdf3e3-d4a0-41f3-92d6-ca7837c7d49a', 'user', 'kristina', 'kristina@neap.io', '$2y$10$aSUS2SnKdF7dDmvm9LV30eIbnG4lmVNT7wMXJu5e7H4vfxrBHU42m', 'Kristina', 'https://gravatar.com/avatar/bbcda7ade322f666b5a8bfc0ce0a5da3?s=128&d=identicon', null, '2015-04-03 02:23:22.319800+0000', '2015-08-09 15:42:21.188200+0000');
INSERT INTO "neap"."channel"(channel_id, user_id, chat_id, name, display_name, topic, language, views, followers)
    VALUES ('f5fdf3e3-d4a0-41f3-92d6-ca7837c7d49a', 'be9404e6-f716-4e72-a104-ee758f21a9da', 'aa4d6805-c1ea-43aa-acf6-054020d8afa9', 'kristina', 'Kristina Channel', 'Music', 'en', 44045, 35);
INSERT INTO "neap"."chat"(chat_id, channel_id, name)
    VALUES ('aa4d6805-c1ea-43aa-acf6-054020d8afa9', 'f5fdf3e3-d4a0-41f3-92d6-ca7837c7d49a', 'kristina');
INSERT INTO "neap"."stream"(stream_id, channel_id, title, topic_id, topic, media_info, viewers, created_at, updated_at, ended_at)
    VALUES ('808fe726-4713-44a5-8b5d-159429df8401', 'f5fdf3e3-d4a0-41f3-92d6-ca7837c7d49a', 'The origins of Astrology', 'e9af2f53-d2dd-4e32-9dea-26d6ac21bcb8', 'Astrology', '{"width":720,"height":400,"bitrate":515.75}', 1617, '2015-05-24 16:55:57.553600+0000', '2015-05-24 17:05:41.021900+0000', '2015-05-24 17:46:44.253000+0000');
INSERT INTO "neap"."video"(video_id, stream_id, title, type, description, status, tags, topic_id, topic, media_info, preview, views, created_at, updated_at)
    VALUES ('8555d7de-1db9-4608-aa8e-17626a21e487', '808fe726-4713-44a5-8b5d-159429df8401', 'The origins of Astrology', 'highlight', 'The origins of Astrology', '', '[]', 'e9af2f53-d2dd-4e32-9dea-26d6ac21bcb8', 'Astrology', '{"width":720,"height":400,"bitrate":549.81}', '', '14885', '2015-09-24 03:53:03.435800+0000', '2015-09-27 08:04:25.683700+0000');
INSERT INTO "neap"."stream"(stream_id, channel_id, title, topic_id, topic, media_info, viewers, created_at, updated_at, ended_at)
    VALUES ('2ad304d3-4f09-4d1c-ab0e-a9983ead89a4', 'f5fdf3e3-d4a0-41f3-92d6-ca7837c7d49a', 'The origins of Video games', '48e535f7-dba1-4d59-aac3-4c6cced32d6c', 'Video games', '{"width":720,"height":400,"bitrate":590.03}', 1136, '2015-07-11 09:56:47.268700+0000', '2015-07-11 17:56:52.562200+0000', '2015-07-11 18:22:31.515100+0000');
INSERT INTO "neap"."stream"(stream_id, channel_id, title, topic_id, topic, media_info, viewers, created_at, updated_at, ended_at)
    VALUES ('45c1e4cd-48b9-49e5-a289-61883399b09c', 'f5fdf3e3-d4a0-41f3-92d6-ca7837c7d49a', 'Fun with Mathematics and Kristina', '284b3091-455d-4476-ae67-442a19d153d4', 'Mathematics', '{"width":1280,"height":720,"bitrate":1018.12}', 1474, '2015-05-26 04:37:48.211200+0000', '2015-05-26 07:22:28.046000+0000', '2015-05-26 07:59:53.167600+0000');
INSERT INTO "neap"."video"(video_id, stream_id, title, type, description, status, tags, topic_id, topic, media_info, preview, views, created_at, updated_at)
    VALUES ('dbe2d4a1-3837-4149-901b-c7e78c926ce2', '45c1e4cd-48b9-49e5-a289-61883399b09c', 'Fun with Mathematics and Kristina', 'record', 'Fun with Mathematics and Kristina', '', '[]', '284b3091-455d-4476-ae67-442a19d153d4', 'Mathematics', '{"width":1280,"height":720,"bitrate":1239.61}', '', '8904', '2015-06-04 11:43:14.012700+0000', '2015-06-09 03:07:14.607400+0000');
INSERT INTO "neap"."video"(video_id, stream_id, title, type, description, status, tags, topic_id, topic, media_info, preview, views, created_at, updated_at)
    VALUES ('3655074d-6423-4127-b885-8c2451cf587d', '45c1e4cd-48b9-49e5-a289-61883399b09c', 'Fun with Mathematics and Kristina', 'record', 'Fun with Mathematics and Kristina', '', '[]', '284b3091-455d-4476-ae67-442a19d153d4', 'Mathematics', '{"width":1280,"height":720,"bitrate":945.57}', '', '39417', '2015-08-22 08:54:50.607000+0000', '2015-08-28 00:58:23.410200+0000');
INSERT INTO "neap"."stream"(stream_id, channel_id, title, topic_id, topic, media_info, viewers, created_at, updated_at, ended_at)
    VALUES ('4ce01371-b79d-4b40-8f3c-fe74ad14401d', 'f5fdf3e3-d4a0-41f3-92d6-ca7837c7d49a', 'Kristina goes live!', '48e535f7-dba1-4d59-aac3-4c6cced32d6c', 'Video games', '{"width":1920,"height":1080,"bitrate":3484.2}', 57605, '2015-06-26 02:56:15.493800+0000', '2015-06-26 03:00:26.436900+0000', '2015-06-26 03:06:58.155900+0000');
INSERT INTO "neap"."video"(video_id, stream_id, title, type, description, status, tags, topic_id, topic, media_info, preview, views, created_at, updated_at)
    VALUES ('6d21d0f1-0e4b-4db5-8121-e98d2f562664', '4ce01371-b79d-4b40-8f3c-fe74ad14401d', 'Kristina goes live!', 'record', 'Kristina goes live!', '', '[]', '48e535f7-dba1-4d59-aac3-4c6cced32d6c', 'Video games', '{"width":1920,"height":1080,"bitrate":2371.96}', '', '2758', '2015-10-11 18:18:56.972100+0000', '2015-10-12 02:28:25.709100+0000');
INSERT INTO "neap"."video"(video_id, stream_id, title, type, description, status, tags, topic_id, topic, media_info, preview, views, created_at, updated_at)
    VALUES ('d5367fe3-76b6-414b-aa25-81fb8fe4e965', '4ce01371-b79d-4b40-8f3c-fe74ad14401d', 'Kristina goes live!', 'highlight', 'Kristina goes live!', '', '[]', '48e535f7-dba1-4d59-aac3-4c6cced32d6c', 'Video games', '{"width":1920,"height":1080,"bitrate":1141.59}', '', '16977', '2015-09-07 06:50:30.343000+0000', '2015-09-08 17:16:52.075300+0000');
INSERT INTO "neap"."stream"(stream_id, channel_id, title, topic_id, topic, media_info, viewers, created_at, updated_at, ended_at)
    VALUES ('701d4a7c-77bf-46a6-b6c5-7733cb927e5a', 'f5fdf3e3-d4a0-41f3-92d6-ca7837c7d49a', 'The origins of History', '5f6c7ec0-84ab-4d8e-a2d7-ff1887b55d6e', 'History', '{"width":1920,"height":1080,"bitrate":3013.7}', 1060, '2015-04-25 12:06:34.559200+0000', '2015-04-25 15:32:03.471700+0000', '2015-04-25 15:41:19.239900+0000');
INSERT INTO "neap"."video"(video_id, stream_id, title, type, description, status, tags, topic_id, topic, media_info, preview, views, created_at, updated_at)
    VALUES ('4e9ca1e4-c34f-4a11-9de5-7b14faa66eb8', '701d4a7c-77bf-46a6-b6c5-7733cb927e5a', 'The origins of History', 'highlight', 'The origins of History', '', '[]', '5f6c7ec0-84ab-4d8e-a2d7-ff1887b55d6e', 'History', '{"width":1920,"height":1080,"bitrate":2145.52}', '', '36517', '2015-10-29 10:55:09.140000+0000', '2015-11-03 14:56:52.808400+0000');
INSERT INTO "neap"."video"(video_id, stream_id, title, type, description, status, tags, topic_id, topic, media_info, preview, views, created_at, updated_at)
    VALUES ('c4539586-f4d6-4acd-bd4b-38400ea359c1', '701d4a7c-77bf-46a6-b6c5-7733cb927e5a', 'The origins of History', 'highlight', 'The origins of History', '', '[]', '5f6c7ec0-84ab-4d8e-a2d7-ff1887b55d6e', 'History', '{"width":1920,"height":1080,"bitrate":1572.48}', '', '9478', '2015-08-23 10:44:11.607300+0000', '2015-08-23 10:54:19.474100+0000');
INSERT INTO "neap"."stream"(stream_id, channel_id, title, topic_id, topic, media_info, viewers, created_at, updated_at, ended_at)
    VALUES ('f3484adf-f59c-43dc-8a0f-fb944039c5fe', 'f5fdf3e3-d4a0-41f3-92d6-ca7837c7d49a', 'Kristina goes live!', '994391cf-d41e-46f4-b6eb-ce53824e3a0c', 'Litterature', '{"width":1920,"height":1080,"bitrate":1104.7}', 1891, '2015-10-28 05:01:01.678500+0000', '2015-10-28 06:02:52.413000+0000', '2015-10-28 06:04:20.605000+0000');
INSERT INTO "neap"."video"(video_id, stream_id, title, type, description, status, tags, topic_id, topic, media_info, preview, views, created_at, updated_at)
    VALUES ('6848afcf-c050-4a53-beb3-36460f1958c7', 'f3484adf-f59c-43dc-8a0f-fb944039c5fe', 'Kristina goes live!', 'record', 'Kristina goes live!', '', '[]', '994391cf-d41e-46f4-b6eb-ce53824e3a0c', 'Litterature', '{"width":1920,"height":1080,"bitrate":2496.73}', '', '15848', '2015-10-30 06:30:29.072400+0000', '2015-10-31 04:30:15.471900+0000');
INSERT INTO "neap"."video"(video_id, stream_id, title, type, description, status, tags, topic_id, topic, media_info, preview, views, created_at, updated_at)
    VALUES ('a9ea7fd9-caaf-4c31-a649-adb98a62a517', 'f3484adf-f59c-43dc-8a0f-fb944039c5fe', 'Kristina goes live!', 'record', 'Kristina goes live!', '', '[]', '994391cf-d41e-46f4-b6eb-ce53824e3a0c', 'Litterature', '{"width":1920,"height":1080,"bitrate":1167.78}', '', '1610', '2015-11-01 06:42:32.855300+0000', '2015-11-04 07:20:45.208300+0000');
INSERT INTO "neap"."stream"(stream_id, channel_id, title, topic_id, topic, media_info, viewers, created_at, updated_at, ended_at)
    VALUES ('bb6274c0-c79f-4315-8730-04c54e6ee32e', 'f5fdf3e3-d4a0-41f3-92d6-ca7837c7d49a', 'The origins of Video games', '48e535f7-dba1-4d59-aac3-4c6cced32d6c', 'Video games', '{"width":1920,"height":1080,"bitrate":2710.31}', 1428, '2015-04-24 19:55:41.949300+0000', '2015-04-25 04:41:35.755300+0000', '2015-04-25 04:43:05.944500+0000');
INSERT INTO "neap"."user"(user_id, channel_id, type, username, email, password, display_name, logo, bio, created_at, updated_at)
    VALUES ('bf07a742-d56c-4eef-925f-3bab343ae1c2', 'afc3a4b4-3593-4557-9eea-e63f98888aef', 'user', 'rowen', 'rowen@neap.io', '$2y$10$pdu9F7sHNC/QtlsnpeX5ce72WRwcjMoFxAHJVerSpEt1H.PYVK6mq', 'Rowen', 'https://gravatar.com/avatar/bcc43bce5aea2867477900c77893d628?s=128&d=identicon', null, '2015-09-19 18:59:44.658400+0000', '2015-09-27 08:52:20.254300+0000');
INSERT INTO "neap"."channel"(channel_id, user_id, chat_id, name, display_name, topic, language, views, followers)
    VALUES ('afc3a4b4-3593-4557-9eea-e63f98888aef', 'bf07a742-d56c-4eef-925f-3bab343ae1c2', '881f160b-7547-4b44-be33-f2eacb044cc0', 'rowen', 'Rowen Channel', 'Theology', 'en', 84390, 136);
INSERT INTO "neap"."chat"(chat_id, channel_id, name)
    VALUES ('881f160b-7547-4b44-be33-f2eacb044cc0', 'afc3a4b4-3593-4557-9eea-e63f98888aef', 'rowen');
INSERT INTO "neap"."stream"(stream_id, channel_id, title, topic_id, topic, media_info, viewers, created_at, updated_at, ended_at)
    VALUES ('426d80c1-aec2-4d8b-aa8d-de801f2cfc48', 'afc3a4b4-3593-4557-9eea-e63f98888aef', 'Today is Mathematics day', '284b3091-455d-4476-ae67-442a19d153d4', 'Mathematics', '{"width":1920,"height":1080,"bitrate":2064.18}', 104, '2015-10-16 20:06:24.553400+0000', '2015-10-17 02:47:55.417400+0000', '2015-10-17 03:39:24.908200+0000');
INSERT INTO "neap"."video"(video_id, stream_id, title, type, description, status, tags, topic_id, topic, media_info, preview, views, created_at, updated_at)
    VALUES ('7522a49c-fbef-497e-8b1f-7e6c36dd9db8', '426d80c1-aec2-4d8b-aa8d-de801f2cfc48', 'Today is Mathematics day', 'record', 'Today is Mathematics day', '', '[]', '284b3091-455d-4476-ae67-442a19d153d4', 'Mathematics', '{"width":1920,"height":1080,"bitrate":1221.42}', '', '36890', '2015-10-24 10:08:34.903700+0000', '2015-10-24 16:38:10.585800+0000');
INSERT INTO "neap"."stream"(stream_id, channel_id, title, topic_id, topic, media_info, viewers, created_at, updated_at, ended_at)
    VALUES ('e950a82d-5bad-420e-b26e-cc7d7a43610f', 'afc3a4b4-3593-4557-9eea-e63f98888aef', 'Today is Photography day', 'e496e832-363e-4228-b518-7fe126ccaa04', 'Photography', '{"width":1920,"height":1080,"bitrate":1682.36}', 895, '2015-10-03 03:31:10.301400+0000', '2015-10-03 03:33:46.788700+0000', '2015-10-03 03:35:55.567700+0000');
INSERT INTO "neap"."video"(video_id, stream_id, title, type, description, status, tags, topic_id, topic, media_info, preview, views, created_at, updated_at)
    VALUES ('0eaeb79a-7fa5-4eb4-8d84-44ad7e6a956b', 'e950a82d-5bad-420e-b26e-cc7d7a43610f', 'Today is Photography day', 'record', 'Today is Photography day', '', '[]', 'e496e832-363e-4228-b518-7fe126ccaa04', 'Photography', '{"width":1920,"height":1080,"bitrate":3253.79}', '', '16160', '2015-10-23 23:52:55.990700+0000', '2015-10-24 06:43:18.366900+0000');
INSERT INTO "neap"."stream"(stream_id, channel_id, title, topic_id, topic, media_info, viewers, created_at, updated_at, ended_at)
    VALUES ('8c3a2693-edee-4989-bb4a-381227f96c0f', 'afc3a4b4-3593-4557-9eea-e63f98888aef', 'Come on and have fun with Rowen!', 'b369c464-cdea-4356-9d70-1450585652e2', 'Music', '{"width":1280,"height":720,"bitrate":880.24}', 186, '2015-10-15 13:56:33.909400+0000', '2015-10-15 19:29:35.697400+0000', '2015-10-15 19:48:13.788200+0000');
INSERT INTO "neap"."video"(video_id, stream_id, title, type, description, status, tags, topic_id, topic, media_info, preview, views, created_at, updated_at)
    VALUES ('24d849b2-3420-4b44-a0eb-daec75828c46', '8c3a2693-edee-4989-bb4a-381227f96c0f', 'Come on and have fun with Rowen!', 'record', 'Come on and have fun with Rowen!', '', '[]', 'b369c464-cdea-4356-9d70-1450585652e2', 'Music', '{"width":1280,"height":720,"bitrate":1009.05}', '', '1932', '2015-10-22 19:27:48.560500+0000', '2015-10-24 00:59:56.065800+0000');
INSERT INTO "neap"."user"(user_id, channel_id, type, username, email, password, display_name, logo, bio, created_at, updated_at)
    VALUES ('2d31ab3f-b78d-4c3e-b222-a8e420cf9cb4', 'a8da6725-ee26-4bba-b8f8-c82aa2344a54', 'user', 'briggs', 'briggs@neap.io', '$2y$10$nxPxD0fB3LUxUtNlp9EObOQk5IY5A9pVbFzcSkeynTAJqaj3lqTM2', 'Briggs', 'https://gravatar.com/avatar/02fb4dda3b2e4bc463c40aa6d2e45900?s=128&d=identicon', null, '2015-04-09 05:27:55.912600+0000', '2015-04-22 22:19:11.120500+0000');
INSERT INTO "neap"."channel"(channel_id, user_id, chat_id, name, display_name, topic, language, views, followers)
    VALUES ('a8da6725-ee26-4bba-b8f8-c82aa2344a54', '2d31ab3f-b78d-4c3e-b222-a8e420cf9cb4', 'c8c31fcf-fdf2-446f-990d-9184d5647b3b', 'briggs', 'Briggs Channel', 'Philosophy', 'en', 75843, 66);
INSERT INTO "neap"."chat"(chat_id, channel_id, name)
    VALUES ('c8c31fcf-fdf2-446f-990d-9184d5647b3b', 'a8da6725-ee26-4bba-b8f8-c82aa2344a54', 'briggs');
INSERT INTO "neap"."stream"(stream_id, channel_id, title, topic_id, topic, media_info, viewers, created_at, updated_at, ended_at)
    VALUES ('19e41f6f-77b9-4fe6-84f2-860d99355be1', 'a8da6725-ee26-4bba-b8f8-c82aa2344a54', 'Come on and have fun with Briggs!', '5f6c7ec0-84ab-4d8e-a2d7-ff1887b55d6e', 'History', '{"width":720,"height":400,"bitrate":637.31}', 868, '2015-05-05 10:49:22.358300+0000', '2015-05-05 14:24:31.975400+0000', '2015-05-05 15:21:06.563500+0000');
INSERT INTO "neap"."video"(video_id, stream_id, title, type, description, status, tags, topic_id, topic, media_info, preview, views, created_at, updated_at)
    VALUES ('c7fdc2b3-0880-46c6-8bcb-940832fd4470', '19e41f6f-77b9-4fe6-84f2-860d99355be1', 'Come on and have fun with Briggs!', 'record', 'Come on and have fun with Briggs!', '', '[]', '5f6c7ec0-84ab-4d8e-a2d7-ff1887b55d6e', 'History', '{"width":720,"height":400,"bitrate":681.97}', '', '38028', '2015-06-05 03:43:20.578400+0000', '2015-06-09 07:03:04.106600+0000');
INSERT INTO "neap"."video"(video_id, stream_id, title, type, description, status, tags, topic_id, topic, media_info, preview, views, created_at, updated_at)
    VALUES ('a1bd3c24-9486-4ae4-b7ff-555a8d752bc9', '19e41f6f-77b9-4fe6-84f2-860d99355be1', 'Come on and have fun with Briggs!', 'highlight', 'Come on and have fun with Briggs!', '', '[]', '5f6c7ec0-84ab-4d8e-a2d7-ff1887b55d6e', 'History', '{"width":720,"height":400,"bitrate":699.7}', '', '13639', '2015-07-28 18:25:56.757200+0000', '2015-07-29 23:10:34.640400+0000');
INSERT INTO "neap"."stream"(stream_id, channel_id, title, topic_id, topic, media_info, viewers, created_at, updated_at, ended_at)
    VALUES ('5703da97-c50b-43ba-9ab9-1622433931ab', 'a8da6725-ee26-4bba-b8f8-c82aa2344a54', 'The origins of Science', '1cae4612-f178-4a0e-b3af-343a88b99638', 'Science', '{"width":1280,"height":720,"bitrate":1486.37}', 717, '2015-06-04 20:44:32.241500+0000', '2015-06-05 05:53:11.555900+0000', '2015-06-05 07:20:25.648000+0000');
INSERT INTO "neap"."video"(video_id, stream_id, title, type, description, status, tags, topic_id, topic, media_info, preview, views, created_at, updated_at)
    VALUES ('a04cd7ec-0ef7-49e0-902a-29821cb1a182', '5703da97-c50b-43ba-9ab9-1622433931ab', 'The origins of Science', 'highlight', 'The origins of Science', '', '[]', '1cae4612-f178-4a0e-b3af-343a88b99638', 'Science', '{"width":1280,"height":720,"bitrate":1054.21}', '', '39776', '2015-07-23 09:50:45.719600+0000', '2015-07-23 14:54:43.410000+0000');
INSERT INTO "neap"."video"(video_id, stream_id, title, type, description, status, tags, topic_id, topic, media_info, preview, views, created_at, updated_at)
    VALUES ('a4cbb44d-9360-4339-b969-29a8495ca55b', '5703da97-c50b-43ba-9ab9-1622433931ab', 'The origins of Science', 'record', 'The origins of Science', '', '[]', '1cae4612-f178-4a0e-b3af-343a88b99638', 'Science', '{"width":1280,"height":720,"bitrate":1460.92}', '', '34806', '2015-09-26 00:22:19.220100+0000', '2015-09-28 12:45:07.087700+0000');
INSERT INTO "neap"."stream"(stream_id, channel_id, title, topic_id, topic, media_info, viewers, created_at, updated_at, ended_at)
    VALUES ('0fd8960f-a415-438d-b69b-11d4b84e8e00', 'a8da6725-ee26-4bba-b8f8-c82aa2344a54', 'Come on and have fun with Briggs!', '48e535f7-dba1-4d59-aac3-4c6cced32d6c', 'Video games', '{"width":720,"height":400,"bitrate":693.8}', 1463, '2015-10-23 04:24:35.488100+0000', '2015-10-23 05:28:13.193600+0000', '2015-10-23 06:18:44.830700+0000');
INSERT INTO "neap"."video"(video_id, stream_id, title, type, description, status, tags, topic_id, topic, media_info, preview, views, created_at, updated_at)
    VALUES ('4cb7d8f9-c134-43f5-9224-50330dd773ca', '0fd8960f-a415-438d-b69b-11d4b84e8e00', 'Come on and have fun with Briggs!', 'record', 'Come on and have fun with Briggs!', '', '[]', '48e535f7-dba1-4d59-aac3-4c6cced32d6c', 'Video games', '{"width":720,"height":400,"bitrate":612.3}', '', '25558', '2015-10-30 22:41:01.964800+0000', '2015-11-03 15:08:13.849600+0000');
INSERT INTO "neap"."stream"(stream_id, channel_id, title, topic_id, topic, media_info, viewers, created_at, updated_at, ended_at)
    VALUES ('08fba7b2-96db-4228-a041-b2a8c0da8aab', 'a8da6725-ee26-4bba-b8f8-c82aa2344a54', 'The origins of Biology', 'd4f06d27-2693-4552-bd85-d9875651ce39', 'Biology', '{"width":720,"height":400,"bitrate":601.06}', 212, '2015-06-29 02:12:28.540500+0000', '2015-06-29 02:14:25.690700+0000', '2015-06-29 03:12:41.387500+0000');
INSERT INTO "neap"."video"(video_id, stream_id, title, type, description, status, tags, topic_id, topic, media_info, preview, views, created_at, updated_at)
    VALUES ('3f04866d-cef4-4b76-ad28-5a719ecc3756', '08fba7b2-96db-4228-a041-b2a8c0da8aab', 'The origins of Biology', 'record', 'The origins of Biology', '', '[]', 'd4f06d27-2693-4552-bd85-d9875651ce39', 'Biology', '{"width":720,"height":400,"bitrate":612}', '', '28448', '2015-09-15 17:48:29.446700+0000', '2015-09-16 16:40:56.148300+0000');
INSERT INTO "neap"."video"(video_id, stream_id, title, type, description, status, tags, topic_id, topic, media_info, preview, views, created_at, updated_at)
    VALUES ('9e52bdc5-e6fc-4da4-ac6b-ce441b846196', '08fba7b2-96db-4228-a041-b2a8c0da8aab', 'The origins of Biology', 'record', 'The origins of Biology', '', '[]', 'd4f06d27-2693-4552-bd85-d9875651ce39', 'Biology', '{"width":720,"height":400,"bitrate":641.46}', '', '38243', '2015-10-16 02:56:08.644300+0000', '2015-10-17 19:48:57.494300+0000');
INSERT INTO "neap"."stream"(stream_id, channel_id, title, topic_id, topic, media_info, viewers, created_at, updated_at, ended_at)
    VALUES ('613cfd28-f34b-46a9-838c-fed4293d63a1', 'a8da6725-ee26-4bba-b8f8-c82aa2344a54', 'Come on and have fun with Briggs!', '48e535f7-dba1-4d59-aac3-4c6cced32d6c', 'Video games', '{"width":720,"height":400,"bitrate":560.87}', 1205, '2015-09-02 13:27:29.214600+0000', '2015-09-02 13:31:31.369400+0000', '2015-09-02 14:08:53.132000+0000');
INSERT INTO "neap"."video"(video_id, stream_id, title, type, description, status, tags, topic_id, topic, media_info, preview, views, created_at, updated_at)
    VALUES ('0b7490ee-4d56-4953-b836-9e4357b37c03', '613cfd28-f34b-46a9-838c-fed4293d63a1', 'Come on and have fun with Briggs!', 'record', 'Come on and have fun with Briggs!', '', '[]', '48e535f7-dba1-4d59-aac3-4c6cced32d6c', 'Video games', '{"width":720,"height":400,"bitrate":676.15}', '', '18661', '2015-10-29 12:22:37.746500+0000', '2015-11-01 05:58:47.722900+0000');
INSERT INTO "neap"."user"(user_id, channel_id, type, username, email, password, display_name, logo, bio, created_at, updated_at)
    VALUES ('bd48c3c6-5234-47c0-998f-b9101aa744d5', '06d2a47d-0712-4190-9ffd-4c1aab881a5f', 'user', 'elle', 'elle@neap.io', '$2y$10$QtBlhBM7Nq4dh7/n6tadAurPnwbUJuU2KUVpxjdYpFgebDxKLJJuG', 'Elle', 'https://gravatar.com/avatar/e6b140a6e30ff0cb5e2263bde0bcecd8?s=128&d=identicon', null, '2015-09-28 05:39:01.205800+0000', '2015-10-22 15:33:52.930600+0000');
INSERT INTO "neap"."channel"(channel_id, user_id, chat_id, name, display_name, topic, language, views, followers)
    VALUES ('06d2a47d-0712-4190-9ffd-4c1aab881a5f', 'bd48c3c6-5234-47c0-998f-b9101aa744d5', '837951e8-2abe-4157-b520-d51bc4ddc5ba', 'elle', 'Elle Channel', 'Photography', 'en', 63210, 67);
INSERT INTO "neap"."chat"(chat_id, channel_id, name)
    VALUES ('837951e8-2abe-4157-b520-d51bc4ddc5ba', '06d2a47d-0712-4190-9ffd-4c1aab881a5f', 'elle');
INSERT INTO "neap"."stream"(stream_id, channel_id, title, topic_id, topic, media_info, viewers, created_at, updated_at, ended_at)
    VALUES ('96878f2d-da29-4c36-a397-c886d696eafe', '06d2a47d-0712-4190-9ffd-4c1aab881a5f', 'Mathematics?? Yeah, Mathematics!', '284b3091-455d-4476-ae67-442a19d153d4', 'Mathematics', '{"width":1920,"height":1080,"bitrate":2207.91}', 240, '2015-10-13 17:19:46.154100+0000', '2015-10-13 18:13:39.319200+0000', '2015-10-13 19:22:43.247300+0000');
INSERT INTO "neap"."video"(video_id, stream_id, title, type, description, status, tags, topic_id, topic, media_info, preview, views, created_at, updated_at)
    VALUES ('cbf07df4-0bce-4c29-ab3c-33fd915dcc14', '96878f2d-da29-4c36-a397-c886d696eafe', 'Mathematics?? Yeah, Mathematics!', 'record', 'Mathematics?? Yeah, Mathematics!', '', '[]', '284b3091-455d-4476-ae67-442a19d153d4', 'Mathematics', '{"width":1920,"height":1080,"bitrate":2652.76}', '', '24900', '2015-10-20 05:17:32.489300+0000', '2015-10-21 16:04:50.085200+0000');
INSERT INTO "neap"."video"(video_id, stream_id, title, type, description, status, tags, topic_id, topic, media_info, preview, views, created_at, updated_at)
    VALUES ('f894f9f3-ca2b-49bf-86cf-89834317ac83', '96878f2d-da29-4c36-a397-c886d696eafe', 'Mathematics?? Yeah, Mathematics!', 'record', 'Mathematics?? Yeah, Mathematics!', '', '[]', '284b3091-455d-4476-ae67-442a19d153d4', 'Mathematics', '{"width":1920,"height":1080,"bitrate":1633.21}', '', '36160', '2015-10-20 05:22:52.671400+0000', '2015-10-21 01:18:33.427500+0000');
INSERT INTO "neap"."stream"(stream_id, channel_id, title, topic_id, topic, media_info, viewers, created_at, updated_at, ended_at)
    VALUES ('1c8a96c2-d8de-4cf8-93c1-e8b00be0c2a1', '06d2a47d-0712-4190-9ffd-4c1aab881a5f', 'Elle goes live!', 'e496e832-363e-4228-b518-7fe126ccaa04', 'Photography', '{"width":720,"height":400,"bitrate":598.51}', 804, '2015-10-28 13:08:07.124000+0000', '2015-10-28 13:27:01.128800+0000', '2015-10-28 13:44:31.655000+0000');
INSERT INTO "neap"."video"(video_id, stream_id, title, type, description, status, tags, topic_id, topic, media_info, preview, views, created_at, updated_at)
    VALUES ('06bbc3b0-e309-41d0-8bda-a5b990658d24', '1c8a96c2-d8de-4cf8-93c1-e8b00be0c2a1', 'Elle goes live!', 'record', 'Elle goes live!', '', '[]', 'e496e832-363e-4228-b518-7fe126ccaa04', 'Photography', '{"width":720,"height":400,"bitrate":627.72}', '', '37973', '2015-10-31 13:40:50.589900+0000', '2015-11-01 11:06:44.348400+0000');
INSERT INTO "neap"."stream"(stream_id, channel_id, title, topic_id, topic, media_info, viewers, created_at, updated_at, ended_at)
    VALUES ('d32099db-a131-4c56-9eb7-7f1968ff9a7d', '06d2a47d-0712-4190-9ffd-4c1aab881a5f', 'Elle goes live!', 'e496e832-363e-4228-b518-7fe126ccaa04', 'Photography', '{"width":720,"height":400,"bitrate":664.43}', 1392, '2015-11-01 10:09:24.241500+0000', '2015-11-01 11:03:28.333800+0000', '2015-11-01 11:04:50.714400+0000');
INSERT INTO "neap"."stream"(stream_id, channel_id, title, topic_id, topic, media_info, viewers, created_at, updated_at, ended_at)
    VALUES ('e5fb89c5-a478-4021-b7b7-fced0ecd3b88', '06d2a47d-0712-4190-9ffd-4c1aab881a5f', 'The origins of Litterature', '994391cf-d41e-46f4-b6eb-ce53824e3a0c', 'Litterature', '{"width":1280,"height":720,"bitrate":1179.14}', 1563, '2015-10-13 05:22:04.638300+0000', '2015-10-13 05:45:39.334800+0000', '2015-10-13 06:08:55.617200+0000');
INSERT INTO "neap"."video"(video_id, stream_id, title, type, description, status, tags, topic_id, topic, media_info, preview, views, created_at, updated_at)
    VALUES ('f78de80f-b1ff-40a9-a139-50c4684f61ce', 'e5fb89c5-a478-4021-b7b7-fced0ecd3b88', 'The origins of Litterature', 'record', 'The origins of Litterature', '', '[]', '994391cf-d41e-46f4-b6eb-ce53824e3a0c', 'Litterature', '{"width":1280,"height":720,"bitrate":1164.63}', '', '36911', '2015-10-26 07:55:21.781500+0000', '2015-10-26 10:57:55.246200+0000');
INSERT INTO "neap"."user"(user_id, channel_id, type, username, email, password, display_name, logo, bio, created_at, updated_at)
    VALUES ('b4c00d1d-6ec1-4dd1-b31a-2cf9eaaf762b', 'feed30ed-4070-488c-94fb-d1a3ffb1f44e', 'user', 'sara', 'sara@neap.io', '$2y$10$qdZ4nydT2tHCkA6FYDuI7e.LxZJRGjDcbp4OMZkN4fDUDHv.CEx72', 'Sara', 'https://gravatar.com/avatar/fb979afbcc625a8c22cfd005bbd7f6c3?s=128&d=identicon', null, '2015-02-20 08:11:36.720900+0000', '2015-08-19 08:55:25.820000+0000');
INSERT INTO "neap"."channel"(channel_id, user_id, chat_id, name, display_name, topic, language, views, followers)
    VALUES ('feed30ed-4070-488c-94fb-d1a3ffb1f44e', 'b4c00d1d-6ec1-4dd1-b31a-2cf9eaaf762b', 'f8528c9c-1f9d-45fd-981d-446e0695fe0d', 'sara', 'Sara Channel', 'Music', 'en', 10693, 32);
INSERT INTO "neap"."chat"(chat_id, channel_id, name)
    VALUES ('f8528c9c-1f9d-45fd-981d-446e0695fe0d', 'feed30ed-4070-488c-94fb-d1a3ffb1f44e', 'sara');
INSERT INTO "neap"."stream"(stream_id, channel_id, title, topic_id, topic, media_info, viewers, created_at, updated_at, ended_at)
    VALUES ('3a391f0c-9423-4239-92e2-2e4672463281', 'feed30ed-4070-488c-94fb-d1a3ffb1f44e', 'Relax stream', '35fa82dc-ed25-47fb-b6cd-58ae8a151f60', 'Philosophy', '{"width":1920,"height":1080,"bitrate":3116.58}', 52542, '2015-06-14 12:56:51.937800+0000', '2015-06-14 13:12:59.963300+0000', '2015-06-14 13:51:27.257200+0000');
INSERT INTO "neap"."video"(video_id, stream_id, title, type, description, status, tags, topic_id, topic, media_info, preview, views, created_at, updated_at)
    VALUES ('6ee31420-f0e9-48d8-863e-fbbf798a8b13', '3a391f0c-9423-4239-92e2-2e4672463281', 'Relax stream', 'record', 'Relax stream', '', '[]', '35fa82dc-ed25-47fb-b6cd-58ae8a151f60', 'Philosophy', '{"width":1920,"height":1080,"bitrate":1868.81}', '', '30225', '2015-10-29 10:45:06.902600+0000', '2015-10-30 09:11:00.341800+0000');
INSERT INTO "neap"."stream"(stream_id, channel_id, title, topic_id, topic, media_info, viewers, created_at, updated_at, ended_at)
    VALUES ('321fc10a-2469-418b-a872-f931474988e6', 'feed30ed-4070-488c-94fb-d1a3ffb1f44e', 'Relax stream', '48e535f7-dba1-4d59-aac3-4c6cced32d6c', 'Video games', '{"width":1920,"height":1080,"bitrate":1934.78}', 650, '2015-08-29 13:38:03.832500+0000', '2015-08-29 13:48:10.233100+0000', '2015-08-29 14:58:25.058800+0000');
INSERT INTO "neap"."stream"(stream_id, channel_id, title, topic_id, topic, media_info, viewers, created_at, updated_at, ended_at)
    VALUES ('aa7e6473-e7c2-4eb4-9bae-a43e359d8c3a', 'feed30ed-4070-488c-94fb-d1a3ffb1f44e', 'The origins of Science', '1cae4612-f178-4a0e-b3af-343a88b99638', 'Science', '{"width":720,"height":400,"bitrate":625.57}', 1300, '2015-05-08 10:56:26.249100+0000', '2015-05-08 11:17:31.161100+0000', '2015-05-08 11:52:29.978300+0000');
INSERT INTO "neap"."stream"(stream_id, channel_id, title, topic_id, topic, media_info, viewers, created_at, updated_at, ended_at)
    VALUES ('788f86d1-ef02-4e3f-a63d-de8894061b13', 'feed30ed-4070-488c-94fb-d1a3ffb1f44e', 'Relax stream', '284b3091-455d-4476-ae67-442a19d153d4', 'Mathematics', '{"width":1920,"height":1080,"bitrate":1205.92}', 94472, '2015-05-28 15:34:08.992200+0000', '2015-05-28 16:57:11.801800+0000', '2015-05-28 17:06:51.468400+0000');
INSERT INTO "neap"."video"(video_id, stream_id, title, type, description, status, tags, topic_id, topic, media_info, preview, views, created_at, updated_at)
    VALUES ('34c57415-793b-46c2-a5d7-00c8a8ad6838', '788f86d1-ef02-4e3f-a63d-de8894061b13', 'Relax stream', 'record', 'Relax stream', '', '[]', '284b3091-455d-4476-ae67-442a19d153d4', 'Mathematics', '{"width":1920,"height":1080,"bitrate":2944.17}', '', '27849', '2015-06-12 01:15:31.347400+0000', '2015-06-12 02:41:24.291300+0000');
INSERT INTO "neap"."video"(video_id, stream_id, title, type, description, status, tags, topic_id, topic, media_info, preview, views, created_at, updated_at)
    VALUES ('b4605742-a1b8-4753-a7b1-3c4b85740c98', '788f86d1-ef02-4e3f-a63d-de8894061b13', 'Relax stream', 'record', 'Relax stream', '', '[]', '284b3091-455d-4476-ae67-442a19d153d4', 'Mathematics', '{"width":1920,"height":1080,"bitrate":2082.73}', '', '32763', '2015-10-12 01:55:28.950400+0000', '2015-10-12 17:17:50.626500+0000');
INSERT INTO "neap"."user"(user_id, channel_id, type, username, email, password, display_name, logo, bio, created_at, updated_at)
    VALUES ('b655f8b2-4a7a-4200-b4d8-93c09dadaf59', '047cf1c6-8602-41e5-82f6-e972eba96300', 'user', 'brooklyn', 'brooklyn@neap.io', '$2y$10$Eb23AnpUYRoJJDc6au3ynuw5gQHJkJT.U4fiT5Cvmp5PraDw5wyOu', 'Brooklyn', 'https://gravatar.com/avatar/57500492b254c744c12a4bca855ef42d?s=128&d=identicon', null, '2015-07-20 07:18:54.186500+0000', '2015-08-01 14:37:56.162700+0000');
INSERT INTO "neap"."channel"(channel_id, user_id, chat_id, name, display_name, topic, language, views, followers)
    VALUES ('047cf1c6-8602-41e5-82f6-e972eba96300', 'b655f8b2-4a7a-4200-b4d8-93c09dadaf59', '906e0f58-26ce-40d7-b0ed-dc0ee027522b', 'brooklyn', 'Brooklyn Channel', 'Philosophy', 'en', 67281, 138);
INSERT INTO "neap"."chat"(chat_id, channel_id, name)
    VALUES ('906e0f58-26ce-40d7-b0ed-dc0ee027522b', '047cf1c6-8602-41e5-82f6-e972eba96300', 'brooklyn');
INSERT INTO "neap"."stream"(stream_id, channel_id, title, topic_id, topic, media_info, viewers, created_at, updated_at, ended_at)
    VALUES ('54b93461-f9df-42b5-be89-d0e1c6f95d1c', '047cf1c6-8602-41e5-82f6-e972eba96300', 'Fun with Photography and Brooklyn', 'e496e832-363e-4228-b518-7fe126ccaa04', 'Photography', '{"width":720,"height":400,"bitrate":527.26}', 512, '2015-08-05 11:41:29.385900+0000', '2015-08-05 19:22:14.926400+0000', '2015-08-05 19:23:19.917600+0000');
INSERT INTO "neap"."video"(video_id, stream_id, title, type, description, status, tags, topic_id, topic, media_info, preview, views, created_at, updated_at)
    VALUES ('591eb114-af60-4182-8704-7daed75ad304', '54b93461-f9df-42b5-be89-d0e1c6f95d1c', 'Fun with Photography and Brooklyn', 'highlight', 'Fun with Photography and Brooklyn', '', '[]', 'e496e832-363e-4228-b518-7fe126ccaa04', 'Photography', '{"width":720,"height":400,"bitrate":760.5}', '', '28438', '2015-10-02 17:34:06.895300+0000', '2015-10-03 09:50:52.771400+0000');
INSERT INTO "neap"."video"(video_id, stream_id, title, type, description, status, tags, topic_id, topic, media_info, preview, views, created_at, updated_at)
    VALUES ('dab50bd9-8d20-4d8d-95ae-8edf666eaab9', '54b93461-f9df-42b5-be89-d0e1c6f95d1c', 'Fun with Photography and Brooklyn', 'record', 'Fun with Photography and Brooklyn', '', '[]', 'e496e832-363e-4228-b518-7fe126ccaa04', 'Photography', '{"width":720,"height":400,"bitrate":594.5}', '', '2220', '2015-09-25 18:47:37.279200+0000', '2015-09-27 13:39:09.346300+0000');
INSERT INTO "neap"."user"(user_id, channel_id, type, username, email, password, display_name, logo, bio, created_at, updated_at)
    VALUES ('de8a7aee-b763-41d7-8d03-ffd3f3bb051e', 'db78ffc7-80c0-4de0-86c4-da6bc3ebcad2', 'user', 'averi', 'averi@neap.io', '$2y$10$cSUDmBJ9DZwJARwK8HeA4OAQqc0yPmAZsP9ec.jtTkjgwO7LEIaDi', 'Averi', 'https://gravatar.com/avatar/c795a0218295087fe2c9319d2c580e3e?s=128&d=identicon', null, '2015-06-14 05:36:58.346000+0000', '2015-09-25 23:00:17.735600+0000');
INSERT INTO "neap"."channel"(channel_id, user_id, chat_id, name, display_name, topic, language, views, followers)
    VALUES ('db78ffc7-80c0-4de0-86c4-da6bc3ebcad2', 'de8a7aee-b763-41d7-8d03-ffd3f3bb051e', 'a2ac533c-8a38-4c00-b96b-d8932e25744e', 'averi', 'Averi Channel', 'Music', 'en', 96394, 68);
INSERT INTO "neap"."chat"(chat_id, channel_id, name)
    VALUES ('a2ac533c-8a38-4c00-b96b-d8932e25744e', 'db78ffc7-80c0-4de0-86c4-da6bc3ebcad2', 'averi');
INSERT INTO "neap"."stream"(stream_id, channel_id, title, topic_id, topic, media_info, viewers, created_at, updated_at, ended_at)
    VALUES ('0df7258b-4773-48c9-9d0d-c9b759850577', 'db78ffc7-80c0-4de0-86c4-da6bc3ebcad2', 'Today is Science day', '1cae4612-f178-4a0e-b3af-343a88b99638', 'Science', '{"width":1280,"height":720,"bitrate":965.8}', 1648, '2015-07-02 08:15:19.875600+0000', '2015-07-02 09:11:54.426700+0000', '2015-07-02 09:26:22.672300+0000');
INSERT INTO "neap"."video"(video_id, stream_id, title, type, description, status, tags, topic_id, topic, media_info, preview, views, created_at, updated_at)
    VALUES ('0114e171-38f6-4fc0-a3ac-45fb3ea84e1b', '0df7258b-4773-48c9-9d0d-c9b759850577', 'Today is Science day', 'record', 'Today is Science day', '', '[]', '1cae4612-f178-4a0e-b3af-343a88b99638', 'Science', '{"width":1280,"height":720,"bitrate":781.04}', '', '28861', '2015-09-11 08:12:09.310700+0000', '2015-09-13 06:37:02.775900+0000');
INSERT INTO "neap"."user"(user_id, channel_id, type, username, email, password, display_name, logo, bio, created_at, updated_at)
    VALUES ('47adfec4-7f24-40f6-aff7-f33a06d5594d', '9a8134e4-53c5-4157-8845-18200d244a6e', 'user', 'abigail', 'abigail@neap.io', '$2y$10$.vi2cacXQJF6/zywxgAqguWBdjdlYuiSQ88P73HbVYTNOjPVPpFWi', 'Abigail', 'https://gravatar.com/avatar/80886be454d13090392696738a89edec?s=128&d=identicon', null, '2015-06-23 02:52:26.613800+0000', '2015-08-16 16:58:16.264100+0000');
INSERT INTO "neap"."channel"(channel_id, user_id, chat_id, name, display_name, topic, language, views, followers)
    VALUES ('9a8134e4-53c5-4157-8845-18200d244a6e', '47adfec4-7f24-40f6-aff7-f33a06d5594d', '6137ebc6-f946-49ad-811e-368cd9b6c418', 'abigail', 'Abigail Channel', 'Astrology', 'en', 44106, 149);
INSERT INTO "neap"."chat"(chat_id, channel_id, name)
    VALUES ('6137ebc6-f946-49ad-811e-368cd9b6c418', '9a8134e4-53c5-4157-8845-18200d244a6e', 'abigail');
INSERT INTO "neap"."stream"(stream_id, channel_id, title, topic_id, topic, media_info, viewers, created_at, updated_at, ended_at)
    VALUES ('3cd9c5a0-bd97-4c57-a806-85109dec20ad', '9a8134e4-53c5-4157-8845-18200d244a6e', 'Fun with Astrology and Abigail', 'e9af2f53-d2dd-4e32-9dea-26d6ac21bcb8', 'Astrology', '{"width":1920,"height":1080,"bitrate":1789.98}', 755, '2015-09-20 01:14:06.985300+0000', '2015-09-20 01:38:04.470300+0000', '2015-09-20 02:33:58.638000+0000');
INSERT INTO "neap"."video"(video_id, stream_id, title, type, description, status, tags, topic_id, topic, media_info, preview, views, created_at, updated_at)
    VALUES ('4d53190f-8b75-480e-81df-1b149bbe9c07', '3cd9c5a0-bd97-4c57-a806-85109dec20ad', 'Fun with Astrology and Abigail', 'record', 'Fun with Astrology and Abigail', '', '[]', 'e9af2f53-d2dd-4e32-9dea-26d6ac21bcb8', 'Astrology', '{"width":1920,"height":1080,"bitrate":1650.65}', '', '28633', '2015-10-27 14:54:13.684000+0000', '2015-11-02 21:41:19.067300+0000');
INSERT INTO "neap"."stream"(stream_id, channel_id, title, topic_id, topic, media_info, viewers, created_at, updated_at, ended_at)
    VALUES ('0208526c-9ce1-4ad6-9100-a148f72dde35', '9a8134e4-53c5-4157-8845-18200d244a6e', 'Come on and have fun with Abigail!', 'd4f06d27-2693-4552-bd85-d9875651ce39', 'Biology', '{"width":720,"height":400,"bitrate":559.66}', 1188, '2015-07-31 11:41:01.981900+0000', '2015-07-31 12:26:00.054100+0000', '2015-07-31 13:14:37.541700+0000');
INSERT INTO "neap"."video"(video_id, stream_id, title, type, description, status, tags, topic_id, topic, media_info, preview, views, created_at, updated_at)
    VALUES ('9b17db56-0be9-410d-844d-5ad48df3cde6', '0208526c-9ce1-4ad6-9100-a148f72dde35', 'Come on and have fun with Abigail!', 'highlight', 'Come on and have fun with Abigail!', '', '[]', 'd4f06d27-2693-4552-bd85-d9875651ce39', 'Biology', '{"width":720,"height":400,"bitrate":505.8}', '', '25567', '2015-10-03 02:47:57.261300+0000', '2015-10-06 12:10:13.697800+0000');
INSERT INTO "neap"."video"(video_id, stream_id, title, type, description, status, tags, topic_id, topic, media_info, preview, views, created_at, updated_at)
    VALUES ('c91ce251-5797-45de-9586-6b596b89ce4d', '0208526c-9ce1-4ad6-9100-a148f72dde35', 'Come on and have fun with Abigail!', 'record', 'Come on and have fun with Abigail!', '', '[]', 'd4f06d27-2693-4552-bd85-d9875651ce39', 'Biology', '{"width":720,"height":400,"bitrate":686.64}', '', '32482', '2015-09-09 08:11:44.659600+0000', '2015-09-12 10:00:07.243600+0000');
INSERT INTO "neap"."user"(user_id, channel_id, type, username, email, password, display_name, logo, bio, created_at, updated_at)
    VALUES ('549efac6-73a7-4e76-9163-0df1c847bb29', 'bef272dd-1c71-40c8-94d5-be9a315b97e3', 'user', 'duncan', 'duncan@neap.io', '$2y$10$jncOZSrL4pBquSymuBhEWOv1sIkoH5nClScAFKo0MoVTKBLJSjgD2', 'Duncan', 'https://gravatar.com/avatar/b7e73f8a948c2a28db34f863ea3e4cc2?s=128&d=identicon', null, '2015-01-19 18:37:03.020600+0000', '2015-04-09 02:30:20.305800+0000');
INSERT INTO "neap"."channel"(channel_id, user_id, chat_id, name, display_name, topic, language, views, followers)
    VALUES ('bef272dd-1c71-40c8-94d5-be9a315b97e3', '549efac6-73a7-4e76-9163-0df1c847bb29', '80324fb1-19af-441f-aa24-b9206157c507', 'duncan', 'Duncan Channel', 'Video games', 'en', 23726, 133);
INSERT INTO "neap"."chat"(chat_id, channel_id, name)
    VALUES ('80324fb1-19af-441f-aa24-b9206157c507', 'bef272dd-1c71-40c8-94d5-be9a315b97e3', 'duncan');
INSERT INTO "neap"."stream"(stream_id, channel_id, title, topic_id, topic, media_info, viewers, created_at, updated_at, ended_at)
    VALUES ('063886bb-7692-4578-9757-30efd059b53a', 'bef272dd-1c71-40c8-94d5-be9a315b97e3', 'Relax stream', '5f6c7ec0-84ab-4d8e-a2d7-ff1887b55d6e', 'History', '{"width":1280,"height":720,"bitrate":1111.69}', 245, '2015-03-15 09:32:12.690300+0000', '2015-03-15 11:50:03.619100+0000', '2015-03-15 13:12:42.519700+0000');
INSERT INTO "neap"."video"(video_id, stream_id, title, type, description, status, tags, topic_id, topic, media_info, preview, views, created_at, updated_at)
    VALUES ('c20f729b-175c-4826-bf77-97b6a37c97c7', '063886bb-7692-4578-9757-30efd059b53a', 'Relax stream', 'record', 'Relax stream', '', '[]', '5f6c7ec0-84ab-4d8e-a2d7-ff1887b55d6e', 'History', '{"width":1280,"height":720,"bitrate":1496.2}', '', '819', '2015-07-24 21:53:11.036700+0000', '2015-07-29 04:33:38.613500+0000');
INSERT INTO "neap"."video"(video_id, stream_id, title, type, description, status, tags, topic_id, topic, media_info, preview, views, created_at, updated_at)
    VALUES ('b3e43878-9b9e-4601-a2eb-15a9800ddc7a', '063886bb-7692-4578-9757-30efd059b53a', 'Relax stream', 'record', 'Relax stream', '', '[]', '5f6c7ec0-84ab-4d8e-a2d7-ff1887b55d6e', 'History', '{"width":1280,"height":720,"bitrate":1025.89}', '', '29615', '2015-04-27 16:54:25.630200+0000', '2015-05-02 10:56:11.429500+0000');
INSERT INTO "neap"."stream"(stream_id, channel_id, title, topic_id, topic, media_info, viewers, created_at, updated_at, ended_at)
    VALUES ('8466484e-835d-4cd1-a86d-6ac43956f18c', 'bef272dd-1c71-40c8-94d5-be9a315b97e3', 'Come on and have fun with Duncan!', 'e9af2f53-d2dd-4e32-9dea-26d6ac21bcb8', 'Astrology', '{"width":1920,"height":1080,"bitrate":1235.24}', 1233, '2015-01-26 15:22:27.990000+0000', '2015-01-26 16:32:34.981000+0000', '2015-01-26 16:38:23.035600+0000');
INSERT INTO "neap"."video"(video_id, stream_id, title, type, description, status, tags, topic_id, topic, media_info, preview, views, created_at, updated_at)
    VALUES ('7bdc6ced-9f34-4f9c-881f-222c405ea7f9', '8466484e-835d-4cd1-a86d-6ac43956f18c', 'Come on and have fun with Duncan!', 'record', 'Come on and have fun with Duncan!', '', '[]', 'e9af2f53-d2dd-4e32-9dea-26d6ac21bcb8', 'Astrology', '{"width":1920,"height":1080,"bitrate":2327.32}', '', '17800', '2015-05-10 03:42:20.844200+0000', '2015-05-10 11:37:37.242200+0000');
INSERT INTO "neap"."stream"(stream_id, channel_id, title, topic_id, topic, media_info, viewers, created_at, updated_at, ended_at)
    VALUES ('4880e3e8-6fdb-4406-bd0c-92655679bde1', 'bef272dd-1c71-40c8-94d5-be9a315b97e3', 'The origins of Theology', 'd2ea25fc-eb67-4c63-86d0-58ba2ce51b56', 'Theology', '{"width":1280,"height":720,"bitrate":994.89}', 1777, '2015-09-28 08:24:02.557400+0000', '2015-09-28 09:20:27.406300+0000', '2015-09-28 09:33:17.179800+0000');
INSERT INTO "neap"."stream"(stream_id, channel_id, title, topic_id, topic, media_info, viewers, created_at, updated_at, ended_at)
    VALUES ('77a0fc78-6bd8-4282-8335-16bb22cbaa52', 'bef272dd-1c71-40c8-94d5-be9a315b97e3', 'The origins of Theology', 'd2ea25fc-eb67-4c63-86d0-58ba2ce51b56', 'Theology', '{"width":720,"height":400,"bitrate":729.29}', 1668, '2015-07-21 20:55:22.086400+0000', '2015-07-21 23:50:32.228500+0000', '2015-07-22 00:39:40.095900+0000');
INSERT INTO "neap"."video"(video_id, stream_id, title, type, description, status, tags, topic_id, topic, media_info, preview, views, created_at, updated_at)
    VALUES ('4bef713f-458c-4a30-9cc1-d95bac64d982', '77a0fc78-6bd8-4282-8335-16bb22cbaa52', 'The origins of Theology', 'record', 'The origins of Theology', '', '[]', 'd2ea25fc-eb67-4c63-86d0-58ba2ce51b56', 'Theology', '{"width":720,"height":400,"bitrate":556.71}', '', '8254', '2015-09-10 00:35:41.502400+0000', '2015-09-11 17:21:04.714400+0000');
INSERT INTO "neap"."stream"(stream_id, channel_id, title, topic_id, topic, media_info, viewers, created_at, updated_at, ended_at)
    VALUES ('956a1174-c27f-4847-b6ec-55cd0ccc978c', 'bef272dd-1c71-40c8-94d5-be9a315b97e3', 'Relax stream', 'e496e832-363e-4228-b518-7fe126ccaa04', 'Photography', '{"width":1920,"height":1080,"bitrate":1976.86}', 1408, '2015-07-07 16:15:38.699500+0000', '2015-07-07 21:44:57.940100+0000', '2015-07-07 22:33:03.496200+0000');
INSERT INTO "neap"."user"(user_id, channel_id, type, username, email, password, display_name, logo, bio, created_at, updated_at)
    VALUES ('629eca44-3aac-4bb6-a472-909b197baac4', 'f91d3f7f-c57f-4e4f-96a3-e9ee074a90bf', 'user', 'craig', 'craig@neap.io', '$2y$10$8ybxeE4q7denKZLyJi8Ute3s7n.v.FcYYT65KxX1lYpw8r.NfVZx6', 'Craig', 'https://gravatar.com/avatar/a61f9f932a33ffba4aea642ff142e13f?s=128&d=identicon', null, '2015-10-23 13:19:06.333300+0000', '2015-10-25 13:58:44.269600+0000');
INSERT INTO "neap"."channel"(channel_id, user_id, chat_id, name, display_name, topic, language, views, followers)
    VALUES ('f91d3f7f-c57f-4e4f-96a3-e9ee074a90bf', '629eca44-3aac-4bb6-a472-909b197baac4', 'e5ef298c-614a-4df3-a184-bf931819735a', 'craig', 'Craig Channel', 'Video games', 'en', 10675, 38);
INSERT INTO "neap"."chat"(chat_id, channel_id, name)
    VALUES ('e5ef298c-614a-4df3-a184-bf931819735a', 'f91d3f7f-c57f-4e4f-96a3-e9ee074a90bf', 'craig');
INSERT INTO "neap"."stream"(stream_id, channel_id, title, topic_id, topic, media_info, viewers, created_at, updated_at, ended_at)
    VALUES ('c0ba22c3-7a6b-4348-b52e-c6a29feb5aaa', 'f91d3f7f-c57f-4e4f-96a3-e9ee074a90bf', 'Today is Theology day', 'd2ea25fc-eb67-4c63-86d0-58ba2ce51b56', 'Theology', '{"width":720,"height":400,"bitrate":763.56}', 408, '2015-10-28 07:57:28.859100+0000', '2015-10-28 13:44:43.833200+0000', '2015-10-28 13:50:34.718700+0000');
INSERT INTO "neap"."video"(video_id, stream_id, title, type, description, status, tags, topic_id, topic, media_info, preview, views, created_at, updated_at)
    VALUES ('7d275fe4-ba0e-4c3a-9a13-a6e7fb260452', 'c0ba22c3-7a6b-4348-b52e-c6a29feb5aaa', 'Today is Theology day', 'record', 'Today is Theology day', '', '[]', 'd2ea25fc-eb67-4c63-86d0-58ba2ce51b56', 'Theology', '{"width":720,"height":400,"bitrate":731.94}', '', '29741', '2015-10-30 23:32:42.869800+0000', '2015-11-01 16:19:19.051800+0000');
INSERT INTO "neap"."video"(video_id, stream_id, title, type, description, status, tags, topic_id, topic, media_info, preview, views, created_at, updated_at)
    VALUES ('3abfca78-a639-4a45-9255-818064655552', 'c0ba22c3-7a6b-4348-b52e-c6a29feb5aaa', 'Today is Theology day', 'record', 'Today is Theology day', '', '[]', 'd2ea25fc-eb67-4c63-86d0-58ba2ce51b56', 'Theology', '{"width":720,"height":400,"bitrate":551.35}', '', '21389', '2015-10-30 08:40:22.743000+0000', '2015-11-02 23:15:48.145200+0000');
INSERT INTO "neap"."stream"(stream_id, channel_id, title, topic_id, topic, media_info, viewers, created_at, updated_at, ended_at)
    VALUES ('26f148f5-0916-410a-8841-3089f0f013b1', 'f91d3f7f-c57f-4e4f-96a3-e9ee074a90bf', 'The origins of History', '5f6c7ec0-84ab-4d8e-a2d7-ff1887b55d6e', 'History', '{"width":1280,"height":720,"bitrate":1003.29}', 1786, '2015-10-29 23:13:17.947000+0000', '2015-10-29 23:27:09.032800+0000', '2015-10-30 00:16:21.082300+0000');
INSERT INTO "neap"."video"(video_id, stream_id, title, type, description, status, tags, topic_id, topic, media_info, preview, views, created_at, updated_at)
    VALUES ('44e1a010-c185-49a7-8e68-cc11be7b3cd9', '26f148f5-0916-410a-8841-3089f0f013b1', 'The origins of History', 'record', 'The origins of History', '', '[]', '5f6c7ec0-84ab-4d8e-a2d7-ff1887b55d6e', 'History', '{"width":1280,"height":720,"bitrate":1453.23}', '', '37424', '2015-11-01 17:00:53.826700+0000', '2015-11-01 22:44:05.787000+0000');
INSERT INTO "neap"."video"(video_id, stream_id, title, type, description, status, tags, topic_id, topic, media_info, preview, views, created_at, updated_at)
    VALUES ('ae4e22ce-e044-4c51-9148-6b8be0c54b42', '26f148f5-0916-410a-8841-3089f0f013b1', 'The origins of History', 'highlight', 'The origins of History', '', '[]', '5f6c7ec0-84ab-4d8e-a2d7-ff1887b55d6e', 'History', '{"width":1280,"height":720,"bitrate":952.87}', '', '18846', '2015-11-01 15:56:58.501600+0000', '2015-11-02 22:59:49.957700+0000');
INSERT INTO "neap"."stream"(stream_id, channel_id, title, topic_id, topic, media_info, viewers, created_at, updated_at, ended_at)
    VALUES ('0337cefe-23df-4765-bb04-3cc89ea6acf4', 'f91d3f7f-c57f-4e4f-96a3-e9ee074a90bf', 'Fun with Biology and Craig', 'd4f06d27-2693-4552-bd85-d9875651ce39', 'Biology', '{"width":1280,"height":720,"bitrate":1480.73}', 787, '2015-10-24 15:50:55.414800+0000', '2015-10-24 20:42:46.417200+0000', '2015-10-24 21:00:56.778300+0000');
INSERT INTO "neap"."user"(user_id, channel_id, type, username, email, password, display_name, logo, bio, created_at, updated_at)
    VALUES ('b00b8fb9-5eb0-40c1-afd6-856dc00d00ca', '5d5b964d-65dc-4bbb-a503-a4e11657b706', 'user', 'miracle', 'miracle@neap.io', '$2y$10$IOh0/Ds7Jc1BUVkMMXAKLuqF5UAa0JIoG4QKJfvDP49ZEcZCcueQS', 'Miracle', 'https://gravatar.com/avatar/adde53bc8c076d48e16c31bf7c27cdf0?s=128&d=identicon', null, '2015-06-02 04:26:48.968700+0000', '2015-08-27 01:21:47.678500+0000');
INSERT INTO "neap"."channel"(channel_id, user_id, chat_id, name, display_name, topic, language, views, followers)
    VALUES ('5d5b964d-65dc-4bbb-a503-a4e11657b706', 'b00b8fb9-5eb0-40c1-afd6-856dc00d00ca', '70430320-129b-488a-acf8-8d630070c8bf', 'miracle', 'Miracle Channel', 'Music', 'en', 73547, 133);
INSERT INTO "neap"."chat"(chat_id, channel_id, name)
    VALUES ('70430320-129b-488a-acf8-8d630070c8bf', '5d5b964d-65dc-4bbb-a503-a4e11657b706', 'miracle');
INSERT INTO "neap"."stream"(stream_id, channel_id, title, topic_id, topic, media_info, viewers, created_at, updated_at, ended_at)
    VALUES ('e1c190c9-dc88-42b3-a215-38efad766936', '5d5b964d-65dc-4bbb-a503-a4e11657b706', 'The origins of Photography', 'e496e832-363e-4228-b518-7fe126ccaa04', 'Photography', '{"width":720,"height":400,"bitrate":717.55}', 1717, '2015-09-17 05:35:49.206200+0000', '2015-09-17 05:53:36.898600+0000', '2015-09-17 06:03:59.722500+0000');
INSERT INTO "neap"."video"(video_id, stream_id, title, type, description, status, tags, topic_id, topic, media_info, preview, views, created_at, updated_at)
    VALUES ('73a6b3cb-c88e-4bd5-8b3c-508bfb706981', 'e1c190c9-dc88-42b3-a215-38efad766936', 'The origins of Photography', 'record', 'The origins of Photography', '', '[]', 'e496e832-363e-4228-b518-7fe126ccaa04', 'Photography', '{"width":720,"height":400,"bitrate":567.46}', '', '29506', '2015-10-30 21:44:24.242300+0000', '2015-11-05 12:07:01.559600+0000');
INSERT INTO "neap"."video"(video_id, stream_id, title, type, description, status, tags, topic_id, topic, media_info, preview, views, created_at, updated_at)
    VALUES ('9a80aabc-4f26-406d-9551-fc47d43759c8', 'e1c190c9-dc88-42b3-a215-38efad766936', 'The origins of Photography', 'record', 'The origins of Photography', '', '[]', 'e496e832-363e-4228-b518-7fe126ccaa04', 'Photography', '{"width":720,"height":400,"bitrate":726.47}', '', '21776', '2015-09-22 12:49:30.732400+0000', '2015-09-24 07:00:54.481700+0000');
INSERT INTO "neap"."stream"(stream_id, channel_id, title, topic_id, topic, media_info, viewers, created_at, updated_at, ended_at)
    VALUES ('05f79673-6edd-4ac3-b5dc-b10c2b9c463e', '5d5b964d-65dc-4bbb-a503-a4e11657b706', 'Astrology?? Yeah, Astrology!', 'e9af2f53-d2dd-4e32-9dea-26d6ac21bcb8', 'Astrology', '{"width":1280,"height":720,"bitrate":1002.85}', 1035, '2015-07-09 10:06:31.321600+0000', '2015-07-09 13:00:02.964900+0000', '2015-07-09 13:02:22.006600+0000');
INSERT INTO "neap"."video"(video_id, stream_id, title, type, description, status, tags, topic_id, topic, media_info, preview, views, created_at, updated_at)
    VALUES ('aff03bf3-b825-4f55-abaf-182ebf58a318', '05f79673-6edd-4ac3-b5dc-b10c2b9c463e', 'Astrology?? Yeah, Astrology!', 'highlight', 'Astrology?? Yeah, Astrology!', '', '[]', 'e9af2f53-d2dd-4e32-9dea-26d6ac21bcb8', 'Astrology', '{"width":1280,"height":720,"bitrate":1472.65}', '', '22793', '2015-09-22 11:02:38.640100+0000', '2015-09-24 10:53:30.687600+0000');
INSERT INTO "neap"."stream"(stream_id, channel_id, title, topic_id, topic, media_info, viewers, created_at, updated_at, ended_at)
    VALUES ('e70e5ff1-a78c-45ce-af2f-8085a04d943b', '5d5b964d-65dc-4bbb-a503-a4e11657b706', 'Fun with Theology and Miracle', 'd2ea25fc-eb67-4c63-86d0-58ba2ce51b56', 'Theology', '{"width":720,"height":400,"bitrate":775.82}', 1115, '2015-10-28 12:13:42.722700+0000', '2015-10-28 13:56:21.196300+0000', '2015-10-28 15:01:07.592100+0000');
INSERT INTO "neap"."stream"(stream_id, channel_id, title, topic_id, topic, media_info, viewers, created_at, updated_at, ended_at)
    VALUES ('6ba5ed25-005b-43d8-bfe4-6f03933bc06c', '5d5b964d-65dc-4bbb-a503-a4e11657b706', 'Come on and have fun with Miracle!', 'e496e832-363e-4228-b518-7fe126ccaa04', 'Photography', '{"width":720,"height":400,"bitrate":551.34}', 64, '2015-06-14 01:22:52.349400+0000', '2015-06-14 04:22:41.114200+0000', '2015-06-14 04:24:29.394800+0000');
INSERT INTO "neap"."video"(video_id, stream_id, title, type, description, status, tags, topic_id, topic, media_info, preview, views, created_at, updated_at)
    VALUES ('83d86e08-0984-407a-88f9-8dbd7a970eca', '6ba5ed25-005b-43d8-bfe4-6f03933bc06c', 'Come on and have fun with Miracle!', 'record', 'Come on and have fun with Miracle!', '', '[]', 'e496e832-363e-4228-b518-7fe126ccaa04', 'Photography', '{"width":720,"height":400,"bitrate":668.43}', '', '25928', '2015-06-22 21:26:31.858600+0000', '2015-06-25 03:24:10.112000+0000');
INSERT INTO "neap"."video"(video_id, stream_id, title, type, description, status, tags, topic_id, topic, media_info, preview, views, created_at, updated_at)
    VALUES ('bc64c0e4-fca3-4fd3-9d21-c65fe16ddb6f', '6ba5ed25-005b-43d8-bfe4-6f03933bc06c', 'Come on and have fun with Miracle!', 'record', 'Come on and have fun with Miracle!', '', '[]', 'e496e832-363e-4228-b518-7fe126ccaa04', 'Photography', '{"width":720,"height":400,"bitrate":502.5}', '', '31971', '2015-07-25 18:29:50.380700+0000', '2015-07-27 06:47:05.503700+0000');
INSERT INTO "neap"."stream"(stream_id, channel_id, title, topic_id, topic, media_info, viewers, created_at, updated_at, ended_at)
    VALUES ('1e064656-a11a-4f57-87c0-151bc9dba448', '5d5b964d-65dc-4bbb-a503-a4e11657b706', 'Philosophy?? Yeah, Philosophy!', '35fa82dc-ed25-47fb-b6cd-58ae8a151f60', 'Philosophy', '{"width":1920,"height":1080,"bitrate":1757.66}', 1407, '2015-08-10 06:13:18.800300+0000', '2015-08-10 07:20:43.748700+0000', '2015-08-10 08:16:25.467400+0000');
INSERT INTO "neap"."video"(video_id, stream_id, title, type, description, status, tags, topic_id, topic, media_info, preview, views, created_at, updated_at)
    VALUES ('baf9c519-f976-4885-b661-038dc2c88a3d', '1e064656-a11a-4f57-87c0-151bc9dba448', 'Philosophy?? Yeah, Philosophy!', 'highlight', 'Philosophy?? Yeah, Philosophy!', '', '[]', '35fa82dc-ed25-47fb-b6cd-58ae8a151f60', 'Philosophy', '{"width":1920,"height":1080,"bitrate":2811.77}', '', '32534', '2015-10-08 07:38:43.781600+0000', '2015-10-09 06:26:04.177800+0000');
INSERT INTO "neap"."stream"(stream_id, channel_id, title, topic_id, topic, media_info, viewers, created_at, updated_at, ended_at)
    VALUES ('9c11db07-99de-414b-9fe6-91652d03e996', '5d5b964d-65dc-4bbb-a503-a4e11657b706', 'Fun with History and Miracle', '5f6c7ec0-84ab-4d8e-a2d7-ff1887b55d6e', 'History', '{"width":1920,"height":1080,"bitrate":3081.58}', 1167, '2015-08-16 01:48:55.550700+0000', '2015-08-16 02:25:40.294700+0000', '2015-08-16 02:36:55.449000+0000');
INSERT INTO "neap"."video"(video_id, stream_id, title, type, description, status, tags, topic_id, topic, media_info, preview, views, created_at, updated_at)
    VALUES ('0e0a00a1-fca9-4aee-b829-b59fee023adf', '9c11db07-99de-414b-9fe6-91652d03e996', 'Fun with History and Miracle', 'highlight', 'Fun with History and Miracle', '', '[]', '5f6c7ec0-84ab-4d8e-a2d7-ff1887b55d6e', 'History', '{"width":1920,"height":1080,"bitrate":1127.93}', '', '9027', '2015-10-08 12:58:18.339100+0000', '2015-10-12 20:57:56.466300+0000');
INSERT INTO "neap"."user"(user_id, channel_id, type, username, email, password, display_name, logo, bio, created_at, updated_at)
    VALUES ('5a382245-a9bd-4260-8959-8c21ffaa4c92', '3d6f3537-ba38-42fb-9bbd-e694eaf48bce', 'user', 'roy', 'roy@neap.io', '$2y$10$Pv/nlHuaX7pkzopBIb/U7urh.8g6JwAmG63O7lRywdLP58Lwvu4fu', 'Roy', 'https://gravatar.com/avatar/e0c5e6043017937e65a519df4e8db957?s=128&d=identicon', null, '2015-09-14 12:35:40.964400+0000', '2015-09-22 16:36:05.437900+0000');
INSERT INTO "neap"."channel"(channel_id, user_id, chat_id, name, display_name, topic, language, views, followers)
    VALUES ('3d6f3537-ba38-42fb-9bbd-e694eaf48bce', '5a382245-a9bd-4260-8959-8c21ffaa4c92', 'd96c6444-d064-4a10-9096-ac1f1c4e6eec', 'roy', 'Roy Channel', 'Astrology', 'en', 1007, 72);
INSERT INTO "neap"."chat"(chat_id, channel_id, name)
    VALUES ('d96c6444-d064-4a10-9096-ac1f1c4e6eec', '3d6f3537-ba38-42fb-9bbd-e694eaf48bce', 'roy');
INSERT INTO "neap"."stream"(stream_id, channel_id, title, topic_id, topic, media_info, viewers, created_at, updated_at, ended_at)
    VALUES ('b4c6abb1-4adf-48ff-8c20-3123300ecf2a', '3d6f3537-ba38-42fb-9bbd-e694eaf48bce', 'Fun with Litterature and Roy', '994391cf-d41e-46f4-b6eb-ce53824e3a0c', 'Litterature', '{"width":720,"height":400,"bitrate":799.58}', 637, '2015-09-22 18:07:05.422800+0000', '2015-09-22 23:53:26.000400+0000', '2015-09-23 00:43:51.205600+0000');
INSERT INTO "neap"."user"(user_id, channel_id, type, username, email, password, display_name, logo, bio, created_at, updated_at)
    VALUES ('975c5637-844e-4252-9753-3608f0e76348', '09296d4c-390b-41eb-8498-d6152280a810', 'user', 'paloma', 'paloma@neap.io', '$2y$10$mta6FYnJzQugS63ugkqG4uDFWHk91/WNpQgbqXzzWdON19T3K.LLi', 'Paloma', 'https://gravatar.com/avatar/fa5bef8ecc8a77f3bb3132fc377f607a?s=128&d=identicon', null, '2015-09-11 12:42:57.114200+0000', '2015-10-06 11:01:39.703400+0000');
INSERT INTO "neap"."channel"(channel_id, user_id, chat_id, name, display_name, topic, language, views, followers)
    VALUES ('09296d4c-390b-41eb-8498-d6152280a810', '975c5637-844e-4252-9753-3608f0e76348', '57c02bd4-a21b-401f-9b7a-2f0ef82d71ad', 'paloma', 'Paloma Channel', 'Photography', 'en', 31001, 8);
INSERT INTO "neap"."chat"(chat_id, channel_id, name)
    VALUES ('57c02bd4-a21b-401f-9b7a-2f0ef82d71ad', '09296d4c-390b-41eb-8498-d6152280a810', 'paloma');
INSERT INTO "neap"."stream"(stream_id, channel_id, title, topic_id, topic, media_info, viewers, created_at, updated_at, ended_at)
    VALUES ('e8ba9e3b-92b8-498a-a6b6-9ec3ee60a14f', '09296d4c-390b-41eb-8498-d6152280a810', 'Come on and have fun with Paloma!', '994391cf-d41e-46f4-b6eb-ce53824e3a0c', 'Litterature', '{"width":1280,"height":720,"bitrate":927.95}', 204, '2015-10-29 19:47:55.199800+0000', '2015-10-29 23:45:29.747200+0000', '2015-10-30 00:05:39.800400+0000');
INSERT INTO "neap"."stream"(stream_id, channel_id, title, topic_id, topic, media_info, viewers, created_at, updated_at, ended_at)
    VALUES ('1e3f924e-e942-4b3f-ad0a-a8d48d636de1', '09296d4c-390b-41eb-8498-d6152280a810', 'Paloma goes live!', '1cae4612-f178-4a0e-b3af-343a88b99638', 'Science', '{"width":720,"height":400,"bitrate":795.06}', 749, '2015-09-12 01:42:17.066100+0000', '2015-09-12 06:47:57.850400+0000', '2015-09-12 07:12:39.173000+0000');
INSERT INTO "neap"."video"(video_id, stream_id, title, type, description, status, tags, topic_id, topic, media_info, preview, views, created_at, updated_at)
    VALUES ('ab9f6653-ff50-47d2-a2d0-92cc6178ce9d', '1e3f924e-e942-4b3f-ad0a-a8d48d636de1', 'Paloma goes live!', 'record', 'Paloma goes live!', '', '[]', '1cae4612-f178-4a0e-b3af-343a88b99638', 'Science', '{"width":720,"height":400,"bitrate":598.32}', '', '27163', '2015-10-08 11:33:48.591700+0000', '2015-10-08 15:08:33.944300+0000');
INSERT INTO "neap"."video"(video_id, stream_id, title, type, description, status, tags, topic_id, topic, media_info, preview, views, created_at, updated_at)
    VALUES ('5742160d-fb2a-45d1-bf91-074e23880a03', '1e3f924e-e942-4b3f-ad0a-a8d48d636de1', 'Paloma goes live!', 'record', 'Paloma goes live!', '', '[]', '1cae4612-f178-4a0e-b3af-343a88b99638', 'Science', '{"width":720,"height":400,"bitrate":722.06}', '', '22016', '2015-10-10 15:59:25.313200+0000', '2015-10-12 01:37:19.823900+0000');
INSERT INTO "neap"."stream"(stream_id, channel_id, title, topic_id, topic, media_info, viewers, created_at, updated_at, ended_at)
    VALUES ('be6b2e2d-9c8e-4773-8f27-56d88adc4289', '09296d4c-390b-41eb-8498-d6152280a810', 'Relax stream', '1cae4612-f178-4a0e-b3af-343a88b99638', 'Science', '{"width":1280,"height":720,"bitrate":1099.1}', 1891, '2015-10-14 23:13:37.815400+0000', '2015-10-15 01:30:44.107700+0000', '2015-10-15 02:24:30.297600+0000');
INSERT INTO "neap"."video"(video_id, stream_id, title, type, description, status, tags, topic_id, topic, media_info, preview, views, created_at, updated_at)
    VALUES ('79e00652-8cc1-407d-a800-3e5436ff761f', 'be6b2e2d-9c8e-4773-8f27-56d88adc4289', 'Relax stream', 'highlight', 'Relax stream', '', '[]', '1cae4612-f178-4a0e-b3af-343a88b99638', 'Science', '{"width":1280,"height":720,"bitrate":1166.78}', '', '26511', '2015-10-26 22:53:29.414000+0000', '2015-10-27 19:47:38.821500+0000');
INSERT INTO "neap"."video"(video_id, stream_id, title, type, description, status, tags, topic_id, topic, media_info, preview, views, created_at, updated_at)
    VALUES ('e5375e8d-35b3-4c86-ad50-4d5650bac5b6', 'be6b2e2d-9c8e-4773-8f27-56d88adc4289', 'Relax stream', 'record', 'Relax stream', '', '[]', '1cae4612-f178-4a0e-b3af-343a88b99638', 'Science', '{"width":1280,"height":720,"bitrate":1145.12}', '', '24544', '2015-10-30 19:35:32.474500+0000', '2015-11-02 00:33:23.254200+0000');
INSERT INTO "neap"."stream"(stream_id, channel_id, title, topic_id, topic, media_info, viewers, created_at, updated_at, ended_at)
    VALUES ('db70b4a9-909f-4127-96f1-a9d75da643ad', '09296d4c-390b-41eb-8498-d6152280a810', 'Come on and have fun with Paloma!', '284b3091-455d-4476-ae67-442a19d153d4', 'Mathematics', '{"width":1280,"height":720,"bitrate":1287.82}', 163, '2015-10-18 05:03:29.383400+0000', '2015-10-18 07:31:41.537800+0000', '2015-10-18 07:47:48.925000+0000');
INSERT INTO "neap"."stream"(stream_id, channel_id, title, topic_id, topic, media_info, viewers, created_at, updated_at, ended_at)
    VALUES ('cda856c0-ef02-4934-a0b9-2cd6d8dcc5ca', '09296d4c-390b-41eb-8498-d6152280a810', 'Video games?? Yeah, Video games!', '48e535f7-dba1-4d59-aac3-4c6cced32d6c', 'Video games', '{"width":1280,"height":720,"bitrate":1306.37}', 466, '2015-10-09 18:11:56.929400+0000', '2015-10-09 21:26:11.833200+0000', '2015-10-09 21:39:27.755100+0000');
INSERT INTO "neap"."video"(video_id, stream_id, title, type, description, status, tags, topic_id, topic, media_info, preview, views, created_at, updated_at)
    VALUES ('652aeed7-bb32-420f-8da8-94caf95dded8', 'cda856c0-ef02-4934-a0b9-2cd6d8dcc5ca', 'Video games?? Yeah, Video games!', 'record', 'Video games?? Yeah, Video games!', '', '[]', '48e535f7-dba1-4d59-aac3-4c6cced32d6c', 'Video games', '{"width":1280,"height":720,"bitrate":888.26}', '', '7020', '2015-10-17 05:19:18.161100+0000', '2015-10-17 20:22:08.157900+0000');
INSERT INTO "neap"."user"(user_id, channel_id, type, username, email, password, display_name, logo, bio, created_at, updated_at)
    VALUES ('f29884c4-e755-4522-bf23-40fe4948f55a', '07ab7bce-062c-4735-b353-92d4e567dbf7', 'user', 'madalyn', 'madalyn@neap.io', '$2y$10$mRt/7Dm9jbOc/eIRQW/BF.yBSNa0rgXTrlgF1UdgrfXJPl80uJo6C', 'Madalyn', 'https://gravatar.com/avatar/f015d435bda8e537dbf34aa6b24c9ee1?s=128&d=identicon', null, '2015-02-06 06:14:09.082600+0000', '2015-03-27 17:47:55.163400+0000');
INSERT INTO "neap"."channel"(channel_id, user_id, chat_id, name, display_name, topic, language, views, followers)
    VALUES ('07ab7bce-062c-4735-b353-92d4e567dbf7', 'f29884c4-e755-4522-bf23-40fe4948f55a', 'dc19dc8b-9c98-491a-a829-c3626b75c345', 'madalyn', 'Madalyn Channel', 'Philosophy', 'en', 71006, 110);
INSERT INTO "neap"."chat"(chat_id, channel_id, name)
    VALUES ('dc19dc8b-9c98-491a-a829-c3626b75c345', '07ab7bce-062c-4735-b353-92d4e567dbf7', 'madalyn');
INSERT INTO "neap"."stream"(stream_id, channel_id, title, topic_id, topic, media_info, viewers, created_at, updated_at, ended_at)
    VALUES ('2619171e-f230-483c-b2bc-d4635e883be9', '07ab7bce-062c-4735-b353-92d4e567dbf7', 'Today is Litterature day', '994391cf-d41e-46f4-b6eb-ce53824e3a0c', 'Litterature', '{"width":1920,"height":1080,"bitrate":2889.33}', 1000, '2015-08-27 01:47:19.344700+0000', '2015-08-27 07:41:47.100000+0000', '2015-08-27 08:55:20.452100+0000');
INSERT INTO "neap"."video"(video_id, stream_id, title, type, description, status, tags, topic_id, topic, media_info, preview, views, created_at, updated_at)
    VALUES ('29ced280-f142-413c-be3a-760d50f69ae2', '2619171e-f230-483c-b2bc-d4635e883be9', 'Today is Litterature day', 'highlight', 'Today is Litterature day', '', '[]', '994391cf-d41e-46f4-b6eb-ce53824e3a0c', 'Litterature', '{"width":1920,"height":1080,"bitrate":3168.23}', '', '26220', '2015-11-01 14:25:37.382300+0000', '2015-11-01 19:14:12.127900+0000');
INSERT INTO "neap"."video"(video_id, stream_id, title, type, description, status, tags, topic_id, topic, media_info, preview, views, created_at, updated_at)
    VALUES ('26d16747-01f0-4035-9cde-6ad44e38e99e', '2619171e-f230-483c-b2bc-d4635e883be9', 'Today is Litterature day', 'highlight', 'Today is Litterature day', '', '[]', '994391cf-d41e-46f4-b6eb-ce53824e3a0c', 'Litterature', '{"width":1920,"height":1080,"bitrate":2044.73}', '', '8533', '2015-09-23 00:25:03.135400+0000', '2015-09-24 09:29:07.686100+0000');
INSERT INTO "neap"."user"(user_id, channel_id, type, username, email, password, display_name, logo, bio, created_at, updated_at)
    VALUES ('83acecb1-8e6a-4a70-9337-9554ced1cadb', 'a60df4aa-c932-4900-b3c0-ad097ac0773c', 'user', 'felipe', 'felipe@neap.io', '$2y$10$B3lWNd3PXGNTEGoCjL1lnuOFtlf5/Y7aE8i7THPp6DUAJoXfUMZGC', 'Felipe', 'https://gravatar.com/avatar/c48d9eaf57d28b8308df43bc03098aaa?s=128&d=identicon', null, '2015-08-12 19:45:37.874300+0000', '2015-10-16 16:12:50.447700+0000');
INSERT INTO "neap"."channel"(channel_id, user_id, chat_id, name, display_name, topic, language, views, followers)
    VALUES ('a60df4aa-c932-4900-b3c0-ad097ac0773c', '83acecb1-8e6a-4a70-9337-9554ced1cadb', '42cb8e07-433f-4095-b484-5ce887de0454', 'felipe', 'Felipe Channel', 'Science', 'en', 10504, 46);
INSERT INTO "neap"."chat"(chat_id, channel_id, name)
    VALUES ('42cb8e07-433f-4095-b484-5ce887de0454', 'a60df4aa-c932-4900-b3c0-ad097ac0773c', 'felipe');
INSERT INTO "neap"."stream"(stream_id, channel_id, title, topic_id, topic, media_info, viewers, created_at, updated_at, ended_at)
    VALUES ('6c827f78-e167-49d3-b592-2204ecc31a31', 'a60df4aa-c932-4900-b3c0-ad097ac0773c', 'Felipe goes live!', '1cae4612-f178-4a0e-b3af-343a88b99638', 'Science', '{"width":1280,"height":720,"bitrate":1127.88}', 41566, '2015-10-26 13:26:00.269500+0000', '2015-10-26 17:37:18.848500+0000', '2015-10-26 18:24:20.999600+0000');
INSERT INTO "neap"."stream"(stream_id, channel_id, title, topic_id, topic, media_info, viewers, created_at, updated_at, ended_at)
    VALUES ('4e4e36ca-e528-4507-bdae-daeedd290b02', 'a60df4aa-c932-4900-b3c0-ad097ac0773c', 'Come on and have fun with Felipe!', '48e535f7-dba1-4d59-aac3-4c6cced32d6c', 'Video games', '{"width":720,"height":400,"bitrate":558.57}', 1400, '2015-10-13 03:18:41.559800+0000', '2015-10-13 05:19:08.771000+0000', '2015-10-13 05:19:10.388800+0000');
INSERT INTO "neap"."video"(video_id, stream_id, title, type, description, status, tags, topic_id, topic, media_info, preview, views, created_at, updated_at)
    VALUES ('d1bf6d67-af11-4150-bfc0-40c175957ed9', '4e4e36ca-e528-4507-bdae-daeedd290b02', 'Come on and have fun with Felipe!', 'record', 'Come on and have fun with Felipe!', '', '[]', '48e535f7-dba1-4d59-aac3-4c6cced32d6c', 'Video games', '{"width":720,"height":400,"bitrate":645.19}', '', '11865', '2015-10-31 01:44:30.730200+0000', '2015-11-03 03:12:10.815500+0000');
INSERT INTO "neap"."video"(video_id, stream_id, title, type, description, status, tags, topic_id, topic, media_info, preview, views, created_at, updated_at)
    VALUES ('799219a8-908b-40da-ad23-168e2178ed85', '4e4e36ca-e528-4507-bdae-daeedd290b02', 'Come on and have fun with Felipe!', 'record', 'Come on and have fun with Felipe!', '', '[]', '48e535f7-dba1-4d59-aac3-4c6cced32d6c', 'Video games', '{"width":720,"height":400,"bitrate":767.68}', '', '1855', '2015-10-30 05:16:17.820000+0000', '2015-10-31 19:23:00.595700+0000');
INSERT INTO "neap"."stream"(stream_id, channel_id, title, topic_id, topic, media_info, viewers, created_at, updated_at, ended_at)
    VALUES ('75783c38-ed9d-49cb-b0a4-a78b0ff6a7ab', 'a60df4aa-c932-4900-b3c0-ad097ac0773c', 'Fun with History and Felipe', '5f6c7ec0-84ab-4d8e-a2d7-ff1887b55d6e', 'History', '{"width":1920,"height":1080,"bitrate":1204.34}', 845, '2015-09-28 07:09:01.233000+0000', '2015-09-28 08:13:54.459400+0000', '2015-09-28 09:04:10.547400+0000');
INSERT INTO "neap"."video"(video_id, stream_id, title, type, description, status, tags, topic_id, topic, media_info, preview, views, created_at, updated_at)
    VALUES ('d3667df4-362c-41de-9604-9a8ebe6f725f', '75783c38-ed9d-49cb-b0a4-a78b0ff6a7ab', 'Fun with History and Felipe', 'highlight', 'Fun with History and Felipe', '', '[]', '5f6c7ec0-84ab-4d8e-a2d7-ff1887b55d6e', 'History', '{"width":1920,"height":1080,"bitrate":2606.75}', '', '10153', '2015-09-30 17:31:43.535200+0000', '2015-10-05 03:51:20.550000+0000');
INSERT INTO "neap"."stream"(stream_id, channel_id, title, topic_id, topic, media_info, viewers, created_at, updated_at, ended_at)
    VALUES ('55490ae3-606f-4eb3-b259-92ed22cb839a', 'a60df4aa-c932-4900-b3c0-ad097ac0773c', 'Relax stream', '1cae4612-f178-4a0e-b3af-343a88b99638', 'Science', '{"width":720,"height":400,"bitrate":597.62}', 966, '2015-10-21 09:07:13.813700+0000', '2015-10-21 11:31:37.467000+0000', '2015-10-21 12:07:56.410400+0000');
INSERT INTO "neap"."video"(video_id, stream_id, title, type, description, status, tags, topic_id, topic, media_info, preview, views, created_at, updated_at)
    VALUES ('83b14cf8-c7c7-4a33-aadc-7d31515b7ef6', '55490ae3-606f-4eb3-b259-92ed22cb839a', 'Relax stream', 'highlight', 'Relax stream', '', '[]', '1cae4612-f178-4a0e-b3af-343a88b99638', 'Science', '{"width":720,"height":400,"bitrate":618.88}', '', '23697', '2015-10-23 17:11:36.754400+0000', '2015-10-23 19:56:26.591700+0000');
INSERT INTO "neap"."video"(video_id, stream_id, title, type, description, status, tags, topic_id, topic, media_info, preview, views, created_at, updated_at)
    VALUES ('91254594-83c7-4d78-a9f1-e77aa03fe948', '55490ae3-606f-4eb3-b259-92ed22cb839a', 'Relax stream', 'record', 'Relax stream', '', '[]', '1cae4612-f178-4a0e-b3af-343a88b99638', 'Science', '{"width":720,"height":400,"bitrate":620.01}', '', '6643', '2015-10-27 15:01:52.049700+0000', '2015-10-31 04:54:33.986200+0000');
INSERT INTO "neap"."stream"(stream_id, channel_id, title, topic_id, topic, media_info, viewers, created_at, updated_at, ended_at)
    VALUES ('451d2ab6-aa14-4fcf-a26b-fb6a73a44fed', 'a60df4aa-c932-4900-b3c0-ad097ac0773c', 'Felipe goes live!', '994391cf-d41e-46f4-b6eb-ce53824e3a0c', 'Litterature', '{"width":1920,"height":1080,"bitrate":2903.89}', 504, '2015-10-04 17:08:50.191400+0000', '2015-10-04 18:40:43.925800+0000', '2015-10-04 19:45:23.416500+0000');
INSERT INTO "neap"."video"(video_id, stream_id, title, type, description, status, tags, topic_id, topic, media_info, preview, views, created_at, updated_at)
    VALUES ('b69477e2-8811-4366-a51b-d9cc2689ab2e', '451d2ab6-aa14-4fcf-a26b-fb6a73a44fed', 'Felipe goes live!', 'record', 'Felipe goes live!', '', '[]', '994391cf-d41e-46f4-b6eb-ce53824e3a0c', 'Litterature', '{"width":1920,"height":1080,"bitrate":1209.43}', '', '22908', '2015-10-11 23:36:19.668400+0000', '2015-10-12 01:32:34.106900+0000');
INSERT INTO "neap"."video"(video_id, stream_id, title, type, description, status, tags, topic_id, topic, media_info, preview, views, created_at, updated_at)
    VALUES ('14575f39-ca62-425c-af76-231b4eff6285', '451d2ab6-aa14-4fcf-a26b-fb6a73a44fed', 'Felipe goes live!', 'record', 'Felipe goes live!', '', '[]', '994391cf-d41e-46f4-b6eb-ce53824e3a0c', 'Litterature', '{"width":1920,"height":1080,"bitrate":3413.45}', '', '29648', '2015-10-11 19:36:21.476100+0000', '2015-10-13 04:28:35.334400+0000');
INSERT INTO "neap"."user"(user_id, channel_id, type, username, email, password, display_name, logo, bio, created_at, updated_at)
    VALUES ('1a8dd68b-9fc4-4c34-9a89-22532107bf98', '41fdd04d-6846-4fc3-9bca-15e8524939e7', 'user', 'aubrey', 'aubrey@neap.io', '$2y$10$7/eOc/LsZh7SClrhWs2oauyg.RvSZqIScyhWmVBCpryMQUWtal5Ne', 'Aubrey', 'https://gravatar.com/avatar/21db1a51c2c69d4082832712da21b97c?s=128&d=identicon', null, '2015-08-01 20:17:11.219300+0000', '2015-09-09 15:20:56.966700+0000');
INSERT INTO "neap"."channel"(channel_id, user_id, chat_id, name, display_name, topic, language, views, followers)
    VALUES ('41fdd04d-6846-4fc3-9bca-15e8524939e7', '1a8dd68b-9fc4-4c34-9a89-22532107bf98', '2590e546-3cb7-490d-b5cd-fd0da479acac', 'aubrey', 'Aubrey Channel', 'Theology', 'en', 19760, 3);
INSERT INTO "neap"."chat"(chat_id, channel_id, name)
    VALUES ('2590e546-3cb7-490d-b5cd-fd0da479acac', '41fdd04d-6846-4fc3-9bca-15e8524939e7', 'aubrey');
INSERT INTO "neap"."stream"(stream_id, channel_id, title, topic_id, topic, media_info, viewers, created_at, updated_at, ended_at)
    VALUES ('93150064-375a-4c26-ac37-7c26b609bc7a', '41fdd04d-6846-4fc3-9bca-15e8524939e7', 'Mathematics?? Yeah, Mathematics!', '284b3091-455d-4476-ae67-442a19d153d4', 'Mathematics', '{"width":720,"height":400,"bitrate":657.28}', 1428, '2015-08-26 11:22:08.304800+0000', '2015-08-26 11:33:05.280100+0000', '2015-08-26 12:12:53.533500+0000');
INSERT INTO "neap"."stream"(stream_id, channel_id, title, topic_id, topic, media_info, viewers, created_at, updated_at, ended_at)
    VALUES ('2f7716c2-4245-4fd4-94e1-8753c891e92e', '41fdd04d-6846-4fc3-9bca-15e8524939e7', 'Aubrey goes live!', '1cae4612-f178-4a0e-b3af-343a88b99638', 'Science', '{"width":1280,"height":720,"bitrate":929.1}', 1254, '2015-10-29 19:54:49.802900+0000', '2015-10-29 20:01:09.274900+0000', '2015-10-29 20:19:06.023000+0000');
INSERT INTO "neap"."video"(video_id, stream_id, title, type, description, status, tags, topic_id, topic, media_info, preview, views, created_at, updated_at)
    VALUES ('59fc729b-c43b-43e8-95e2-eb7d06176b79', '2f7716c2-4245-4fd4-94e1-8753c891e92e', 'Aubrey goes live!', 'highlight', 'Aubrey goes live!', '', '[]', '1cae4612-f178-4a0e-b3af-343a88b99638', 'Science', '{"width":1280,"height":720,"bitrate":1314.65}', '', '8785', '2015-10-31 01:15:36.198700+0000', '2015-11-01 18:00:48.104100+0000');
INSERT INTO "neap"."stream"(stream_id, channel_id, title, topic_id, topic, media_info, viewers, created_at, updated_at, ended_at)
    VALUES ('b895dee4-5e14-448c-995a-69b17ec55b20', '41fdd04d-6846-4fc3-9bca-15e8524939e7', 'The origins of Video games', '48e535f7-dba1-4d59-aac3-4c6cced32d6c', 'Video games', '{"width":1920,"height":1080,"bitrate":3253.27}', 458, '2015-08-23 19:11:27.863800+0000', '2015-08-23 19:12:20.204900+0000', '2015-08-23 19:40:58.150600+0000');
INSERT INTO "neap"."video"(video_id, stream_id, title, type, description, status, tags, topic_id, topic, media_info, preview, views, created_at, updated_at)
    VALUES ('7d955a08-b7de-4a16-8f97-c1590ed74b5f', 'b895dee4-5e14-448c-995a-69b17ec55b20', 'The origins of Video games', 'record', 'The origins of Video games', '', '[]', '48e535f7-dba1-4d59-aac3-4c6cced32d6c', 'Video games', '{"width":1920,"height":1080,"bitrate":1997.7}', '', '13299', '2015-10-13 06:02:43.529400+0000', '2015-10-14 14:22:48.635000+0000');
INSERT INTO "neap"."stream"(stream_id, channel_id, title, topic_id, topic, media_info, viewers, created_at, updated_at, ended_at)
    VALUES ('cdaec655-a1b7-4021-85a0-0adca573ed3f', '41fdd04d-6846-4fc3-9bca-15e8524939e7', 'Fun with History and Aubrey', '5f6c7ec0-84ab-4d8e-a2d7-ff1887b55d6e', 'History', '{"width":720,"height":400,"bitrate":530.35}', 909, '2015-10-04 10:53:20.219300+0000', '2015-10-04 10:58:35.787500+0000', '2015-10-04 12:21:41.353300+0000');
INSERT INTO "neap"."video"(video_id, stream_id, title, type, description, status, tags, topic_id, topic, media_info, preview, views, created_at, updated_at)
    VALUES ('bd1a7699-8a7a-4aa3-97c1-8ac620011f54', 'cdaec655-a1b7-4021-85a0-0adca573ed3f', 'Fun with History and Aubrey', 'record', 'Fun with History and Aubrey', '', '[]', '5f6c7ec0-84ab-4d8e-a2d7-ff1887b55d6e', 'History', '{"width":720,"height":400,"bitrate":618.69}', '', '20924', '2015-10-13 17:38:58.043300+0000', '2015-10-14 06:09:00.830800+0000');
INSERT INTO "neap"."user"(user_id, channel_id, type, username, email, password, display_name, logo, bio, created_at, updated_at)
    VALUES ('5d6010f0-b54f-4906-ba21-89e3792a6eb1', '7c5c55bd-a82e-4463-b29d-ff4e18bdad63', 'user', 'jenna', 'jenna@neap.io', '$2y$10$eDVUTD1m7Sv16Zh0tVQcH.svn0cRSksXGwmJwIm9A8GqSCESgdeUC', 'Jenna', 'https://gravatar.com/avatar/77666f4a37046e27701bfbc925de9bc0?s=128&d=identicon', null, '2015-03-18 23:43:56.781600+0000', '2015-07-18 07:26:22.250600+0000');
INSERT INTO "neap"."channel"(channel_id, user_id, chat_id, name, display_name, topic, language, views, followers)
    VALUES ('7c5c55bd-a82e-4463-b29d-ff4e18bdad63', '5d6010f0-b54f-4906-ba21-89e3792a6eb1', '560b1f85-4f9a-4fe4-8fa8-34d7d2483dc4', 'jenna', 'Jenna Channel', 'Video games', 'en', 41577, 121);
INSERT INTO "neap"."chat"(chat_id, channel_id, name)
    VALUES ('560b1f85-4f9a-4fe4-8fa8-34d7d2483dc4', '7c5c55bd-a82e-4463-b29d-ff4e18bdad63', 'jenna');
INSERT INTO "neap"."stream"(stream_id, channel_id, title, topic_id, topic, media_info, viewers, created_at, updated_at, ended_at)
    VALUES ('41186371-0595-4a69-b754-8daabd31c30e', '7c5c55bd-a82e-4463-b29d-ff4e18bdad63', 'Relax stream', '48e535f7-dba1-4d59-aac3-4c6cced32d6c', 'Video games', '{"width":1280,"height":720,"bitrate":1344.9}', 364, '2015-04-27 01:01:30.067100+0000', '2015-04-27 01:29:10.242900+0000', '2015-04-27 02:09:47.230700+0000');
INSERT INTO "neap"."video"(video_id, stream_id, title, type, description, status, tags, topic_id, topic, media_info, preview, views, created_at, updated_at)
    VALUES ('ed3b98b8-f7be-4a1a-8fd9-6ebfa4969ddc', '41186371-0595-4a69-b754-8daabd31c30e', 'Relax stream', 'record', 'Relax stream', '', '[]', '48e535f7-dba1-4d59-aac3-4c6cced32d6c', 'Video games', '{"width":1280,"height":720,"bitrate":1257.57}', '', '39051', '2015-10-28 04:28:43.318600+0000', '2015-10-28 18:46:49.927100+0000');
INSERT INTO "neap"."stream"(stream_id, channel_id, title, topic_id, topic, media_info, viewers, created_at, updated_at, ended_at)
    VALUES ('9bb033ed-0fa8-4667-b222-b46aa5395a0f', '7c5c55bd-a82e-4463-b29d-ff4e18bdad63', 'Today is Science day', '1cae4612-f178-4a0e-b3af-343a88b99638', 'Science', '{"width":1280,"height":720,"bitrate":1488.24}', 30297, '2015-05-27 10:40:19.584600+0000', '2015-05-27 10:50:32.591800+0000', '2015-05-27 11:20:44.476100+0000');
INSERT INTO "neap"."video"(video_id, stream_id, title, type, description, status, tags, topic_id, topic, media_info, preview, views, created_at, updated_at)
    VALUES ('5eef126e-0e45-4add-85a2-5f9b987fb685', '9bb033ed-0fa8-4667-b222-b46aa5395a0f', 'Today is Science day', 'record', 'Today is Science day', '', '[]', '1cae4612-f178-4a0e-b3af-343a88b99638', 'Science', '{"width":1280,"height":720,"bitrate":806.69}', '', '17838', '2015-07-09 10:40:32.881300+0000', '2015-07-14 07:42:18.837000+0000');
INSERT INTO "neap"."video"(video_id, stream_id, title, type, description, status, tags, topic_id, topic, media_info, preview, views, created_at, updated_at)
    VALUES ('6c2478fa-dc0c-4084-814b-fd70a21fdb1d', '9bb033ed-0fa8-4667-b222-b46aa5395a0f', 'Today is Science day', 'record', 'Today is Science day', '', '[]', '1cae4612-f178-4a0e-b3af-343a88b99638', 'Science', '{"width":1280,"height":720,"bitrate":1346.74}', '', '6438', '2015-09-21 14:04:37.181900+0000', '2015-09-25 01:40:03.876900+0000');
INSERT INTO "neap"."stream"(stream_id, channel_id, title, topic_id, topic, media_info, viewers, created_at, updated_at, ended_at)
    VALUES ('79a89815-e401-4a90-89da-2d48b3248958', '7c5c55bd-a82e-4463-b29d-ff4e18bdad63', 'Today is Philosophy day', '35fa82dc-ed25-47fb-b6cd-58ae8a151f60', 'Philosophy', '{"width":720,"height":400,"bitrate":614.53}', 471, '2015-04-06 10:54:32.476300+0000', '2015-04-06 13:08:09.325500+0000', '2015-04-06 13:21:27.165300+0000');
INSERT INTO "neap"."video"(video_id, stream_id, title, type, description, status, tags, topic_id, topic, media_info, preview, views, created_at, updated_at)
    VALUES ('31b7078a-54e2-405b-8f38-e1a3e230049e', '79a89815-e401-4a90-89da-2d48b3248958', 'Today is Philosophy day', 'record', 'Today is Philosophy day', '', '[]', '35fa82dc-ed25-47fb-b6cd-58ae8a151f60', 'Philosophy', '{"width":720,"height":400,"bitrate":755.14}', '', '31114', '2015-08-29 09:13:43.913400+0000', '2015-08-30 21:25:56.814800+0000');
INSERT INTO "neap"."stream"(stream_id, channel_id, title, topic_id, topic, media_info, viewers, created_at, updated_at, ended_at)
    VALUES ('3e581efc-1e43-439a-b536-df1805728e49', '7c5c55bd-a82e-4463-b29d-ff4e18bdad63', 'Come on and have fun with Jenna!', 'd2ea25fc-eb67-4c63-86d0-58ba2ce51b56', 'Theology', '{"width":720,"height":400,"bitrate":647.25}', 625, '2015-09-03 21:59:55.455100+0000', '2015-09-04 00:02:21.668400+0000', '2015-09-04 00:27:14.978900+0000');
INSERT INTO "neap"."video"(video_id, stream_id, title, type, description, status, tags, topic_id, topic, media_info, preview, views, created_at, updated_at)
    VALUES ('bcd88e79-67a2-4180-93f9-944aa426e3f5', '3e581efc-1e43-439a-b536-df1805728e49', 'Come on and have fun with Jenna!', 'record', 'Come on and have fun with Jenna!', '', '[]', 'd2ea25fc-eb67-4c63-86d0-58ba2ce51b56', 'Theology', '{"width":720,"height":400,"bitrate":585.61}', '', '27646', '2015-10-05 21:48:50.702700+0000', '2015-10-06 18:48:24.952600+0000');
INSERT INTO "neap"."stream"(stream_id, channel_id, title, topic_id, topic, media_info, viewers, created_at, updated_at, ended_at)
    VALUES ('7ecba2e5-2660-4853-acd1-772e0d3b1c41', '7c5c55bd-a82e-4463-b29d-ff4e18bdad63', 'The origins of Photography', 'e496e832-363e-4228-b518-7fe126ccaa04', 'Photography', '{"width":1280,"height":720,"bitrate":1276.07}', 159, '2015-10-17 16:47:01.430700+0000', '2015-10-17 17:41:27.478700+0000', '2015-10-17 18:01:58.224600+0000');
INSERT INTO "neap"."video"(video_id, stream_id, title, type, description, status, tags, topic_id, topic, media_info, preview, views, created_at, updated_at)
    VALUES ('093af60b-9d2f-4715-8c5b-e1d43fec593d', '7ecba2e5-2660-4853-acd1-772e0d3b1c41', 'The origins of Photography', 'record', 'The origins of Photography', '', '[]', 'e496e832-363e-4228-b518-7fe126ccaa04', 'Photography', '{"width":1280,"height":720,"bitrate":927.96}', '', '21884', '2015-10-29 12:00:24.341300+0000', '2015-10-31 02:58:16.856600+0000');
INSERT INTO "neap"."stream"(stream_id, channel_id, title, topic_id, topic, media_info, viewers, created_at, updated_at, ended_at)
    VALUES ('e0fdffa9-6ba4-4466-97f4-d840151c4a36', '7c5c55bd-a82e-4463-b29d-ff4e18bdad63', 'Today is Video games day', '48e535f7-dba1-4d59-aac3-4c6cced32d6c', 'Video games', '{"width":720,"height":400,"bitrate":698.37}', 1032, '2015-05-22 06:52:04.929100+0000', '2015-05-22 08:33:06.736700+0000', '2015-05-22 08:45:43.297600+0000');
INSERT INTO "neap"."video"(video_id, stream_id, title, type, description, status, tags, topic_id, topic, media_info, preview, views, created_at, updated_at)
    VALUES ('2f49c646-3e2c-4e50-a6b4-42d154a114a7', 'e0fdffa9-6ba4-4466-97f4-d840151c4a36', 'Today is Video games day', 'record', 'Today is Video games day', '', '[]', '48e535f7-dba1-4d59-aac3-4c6cced32d6c', 'Video games', '{"width":720,"height":400,"bitrate":556.28}', '', '17105', '2015-08-19 14:31:49.110000+0000', '2015-08-23 16:46:52.709000+0000');
INSERT INTO "neap"."stream"(stream_id, channel_id, title, topic_id, topic, media_info, viewers, created_at, updated_at, ended_at)
    VALUES ('30d5cc09-0ff4-4e33-8f22-799c52aec5f3', '7c5c55bd-a82e-4463-b29d-ff4e18bdad63', 'Fun with Mathematics and Jenna', '284b3091-455d-4476-ae67-442a19d153d4', 'Mathematics', '{"width":720,"height":400,"bitrate":546.27}', 316, '2015-09-25 17:14:27.707100+0000', '2015-09-25 17:18:47.057100+0000', '2015-09-25 17:43:23.451900+0000');
INSERT INTO "neap"."video"(video_id, stream_id, title, type, description, status, tags, topic_id, topic, media_info, preview, views, created_at, updated_at)
    VALUES ('aebfda25-2594-4cba-943c-7971e040aafc', '30d5cc09-0ff4-4e33-8f22-799c52aec5f3', 'Fun with Mathematics and Jenna', 'record', 'Fun with Mathematics and Jenna', '', '[]', '284b3091-455d-4476-ae67-442a19d153d4', 'Mathematics', '{"width":720,"height":400,"bitrate":586.92}', '', '2961', '2015-10-17 04:19:52.760900+0000', '2015-10-20 06:16:05.811400+0000');
INSERT INTO "neap"."user"(user_id, channel_id, type, username, email, password, display_name, logo, bio, created_at, updated_at)
    VALUES ('8e5b9ef5-f431-4d1a-9db2-3b1e3ed661b6', '66e2fdca-7ab5-4dc5-a0ff-7e077fc05378', 'user', 'dexter', 'dexter@neap.io', '$2y$10$olDbGvZplvFoerjMu9u9y.EL7b.3Xgn9ORRL.wnLr552T85dSBUaW', 'Dexter', 'https://gravatar.com/avatar/f40deb5684cd5ef3643bab4601fac124?s=128&d=identicon', null, '2015-03-08 13:30:43.433100+0000', '2015-08-25 05:17:30.637200+0000');
INSERT INTO "neap"."channel"(channel_id, user_id, chat_id, name, display_name, topic, language, views, followers)
    VALUES ('66e2fdca-7ab5-4dc5-a0ff-7e077fc05378', '8e5b9ef5-f431-4d1a-9db2-3b1e3ed661b6', '0286615e-4a92-483e-97a3-800ff4492500', 'dexter', 'Dexter Channel', 'Biology', 'en', 71850, 41);
INSERT INTO "neap"."chat"(chat_id, channel_id, name)
    VALUES ('0286615e-4a92-483e-97a3-800ff4492500', '66e2fdca-7ab5-4dc5-a0ff-7e077fc05378', 'dexter');
INSERT INTO "neap"."stream"(stream_id, channel_id, title, topic_id, topic, media_info, viewers, created_at, updated_at, ended_at)
    VALUES ('cc592c20-d11a-48ea-9ae8-786b5c413af2', '66e2fdca-7ab5-4dc5-a0ff-7e077fc05378', 'Dexter goes live!', '5f6c7ec0-84ab-4d8e-a2d7-ff1887b55d6e', 'History', '{"width":1920,"height":1080,"bitrate":1427.38}', 1509, '2015-10-28 06:16:08.787600+0000', '2015-10-28 08:53:56.644600+0000', '2015-10-28 09:14:23.662500+0000');
INSERT INTO "neap"."video"(video_id, stream_id, title, type, description, status, tags, topic_id, topic, media_info, preview, views, created_at, updated_at)
    VALUES ('35f554ad-a53a-40e0-9473-1ae8c62e52ef', 'cc592c20-d11a-48ea-9ae8-786b5c413af2', 'Dexter goes live!', 'record', 'Dexter goes live!', '', '[]', '5f6c7ec0-84ab-4d8e-a2d7-ff1887b55d6e', 'History', '{"width":1920,"height":1080,"bitrate":2374.83}', '', '15884', '2015-10-28 13:02:59.627300+0000', '2015-11-02 22:40:17.688100+0000');
INSERT INTO "neap"."video"(video_id, stream_id, title, type, description, status, tags, topic_id, topic, media_info, preview, views, created_at, updated_at)
    VALUES ('61cfbf18-ad99-4f63-90c5-85080630fafd', 'cc592c20-d11a-48ea-9ae8-786b5c413af2', 'Dexter goes live!', 'record', 'Dexter goes live!', '', '[]', '5f6c7ec0-84ab-4d8e-a2d7-ff1887b55d6e', 'History', '{"width":1920,"height":1080,"bitrate":2526.76}', '', '23648', '2015-10-31 21:01:47.140800+0000', '2015-11-04 13:50:08.039400+0000');
INSERT INTO "neap"."stream"(stream_id, channel_id, title, topic_id, topic, media_info, viewers, created_at, updated_at, ended_at)
    VALUES ('a4400ccf-7c4d-4bd7-9980-12e77d38644b', '66e2fdca-7ab5-4dc5-a0ff-7e077fc05378', 'Today is Science day', '1cae4612-f178-4a0e-b3af-343a88b99638', 'Science', '{"width":720,"height":400,"bitrate":620.31}', 1327, '2015-04-27 21:25:38.763300+0000', '2015-04-28 02:18:36.551200+0000', '2015-04-28 02:51:26.538900+0000');
INSERT INTO "neap"."video"(video_id, stream_id, title, type, description, status, tags, topic_id, topic, media_info, preview, views, created_at, updated_at)
    VALUES ('c56cf53e-c5ff-401d-a351-f7ac6eb242c2', 'a4400ccf-7c4d-4bd7-9980-12e77d38644b', 'Today is Science day', 'record', 'Today is Science day', '', '[]', '1cae4612-f178-4a0e-b3af-343a88b99638', 'Science', '{"width":720,"height":400,"bitrate":711.47}', '', '23827', '2015-07-15 06:22:10.549900+0000', '2015-07-16 07:00:47.648600+0000');
INSERT INTO "neap"."video"(video_id, stream_id, title, type, description, status, tags, topic_id, topic, media_info, preview, views, created_at, updated_at)
    VALUES ('4a34103f-ff13-4013-acff-1d498874ecf0', 'a4400ccf-7c4d-4bd7-9980-12e77d38644b', 'Today is Science day', 'highlight', 'Today is Science day', '', '[]', '1cae4612-f178-4a0e-b3af-343a88b99638', 'Science', '{"width":720,"height":400,"bitrate":685.29}', '', '24931', '2015-09-08 17:18:39.829900+0000', '2015-09-10 08:58:38.091700+0000');
INSERT INTO "neap"."stream"(stream_id, channel_id, title, topic_id, topic, media_info, viewers, created_at, updated_at, ended_at)
    VALUES ('d8933a3c-487f-43a3-b00c-b5144cc05e4f', '66e2fdca-7ab5-4dc5-a0ff-7e077fc05378', 'Litterature?? Yeah, Litterature!', '994391cf-d41e-46f4-b6eb-ce53824e3a0c', 'Litterature', '{"width":720,"height":400,"bitrate":678.83}', 99794, '2015-08-21 13:16:17.421900+0000', '2015-08-21 14:26:57.316500+0000', '2015-08-21 15:07:42.658400+0000');
INSERT INTO "neap"."video"(video_id, stream_id, title, type, description, status, tags, topic_id, topic, media_info, preview, views, created_at, updated_at)
    VALUES ('b14de9b1-14c7-4eda-b707-49fbba7c7258', 'd8933a3c-487f-43a3-b00c-b5144cc05e4f', 'Litterature?? Yeah, Litterature!', 'record', 'Litterature?? Yeah, Litterature!', '', '[]', '994391cf-d41e-46f4-b6eb-ce53824e3a0c', 'Litterature', '{"width":720,"height":400,"bitrate":778.2}', '', '36266', '2015-10-29 14:49:49.606700+0000', '2015-10-30 00:30:07.163400+0000');
INSERT INTO "neap"."stream"(stream_id, channel_id, title, topic_id, topic, media_info, viewers, created_at, updated_at, ended_at)
    VALUES ('b8b8a834-cb90-4fc4-bd8f-7ded7dc28de2', '66e2fdca-7ab5-4dc5-a0ff-7e077fc05378', 'Today is History day', '5f6c7ec0-84ab-4d8e-a2d7-ff1887b55d6e', 'History', '{"width":720,"height":400,"bitrate":505.83}', 1911, '2015-05-04 19:24:28.664600+0000', '2015-05-05 00:51:37.031800+0000', '2015-05-05 01:27:14.605600+0000');
INSERT INTO "neap"."video"(video_id, stream_id, title, type, description, status, tags, topic_id, topic, media_info, preview, views, created_at, updated_at)
    VALUES ('bdf3730e-4559-4672-b31b-21bbbb4d166d', 'b8b8a834-cb90-4fc4-bd8f-7ded7dc28de2', 'Today is History day', 'highlight', 'Today is History day', '', '[]', '5f6c7ec0-84ab-4d8e-a2d7-ff1887b55d6e', 'History', '{"width":720,"height":400,"bitrate":537.5}', '', '36618', '2015-05-04 22:47:30.415900+0000', '2015-05-05 07:41:24.134200+0000');
INSERT INTO "neap"."stream"(stream_id, channel_id, title, topic_id, topic, media_info, viewers, created_at, updated_at, ended_at)
    VALUES ('934ffa2a-29bf-4b01-8733-feda430fda24', '66e2fdca-7ab5-4dc5-a0ff-7e077fc05378', 'Fun with Biology and Dexter', 'd4f06d27-2693-4552-bd85-d9875651ce39', 'Biology', '{"width":1920,"height":1080,"bitrate":2307.77}', 622, '2015-07-08 12:52:42.420900+0000', '2015-07-08 15:33:30.361400+0000', '2015-07-08 15:59:25.365500+0000');
INSERT INTO "neap"."video"(video_id, stream_id, title, type, description, status, tags, topic_id, topic, media_info, preview, views, created_at, updated_at)
    VALUES ('7272782f-f361-48cd-b157-a84b4ae39ee5', '934ffa2a-29bf-4b01-8733-feda430fda24', 'Fun with Biology and Dexter', 'record', 'Fun with Biology and Dexter', '', '[]', 'd4f06d27-2693-4552-bd85-d9875651ce39', 'Biology', '{"width":1920,"height":1080,"bitrate":2710.65}', '', '7973', '2015-07-17 08:01:37.770200+0000', '2015-07-18 05:54:01.188500+0000');
INSERT INTO "neap"."video"(video_id, stream_id, title, type, description, status, tags, topic_id, topic, media_info, preview, views, created_at, updated_at)
    VALUES ('2d00b6e6-89fc-468b-9303-58b3c45f85d8', '934ffa2a-29bf-4b01-8733-feda430fda24', 'Fun with Biology and Dexter', 'record', 'Fun with Biology and Dexter', '', '[]', 'd4f06d27-2693-4552-bd85-d9875651ce39', 'Biology', '{"width":1920,"height":1080,"bitrate":1153.59}', '', '25291', '2015-07-22 17:17:20.164500+0000', '2015-07-26 07:33:41.035100+0000');
INSERT INTO "neap"."user"(user_id, channel_id, type, username, email, password, display_name, logo, bio, created_at, updated_at)
    VALUES ('37b8e21c-8e27-402b-936f-d274a6d4e504', 'c988ffd3-ccba-4ef2-83d0-91a62072958b', 'user', 'addison', 'addison@neap.io', '$2y$10$F/y7A3BYXhzDOBZnFvJayuzdmjSTjP9Vc0Yfc42u3zuMUjWlocK/.', 'Addison', 'https://gravatar.com/avatar/03126afb64c5ac9f1d6e902123546951?s=128&d=identicon', null, '2015-05-01 22:54:55.242200+0000', '2015-08-06 12:28:18.878900+0000');
INSERT INTO "neap"."channel"(channel_id, user_id, chat_id, name, display_name, topic, language, views, followers)
    VALUES ('c988ffd3-ccba-4ef2-83d0-91a62072958b', '37b8e21c-8e27-402b-936f-d274a6d4e504', '32e6eb9e-3e0b-4512-8445-6dc71b94dc67', 'addison', 'Addison Channel', 'Photography', 'en', 45332, 52);
INSERT INTO "neap"."chat"(chat_id, channel_id, name)
    VALUES ('32e6eb9e-3e0b-4512-8445-6dc71b94dc67', 'c988ffd3-ccba-4ef2-83d0-91a62072958b', 'addison');
INSERT INTO "neap"."stream"(stream_id, channel_id, title, topic_id, topic, media_info, viewers, created_at, updated_at, ended_at)
    VALUES ('4e24c224-7147-4ef5-bcef-48c697c56f52', 'c988ffd3-ccba-4ef2-83d0-91a62072958b', 'Today is Photography day', 'e496e832-363e-4228-b518-7fe126ccaa04', 'Photography', '{"width":720,"height":400,"bitrate":684.71}', 68, '2015-07-29 13:18:54.575200+0000', '2015-07-29 16:06:25.494300+0000', '2015-07-29 17:08:47.138200+0000');
INSERT INTO "neap"."video"(video_id, stream_id, title, type, description, status, tags, topic_id, topic, media_info, preview, views, created_at, updated_at)
    VALUES ('8ec598f8-0ae1-4989-b07c-e3584a6cb192', '4e24c224-7147-4ef5-bcef-48c697c56f52', 'Today is Photography day', 'record', 'Today is Photography day', '', '[]', 'e496e832-363e-4228-b518-7fe126ccaa04', 'Photography', '{"width":720,"height":400,"bitrate":782.39}', '', '35500', '2015-08-19 15:27:51.341300+0000', '2015-08-20 23:42:01.597100+0000');
INSERT INTO "neap"."user"(user_id, channel_id, type, username, email, password, display_name, logo, bio, created_at, updated_at)
    VALUES ('b8e2aead-91c7-4965-9850-54ad016b5ada', '87222c22-8ff0-46ca-a40c-8b7d603396a5', 'user', 'gabriella', 'gabriella@neap.io', '$2y$10$v91tOW.HX7YnbIH.5tLw.OiQuC1sXl54/4v5Mpsf8C7jIYi4A0rW2', 'Gabriella', 'https://gravatar.com/avatar/b540208f6253f0a6c5bd30ab6e8f635b?s=128&d=identicon', null, '2015-03-11 01:45:29.887500+0000', '2015-08-17 14:23:34.415400+0000');
INSERT INTO "neap"."channel"(channel_id, user_id, chat_id, name, display_name, topic, language, views, followers)
    VALUES ('87222c22-8ff0-46ca-a40c-8b7d603396a5', 'b8e2aead-91c7-4965-9850-54ad016b5ada', '286ff177-b317-4f8c-aeef-aff2e0e02c3a', 'gabriella', 'Gabriella Channel', 'Philosophy', 'en', 73575, 51);
INSERT INTO "neap"."chat"(chat_id, channel_id, name)
    VALUES ('286ff177-b317-4f8c-aeef-aff2e0e02c3a', '87222c22-8ff0-46ca-a40c-8b7d603396a5', 'gabriella');
INSERT INTO "neap"."user"(user_id, channel_id, type, username, email, password, display_name, logo, bio, created_at, updated_at)
    VALUES ('35655b29-0700-4d7b-a9b4-5b2e065323ec', 'ce7d508e-ac3e-4bc6-b5a0-82175314f573', 'user', 'gabriela', 'gabriela@neap.io', '$2y$10$Z6a065DajvMDIRZ2XxZ05OTx0Pu0EcoK2fbUqdGYnB1g8Cczke1b6', 'Gabriela', 'https://gravatar.com/avatar/11739ea52998a7441918e7043f9de3d4?s=128&d=identicon', null, '2015-08-20 09:32:55.016800+0000', '2015-09-05 06:58:32.660400+0000');
INSERT INTO "neap"."channel"(channel_id, user_id, chat_id, name, display_name, topic, language, views, followers)
    VALUES ('ce7d508e-ac3e-4bc6-b5a0-82175314f573', '35655b29-0700-4d7b-a9b4-5b2e065323ec', '96374d4e-de52-4dcd-9578-03d88be4ee0e', 'gabriela', 'Gabriela Channel', 'Biology', 'en', 10481, 124);
INSERT INTO "neap"."chat"(chat_id, channel_id, name)
    VALUES ('96374d4e-de52-4dcd-9578-03d88be4ee0e', 'ce7d508e-ac3e-4bc6-b5a0-82175314f573', 'gabriela');
INSERT INTO "neap"."stream"(stream_id, channel_id, title, topic_id, topic, media_info, viewers, created_at, updated_at, ended_at)
    VALUES ('91d6f602-0330-4745-a187-ecc3b664a133', 'ce7d508e-ac3e-4bc6-b5a0-82175314f573', 'Gabriela goes live!', '5f6c7ec0-84ab-4d8e-a2d7-ff1887b55d6e', 'History', '{"width":720,"height":400,"bitrate":723.16}', 844, '2015-10-01 18:01:18.851900+0000', '2015-10-01 20:19:37.848100+0000', '2015-10-01 20:50:47.548400+0000');
INSERT INTO "neap"."video"(video_id, stream_id, title, type, description, status, tags, topic_id, topic, media_info, preview, views, created_at, updated_at)
    VALUES ('f15a4ac1-add2-4764-b7cc-00f628f51dc1', '91d6f602-0330-4745-a187-ecc3b664a133', 'Gabriela goes live!', 'record', 'Gabriela goes live!', '', '[]', '5f6c7ec0-84ab-4d8e-a2d7-ff1887b55d6e', 'History', '{"width":720,"height":400,"bitrate":690.76}', '', '13744', '2015-10-31 09:41:04.376200+0000', '2015-11-05 17:04:49.059700+0000');
INSERT INTO "neap"."video"(video_id, stream_id, title, type, description, status, tags, topic_id, topic, media_info, preview, views, created_at, updated_at)
    VALUES ('9e41fa40-60ac-47e0-9e2e-d369fb8ddb4f', '91d6f602-0330-4745-a187-ecc3b664a133', 'Gabriela goes live!', 'highlight', 'Gabriela goes live!', '', '[]', '5f6c7ec0-84ab-4d8e-a2d7-ff1887b55d6e', 'History', '{"width":720,"height":400,"bitrate":558.85}', '', '4503', '2015-10-26 18:26:44.186800+0000', '2015-10-29 15:12:59.929200+0000');
INSERT INTO "neap"."stream"(stream_id, channel_id, title, topic_id, topic, media_info, viewers, created_at, updated_at, ended_at)
    VALUES ('989bd319-75af-4f51-a948-78c62e12b692', 'ce7d508e-ac3e-4bc6-b5a0-82175314f573', 'Photography?? Yeah, Photography!', 'e496e832-363e-4228-b518-7fe126ccaa04', 'Photography', '{"width":720,"height":400,"bitrate":557.47}', 1257, '2015-10-29 04:58:59.378700+0000', '2015-10-29 06:35:59.819000+0000', '2015-10-29 08:09:42.647500+0000');
INSERT INTO "neap"."video"(video_id, stream_id, title, type, description, status, tags, topic_id, topic, media_info, preview, views, created_at, updated_at)
    VALUES ('409f34da-8176-40a3-9383-e5c91c1f7080', '989bd319-75af-4f51-a948-78c62e12b692', 'Photography?? Yeah, Photography!', 'record', 'Photography?? Yeah, Photography!', '', '[]', 'e496e832-363e-4228-b518-7fe126ccaa04', 'Photography', '{"width":720,"height":400,"bitrate":784.53}', '', '569', '2015-10-29 17:58:57.888500+0000', '2015-11-03 13:28:09.676800+0000');
INSERT INTO "neap"."stream"(stream_id, channel_id, title, topic_id, topic, media_info, viewers, created_at, updated_at, ended_at)
    VALUES ('13a55ae9-bd6a-4c46-b19d-b95a9bac2fd4', 'ce7d508e-ac3e-4bc6-b5a0-82175314f573', 'Relax stream', '994391cf-d41e-46f4-b6eb-ce53824e3a0c', 'Litterature', '{"width":720,"height":400,"bitrate":724.07}', 81, '2015-09-17 16:00:20.893400+0000', '2015-09-17 20:20:36.703400+0000', '2015-09-17 20:49:29.826100+0000');
INSERT INTO "neap"."video"(video_id, stream_id, title, type, description, status, tags, topic_id, topic, media_info, preview, views, created_at, updated_at)
    VALUES ('e4c131e9-a708-403e-8996-17986a792d12', '13a55ae9-bd6a-4c46-b19d-b95a9bac2fd4', 'Relax stream', 'record', 'Relax stream', '', '[]', '994391cf-d41e-46f4-b6eb-ce53824e3a0c', 'Litterature', '{"width":720,"height":400,"bitrate":752.65}', '', '1029', '2015-09-23 08:31:20.822000+0000', '2015-09-25 02:32:18.477000+0000');
INSERT INTO "neap"."user"(user_id, channel_id, type, username, email, password, display_name, logo, bio, created_at, updated_at)
    VALUES ('d8794e01-d891-4ebd-a425-029795bfbee0', '3cdd5ec2-3423-4742-8116-6c799c10295a', 'user', 'james', 'james@neap.io', '$2y$10$ovA90UHVDJQZSIXzUCK9ZuXUWHLgiNAlyl2vhIyXZIr/eXjgw/DWa', 'James', 'https://gravatar.com/avatar/5b10df83fd9f4a5e619744ff0be0ba54?s=128&d=identicon', null, '2015-05-17 19:09:10.029500+0000', '2015-08-05 15:28:30.356100+0000');
INSERT INTO "neap"."channel"(channel_id, user_id, chat_id, name, display_name, topic, language, views, followers)
    VALUES ('3cdd5ec2-3423-4742-8116-6c799c10295a', 'd8794e01-d891-4ebd-a425-029795bfbee0', '4f7f54dc-a91b-4806-838e-3f59063731ae', 'james', 'James Channel', 'Litterature', 'en', 55865, 117);
INSERT INTO "neap"."chat"(chat_id, channel_id, name)
    VALUES ('4f7f54dc-a91b-4806-838e-3f59063731ae', '3cdd5ec2-3423-4742-8116-6c799c10295a', 'james');
INSERT INTO "neap"."stream"(stream_id, channel_id, title, topic_id, topic, media_info, viewers, created_at, updated_at, ended_at)
    VALUES ('77e98b8e-f449-49c7-9008-91e371800a77', '3cdd5ec2-3423-4742-8116-6c799c10295a', 'Fun with Philosophy and James', '35fa82dc-ed25-47fb-b6cd-58ae8a151f60', 'Philosophy', '{"width":1280,"height":720,"bitrate":1435.27}', 52, '2015-10-23 14:05:52.309900+0000', '2015-10-23 14:56:24.490400+0000', '2015-10-23 15:29:47.789500+0000');
INSERT INTO "neap"."video"(video_id, stream_id, title, type, description, status, tags, topic_id, topic, media_info, preview, views, created_at, updated_at)
    VALUES ('7b08a39c-d3a4-47a0-8a52-7fb90017a253', '77e98b8e-f449-49c7-9008-91e371800a77', 'Fun with Philosophy and James', 'record', 'Fun with Philosophy and James', '', '[]', '35fa82dc-ed25-47fb-b6cd-58ae8a151f60', 'Philosophy', '{"width":1280,"height":720,"bitrate":1260.88}', '', '5531', '2015-10-31 20:09:43.930800+0000', '2015-11-04 09:36:30.834800+0000');
INSERT INTO "neap"."stream"(stream_id, channel_id, title, topic_id, topic, media_info, viewers, created_at, updated_at, ended_at)
    VALUES ('5af29190-b088-4760-8ba8-8e268d7657ed', '3cdd5ec2-3423-4742-8116-6c799c10295a', 'The origins of Astrology', 'e9af2f53-d2dd-4e32-9dea-26d6ac21bcb8', 'Astrology', '{"width":1280,"height":720,"bitrate":776.26}', 1822, '2015-05-30 12:15:32.819400+0000', '2015-05-30 13:17:26.406100+0000', '2015-05-30 13:20:11.993000+0000');
INSERT INTO "neap"."video"(video_id, stream_id, title, type, description, status, tags, topic_id, topic, media_info, preview, views, created_at, updated_at)
    VALUES ('e9aa8b86-1cd3-4cd3-bf1f-62779063acc0', '5af29190-b088-4760-8ba8-8e268d7657ed', 'The origins of Astrology', 'record', 'The origins of Astrology', '', '[]', 'e9af2f53-d2dd-4e32-9dea-26d6ac21bcb8', 'Astrology', '{"width":1280,"height":720,"bitrate":1421.27}', '', '19019', '2015-10-10 13:45:19.685400+0000', '2015-10-11 06:29:41.782600+0000');
INSERT INTO "neap"."video"(video_id, stream_id, title, type, description, status, tags, topic_id, topic, media_info, preview, views, created_at, updated_at)
    VALUES ('9375ff05-6d8b-4675-b940-852de1bf00c6', '5af29190-b088-4760-8ba8-8e268d7657ed', 'The origins of Astrology', 'record', 'The origins of Astrology', '', '[]', 'e9af2f53-d2dd-4e32-9dea-26d6ac21bcb8', 'Astrology', '{"width":1280,"height":720,"bitrate":792.41}', '', '37666', '2015-08-09 02:39:00.641500+0000', '2015-08-11 14:33:10.977100+0000');
INSERT INTO "neap"."stream"(stream_id, channel_id, title, topic_id, topic, media_info, viewers, created_at, updated_at, ended_at)
    VALUES ('9ee12d51-b580-4bf9-a7fd-bf3cc24c5fed', '3cdd5ec2-3423-4742-8116-6c799c10295a', 'Music?? Yeah, Music!', 'b369c464-cdea-4356-9d70-1450585652e2', 'Music', '{"width":720,"height":400,"bitrate":613.9}', 1603, '2015-05-30 04:08:25.346100+0000', '2015-05-30 07:32:07.636200+0000', '2015-05-30 07:53:00.361300+0000');
INSERT INTO "neap"."video"(video_id, stream_id, title, type, description, status, tags, topic_id, topic, media_info, preview, views, created_at, updated_at)
    VALUES ('3a08f4f3-3651-4dba-9ee0-76af4b293a8d', '9ee12d51-b580-4bf9-a7fd-bf3cc24c5fed', 'Music?? Yeah, Music!', 'record', 'Music?? Yeah, Music!', '', '[]', 'b369c464-cdea-4356-9d70-1450585652e2', 'Music', '{"width":720,"height":400,"bitrate":766.43}', '', '17535', '2015-10-29 20:02:35.584600+0000', '2015-11-02 04:33:14.349600+0000');
INSERT INTO "neap"."stream"(stream_id, channel_id, title, topic_id, topic, media_info, viewers, created_at, updated_at, ended_at)
    VALUES ('eeac848b-910d-43fa-b7d9-7a21b155cd9b', '3cdd5ec2-3423-4742-8116-6c799c10295a', 'Relax stream', 'e496e832-363e-4228-b518-7fe126ccaa04', 'Photography', '{"width":720,"height":400,"bitrate":689.34}', 1181, '2015-10-05 08:16:41.215000+0000', '2015-10-05 08:59:40.450100+0000', '2015-10-05 10:17:35.212900+0000');
INSERT INTO "neap"."user"(user_id, channel_id, type, username, email, password, display_name, logo, bio, created_at, updated_at)
    VALUES ('acebf1eb-e0c0-4fbe-91d7-794179a918a1', '981c9fd9-1c3d-4966-aacf-4cdba92cb11e', 'user', 'aubrianna', 'aubrianna@neap.io', '$2y$10$z7BKG4onFpVDpCDryX.RCOq4BeUjjdBuRfaxRamGEIfHyEKkCAAvK', 'Aubrianna', 'https://gravatar.com/avatar/8a483a1ad286135c7b821d1d12e1c295?s=128&d=identicon', null, '2015-07-05 01:22:16.738700+0000', '2015-10-23 01:01:37.669400+0000');
INSERT INTO "neap"."channel"(channel_id, user_id, chat_id, name, display_name, topic, language, views, followers)
    VALUES ('981c9fd9-1c3d-4966-aacf-4cdba92cb11e', 'acebf1eb-e0c0-4fbe-91d7-794179a918a1', 'e877cf67-8f1e-4562-8b9c-20a67983951d', 'aubrianna', 'Aubrianna Channel', 'Mathematics', 'en', 10797, 138);
INSERT INTO "neap"."chat"(chat_id, channel_id, name)
    VALUES ('e877cf67-8f1e-4562-8b9c-20a67983951d', '981c9fd9-1c3d-4966-aacf-4cdba92cb11e', 'aubrianna');
INSERT INTO "neap"."stream"(stream_id, channel_id, title, topic_id, topic, media_info, viewers, created_at, updated_at, ended_at)
    VALUES ('6c82700c-d17f-45c4-bb93-97a4eb399cec', '981c9fd9-1c3d-4966-aacf-4cdba92cb11e', 'The origins of Photography', 'e496e832-363e-4228-b518-7fe126ccaa04', 'Photography', '{"width":720,"height":400,"bitrate":568.59}', 566, '2015-09-16 00:54:35.928000+0000', '2015-09-16 02:13:17.213900+0000', '2015-09-16 02:23:17.110600+0000');
INSERT INTO "neap"."video"(video_id, stream_id, title, type, description, status, tags, topic_id, topic, media_info, preview, views, created_at, updated_at)
    VALUES ('5c3544d5-8eb8-4a03-8d9e-c85d15793526', '6c82700c-d17f-45c4-bb93-97a4eb399cec', 'The origins of Photography', 'record', 'The origins of Photography', '', '[]', 'e496e832-363e-4228-b518-7fe126ccaa04', 'Photography', '{"width":720,"height":400,"bitrate":598.25}', '', '35668', '2015-10-06 08:25:50.728000+0000', '2015-10-08 15:57:06.505200+0000');
INSERT INTO "neap"."video"(video_id, stream_id, title, type, description, status, tags, topic_id, topic, media_info, preview, views, created_at, updated_at)
    VALUES ('b5f26b32-bf68-4fc3-b0ea-afa350901329', '6c82700c-d17f-45c4-bb93-97a4eb399cec', 'The origins of Photography', 'record', 'The origins of Photography', '', '[]', 'e496e832-363e-4228-b518-7fe126ccaa04', 'Photography', '{"width":720,"height":400,"bitrate":780.08}', '', '29777', '2015-10-14 22:11:05.100800+0000', '2015-10-16 12:35:51.459800+0000');
INSERT INTO "neap"."stream"(stream_id, channel_id, title, topic_id, topic, media_info, viewers, created_at, updated_at, ended_at)
    VALUES ('a8b8d148-cc48-47e0-b453-54e39dd60bf5', '981c9fd9-1c3d-4966-aacf-4cdba92cb11e', 'Come on and have fun with Aubrianna!', 'b369c464-cdea-4356-9d70-1450585652e2', 'Music', '{"width":720,"height":400,"bitrate":579.82}', 71, '2015-07-28 00:05:01.143900+0000', '2015-07-28 01:18:35.838800+0000', '2015-07-28 01:21:12.013000+0000');
INSERT INTO "neap"."stream"(stream_id, channel_id, title, topic_id, topic, media_info, viewers, created_at, updated_at, ended_at)
    VALUES ('29bf4a90-f243-4d3e-b72b-dbac4a8724cd', '981c9fd9-1c3d-4966-aacf-4cdba92cb11e', 'Come on and have fun with Aubrianna!', '994391cf-d41e-46f4-b6eb-ce53824e3a0c', 'Litterature', '{"width":1280,"height":720,"bitrate":889.86}', 834, '2015-10-20 04:05:32.308200+0000', '2015-10-20 08:40:59.167200+0000', '2015-10-20 08:41:29.429000+0000');
INSERT INTO "neap"."video"(video_id, stream_id, title, type, description, status, tags, topic_id, topic, media_info, preview, views, created_at, updated_at)
    VALUES ('6d02c9b1-e691-452e-8ed3-659a1ffd8492', '29bf4a90-f243-4d3e-b72b-dbac4a8724cd', 'Come on and have fun with Aubrianna!', 'record', 'Come on and have fun with Aubrianna!', '', '[]', '994391cf-d41e-46f4-b6eb-ce53824e3a0c', 'Litterature', '{"width":1280,"height":720,"bitrate":889.59}', '', '23613', '2015-10-22 11:20:26.312200+0000', '2015-10-22 15:18:44.163100+0000');
INSERT INTO "neap"."video"(video_id, stream_id, title, type, description, status, tags, topic_id, topic, media_info, preview, views, created_at, updated_at)
    VALUES ('c5fbc310-8e95-4314-9851-6a74331e0b8b', '29bf4a90-f243-4d3e-b72b-dbac4a8724cd', 'Come on and have fun with Aubrianna!', 'record', 'Come on and have fun with Aubrianna!', '', '[]', '994391cf-d41e-46f4-b6eb-ce53824e3a0c', 'Litterature', '{"width":1280,"height":720,"bitrate":1282.48}', '', '14278', '2015-10-28 05:25:43.306800+0000', '2015-10-29 03:07:35.177300+0000');
INSERT INTO "neap"."stream"(stream_id, channel_id, title, topic_id, topic, media_info, viewers, created_at, updated_at, ended_at)
    VALUES ('351c5267-8de0-4056-8dfa-1306d25e8022', '981c9fd9-1c3d-4966-aacf-4cdba92cb11e', 'Aubrianna goes live!', 'd4f06d27-2693-4552-bd85-d9875651ce39', 'Biology', '{"width":1920,"height":1080,"bitrate":1292.72}', 737, '2015-10-26 01:32:20.015700+0000', '2015-10-26 01:49:11.071400+0000', '2015-10-26 02:31:03.085400+0000');
INSERT INTO "neap"."video"(video_id, stream_id, title, type, description, status, tags, topic_id, topic, media_info, preview, views, created_at, updated_at)
    VALUES ('3ab2643e-3cec-48d2-a17d-509460951ee4', '351c5267-8de0-4056-8dfa-1306d25e8022', 'Aubrianna goes live!', 'record', 'Aubrianna goes live!', '', '[]', 'd4f06d27-2693-4552-bd85-d9875651ce39', 'Biology', '{"width":1920,"height":1080,"bitrate":2404.33}', '', '35269', '2015-10-29 13:32:27.888800+0000', '2015-10-29 16:32:07.065500+0000');
INSERT INTO "neap"."video"(video_id, stream_id, title, type, description, status, tags, topic_id, topic, media_info, preview, views, created_at, updated_at)
    VALUES ('a3454fad-7d1d-43e0-a2e9-3718d963a588', '351c5267-8de0-4056-8dfa-1306d25e8022', 'Aubrianna goes live!', 'highlight', 'Aubrianna goes live!', '', '[]', 'd4f06d27-2693-4552-bd85-d9875651ce39', 'Biology', '{"width":1920,"height":1080,"bitrate":3261.33}', '', '21949', '2015-11-01 11:47:04.432600+0000', '2015-11-01 17:11:24.924900+0000');
INSERT INTO "neap"."stream"(stream_id, channel_id, title, topic_id, topic, media_info, viewers, created_at, updated_at, ended_at)
    VALUES ('b54b57f9-edae-44f9-abc8-433f83ac5fdc', '981c9fd9-1c3d-4966-aacf-4cdba92cb11e', 'Fun with Biology and Aubrianna', 'd4f06d27-2693-4552-bd85-d9875651ce39', 'Biology', '{"width":1920,"height":1080,"bitrate":2840.07}', 348, '2015-08-05 11:43:47.144700+0000', '2015-08-05 13:08:09.497000+0000', '2015-08-05 14:06:29.972900+0000');
INSERT INTO "neap"."stream"(stream_id, channel_id, title, topic_id, topic, media_info, viewers, created_at, updated_at, ended_at)
    VALUES ('432f8df4-82e7-44a9-b321-3bc98ad1759a', '981c9fd9-1c3d-4966-aacf-4cdba92cb11e', 'Today is Astrology day', 'e9af2f53-d2dd-4e32-9dea-26d6ac21bcb8', 'Astrology', '{"width":720,"height":400,"bitrate":723.16}', 24625, '2015-10-19 12:57:39.376100+0000', '2015-10-19 13:34:51.546200+0000', '2015-10-19 13:51:56.454100+0000');
INSERT INTO "neap"."user"(user_id, channel_id, type, username, email, password, display_name, logo, bio, created_at, updated_at)
    VALUES ('c089a415-ab1c-4505-96de-8e41330b6e1e', '976aa545-cb97-4f58-8d42-c2fb64760ae9', 'user', 'adonis', 'adonis@neap.io', '$2y$10$tWe1yNDIWqTY7KCfG/.neeq/7VPTH26qFxAUnSRt.Z17gc/ZpNvNe', 'Adonis', 'https://gravatar.com/avatar/3c9046c6629475dc2ace2cbec1472271?s=128&d=identicon', null, '2015-09-02 04:14:34.375200+0000', '2015-10-13 17:31:33.361100+0000');
INSERT INTO "neap"."channel"(channel_id, user_id, chat_id, name, display_name, topic, language, views, followers)
    VALUES ('976aa545-cb97-4f58-8d42-c2fb64760ae9', 'c089a415-ab1c-4505-96de-8e41330b6e1e', '64f8b624-21a8-4f3b-983e-d5b05eff8a4c', 'adonis', 'Adonis Channel', 'Biology', 'en', 69645, 15);
INSERT INTO "neap"."chat"(chat_id, channel_id, name)
    VALUES ('64f8b624-21a8-4f3b-983e-d5b05eff8a4c', '976aa545-cb97-4f58-8d42-c2fb64760ae9', 'adonis');
INSERT INTO "neap"."stream"(stream_id, channel_id, title, topic_id, topic, media_info, viewers, created_at, updated_at, ended_at)
    VALUES ('d14aa072-fa4c-4d17-a5c3-43ee97aab889', '976aa545-cb97-4f58-8d42-c2fb64760ae9', 'Fun with Video games and Adonis', '48e535f7-dba1-4d59-aac3-4c6cced32d6c', 'Video games', '{"width":1280,"height":720,"bitrate":1081.7}', 715, '2015-09-25 06:04:01.220100+0000', '2015-09-25 09:24:53.046100+0000', '2015-09-25 09:35:24.409000+0000');
INSERT INTO "neap"."video"(video_id, stream_id, title, type, description, status, tags, topic_id, topic, media_info, preview, views, created_at, updated_at)
    VALUES ('93a93344-1aba-42aa-817a-2f6a7184e2da', 'd14aa072-fa4c-4d17-a5c3-43ee97aab889', 'Fun with Video games and Adonis', 'record', 'Fun with Video games and Adonis', '', '[]', '48e535f7-dba1-4d59-aac3-4c6cced32d6c', 'Video games', '{"width":1280,"height":720,"bitrate":923.8}', '', '38703', '2015-10-07 07:14:17.185100+0000', '2015-10-10 11:29:44.941200+0000');
INSERT INTO "neap"."stream"(stream_id, channel_id, title, topic_id, topic, media_info, viewers, created_at, updated_at, ended_at)
    VALUES ('c8f321ba-6518-4216-8332-89d535f9b20a', '976aa545-cb97-4f58-8d42-c2fb64760ae9', 'Fun with Music and Adonis', 'b369c464-cdea-4356-9d70-1450585652e2', 'Music', '{"width":1920,"height":1080,"bitrate":2825.11}', 1919, '2015-10-20 19:58:43.866400+0000', '2015-10-20 21:18:51.869000+0000', '2015-10-20 21:22:04.800100+0000');
INSERT INTO "neap"."stream"(stream_id, channel_id, title, topic_id, topic, media_info, viewers, created_at, updated_at, ended_at)
    VALUES ('b0505602-f9ac-4b66-98c8-18a618c96bce', '976aa545-cb97-4f58-8d42-c2fb64760ae9', 'History?? Yeah, History!', '5f6c7ec0-84ab-4d8e-a2d7-ff1887b55d6e', 'History', '{"width":1280,"height":720,"bitrate":1120.03}', 1404, '2015-09-03 08:47:28.813300+0000', '2015-09-03 11:31:12.009700+0000', '2015-09-03 11:42:50.339300+0000');
INSERT INTO "neap"."stream"(stream_id, channel_id, title, topic_id, topic, media_info, viewers, created_at, updated_at, ended_at)
    VALUES ('4beeb7ed-fac7-48f8-8d7a-7f34f531af5d', '976aa545-cb97-4f58-8d42-c2fb64760ae9', 'Litterature?? Yeah, Litterature!', '994391cf-d41e-46f4-b6eb-ce53824e3a0c', 'Litterature', '{"width":720,"height":400,"bitrate":673.92}', 541, '2015-10-02 21:15:49.444500+0000', '2015-10-03 04:33:27.595900+0000', '2015-10-03 04:40:52.349000+0000');
INSERT INTO "neap"."stream"(stream_id, channel_id, title, topic_id, topic, media_info, viewers, created_at, updated_at, ended_at)
    VALUES ('0509b136-015b-40ae-bb22-afe528363130', '976aa545-cb97-4f58-8d42-c2fb64760ae9', 'Relax stream', '994391cf-d41e-46f4-b6eb-ce53824e3a0c', 'Litterature', '{"width":720,"height":400,"bitrate":687.34}', 1461, '2015-10-16 11:39:06.963300+0000', '2015-10-16 13:13:10.219500+0000', '2015-10-16 13:32:17.135400+0000');
INSERT INTO "neap"."stream"(stream_id, channel_id, title, topic_id, topic, media_info, viewers, created_at, updated_at, ended_at)
    VALUES ('1a7d11fd-2876-4259-be6b-b45845980bc7', '976aa545-cb97-4f58-8d42-c2fb64760ae9', 'Theology?? Yeah, Theology!', 'd2ea25fc-eb67-4c63-86d0-58ba2ce51b56', 'Theology', '{"width":720,"height":400,"bitrate":741.03}', 450, '2015-10-02 09:47:17.599800+0000', '2015-10-02 10:48:07.228200+0000', '2015-10-02 11:04:40.174200+0000');
INSERT INTO "neap"."stream"(stream_id, channel_id, title, topic_id, topic, media_info, viewers, created_at, updated_at, ended_at)
    VALUES ('28b3e8c0-498c-49d6-903e-399bb1bea572', '976aa545-cb97-4f58-8d42-c2fb64760ae9', 'Fun with Litterature and Adonis', '994391cf-d41e-46f4-b6eb-ce53824e3a0c', 'Litterature', '{"width":1280,"height":720,"bitrate":1073.18}', 48252, '2015-10-19 15:30:02.344200+0000', '2015-10-19 18:02:55.546200+0000', '2015-10-19 19:05:29.493900+0000');
INSERT INTO "neap"."video"(video_id, stream_id, title, type, description, status, tags, topic_id, topic, media_info, preview, views, created_at, updated_at)
    VALUES ('a2c32b7d-7244-47e9-9981-bbd5ac34adfd', '28b3e8c0-498c-49d6-903e-399bb1bea572', 'Fun with Litterature and Adonis', 'record', 'Fun with Litterature and Adonis', '', '[]', '994391cf-d41e-46f4-b6eb-ce53824e3a0c', 'Litterature', '{"width":1280,"height":720,"bitrate":1046.33}', '', '6452', '2015-10-31 19:50:18.348000+0000', '2015-11-02 03:17:46.210000+0000');
INSERT INTO "neap"."stream"(stream_id, channel_id, title, topic_id, topic, media_info, viewers, created_at, updated_at, ended_at)
    VALUES ('640e5b8c-c783-4849-b8e4-c4ead097bbbb', '976aa545-cb97-4f58-8d42-c2fb64760ae9', 'Today is Theology day', 'd2ea25fc-eb67-4c63-86d0-58ba2ce51b56', 'Theology', '{"width":720,"height":400,"bitrate":789.87}', 814, '2015-10-18 13:52:32.685900+0000', '2015-10-18 15:31:34.999300+0000', '2015-10-18 15:33:39.936500+0000');
INSERT INTO "neap"."video"(video_id, stream_id, title, type, description, status, tags, topic_id, topic, media_info, preview, views, created_at, updated_at)
    VALUES ('5ca27441-1bf1-47c9-a3b3-0d101bdb1f5d', '640e5b8c-c783-4849-b8e4-c4ead097bbbb', 'Today is Theology day', 'highlight', 'Today is Theology day', '', '[]', 'd2ea25fc-eb67-4c63-86d0-58ba2ce51b56', 'Theology', '{"width":720,"height":400,"bitrate":565.93}', '', '39686', '2015-10-31 23:33:36.830800+0000', '2015-11-01 21:45:42.012500+0000');
INSERT INTO "neap"."stream"(stream_id, channel_id, title, topic_id, topic, media_info, viewers, created_at, updated_at, ended_at)
    VALUES ('53cc6068-d2ed-441c-8bcf-ad849c2aad91', '976aa545-cb97-4f58-8d42-c2fb64760ae9', 'Fun with History and Adonis', '5f6c7ec0-84ab-4d8e-a2d7-ff1887b55d6e', 'History', '{"width":1920,"height":1080,"bitrate":3216.51}', 1186, '2015-10-10 18:20:50.341000+0000', '2015-10-10 19:06:18.294800+0000', '2015-10-10 19:10:15.345400+0000');
INSERT INTO "neap"."user"(user_id, channel_id, type, username, email, password, display_name, logo, bio, created_at, updated_at)
    VALUES ('db4658f9-fc78-4ca9-91af-c61246feea7a', 'f9b63fe5-889e-413b-8944-838a6dbbc7a2', 'user', 'alexis', 'alexis@neap.io', '$2y$10$ijyDwvCjI1Veq2vwVk2hlu.CfXeTHJIsvudYSNDGxyDPO/CnambyW', 'Alexis', 'https://gravatar.com/avatar/9f074ef068f2ac09ca21cc2aa8d54bc1?s=128&d=identicon', null, '2015-06-24 22:06:40.495500+0000', '2015-07-01 00:22:19.875700+0000');
INSERT INTO "neap"."channel"(channel_id, user_id, chat_id, name, display_name, topic, language, views, followers)
    VALUES ('f9b63fe5-889e-413b-8944-838a6dbbc7a2', 'db4658f9-fc78-4ca9-91af-c61246feea7a', '4112f501-237c-4454-a79c-3dc68852d395', 'alexis', 'Alexis Channel', 'Biology', 'en', 78853, 98);
INSERT INTO "neap"."chat"(chat_id, channel_id, name)
    VALUES ('4112f501-237c-4454-a79c-3dc68852d395', 'f9b63fe5-889e-413b-8944-838a6dbbc7a2', 'alexis');
INSERT INTO "neap"."stream"(stream_id, channel_id, title, topic_id, topic, media_info, viewers, created_at, updated_at, ended_at)
    VALUES ('ae382793-fe35-4bdb-a8e2-4189d66dc21f', 'f9b63fe5-889e-413b-8944-838a6dbbc7a2', 'Relax stream', 'd2ea25fc-eb67-4c63-86d0-58ba2ce51b56', 'Theology', '{"width":1280,"height":720,"bitrate":1433.56}', 997, '2015-10-13 15:02:30.050000+0000', '2015-10-13 15:13:20.510200+0000', '2015-10-13 15:30:31.014400+0000');
INSERT INTO "neap"."stream"(stream_id, channel_id, title, topic_id, topic, media_info, viewers, created_at, updated_at, ended_at)
    VALUES ('cfa9adbc-851f-4cca-bb90-c8d7392434f1', 'f9b63fe5-889e-413b-8944-838a6dbbc7a2', 'Today is Litterature day', '994391cf-d41e-46f4-b6eb-ce53824e3a0c', 'Litterature', '{"width":720,"height":400,"bitrate":521.3}', 762, '2015-06-28 06:51:03.479100+0000', '2015-06-28 10:36:48.201600+0000', '2015-06-28 11:49:49.054300+0000');
INSERT INTO "neap"."video"(video_id, stream_id, title, type, description, status, tags, topic_id, topic, media_info, preview, views, created_at, updated_at)
    VALUES ('a2da46f6-217f-460e-b644-eb18d8ba4eb8', 'cfa9adbc-851f-4cca-bb90-c8d7392434f1', 'Today is Litterature day', 'record', 'Today is Litterature day', '', '[]', '994391cf-d41e-46f4-b6eb-ce53824e3a0c', 'Litterature', '{"width":720,"height":400,"bitrate":792.94}', '', '9387', '2015-07-31 05:02:49.561100+0000', '2015-07-31 13:11:26.203900+0000');
INSERT INTO "neap"."stream"(stream_id, channel_id, title, topic_id, topic, media_info, viewers, created_at, updated_at, ended_at)
    VALUES ('cccfa691-dc97-463d-829d-d829b3b21194', 'f9b63fe5-889e-413b-8944-838a6dbbc7a2', 'Alexis goes live!', '994391cf-d41e-46f4-b6eb-ce53824e3a0c', 'Litterature', '{"width":1280,"height":720,"bitrate":1016.28}', 1573, '2015-09-18 12:17:39.156600+0000', '2015-09-18 16:36:56.369300+0000', '2015-09-18 17:40:37.462800+0000');
INSERT INTO "neap"."video"(video_id, stream_id, title, type, description, status, tags, topic_id, topic, media_info, preview, views, created_at, updated_at)
    VALUES ('a4e8cbbe-bef0-432b-9dff-688e83cfbc8d', 'cccfa691-dc97-463d-829d-d829b3b21194', 'Alexis goes live!', 'record', 'Alexis goes live!', '', '[]', '994391cf-d41e-46f4-b6eb-ce53824e3a0c', 'Litterature', '{"width":1280,"height":720,"bitrate":1276.42}', '', '34343', '2015-09-28 14:58:56.783800+0000', '2015-09-28 21:26:57.920700+0000');
INSERT INTO "neap"."video"(video_id, stream_id, title, type, description, status, tags, topic_id, topic, media_info, preview, views, created_at, updated_at)
    VALUES ('8e77ee8f-1410-4236-990e-8171ae4a4cdd', 'cccfa691-dc97-463d-829d-d829b3b21194', 'Alexis goes live!', 'record', 'Alexis goes live!', '', '[]', '994391cf-d41e-46f4-b6eb-ce53824e3a0c', 'Litterature', '{"width":1280,"height":720,"bitrate":1367.19}', '', '17655', '2015-09-26 22:14:02.752400+0000', '2015-09-27 04:27:35.843900+0000');
INSERT INTO "neap"."stream"(stream_id, channel_id, title, topic_id, topic, media_info, viewers, created_at, updated_at, ended_at)
    VALUES ('cb147c79-37c4-48e7-a083-a2a8e4240ac3', 'f9b63fe5-889e-413b-8944-838a6dbbc7a2', 'Alexis goes live!', '284b3091-455d-4476-ae67-442a19d153d4', 'Mathematics', '{"width":1280,"height":720,"bitrate":930.75}', 1255, '2015-09-24 10:19:20.144100+0000', '2015-09-24 12:09:55.759100+0000', '2015-09-24 12:41:14.856100+0000');
INSERT INTO "neap"."video"(video_id, stream_id, title, type, description, status, tags, topic_id, topic, media_info, preview, views, created_at, updated_at)
    VALUES ('fab23ed4-00e5-4c8a-8dba-429ef450af54', 'cb147c79-37c4-48e7-a083-a2a8e4240ac3', 'Alexis goes live!', 'record', 'Alexis goes live!', '', '[]', '284b3091-455d-4476-ae67-442a19d153d4', 'Mathematics', '{"width":1280,"height":720,"bitrate":1016.79}', '', '27621', '2015-10-20 00:08:19.392800+0000', '2015-10-20 07:53:05.952100+0000');
INSERT INTO "neap"."stream"(stream_id, channel_id, title, topic_id, topic, media_info, viewers, created_at, updated_at, ended_at)
    VALUES ('e52bb8d1-9a5c-4098-b6f0-5dfbd82d3c2f', 'f9b63fe5-889e-413b-8944-838a6dbbc7a2', 'Fun with Mathematics and Alexis', '284b3091-455d-4476-ae67-442a19d153d4', 'Mathematics', '{"width":720,"height":400,"bitrate":594.88}', 1131, '2015-10-20 16:42:10.984900+0000', '2015-10-20 22:43:00.840600+0000', '2015-10-20 22:43:10.588400+0000');
INSERT INTO "neap"."video"(video_id, stream_id, title, type, description, status, tags, topic_id, topic, media_info, preview, views, created_at, updated_at)
    VALUES ('c6674e3f-7817-4404-bef2-6a2a7455777e', 'e52bb8d1-9a5c-4098-b6f0-5dfbd82d3c2f', 'Fun with Mathematics and Alexis', 'record', 'Fun with Mathematics and Alexis', '', '[]', '284b3091-455d-4476-ae67-442a19d153d4', 'Mathematics', '{"width":720,"height":400,"bitrate":711}', '', '11576', '2015-10-28 19:36:29.258600+0000', '2015-10-29 20:45:39.779900+0000');
INSERT INTO "neap"."stream"(stream_id, channel_id, title, topic_id, topic, media_info, viewers, created_at, updated_at, ended_at)
    VALUES ('1376bd11-2951-47a7-9cb1-c93a01a5f664', 'f9b63fe5-889e-413b-8944-838a6dbbc7a2', 'The origins of Mathematics', '284b3091-455d-4476-ae67-442a19d153d4', 'Mathematics', '{"width":1920,"height":1080,"bitrate":1710.34}', 1768, '2015-09-18 04:22:20.042300+0000', '2015-09-18 05:42:24.693800+0000', '2015-09-18 05:44:04.534500+0000');
INSERT INTO "neap"."stream"(stream_id, channel_id, title, topic_id, topic, media_info, viewers, created_at, updated_at, ended_at)
    VALUES ('aec02fa3-4b00-4662-b9dc-1abe4854f515', 'f9b63fe5-889e-413b-8944-838a6dbbc7a2', 'Today is Photography day', 'e496e832-363e-4228-b518-7fe126ccaa04', 'Photography', '{"width":1920,"height":1080,"bitrate":2544.64}', 1204, '2015-10-27 21:08:35.359700+0000', '2015-10-27 22:30:17.578400+0000', '2015-10-27 23:16:22.307000+0000');
INSERT INTO "neap"."video"(video_id, stream_id, title, type, description, status, tags, topic_id, topic, media_info, preview, views, created_at, updated_at)
    VALUES ('006ab100-0578-4c26-869a-aafc2449b439', 'aec02fa3-4b00-4662-b9dc-1abe4854f515', 'Today is Photography day', 'record', 'Today is Photography day', '', '[]', 'e496e832-363e-4228-b518-7fe126ccaa04', 'Photography', '{"width":1920,"height":1080,"bitrate":1573.57}', '', '14788', '2015-10-30 09:56:02.481600+0000', '2015-11-04 09:55:40.057200+0000');
INSERT INTO "neap"."stream"(stream_id, channel_id, title, topic_id, topic, media_info, viewers, created_at, updated_at, ended_at)
    VALUES ('ff14f37f-e456-485f-a3dc-d2ae0d1967ae', 'f9b63fe5-889e-413b-8944-838a6dbbc7a2', 'Fun with Mathematics and Alexis', '284b3091-455d-4476-ae67-442a19d153d4', 'Mathematics', '{"width":1280,"height":720,"bitrate":1070.23}', 1441, '2015-10-18 11:12:25.293700+0000', '2015-10-18 19:04:09.056600+0000', '2015-10-18 19:12:20.543600+0000');
INSERT INTO "neap"."video"(video_id, stream_id, title, type, description, status, tags, topic_id, topic, media_info, preview, views, created_at, updated_at)
    VALUES ('700db4a1-a676-4894-ac34-32e1a1eb5e8a', 'ff14f37f-e456-485f-a3dc-d2ae0d1967ae', 'Fun with Mathematics and Alexis', 'record', 'Fun with Mathematics and Alexis', '', '[]', '284b3091-455d-4476-ae67-442a19d153d4', 'Mathematics', '{"width":1280,"height":720,"bitrate":768.41}', '', '12235', '2015-11-01 19:11:58.795300+0000', '2015-11-01 20:10:18.362800+0000');
INSERT INTO "neap"."video"(video_id, stream_id, title, type, description, status, tags, topic_id, topic, media_info, preview, views, created_at, updated_at)
    VALUES ('ba57ee45-e710-4dab-b3ec-103e565eaaee', 'ff14f37f-e456-485f-a3dc-d2ae0d1967ae', 'Fun with Mathematics and Alexis', 'record', 'Fun with Mathematics and Alexis', '', '[]', '284b3091-455d-4476-ae67-442a19d153d4', 'Mathematics', '{"width":1280,"height":720,"bitrate":1351.67}', '', '30565', '2015-10-23 02:00:18.205100+0000', '2015-10-26 10:55:27.264100+0000');
INSERT INTO "neap"."stream"(stream_id, channel_id, title, topic_id, topic, media_info, viewers, created_at, updated_at, ended_at)
    VALUES ('59ba058c-c92c-47de-869e-b78acf04609f', 'f9b63fe5-889e-413b-8944-838a6dbbc7a2', 'Fun with Photography and Alexis', 'e496e832-363e-4228-b518-7fe126ccaa04', 'Photography', '{"width":720,"height":400,"bitrate":590.97}', 1641, '2015-06-29 00:09:03.066500+0000', '2015-06-29 01:12:39.995100+0000', '2015-06-29 01:12:42.296000+0000');
INSERT INTO "neap"."video"(video_id, stream_id, title, type, description, status, tags, topic_id, topic, media_info, preview, views, created_at, updated_at)
    VALUES ('b9365dfc-c0a8-4641-8417-2d0c57b9673e', '59ba058c-c92c-47de-869e-b78acf04609f', 'Fun with Photography and Alexis', 'record', 'Fun with Photography and Alexis', '', '[]', 'e496e832-363e-4228-b518-7fe126ccaa04', 'Photography', '{"width":720,"height":400,"bitrate":653.25}', '', '11154', '2015-07-14 23:29:58.979100+0000', '2015-07-18 20:55:49.255200+0000');
INSERT INTO "neap"."user"(user_id, channel_id, type, username, email, password, display_name, logo, bio, created_at, updated_at)
    VALUES ('291e0bb6-ebb3-49be-8dff-f2c650d17608', 'dbe2aa97-1592-498c-9a89-bfe9f0c1d532', 'user', 'christian', 'christian@neap.io', '$2y$10$wFCR4WbykyyQxLK45Z2hWOUOfvS1ZU0R84NOpkkg5nv92WLZ81aRe', 'Christian', 'https://gravatar.com/avatar/780973863e564d5e453fe0392ad37afd?s=128&d=identicon', null, '2015-05-14 21:23:11.803600+0000', '2015-09-24 16:26:29.876500+0000');
INSERT INTO "neap"."channel"(channel_id, user_id, chat_id, name, display_name, topic, language, views, followers)
    VALUES ('dbe2aa97-1592-498c-9a89-bfe9f0c1d532', '291e0bb6-ebb3-49be-8dff-f2c650d17608', '17b584c4-cfc2-4aa3-a44d-deaa22120aeb', 'christian', 'Christian Channel', 'Music', 'en', 59754, 149);
INSERT INTO "neap"."chat"(chat_id, channel_id, name)
    VALUES ('17b584c4-cfc2-4aa3-a44d-deaa22120aeb', 'dbe2aa97-1592-498c-9a89-bfe9f0c1d532', 'christian');
INSERT INTO "neap"."stream"(stream_id, channel_id, title, topic_id, topic, media_info, viewers, created_at, updated_at, ended_at)
    VALUES ('6b092136-771c-4cc6-a968-a7ef08192534', 'dbe2aa97-1592-498c-9a89-bfe9f0c1d532', 'Christian goes live!', '5f6c7ec0-84ab-4d8e-a2d7-ff1887b55d6e', 'History', '{"width":720,"height":400,"bitrate":558.43}', 1680, '2015-10-11 08:42:54.956700+0000', '2015-10-11 13:40:31.420000+0000', '2015-10-11 13:51:25.959200+0000');
INSERT INTO "neap"."stream"(stream_id, channel_id, title, topic_id, topic, media_info, viewers, created_at, updated_at, ended_at)
    VALUES ('a139f69d-bda7-425a-bf36-10b93da68ed7', 'dbe2aa97-1592-498c-9a89-bfe9f0c1d532', 'Come on and have fun with Christian!', 'd2ea25fc-eb67-4c63-86d0-58ba2ce51b56', 'Theology', '{"width":1280,"height":720,"bitrate":1285.54}', 52, '2015-07-30 09:39:08.653600+0000', '2015-07-30 17:11:43.296900+0000', '2015-07-30 17:15:18.467500+0000');
INSERT INTO "neap"."user"(user_id, channel_id, type, username, email, password, display_name, logo, bio, created_at, updated_at)
    VALUES ('50ebb749-1d7e-4d10-8dc8-50a6f0ab2a78', 'ff167aad-8adc-4f01-9e77-e856c5cf93b4', 'user', 'salvador', 'salvador@neap.io', '$2y$10$YtH2iDC7k0hiPr.5dK4uFONix0YLD2j0WDW7YfkBTRBKc6nrc6KO6', 'Salvador', 'https://gravatar.com/avatar/4bd4107f3735e295ffb1bb934c8168b6?s=128&d=identicon', null, '2015-03-04 18:21:33.971200+0000', '2015-06-12 11:30:19.294000+0000');
INSERT INTO "neap"."channel"(channel_id, user_id, chat_id, name, display_name, topic, language, views, followers)
    VALUES ('ff167aad-8adc-4f01-9e77-e856c5cf93b4', '50ebb749-1d7e-4d10-8dc8-50a6f0ab2a78', '2f03d417-4c10-4f67-bbf3-507600468709', 'salvador', 'Salvador Channel', 'History', 'en', 19653, 20);
INSERT INTO "neap"."chat"(chat_id, channel_id, name)
    VALUES ('2f03d417-4c10-4f67-bbf3-507600468709', 'ff167aad-8adc-4f01-9e77-e856c5cf93b4', 'salvador');
INSERT INTO "neap"."stream"(stream_id, channel_id, title, topic_id, topic, media_info, viewers, created_at, updated_at, ended_at)
    VALUES ('e3190ffd-991b-4648-8e16-63b15c314057', 'ff167aad-8adc-4f01-9e77-e856c5cf93b4', 'Salvador goes live!', '35fa82dc-ed25-47fb-b6cd-58ae8a151f60', 'Philosophy', '{"width":1920,"height":1080,"bitrate":1120.54}', 1484, '2015-09-25 22:20:38.991800+0000', '2015-09-25 23:07:42.497200+0000', '2015-09-25 23:26:06.613700+0000');
INSERT INTO "neap"."video"(video_id, stream_id, title, type, description, status, tags, topic_id, topic, media_info, preview, views, created_at, updated_at)
    VALUES ('326c227b-86b0-426c-8ee1-7239bd64f30f', 'e3190ffd-991b-4648-8e16-63b15c314057', 'Salvador goes live!', 'record', 'Salvador goes live!', '', '[]', '35fa82dc-ed25-47fb-b6cd-58ae8a151f60', 'Philosophy', '{"width":1920,"height":1080,"bitrate":2964.59}', '', '65', '2015-10-27 12:07:06.305500+0000', '2015-10-30 11:50:42.193500+0000');
INSERT INTO "neap"."stream"(stream_id, channel_id, title, topic_id, topic, media_info, viewers, created_at, updated_at, ended_at)
    VALUES ('3a0f7f58-aabd-4b7a-8926-798cd93cdcd2', 'ff167aad-8adc-4f01-9e77-e856c5cf93b4', 'Salvador goes live!', 'e496e832-363e-4228-b518-7fe126ccaa04', 'Photography', '{"width":720,"height":400,"bitrate":772.51}', 368, '2015-09-16 06:43:23.596200+0000', '2015-09-16 12:56:48.163400+0000', '2015-09-16 12:58:53.106200+0000');
INSERT INTO "neap"."video"(video_id, stream_id, title, type, description, status, tags, topic_id, topic, media_info, preview, views, created_at, updated_at)
    VALUES ('dcd2eb88-b7c8-4ea2-b58b-975f7d944b10', '3a0f7f58-aabd-4b7a-8926-798cd93cdcd2', 'Salvador goes live!', 'highlight', 'Salvador goes live!', '', '[]', 'e496e832-363e-4228-b518-7fe126ccaa04', 'Photography', '{"width":720,"height":400,"bitrate":730.19}', '', '33860', '2015-10-17 06:53:16.782800+0000', '2015-10-17 12:17:06.989000+0000');
INSERT INTO "neap"."video"(video_id, stream_id, title, type, description, status, tags, topic_id, topic, media_info, preview, views, created_at, updated_at)
    VALUES ('2b75dee8-bf7a-499b-85d0-317c557db6fb', '3a0f7f58-aabd-4b7a-8926-798cd93cdcd2', 'Salvador goes live!', 'record', 'Salvador goes live!', '', '[]', 'e496e832-363e-4228-b518-7fe126ccaa04', 'Photography', '{"width":720,"height":400,"bitrate":777.43}', '', '34192', '2015-11-01 03:49:07.916900+0000', '2015-11-02 03:57:38.142200+0000');
INSERT INTO "neap"."user"(user_id, channel_id, type, username, email, password, display_name, logo, bio, created_at, updated_at)
    VALUES ('eab7714d-6c57-49ae-94ca-a00bf2bfdba0', '6f1e436b-9985-4ab2-bf6c-0e9bb280e627', 'user', 'miller', 'miller@neap.io', '$2y$10$KjLTbSpch4Bb5v2sI0XRQeuURxJB9U6msqz64A7YvSLG3.53iCmK.', 'Miller', 'https://gravatar.com/avatar/4a60a864f197f6cd5a7e784eec251ddb?s=128&d=identicon', null, '2015-05-24 10:31:49.663300+0000', '2015-11-01 07:53:49.898100+0000');
INSERT INTO "neap"."channel"(channel_id, user_id, chat_id, name, display_name, topic, language, views, followers)
    VALUES ('6f1e436b-9985-4ab2-bf6c-0e9bb280e627', 'eab7714d-6c57-49ae-94ca-a00bf2bfdba0', '3cb59504-e00a-4d64-b09c-7bc3d46b5c0f', 'miller', 'Miller Channel', 'Science', 'en', 21466, 116);
INSERT INTO "neap"."chat"(chat_id, channel_id, name)
    VALUES ('3cb59504-e00a-4d64-b09c-7bc3d46b5c0f', '6f1e436b-9985-4ab2-bf6c-0e9bb280e627', 'miller');
INSERT INTO "neap"."stream"(stream_id, channel_id, title, topic_id, topic, media_info, viewers, created_at, updated_at, ended_at)
    VALUES ('046813b5-28ca-4995-8529-56c028034310', '6f1e436b-9985-4ab2-bf6c-0e9bb280e627', 'Come on and have fun with Miller!', '35fa82dc-ed25-47fb-b6cd-58ae8a151f60', 'Philosophy', '{"width":1920,"height":1080,"bitrate":1705.65}', 87134, '2015-08-01 00:53:07.376500+0000', '2015-08-01 04:15:42.819400+0000', '2015-08-01 05:26:08.267900+0000');
INSERT INTO "neap"."stream"(stream_id, channel_id, title, topic_id, topic, media_info, viewers, created_at, updated_at, ended_at)
    VALUES ('16241369-2a56-4065-93e2-e7c4ca422825', '6f1e436b-9985-4ab2-bf6c-0e9bb280e627', 'Today is History day', '5f6c7ec0-84ab-4d8e-a2d7-ff1887b55d6e', 'History', '{"width":720,"height":400,"bitrate":717.26}', 369, '2015-10-08 01:42:53.749700+0000', '2015-10-08 02:16:29.577900+0000', '2015-10-08 02:41:21.401900+0000');
INSERT INTO "neap"."video"(video_id, stream_id, title, type, description, status, tags, topic_id, topic, media_info, preview, views, created_at, updated_at)
    VALUES ('71a3e91b-2c22-42ba-99cb-8496f55a92d5', '16241369-2a56-4065-93e2-e7c4ca422825', 'Today is History day', 'record', 'Today is History day', '', '[]', '5f6c7ec0-84ab-4d8e-a2d7-ff1887b55d6e', 'History', '{"width":720,"height":400,"bitrate":560.78}', '', '33180', '2015-10-10 08:42:55.335800+0000', '2015-10-13 11:57:17.800700+0000');
INSERT INTO "neap"."video"(video_id, stream_id, title, type, description, status, tags, topic_id, topic, media_info, preview, views, created_at, updated_at)
    VALUES ('f36737cb-d99b-4188-8df6-1053b852b328', '16241369-2a56-4065-93e2-e7c4ca422825', 'Today is History day', 'record', 'Today is History day', '', '[]', '5f6c7ec0-84ab-4d8e-a2d7-ff1887b55d6e', 'History', '{"width":720,"height":400,"bitrate":573.15}', '', '17012', '2015-10-29 23:03:38.232200+0000', '2015-10-30 02:16:50.919400+0000');
INSERT INTO "neap"."stream"(stream_id, channel_id, title, topic_id, topic, media_info, viewers, created_at, updated_at, ended_at)
    VALUES ('c0bec110-cf7e-4345-83a9-7c6f0275ff87', '6f1e436b-9985-4ab2-bf6c-0e9bb280e627', 'Miller goes live!', '284b3091-455d-4476-ae67-442a19d153d4', 'Mathematics', '{"width":1920,"height":1080,"bitrate":1139.86}', 195, '2015-10-25 04:10:19.433900+0000', '2015-10-25 07:18:14.321100+0000', '2015-10-25 08:22:20.267400+0000');
INSERT INTO "neap"."video"(video_id, stream_id, title, type, description, status, tags, topic_id, topic, media_info, preview, views, created_at, updated_at)
    VALUES ('5b4f3df9-960f-4f89-88d8-0a79b75e93d2', 'c0bec110-cf7e-4345-83a9-7c6f0275ff87', 'Miller goes live!', 'record', 'Miller goes live!', '', '[]', '284b3091-455d-4476-ae67-442a19d153d4', 'Mathematics', '{"width":1920,"height":1080,"bitrate":1441.63}', '', '4080', '2015-10-27 07:04:28.104300+0000', '2015-10-29 01:08:29.378100+0000');
INSERT INTO "neap"."video"(video_id, stream_id, title, type, description, status, tags, topic_id, topic, media_info, preview, views, created_at, updated_at)
    VALUES ('db100e2b-3c0f-4a8d-a9b0-f6d16ab32c22', 'c0bec110-cf7e-4345-83a9-7c6f0275ff87', 'Miller goes live!', 'record', 'Miller goes live!', '', '[]', '284b3091-455d-4476-ae67-442a19d153d4', 'Mathematics', '{"width":1920,"height":1080,"bitrate":1812.97}', '', '35811', '2015-10-30 02:58:04.870100+0000', '2015-10-30 14:57:52.528400+0000');
INSERT INTO "neap"."user"(user_id, channel_id, type, username, email, password, display_name, logo, bio, created_at, updated_at)
    VALUES ('56836afc-2e34-4740-9ce4-e5a949632b46', '8666f778-1732-4dec-a7ae-01f2e494ec81', 'user', 'makayla', 'makayla@neap.io', '$2y$10$tc01xKc0rSqESQnPqI6LneFQmduyUGgPXWheN8YyDWvSTWyRqam9C', 'Makayla', 'https://gravatar.com/avatar/73988099e902fab3716fb58730d1d7b7?s=128&d=identicon', null, '2015-08-29 11:36:38.579300+0000', '2015-10-27 13:04:51.004600+0000');
INSERT INTO "neap"."channel"(channel_id, user_id, chat_id, name, display_name, topic, language, views, followers)
    VALUES ('8666f778-1732-4dec-a7ae-01f2e494ec81', '56836afc-2e34-4740-9ce4-e5a949632b46', 'a426ce13-7670-49cd-82b0-050c151cca9b', 'makayla', 'Makayla Channel', 'Photography', 'en', 11490, 36);
INSERT INTO "neap"."chat"(chat_id, channel_id, name)
    VALUES ('a426ce13-7670-49cd-82b0-050c151cca9b', '8666f778-1732-4dec-a7ae-01f2e494ec81', 'makayla');
INSERT INTO "neap"."stream"(stream_id, channel_id, title, topic_id, topic, media_info, viewers, created_at, updated_at, ended_at)
    VALUES ('bbc9a8ad-6ff6-44c9-b1ab-347375026e7f', '8666f778-1732-4dec-a7ae-01f2e494ec81', 'Fun with Biology and Makayla', 'd4f06d27-2693-4552-bd85-d9875651ce39', 'Biology', '{"width":1280,"height":720,"bitrate":1168.33}', 1836, '2015-09-13 21:26:04.391700+0000', '2015-09-14 02:39:09.574700+0000', '2015-09-14 02:43:39.600000+0000');
INSERT INTO "neap"."video"(video_id, stream_id, title, type, description, status, tags, topic_id, topic, media_info, preview, views, created_at, updated_at)
    VALUES ('b6718203-0e92-42b7-8186-02bcf9624861', 'bbc9a8ad-6ff6-44c9-b1ab-347375026e7f', 'Fun with Biology and Makayla', 'record', 'Fun with Biology and Makayla', '', '[]', 'd4f06d27-2693-4552-bd85-d9875651ce39', 'Biology', '{"width":1280,"height":720,"bitrate":1455.04}', '', '4462', '2015-10-10 08:48:46.067500+0000', '2015-10-10 10:37:57.755200+0000');
INSERT INTO "neap"."video"(video_id, stream_id, title, type, description, status, tags, topic_id, topic, media_info, preview, views, created_at, updated_at)
    VALUES ('b20a59de-b888-4cd2-bc66-7ffd197c6921', 'bbc9a8ad-6ff6-44c9-b1ab-347375026e7f', 'Fun with Biology and Makayla', 'record', 'Fun with Biology and Makayla', '', '[]', 'd4f06d27-2693-4552-bd85-d9875651ce39', 'Biology', '{"width":1280,"height":720,"bitrate":1413.14}', '', '10962', '2015-10-12 00:34:46.377000+0000', '2015-10-12 04:51:50.902600+0000');
INSERT INTO "neap"."stream"(stream_id, channel_id, title, topic_id, topic, media_info, viewers, created_at, updated_at, ended_at)
    VALUES ('d7b7aa16-05d3-489c-8277-3cfe19f49964', '8666f778-1732-4dec-a7ae-01f2e494ec81', 'Makayla goes live!', 'b369c464-cdea-4356-9d70-1450585652e2', 'Music', '{"width":720,"height":400,"bitrate":516.51}', 741, '2015-09-25 00:20:06.544600+0000', '2015-09-25 00:39:47.093500+0000', '2015-09-25 00:57:48.153500+0000');
INSERT INTO "neap"."video"(video_id, stream_id, title, type, description, status, tags, topic_id, topic, media_info, preview, views, created_at, updated_at)
    VALUES ('ddfcae7f-2b62-48ee-bb16-6fffa6c59319', 'd7b7aa16-05d3-489c-8277-3cfe19f49964', 'Makayla goes live!', 'record', 'Makayla goes live!', '', '[]', 'b369c464-cdea-4356-9d70-1450585652e2', 'Music', '{"width":720,"height":400,"bitrate":758.74}', '', '35564', '2015-10-26 09:44:27.902500+0000', '2015-10-30 19:46:35.128100+0000');
INSERT INTO "neap"."stream"(stream_id, channel_id, title, topic_id, topic, media_info, viewers, created_at, updated_at, ended_at)
    VALUES ('7478fc13-e0b9-45f5-b018-d9feef378352', '8666f778-1732-4dec-a7ae-01f2e494ec81', 'Makayla goes live!', 'e496e832-363e-4228-b518-7fe126ccaa04', 'Photography', '{"width":1920,"height":1080,"bitrate":2121.53}', 401, '2015-09-22 18:29:45.192300+0000', '2015-09-22 23:09:50.347800+0000', '2015-09-22 23:18:16.842300+0000');
INSERT INTO "neap"."video"(video_id, stream_id, title, type, description, status, tags, topic_id, topic, media_info, preview, views, created_at, updated_at)
    VALUES ('3fbec296-9408-4126-b380-b6865b572cbc', '7478fc13-e0b9-45f5-b018-d9feef378352', 'Makayla goes live!', 'record', 'Makayla goes live!', '', '[]', 'e496e832-363e-4228-b518-7fe126ccaa04', 'Photography', '{"width":1920,"height":1080,"bitrate":3275.57}', '', '28262', '2015-09-29 11:43:28.253700+0000', '2015-10-02 04:36:37.090700+0000');
INSERT INTO "neap"."stream"(stream_id, channel_id, title, topic_id, topic, media_info, viewers, created_at, updated_at, ended_at)
    VALUES ('b7c168c6-eb36-4228-86aa-384d7be4d2fe', '8666f778-1732-4dec-a7ae-01f2e494ec81', 'Today is Science day', '1cae4612-f178-4a0e-b3af-343a88b99638', 'Science', '{"width":1280,"height":720,"bitrate":1002.21}', 878, '2015-10-30 18:54:07.542300+0000', '2015-10-31 02:16:29.832500+0000', '2015-10-31 02:26:43.766700+0000');
INSERT INTO "neap"."video"(video_id, stream_id, title, type, description, status, tags, topic_id, topic, media_info, preview, views, created_at, updated_at)
    VALUES ('3b289a88-26b6-4dd5-9b9e-47723e404fe0', 'b7c168c6-eb36-4228-86aa-384d7be4d2fe', 'Today is Science day', 'highlight', 'Today is Science day', '', '[]', '1cae4612-f178-4a0e-b3af-343a88b99638', 'Science', '{"width":1280,"height":720,"bitrate":1222.38}', '', '11176', '2015-10-31 23:54:02.375500+0000', '2015-11-01 21:33:54.564300+0000');
INSERT INTO "neap"."user"(user_id, channel_id, type, username, email, password, display_name, logo, bio, created_at, updated_at)
    VALUES ('c91c591c-5d2f-4374-bf69-f42719b21959', '695a8fa4-e4b9-4c73-9418-0932722c0368', 'user', 'daleyza', 'daleyza@neap.io', '$2y$10$BFkHRWeZV3y9XLoPYcw4lOFyPE5/dFtj/UkKECobnrPpNnsgVVAdu', 'Daleyza', 'https://gravatar.com/avatar/e2fe045cd8aa306156a7ab5e460d7d57?s=128&d=identicon', null, '2015-03-04 16:38:35.571100+0000', '2015-04-02 02:51:46.818100+0000');
INSERT INTO "neap"."channel"(channel_id, user_id, chat_id, name, display_name, topic, language, views, followers)
    VALUES ('695a8fa4-e4b9-4c73-9418-0932722c0368', 'c91c591c-5d2f-4374-bf69-f42719b21959', '97e60600-1f79-44a3-8a73-770f2765642b', 'daleyza', 'Daleyza Channel', 'Theology', 'en', 72659, 17);
INSERT INTO "neap"."chat"(chat_id, channel_id, name)
    VALUES ('97e60600-1f79-44a3-8a73-770f2765642b', '695a8fa4-e4b9-4c73-9418-0932722c0368', 'daleyza');
INSERT INTO "neap"."stream"(stream_id, channel_id, title, topic_id, topic, media_info, viewers, created_at, updated_at, ended_at)
    VALUES ('636ca478-7b00-42df-b18a-2b5eaa7081d3', '695a8fa4-e4b9-4c73-9418-0932722c0368', 'The origins of Photography', 'e496e832-363e-4228-b518-7fe126ccaa04', 'Photography', '{"width":720,"height":400,"bitrate":774.75}', 68, '2015-10-21 22:55:35.820400+0000', '2015-10-22 02:39:10.483900+0000', '2015-10-22 02:43:14.495400+0000');
INSERT INTO "neap"."video"(video_id, stream_id, title, type, description, status, tags, topic_id, topic, media_info, preview, views, created_at, updated_at)
    VALUES ('e42aa4e7-9235-48b3-aca0-f34618275909', '636ca478-7b00-42df-b18a-2b5eaa7081d3', 'The origins of Photography', 'record', 'The origins of Photography', '', '[]', 'e496e832-363e-4228-b518-7fe126ccaa04', 'Photography', '{"width":720,"height":400,"bitrate":695.47}', '', '33989', '2015-10-28 04:11:37.328300+0000', '2015-10-28 16:58:11.043000+0000');
INSERT INTO "neap"."stream"(stream_id, channel_id, title, topic_id, topic, media_info, viewers, created_at, updated_at, ended_at)
    VALUES ('1689d2e1-8bd4-47fd-8d66-a3ca06ec49c3', '695a8fa4-e4b9-4c73-9418-0932722c0368', 'Today is Litterature day', '994391cf-d41e-46f4-b6eb-ce53824e3a0c', 'Litterature', '{"width":1280,"height":720,"bitrate":931.01}', 960, '2015-04-05 05:01:28.860800+0000', '2015-04-05 05:05:58.293700+0000', '2015-04-05 06:21:05.706100+0000');
INSERT INTO "neap"."video"(video_id, stream_id, title, type, description, status, tags, topic_id, topic, media_info, preview, views, created_at, updated_at)
    VALUES ('ce2282e5-04c1-42a7-9264-1bb6fda96cac', '1689d2e1-8bd4-47fd-8d66-a3ca06ec49c3', 'Today is Litterature day', 'record', 'Today is Litterature day', '', '[]', '994391cf-d41e-46f4-b6eb-ce53824e3a0c', 'Litterature', '{"width":1280,"height":720,"bitrate":867.31}', '', '38814', '2015-09-05 22:56:56.478700+0000', '2015-09-06 19:38:30.509400+0000');
INSERT INTO "neap"."stream"(stream_id, channel_id, title, topic_id, topic, media_info, viewers, created_at, updated_at, ended_at)
    VALUES ('306e8d5b-d3af-4f56-bbb3-5876dd88d134', '695a8fa4-e4b9-4c73-9418-0932722c0368', 'Biology?? Yeah, Biology!', 'd4f06d27-2693-4552-bd85-d9875651ce39', 'Biology', '{"width":1920,"height":1080,"bitrate":2302.33}', 1567, '2015-04-13 03:11:46.526000+0000', '2015-04-13 04:45:04.352500+0000', '2015-04-13 04:46:56.036900+0000');
INSERT INTO "neap"."stream"(stream_id, channel_id, title, topic_id, topic, media_info, viewers, created_at, updated_at, ended_at)
    VALUES ('e176c485-5e76-4699-aa89-ea831629f536', '695a8fa4-e4b9-4c73-9418-0932722c0368', 'Fun with Science and Daleyza', '1cae4612-f178-4a0e-b3af-343a88b99638', 'Science', '{"width":1280,"height":720,"bitrate":1454.45}', 1697, '2015-06-16 00:35:16.138900+0000', '2015-06-16 02:04:41.215600+0000', '2015-06-16 02:31:08.275800+0000');
INSERT INTO "neap"."user"(user_id, channel_id, type, username, email, password, display_name, logo, bio, created_at, updated_at)
    VALUES ('9a6aa0fc-8837-44fa-b3e9-3560961ab223', 'f3d5d4ac-8ddd-48a0-ba0b-8212e782becd', 'user', 'marcos', 'marcos@neap.io', '$2y$10$hwHY.FnY1F.HmsoVvjFxtu/n02IIDbDTCt3FvaAakEZVUUg8N1vDq', 'Marcos', 'https://gravatar.com/avatar/7dbb9da9f634b7c05bd9572b19fa927e?s=128&d=identicon', null, '2015-05-27 23:05:55.862000+0000', '2015-05-28 09:33:37.845400+0000');
INSERT INTO "neap"."channel"(channel_id, user_id, chat_id, name, display_name, topic, language, views, followers)
    VALUES ('f3d5d4ac-8ddd-48a0-ba0b-8212e782becd', '9a6aa0fc-8837-44fa-b3e9-3560961ab223', '9413d897-8fbc-442c-8348-05b8c31c21d5', 'marcos', 'Marcos Channel', 'Theology', 'en', 85652, 144);
INSERT INTO "neap"."chat"(chat_id, channel_id, name)
    VALUES ('9413d897-8fbc-442c-8348-05b8c31c21d5', 'f3d5d4ac-8ddd-48a0-ba0b-8212e782becd', 'marcos');
INSERT INTO "neap"."stream"(stream_id, channel_id, title, topic_id, topic, media_info, viewers, created_at, updated_at, ended_at)
    VALUES ('818e917d-5174-4d76-be3d-ad56aea6cad4', 'f3d5d4ac-8ddd-48a0-ba0b-8212e782becd', 'Come on and have fun with Marcos!', '284b3091-455d-4476-ae67-442a19d153d4', 'Mathematics', '{"width":720,"height":400,"bitrate":585.11}', 3, '2015-10-29 11:49:41.567800+0000', '2015-10-29 13:05:57.937600+0000', '2015-10-29 13:06:01.774500+0000');
INSERT INTO "neap"."stream"(stream_id, channel_id, title, topic_id, topic, media_info, viewers, created_at, updated_at, ended_at)
    VALUES ('a246f043-f536-488c-8d6b-5f77d5b3df1f', 'f3d5d4ac-8ddd-48a0-ba0b-8212e782becd', 'Come on and have fun with Marcos!', '284b3091-455d-4476-ae67-442a19d153d4', 'Mathematics', '{"width":1920,"height":1080,"bitrate":1281.49}', 153, '2015-10-24 14:03:07.504900+0000', '2015-10-24 14:54:36.273800+0000', '2015-10-24 14:56:00.442800+0000');
INSERT INTO "neap"."stream"(stream_id, channel_id, title, topic_id, topic, media_info, viewers, created_at, updated_at, ended_at)
    VALUES ('d43879ab-5aeb-453e-b007-12eb91987a09', 'f3d5d4ac-8ddd-48a0-ba0b-8212e782becd', 'Fun with Theology and Marcos', 'd2ea25fc-eb67-4c63-86d0-58ba2ce51b56', 'Theology', '{"width":1920,"height":1080,"bitrate":1354.3}', 1548, '2015-10-19 08:52:02.996200+0000', '2015-10-19 13:45:02.281500+0000', '2015-10-19 14:59:08.796200+0000');
INSERT INTO "neap"."user"(user_id, channel_id, type, username, email, password, display_name, logo, bio, created_at, updated_at)
    VALUES ('286cc413-4ca4-49b5-be14-e0bbb967706c', 'cbbeddff-24d0-4ac4-a466-23c90297cb87', 'user', 'ruben', 'ruben@neap.io', '$2y$10$evTqUdfyJmurrkrjPyweXOs2FyPk.SrSJoRy/WkoRzNs855oyT1Tq', 'Ruben', 'https://gravatar.com/avatar/b32773eabb5b93f0a5cd40c23988305e?s=128&d=identicon', null, '2015-01-29 01:35:10.213000+0000', '2015-05-19 21:33:52.632800+0000');
INSERT INTO "neap"."channel"(channel_id, user_id, chat_id, name, display_name, topic, language, views, followers)
    VALUES ('cbbeddff-24d0-4ac4-a466-23c90297cb87', '286cc413-4ca4-49b5-be14-e0bbb967706c', '6ee2e75e-f257-42e3-aa42-cda59cbb6789', 'ruben', 'Ruben Channel', 'History', 'en', 44620, 94);
INSERT INTO "neap"."chat"(chat_id, channel_id, name)
    VALUES ('6ee2e75e-f257-42e3-aa42-cda59cbb6789', 'cbbeddff-24d0-4ac4-a466-23c90297cb87', 'ruben');
INSERT INTO "neap"."stream"(stream_id, channel_id, title, topic_id, topic, media_info, viewers, created_at, updated_at, ended_at)
    VALUES ('2727da54-a07a-48ab-96db-ff58bf611242', 'cbbeddff-24d0-4ac4-a466-23c90297cb87', 'Come on and have fun with Ruben!', 'b369c464-cdea-4356-9d70-1450585652e2', 'Music', '{"width":720,"height":400,"bitrate":710.93}', 1988, '2015-04-15 14:35:36.358000+0000', '2015-04-15 15:19:56.038500+0000', '2015-04-15 15:20:23.733300+0000');
INSERT INTO "neap"."stream"(stream_id, channel_id, title, topic_id, topic, media_info, viewers, created_at, updated_at, ended_at)
    VALUES ('ec2f5a7b-8aa5-4f52-89c2-a2b4f325c342', 'cbbeddff-24d0-4ac4-a466-23c90297cb87', 'Theology?? Yeah, Theology!', 'd2ea25fc-eb67-4c63-86d0-58ba2ce51b56', 'Theology', '{"width":1920,"height":1080,"bitrate":2019.37}', 1676, '2015-08-05 15:28:49.883100+0000', '2015-08-05 15:29:23.642500+0000', '2015-08-05 15:30:24.397000+0000');
INSERT INTO "neap"."video"(video_id, stream_id, title, type, description, status, tags, topic_id, topic, media_info, preview, views, created_at, updated_at)
    VALUES ('d58234b9-5bc8-4a55-9c5b-21650ad55fe7', 'ec2f5a7b-8aa5-4f52-89c2-a2b4f325c342', 'Theology?? Yeah, Theology!', 'record', 'Theology?? Yeah, Theology!', '', '[]', 'd2ea25fc-eb67-4c63-86d0-58ba2ce51b56', 'Theology', '{"width":1920,"height":1080,"bitrate":2843.51}', '', '16092', '2015-08-29 21:31:15.486700+0000', '2015-08-30 22:02:50.805200+0000');
INSERT INTO "neap"."stream"(stream_id, channel_id, title, topic_id, topic, media_info, viewers, created_at, updated_at, ended_at)
    VALUES ('294df3a4-e6b4-44e6-8472-8cd91f5b7f71', 'cbbeddff-24d0-4ac4-a466-23c90297cb87', 'Relax stream', '1cae4612-f178-4a0e-b3af-343a88b99638', 'Science', '{"width":720,"height":400,"bitrate":700.26}', 140, '2015-08-14 14:20:19.681000+0000', '2015-08-14 14:29:47.080300+0000', '2015-08-14 14:45:34.979700+0000');
INSERT INTO "neap"."stream"(stream_id, channel_id, title, topic_id, topic, media_info, viewers, created_at, updated_at, ended_at)
    VALUES ('edb3de78-785a-46dc-8941-15451dbe4096', 'cbbeddff-24d0-4ac4-a466-23c90297cb87', 'Today is Mathematics day', '284b3091-455d-4476-ae67-442a19d153d4', 'Mathematics', '{"width":1920,"height":1080,"bitrate":2568.45}', 1485, '2015-05-27 04:46:04.884900+0000', '2015-05-27 07:00:35.318300+0000', '2015-05-27 08:09:49.448100+0000');
INSERT INTO "neap"."stream"(stream_id, channel_id, title, topic_id, topic, media_info, viewers, created_at, updated_at, ended_at)
    VALUES ('4dc2d3da-4590-420c-8724-ead4b4d55066', 'cbbeddff-24d0-4ac4-a466-23c90297cb87', 'Ruben goes live!', 'd4f06d27-2693-4552-bd85-d9875651ce39', 'Biology', '{"width":1280,"height":720,"bitrate":1041.08}', 1525, '2015-02-06 18:37:30.657200+0000', '2015-02-06 18:39:42.368100+0000', '2015-02-06 18:59:30.419800+0000');
INSERT INTO "neap"."user"(user_id, channel_id, type, username, email, password, display_name, logo, bio, created_at, updated_at)
    VALUES ('ae31edb7-231d-4887-af31-b061b0eb602a', '471ff597-2910-4a3e-8385-f77f1b22334b', 'user', 'leah', 'leah@neap.io', '$2y$10$awF9GrherH0/bBlHE32AG.ixY4xlfwQr1QqVjhDgz0NIvDWmluJzG', 'Leah', 'https://gravatar.com/avatar/d063d8a8f3b56da62c4f8d553665b43f?s=128&d=identicon', null, '2015-07-31 13:52:53.975700+0000', '2015-09-22 17:56:06.954000+0000');
INSERT INTO "neap"."channel"(channel_id, user_id, chat_id, name, display_name, topic, language, views, followers)
    VALUES ('471ff597-2910-4a3e-8385-f77f1b22334b', 'ae31edb7-231d-4887-af31-b061b0eb602a', '6af06a9a-1779-46ef-92e4-da9e06157859', 'leah', 'Leah Channel', 'Biology', 'en', 40725, 133);
INSERT INTO "neap"."chat"(chat_id, channel_id, name)
    VALUES ('6af06a9a-1779-46ef-92e4-da9e06157859', '471ff597-2910-4a3e-8385-f77f1b22334b', 'leah');
INSERT INTO "neap"."stream"(stream_id, channel_id, title, topic_id, topic, media_info, viewers, created_at, updated_at, ended_at)
    VALUES ('68696a3a-1328-474c-b7fe-eea6f57580f5', '471ff597-2910-4a3e-8385-f77f1b22334b', 'Fun with Science and Leah', '1cae4612-f178-4a0e-b3af-343a88b99638', 'Science', '{"width":720,"height":400,"bitrate":645.48}', 1422, '2015-09-19 15:30:52.223000+0000', '2015-09-19 17:15:20.460200+0000', '2015-09-19 17:23:57.332700+0000');
INSERT INTO "neap"."video"(video_id, stream_id, title, type, description, status, tags, topic_id, topic, media_info, preview, views, created_at, updated_at)
    VALUES ('f2e0d9e2-68a0-4a6a-858d-9abc6d05ae46', '68696a3a-1328-474c-b7fe-eea6f57580f5', 'Fun with Science and Leah', 'record', 'Fun with Science and Leah', '', '[]', '1cae4612-f178-4a0e-b3af-343a88b99638', 'Science', '{"width":720,"height":400,"bitrate":561.92}', '', '13755', '2015-10-31 10:02:32.299600+0000', '2015-10-31 15:08:21.793900+0000');
INSERT INTO "neap"."stream"(stream_id, channel_id, title, topic_id, topic, media_info, viewers, created_at, updated_at, ended_at)
    VALUES ('4cc00f3f-d10c-49dd-8fc4-f277062344c6', '471ff597-2910-4a3e-8385-f77f1b22334b', 'Come on and have fun with Leah!', '35fa82dc-ed25-47fb-b6cd-58ae8a151f60', 'Philosophy', '{"width":1280,"height":720,"bitrate":1418.75}', 693, '2015-08-17 02:45:06.120000+0000', '2015-08-17 07:21:26.586500+0000', '2015-08-17 07:28:11.797600+0000');
INSERT INTO "neap"."stream"(stream_id, channel_id, title, topic_id, topic, media_info, viewers, created_at, updated_at, ended_at)
    VALUES ('b1959441-43e5-43ac-ae44-675617c9adc3', '471ff597-2910-4a3e-8385-f77f1b22334b', 'Relax stream', '1cae4612-f178-4a0e-b3af-343a88b99638', 'Science', '{"width":720,"height":400,"bitrate":511.63}', 46928, '2015-09-15 14:34:32.009400+0000', '2015-09-15 15:53:57.833900+0000', '2015-09-15 16:11:29.845100+0000');
INSERT INTO "neap"."user"(user_id, channel_id, type, username, email, password, display_name, logo, bio, created_at, updated_at)
    VALUES ('afc5d3cf-7d72-47f9-9f7b-df8d6b146de0', '472771f3-24a1-439b-9458-e67f55a353d4', 'user', 'ana', 'ana@neap.io', '$2y$10$aoAdTp.nLDWa5EffIjUIieRhRF/PqjaezxxXpDM35Z1qA/RZTwAei', 'Ana', 'https://gravatar.com/avatar/840c9aea9157d2c3c162077d10a2961a?s=128&d=identicon', null, '2015-05-30 12:45:00.637000+0000', '2015-07-17 21:22:33.495300+0000');
INSERT INTO "neap"."channel"(channel_id, user_id, chat_id, name, display_name, topic, language, views, followers)
    VALUES ('472771f3-24a1-439b-9458-e67f55a353d4', 'afc5d3cf-7d72-47f9-9f7b-df8d6b146de0', '9c8af6b9-e922-4101-889b-0f684970ce41', 'ana', 'Ana Channel', 'Biology', 'en', 14899, 63);
INSERT INTO "neap"."chat"(chat_id, channel_id, name)
    VALUES ('9c8af6b9-e922-4101-889b-0f684970ce41', '472771f3-24a1-439b-9458-e67f55a353d4', 'ana');
INSERT INTO "neap"."stream"(stream_id, channel_id, title, topic_id, topic, media_info, viewers, created_at, updated_at, ended_at)
    VALUES ('b2995292-a881-4e11-beb6-1c6672ac3b05', '472771f3-24a1-439b-9458-e67f55a353d4', 'Fun with Biology and Ana', 'd4f06d27-2693-4552-bd85-d9875651ce39', 'Biology', '{"width":720,"height":400,"bitrate":592.53}', 1097, '2015-09-17 07:19:20.414500+0000', '2015-09-17 14:57:42.241800+0000', '2015-09-17 16:12:36.844600+0000');
INSERT INTO "neap"."video"(video_id, stream_id, title, type, description, status, tags, topic_id, topic, media_info, preview, views, created_at, updated_at)
    VALUES ('054e0cf4-f655-45b6-a1ca-68fa6ebacb47', 'b2995292-a881-4e11-beb6-1c6672ac3b05', 'Fun with Biology and Ana', 'highlight', 'Fun with Biology and Ana', '', '[]', 'd4f06d27-2693-4552-bd85-d9875651ce39', 'Biology', '{"width":720,"height":400,"bitrate":516.17}', '', '8458', '2015-10-13 21:33:24.877000+0000', '2015-10-14 01:36:23.263400+0000');
INSERT INTO "neap"."user"(user_id, channel_id, type, username, email, password, display_name, logo, bio, created_at, updated_at)
    VALUES ('1055666b-473e-47f9-aafa-01e854a73eac', '91ca1dba-2dbf-468a-a669-800c06364dfa', 'user', 'carmen', 'carmen@neap.io', '$2y$10$qDBYigd2K5f/6RzqaHgf5.e3goOF8YfRN9/ZnmGmgP6.Oqf7m8rgu', 'Carmen', 'https://gravatar.com/avatar/d3bf551703de5e34a05ff10bcd4a7712?s=128&d=identicon', null, '2015-07-04 18:27:04.428400+0000', '2015-09-03 03:08:58.624800+0000');
INSERT INTO "neap"."channel"(channel_id, user_id, chat_id, name, display_name, topic, language, views, followers)
    VALUES ('91ca1dba-2dbf-468a-a669-800c06364dfa', '1055666b-473e-47f9-aafa-01e854a73eac', '594a3543-4bbf-4528-905f-f60add324fff', 'carmen', 'Carmen Channel', 'Biology', 'en', 96115, 63);
INSERT INTO "neap"."chat"(chat_id, channel_id, name)
    VALUES ('594a3543-4bbf-4528-905f-f60add324fff', '91ca1dba-2dbf-468a-a669-800c06364dfa', 'carmen');
INSERT INTO "neap"."stream"(stream_id, channel_id, title, topic_id, topic, media_info, viewers, created_at, updated_at, ended_at)
    VALUES ('87ce26e0-dedd-4e43-9e13-11d9785d176e', '91ca1dba-2dbf-468a-a669-800c06364dfa', 'Biology?? Yeah, Biology!', 'd4f06d27-2693-4552-bd85-d9875651ce39', 'Biology', '{"width":720,"height":400,"bitrate":643.19}', 81352, '2015-08-10 23:08:06.752600+0000', '2015-08-11 05:14:44.644500+0000', '2015-08-11 05:28:45.845700+0000');
INSERT INTO "neap"."stream"(stream_id, channel_id, title, topic_id, topic, media_info, viewers, created_at, updated_at, ended_at)
    VALUES ('9919ee49-c91c-4833-baa9-30f1669f12fd', '91ca1dba-2dbf-468a-a669-800c06364dfa', 'Relax stream', 'b369c464-cdea-4356-9d70-1450585652e2', 'Music', '{"width":1280,"height":720,"bitrate":1089.32}', 437, '2015-10-02 23:00:39.390600+0000', '2015-10-03 00:09:03.150700+0000', '2015-10-03 00:10:14.543400+0000');
INSERT INTO "neap"."video"(video_id, stream_id, title, type, description, status, tags, topic_id, topic, media_info, preview, views, created_at, updated_at)
    VALUES ('f0be3f89-15e9-4ec4-8527-663e05ee2242', '9919ee49-c91c-4833-baa9-30f1669f12fd', 'Relax stream', 'highlight', 'Relax stream', '', '[]', 'b369c464-cdea-4356-9d70-1450585652e2', 'Music', '{"width":1280,"height":720,"bitrate":1482.59}', '', '2633', '2015-10-14 15:32:14.849600+0000', '2015-10-17 17:08:01.318800+0000');
INSERT INTO "neap"."video"(video_id, stream_id, title, type, description, status, tags, topic_id, topic, media_info, preview, views, created_at, updated_at)
    VALUES ('af1a5459-6f86-41c6-a935-bf83467b86ee', '9919ee49-c91c-4833-baa9-30f1669f12fd', 'Relax stream', 'record', 'Relax stream', '', '[]', 'b369c464-cdea-4356-9d70-1450585652e2', 'Music', '{"width":1280,"height":720,"bitrate":943.5}', '', '14959', '2015-10-22 06:14:40.190200+0000', '2015-10-22 09:14:47.058800+0000');
INSERT INTO "neap"."stream"(stream_id, channel_id, title, topic_id, topic, media_info, viewers, created_at, updated_at, ended_at)
    VALUES ('5f811f9c-513d-45f0-a6d3-43908ab4c1fb', '91ca1dba-2dbf-468a-a669-800c06364dfa', 'Come on and have fun with Carmen!', '35fa82dc-ed25-47fb-b6cd-58ae8a151f60', 'Philosophy', '{"width":720,"height":400,"bitrate":666.18}', 1454, '2015-09-24 02:39:33.318300+0000', '2015-09-24 03:51:44.903000+0000', '2015-09-24 03:59:23.233600+0000');
INSERT INTO "neap"."stream"(stream_id, channel_id, title, topic_id, topic, media_info, viewers, created_at, updated_at, ended_at)
    VALUES ('6fda7c27-9265-4771-bb2d-e96939b1c9a1', '91ca1dba-2dbf-468a-a669-800c06364dfa', 'Relax stream', '1cae4612-f178-4a0e-b3af-343a88b99638', 'Science', '{"width":720,"height":400,"bitrate":745.94}', 1456, '2015-08-10 16:48:51.794000+0000', '2015-08-10 22:44:05.992100+0000', '2015-08-10 22:44:49.852700+0000');
INSERT INTO "neap"."user"(user_id, channel_id, type, username, email, password, display_name, logo, bio, created_at, updated_at)
    VALUES ('a8ec2b06-5f57-4943-926a-bc4da8f8949f', 'dd9a4c0f-1ba9-48c0-af10-0684c982f0e0', 'user', 'paul', 'paul@neap.io', '$2y$10$tZflwFtf0ImiZkaj8slIC.G28adsUxpvCf1vZ1pKb7gAlRMs200jy', 'Paul', 'https://gravatar.com/avatar/1385411e5f42a5e27e3a676d1705061a?s=128&d=identicon', null, '2015-02-19 02:09:29.043500+0000', '2015-10-02 22:03:47.465800+0000');
INSERT INTO "neap"."channel"(channel_id, user_id, chat_id, name, display_name, topic, language, views, followers)
    VALUES ('dd9a4c0f-1ba9-48c0-af10-0684c982f0e0', 'a8ec2b06-5f57-4943-926a-bc4da8f8949f', 'cba8438a-fc0c-4a04-b27b-4713657fa46b', 'paul', 'Paul Channel', 'Music', 'en', 60894, 28);
INSERT INTO "neap"."chat"(chat_id, channel_id, name)
    VALUES ('cba8438a-fc0c-4a04-b27b-4713657fa46b', 'dd9a4c0f-1ba9-48c0-af10-0684c982f0e0', 'paul');
INSERT INTO "neap"."user"(user_id, channel_id, type, username, email, password, display_name, logo, bio, created_at, updated_at)
    VALUES ('fb5065d7-24a8-4f64-906e-c31b7ca07170', '5ec23a00-ffe1-4f63-bda8-c789bd553b87', 'user', 'alondra', 'alondra@neap.io', '$2y$10$/f9khLTt2hjBaE4HCTewjeQHGwZlGZ/LA.O8pE1yEe6wsrIRcgfD2', 'Alondra', 'https://gravatar.com/avatar/b4e2f851d8d443d478439a081623b840?s=128&d=identicon', null, '2015-03-18 08:06:22.147900+0000', '2015-04-24 11:45:32.422800+0000');
INSERT INTO "neap"."channel"(channel_id, user_id, chat_id, name, display_name, topic, language, views, followers)
    VALUES ('5ec23a00-ffe1-4f63-bda8-c789bd553b87', 'fb5065d7-24a8-4f64-906e-c31b7ca07170', '231ec686-0dae-4cc4-8ae3-a644a8d22168', 'alondra', 'Alondra Channel', 'Video games', 'en', 22499, 51);
INSERT INTO "neap"."chat"(chat_id, channel_id, name)
    VALUES ('231ec686-0dae-4cc4-8ae3-a644a8d22168', '5ec23a00-ffe1-4f63-bda8-c789bd553b87', 'alondra');
INSERT INTO "neap"."stream"(stream_id, channel_id, title, topic_id, topic, media_info, viewers, created_at, updated_at, ended_at)
    VALUES ('d7235486-d57d-45b9-b2b4-fbee653c9cb0', '5ec23a00-ffe1-4f63-bda8-c789bd553b87', 'Come on and have fun with Alondra!', '48e535f7-dba1-4d59-aac3-4c6cced32d6c', 'Video games', '{"width":720,"height":400,"bitrate":514.48}', 1812, '2015-03-22 06:13:15.313000+0000', '2015-03-22 09:07:06.332100+0000', '2015-03-22 10:04:31.175000+0000');
INSERT INTO "neap"."stream"(stream_id, channel_id, title, topic_id, topic, media_info, viewers, created_at, updated_at, ended_at)
    VALUES ('0a085007-e500-4247-930e-27e4f263a5ce', '5ec23a00-ffe1-4f63-bda8-c789bd553b87', 'Come on and have fun with Alondra!', 'b369c464-cdea-4356-9d70-1450585652e2', 'Music', '{"width":1920,"height":1080,"bitrate":1383.25}', 693, '2015-04-04 02:19:44.327600+0000', '2015-04-04 07:55:20.053000+0000', '2015-04-04 08:08:18.333000+0000');
INSERT INTO "neap"."video"(video_id, stream_id, title, type, description, status, tags, topic_id, topic, media_info, preview, views, created_at, updated_at)
    VALUES ('479573ed-7738-4052-a657-99620a86ebfd', '0a085007-e500-4247-930e-27e4f263a5ce', 'Come on and have fun with Alondra!', 'record', 'Come on and have fun with Alondra!', '', '[]', 'b369c464-cdea-4356-9d70-1450585652e2', 'Music', '{"width":1920,"height":1080,"bitrate":2389.84}', '', '33704', '2015-08-26 08:04:56.235900+0000', '2015-08-27 06:00:48.935600+0000');
INSERT INTO "neap"."stream"(stream_id, channel_id, title, topic_id, topic, media_info, viewers, created_at, updated_at, ended_at)
    VALUES ('f56dbec4-7ccd-4b8b-8c95-35ffdadcabb1', '5ec23a00-ffe1-4f63-bda8-c789bd553b87', 'Relax stream', 'b369c464-cdea-4356-9d70-1450585652e2', 'Music', '{"width":1280,"height":720,"bitrate":790.55}', 1748, '2015-04-24 05:17:33.280900+0000', '2015-04-24 05:57:05.002700+0000', '2015-04-24 06:33:33.503000+0000');
INSERT INTO "neap"."video"(video_id, stream_id, title, type, description, status, tags, topic_id, topic, media_info, preview, views, created_at, updated_at)
    VALUES ('6844eb9b-e49c-41be-8cc2-1fc3072158f2', 'f56dbec4-7ccd-4b8b-8c95-35ffdadcabb1', 'Relax stream', 'record', 'Relax stream', '', '[]', 'b369c464-cdea-4356-9d70-1450585652e2', 'Music', '{"width":1280,"height":720,"bitrate":958.45}', '', '294', '2015-04-25 15:09:37.921500+0000', '2015-04-29 08:21:06.296400+0000');
INSERT INTO "neap"."video"(video_id, stream_id, title, type, description, status, tags, topic_id, topic, media_info, preview, views, created_at, updated_at)
    VALUES ('65fa8db4-ffb8-4137-b91a-67c7e70f95e8', 'f56dbec4-7ccd-4b8b-8c95-35ffdadcabb1', 'Relax stream', 'highlight', 'Relax stream', '', '[]', 'b369c464-cdea-4356-9d70-1450585652e2', 'Music', '{"width":1280,"height":720,"bitrate":1273.03}', '', '30666', '2015-10-01 23:33:49.299900+0000', '2015-10-02 08:46:00.177300+0000');
INSERT INTO "neap"."user"(user_id, channel_id, type, username, email, password, display_name, logo, bio, created_at, updated_at)
    VALUES ('69056514-79d3-40c8-b951-c2f7849a2245', '1bbbf4cd-9058-47ee-90ca-09a81a055606', 'user', 'tripp', 'tripp@neap.io', '$2y$10$tf/cs8tlG9uqmqaS9px9cusxzHtk.OYzU.6eyvWwiyr1.9xrBwkpy', 'Tripp', 'https://gravatar.com/avatar/44405859addda50e8d8bd2e8df70a17f?s=128&d=identicon', null, '2015-08-06 17:05:14.150100+0000', '2015-10-19 23:51:30.521800+0000');
INSERT INTO "neap"."channel"(channel_id, user_id, chat_id, name, display_name, topic, language, views, followers)
    VALUES ('1bbbf4cd-9058-47ee-90ca-09a81a055606', '69056514-79d3-40c8-b951-c2f7849a2245', '1fa81768-8961-4de8-a4aa-1101a082a799', 'tripp', 'Tripp Channel', 'Mathematics', 'en', 78143, 104);
INSERT INTO "neap"."chat"(chat_id, channel_id, name)
    VALUES ('1fa81768-8961-4de8-a4aa-1101a082a799', '1bbbf4cd-9058-47ee-90ca-09a81a055606', 'tripp');
INSERT INTO "neap"."stream"(stream_id, channel_id, title, topic_id, topic, media_info, viewers, created_at, updated_at, ended_at)
    VALUES ('ef47c17e-2473-455e-8527-730350508d10', '1bbbf4cd-9058-47ee-90ca-09a81a055606', 'Tripp goes live!', '284b3091-455d-4476-ae67-442a19d153d4', 'Mathematics', '{"width":720,"height":400,"bitrate":770.44}', 502, '2015-10-02 13:45:14.976700+0000', '2015-10-02 15:40:13.841300+0000', '2015-10-02 16:28:21.448200+0000');
INSERT INTO "neap"."video"(video_id, stream_id, title, type, description, status, tags, topic_id, topic, media_info, preview, views, created_at, updated_at)
    VALUES ('0f19503b-e977-4c82-b3f5-39c7eed58c4e', 'ef47c17e-2473-455e-8527-730350508d10', 'Tripp goes live!', 'record', 'Tripp goes live!', '', '[]', '284b3091-455d-4476-ae67-442a19d153d4', 'Mathematics', '{"width":720,"height":400,"bitrate":685.67}', '', '39619', '2015-10-27 01:20:53.876500+0000', '2015-10-28 08:12:36.110500+0000');
INSERT INTO "neap"."video"(video_id, stream_id, title, type, description, status, tags, topic_id, topic, media_info, preview, views, created_at, updated_at)
    VALUES ('b5f71224-bbaa-4401-a697-49bc3c260bea', 'ef47c17e-2473-455e-8527-730350508d10', 'Tripp goes live!', 'record', 'Tripp goes live!', '', '[]', '284b3091-455d-4476-ae67-442a19d153d4', 'Mathematics', '{"width":720,"height":400,"bitrate":690.69}', '', '24975', '2015-10-15 00:22:41.395200+0000', '2015-10-17 11:17:24.127200+0000');
INSERT INTO "neap"."stream"(stream_id, channel_id, title, topic_id, topic, media_info, viewers, created_at, updated_at, ended_at)
    VALUES ('f4fc14aa-e541-4137-be63-b9c381661f4a', '1bbbf4cd-9058-47ee-90ca-09a81a055606', 'Fun with Music and Tripp', 'b369c464-cdea-4356-9d70-1450585652e2', 'Music', '{"width":1920,"height":1080,"bitrate":1208.99}', 990, '2015-08-27 19:50:12.435700+0000', '2015-08-27 21:11:27.609300+0000', '2015-08-27 21:33:13.865600+0000');
INSERT INTO "neap"."video"(video_id, stream_id, title, type, description, status, tags, topic_id, topic, media_info, preview, views, created_at, updated_at)
    VALUES ('bc268d96-bbce-4aa7-b628-c74f03d20c5c', 'f4fc14aa-e541-4137-be63-b9c381661f4a', 'Fun with Music and Tripp', 'record', 'Fun with Music and Tripp', '', '[]', 'b369c464-cdea-4356-9d70-1450585652e2', 'Music', '{"width":1920,"height":1080,"bitrate":1510.83}', '', '8594', '2015-10-08 12:23:30.605700+0000', '2015-10-08 15:28:54.404400+0000');
INSERT INTO "neap"."video"(video_id, stream_id, title, type, description, status, tags, topic_id, topic, media_info, preview, views, created_at, updated_at)
    VALUES ('0e1a27fa-8748-4bb8-8c2c-a3a93baaefbb', 'f4fc14aa-e541-4137-be63-b9c381661f4a', 'Fun with Music and Tripp', 'record', 'Fun with Music and Tripp', '', '[]', 'b369c464-cdea-4356-9d70-1450585652e2', 'Music', '{"width":1920,"height":1080,"bitrate":2987.44}', '', '5899', '2015-10-16 02:47:02.173700+0000', '2015-10-16 13:59:33.270400+0000');
INSERT INTO "neap"."stream"(stream_id, channel_id, title, topic_id, topic, media_info, viewers, created_at, updated_at, ended_at)
    VALUES ('e76d3fd8-c1fd-4d43-967a-163bad5f7f1d', '1bbbf4cd-9058-47ee-90ca-09a81a055606', 'Fun with Science and Tripp', '1cae4612-f178-4a0e-b3af-343a88b99638', 'Science', '{"width":1920,"height":1080,"bitrate":2691.4}', 1467, '2015-09-01 15:39:46.436500+0000', '2015-09-01 15:57:42.712800+0000', '2015-09-01 16:38:56.761700+0000');
INSERT INTO "neap"."user"(user_id, channel_id, type, username, email, password, display_name, logo, bio, created_at, updated_at)
    VALUES ('80a44f10-2c41-4e70-b3ed-22dc18d70463', 'ebfe3460-3e7d-4529-ba99-1cf80a2cce56', 'user', 'elizabeth', 'elizabeth@neap.io', '$2y$10$Vaba3AsZA.kXcJyBKvXSteEAK6NhKdfJafwwBlLNIYz2gNZ6/1JYK', 'Elizabeth', 'https://gravatar.com/avatar/9062353de3d0236bb137c9bc2f2e7330?s=128&d=identicon', null, '2015-05-26 00:13:02.685100+0000', '2015-10-31 12:24:28.002600+0000');
INSERT INTO "neap"."channel"(channel_id, user_id, chat_id, name, display_name, topic, language, views, followers)
    VALUES ('ebfe3460-3e7d-4529-ba99-1cf80a2cce56', '80a44f10-2c41-4e70-b3ed-22dc18d70463', 'd2184e3e-3ce6-4d4c-853a-f8a78d902d70', 'elizabeth', 'Elizabeth Channel', 'Science', 'en', 62113, 23);
INSERT INTO "neap"."chat"(chat_id, channel_id, name)
    VALUES ('d2184e3e-3ce6-4d4c-853a-f8a78d902d70', 'ebfe3460-3e7d-4529-ba99-1cf80a2cce56', 'elizabeth');
INSERT INTO "neap"."stream"(stream_id, channel_id, title, topic_id, topic, media_info, viewers, created_at, updated_at, ended_at)
    VALUES ('ea60b51f-6a44-4e25-b0ff-0819bb83043e', 'ebfe3460-3e7d-4529-ba99-1cf80a2cce56', 'Elizabeth goes live!', 'd2ea25fc-eb67-4c63-86d0-58ba2ce51b56', 'Theology', '{"width":720,"height":400,"bitrate":595.86}', 96665, '2015-07-30 15:13:56.584500+0000', '2015-07-30 15:34:55.476100+0000', '2015-07-30 15:52:11.436200+0000');
INSERT INTO "neap"."stream"(stream_id, channel_id, title, topic_id, topic, media_info, viewers, created_at, updated_at, ended_at)
    VALUES ('8ac1ed5d-c35d-4098-95b5-8ba4fc22723b', 'ebfe3460-3e7d-4529-ba99-1cf80a2cce56', 'Come on and have fun with Elizabeth!', '994391cf-d41e-46f4-b6eb-ce53824e3a0c', 'Litterature', '{"width":1920,"height":1080,"bitrate":3285.37}', 1652, '2015-08-21 22:51:48.888700+0000', '2015-08-22 06:14:37.437800+0000', '2015-08-22 06:16:28.949300+0000');
INSERT INTO "neap"."video"(video_id, stream_id, title, type, description, status, tags, topic_id, topic, media_info, preview, views, created_at, updated_at)
    VALUES ('d4e89669-75d2-4ef7-b068-35ce88ef6a16', '8ac1ed5d-c35d-4098-95b5-8ba4fc22723b', 'Come on and have fun with Elizabeth!', 'record', 'Come on and have fun with Elizabeth!', '', '[]', '994391cf-d41e-46f4-b6eb-ce53824e3a0c', 'Litterature', '{"width":1920,"height":1080,"bitrate":2325.14}', '', '30430', '2015-08-30 17:10:27.582500+0000', '2015-08-31 11:21:54.621600+0000');
INSERT INTO "neap"."video"(video_id, stream_id, title, type, description, status, tags, topic_id, topic, media_info, preview, views, created_at, updated_at)
    VALUES ('54b9bbed-67c0-46e8-88da-b4c3ef45bdab', '8ac1ed5d-c35d-4098-95b5-8ba4fc22723b', 'Come on and have fun with Elizabeth!', 'record', 'Come on and have fun with Elizabeth!', '', '[]', '994391cf-d41e-46f4-b6eb-ce53824e3a0c', 'Litterature', '{"width":1920,"height":1080,"bitrate":3247.48}', '', '928', '2015-09-21 22:22:26.840000+0000', '2015-09-22 08:45:10.811000+0000');
INSERT INTO "neap"."user"(user_id, channel_id, type, username, email, password, display_name, logo, bio, created_at, updated_at)
    VALUES ('a744b618-e577-4925-b249-af68844a1fa4', '509870ce-76f2-4cc6-9bbe-3742f323fae6', 'user', 'baylor', 'baylor@neap.io', '$2y$10$nDOhvQjHkuyyMPV1z8ag8u195WgWWYOo7gHcICFXJDletZB7uh.XS', 'Baylor', 'https://gravatar.com/avatar/f0c20179b038c3dffe0211bba7ff3666?s=128&d=identicon', null, '2015-05-12 14:36:34.585600+0000', '2015-07-27 10:50:30.321200+0000');
INSERT INTO "neap"."channel"(channel_id, user_id, chat_id, name, display_name, topic, language, views, followers)
    VALUES ('509870ce-76f2-4cc6-9bbe-3742f323fae6', 'a744b618-e577-4925-b249-af68844a1fa4', 'f21728c9-8d56-4ae6-ab3d-8960377d6730', 'baylor', 'Baylor Channel', 'Biology', 'en', 37283, 42);
INSERT INTO "neap"."chat"(chat_id, channel_id, name)
    VALUES ('f21728c9-8d56-4ae6-ab3d-8960377d6730', '509870ce-76f2-4cc6-9bbe-3742f323fae6', 'baylor');
INSERT INTO "neap"."stream"(stream_id, channel_id, title, topic_id, topic, media_info, viewers, created_at, updated_at, ended_at)
    VALUES ('9f91ae1d-8a65-4d8d-af30-5a4814c6a85b', '509870ce-76f2-4cc6-9bbe-3742f323fae6', 'Mathematics?? Yeah, Mathematics!', '284b3091-455d-4476-ae67-442a19d153d4', 'Mathematics', '{"width":720,"height":400,"bitrate":552.4}', 703, '2015-07-26 07:25:21.912600+0000', '2015-07-26 07:42:39.935400+0000', '2015-07-26 07:45:08.761900+0000');
INSERT INTO "neap"."video"(video_id, stream_id, title, type, description, status, tags, topic_id, topic, media_info, preview, views, created_at, updated_at)
    VALUES ('b09e7d1b-738e-47ff-a6cd-82e937446391', '9f91ae1d-8a65-4d8d-af30-5a4814c6a85b', 'Mathematics?? Yeah, Mathematics!', 'record', 'Mathematics?? Yeah, Mathematics!', '', '[]', '284b3091-455d-4476-ae67-442a19d153d4', 'Mathematics', '{"width":720,"height":400,"bitrate":594.76}', '', '6099', '2015-10-13 08:23:35.332300+0000', '2015-10-20 02:15:37.115900+0000');
INSERT INTO "neap"."video"(video_id, stream_id, title, type, description, status, tags, topic_id, topic, media_info, preview, views, created_at, updated_at)
    VALUES ('0d326a5c-bf19-4e79-a978-2d853928aa3d', '9f91ae1d-8a65-4d8d-af30-5a4814c6a85b', 'Mathematics?? Yeah, Mathematics!', 'record', 'Mathematics?? Yeah, Mathematics!', '', '[]', '284b3091-455d-4476-ae67-442a19d153d4', 'Mathematics', '{"width":720,"height":400,"bitrate":731.13}', '', '32744', '2015-10-27 03:06:23.687300+0000', '2015-10-27 20:51:21.317800+0000');
INSERT INTO "neap"."stream"(stream_id, channel_id, title, topic_id, topic, media_info, viewers, created_at, updated_at, ended_at)
    VALUES ('b4460d2d-f3c8-4b55-89e0-24ea05b1638e', '509870ce-76f2-4cc6-9bbe-3742f323fae6', 'The origins of Mathematics', '284b3091-455d-4476-ae67-442a19d153d4', 'Mathematics', '{"width":1280,"height":720,"bitrate":1147.04}', 1077, '2015-10-27 07:48:16.995200+0000', '2015-10-27 09:29:50.217200+0000', '2015-10-27 09:33:52.367600+0000');
INSERT INTO "neap"."user"(user_id, channel_id, type, username, email, password, display_name, logo, bio, created_at, updated_at)
    VALUES ('e92c2f28-c8a2-4b5e-b73d-02d8de13ac45', '206382bb-db6a-4c34-b5fb-5a73c87e51c2', 'user', 'parker', 'parker@neap.io', '$2y$10$d223SHau51IhulUHPkUjRuZWdgxjz7qN0Ix8anI/63fmy2NAWfJg6', 'Parker', 'https://gravatar.com/avatar/5e19be7c5b26595e9c9ba37f6469336c?s=128&d=identicon', null, '2015-05-06 00:16:44.551300+0000', '2015-06-25 20:40:49.009900+0000');
INSERT INTO "neap"."channel"(channel_id, user_id, chat_id, name, display_name, topic, language, views, followers)
    VALUES ('206382bb-db6a-4c34-b5fb-5a73c87e51c2', 'e92c2f28-c8a2-4b5e-b73d-02d8de13ac45', '47fa0b71-e1f9-4010-89a4-4355be619766', 'parker', 'Parker Channel', 'History', 'en', 12757, 120);
INSERT INTO "neap"."chat"(chat_id, channel_id, name)
    VALUES ('47fa0b71-e1f9-4010-89a4-4355be619766', '206382bb-db6a-4c34-b5fb-5a73c87e51c2', 'parker');
INSERT INTO "neap"."stream"(stream_id, channel_id, title, topic_id, topic, media_info, viewers, created_at, updated_at, ended_at)
    VALUES ('a0cf318a-ed50-4a4e-a396-dcc9c60a28e8', '206382bb-db6a-4c34-b5fb-5a73c87e51c2', 'Photography?? Yeah, Photography!', 'e496e832-363e-4228-b518-7fe126ccaa04', 'Photography', '{"width":720,"height":400,"bitrate":712.78}', 579, '2015-05-16 23:56:40.511800+0000', '2015-05-17 04:11:44.635400+0000', '2015-05-17 04:44:24.526800+0000');
INSERT INTO "neap"."video"(video_id, stream_id, title, type, description, status, tags, topic_id, topic, media_info, preview, views, created_at, updated_at)
    VALUES ('23c585dd-90b5-4e6d-ade9-9cd920e273aa', 'a0cf318a-ed50-4a4e-a396-dcc9c60a28e8', 'Photography?? Yeah, Photography!', 'record', 'Photography?? Yeah, Photography!', '', '[]', 'e496e832-363e-4228-b518-7fe126ccaa04', 'Photography', '{"width":720,"height":400,"bitrate":560.21}', '', '5375', '2015-09-16 17:47:59.925200+0000', '2015-09-18 02:38:16.787900+0000');
INSERT INTO "neap"."stream"(stream_id, channel_id, title, topic_id, topic, media_info, viewers, created_at, updated_at, ended_at)
    VALUES ('945b2969-a770-4f2e-b61b-e9863b296563', '206382bb-db6a-4c34-b5fb-5a73c87e51c2', 'Video games?? Yeah, Video games!', '48e535f7-dba1-4d59-aac3-4c6cced32d6c', 'Video games', '{"width":720,"height":400,"bitrate":688.91}', 1620, '2015-11-01 05:38:41.793300+0000', '2015-11-01 11:40:42.247600+0000', '2015-11-01 12:19:28.462100+0000');
INSERT INTO "neap"."stream"(stream_id, channel_id, title, topic_id, topic, media_info, viewers, created_at, updated_at, ended_at)
    VALUES ('e232a19d-34aa-4b87-b628-0a8b90b4c93e', '206382bb-db6a-4c34-b5fb-5a73c87e51c2', 'Today is Theology day', 'd2ea25fc-eb67-4c63-86d0-58ba2ce51b56', 'Theology', '{"width":1280,"height":720,"bitrate":862.17}', 543, '2015-08-15 13:15:11.531300+0000', '2015-08-15 14:09:34.202900+0000', '2015-08-15 14:20:39.387500+0000');
INSERT INTO "neap"."video"(video_id, stream_id, title, type, description, status, tags, topic_id, topic, media_info, preview, views, created_at, updated_at)
    VALUES ('af9fd2e4-cc72-4274-9856-f836817147a9', 'e232a19d-34aa-4b87-b628-0a8b90b4c93e', 'Today is Theology day', 'record', 'Today is Theology day', '', '[]', 'd2ea25fc-eb67-4c63-86d0-58ba2ce51b56', 'Theology', '{"width":1280,"height":720,"bitrate":1244.2}', '', '15558', '2015-09-17 17:47:22.093100+0000', '2015-09-18 00:56:45.627000+0000');
INSERT INTO "neap"."user"(user_id, channel_id, type, username, email, password, display_name, logo, bio, created_at, updated_at)
    VALUES ('c4a29d93-9656-4ee8-82be-d07ec5d5ad62', 'd45f6fba-3f46-4402-885b-60bd95dd48ea', 'user', 'felix', 'felix@neap.io', '$2y$10$MsDK83X1WNTAypMN2jZNHOJA9VpIDkc377L0TjvzkpS3SrIoxOYCq', 'Felix', 'https://gravatar.com/avatar/2d0396712e88226075c5fc516764af14?s=128&d=identicon', null, '2015-09-05 02:52:39.910400+0000', '2015-10-04 18:28:59.345300+0000');
INSERT INTO "neap"."channel"(channel_id, user_id, chat_id, name, display_name, topic, language, views, followers)
    VALUES ('d45f6fba-3f46-4402-885b-60bd95dd48ea', 'c4a29d93-9656-4ee8-82be-d07ec5d5ad62', '4519fa1f-fead-4efa-be16-0f03dcb8f006', 'felix', 'Felix Channel', 'Litterature', 'en', 26251, 39);
INSERT INTO "neap"."chat"(chat_id, channel_id, name)
    VALUES ('4519fa1f-fead-4efa-be16-0f03dcb8f006', 'd45f6fba-3f46-4402-885b-60bd95dd48ea', 'felix');
INSERT INTO "neap"."stream"(stream_id, channel_id, title, topic_id, topic, media_info, viewers, created_at, updated_at, ended_at)
    VALUES ('b450cc6b-ee47-4bff-856f-97bfbf438f0c', 'd45f6fba-3f46-4402-885b-60bd95dd48ea', 'Relax stream', 'd2ea25fc-eb67-4c63-86d0-58ba2ce51b56', 'Theology', '{"width":1280,"height":720,"bitrate":980.68}', 380, '2015-09-16 22:49:18.224500+0000', '2015-09-16 23:02:46.467000+0000', '2015-09-16 23:15:47.366300+0000');
INSERT INTO "neap"."video"(video_id, stream_id, title, type, description, status, tags, topic_id, topic, media_info, preview, views, created_at, updated_at)
    VALUES ('43f2f9e6-846a-46fc-aa9d-d2f36ce5fd60', 'b450cc6b-ee47-4bff-856f-97bfbf438f0c', 'Relax stream', 'record', 'Relax stream', '', '[]', 'd2ea25fc-eb67-4c63-86d0-58ba2ce51b56', 'Theology', '{"width":1280,"height":720,"bitrate":1483.7}', '', '4284', '2015-09-19 22:52:50.329200+0000', '2015-09-19 23:09:55.388900+0000');
INSERT INTO "neap"."stream"(stream_id, channel_id, title, topic_id, topic, media_info, viewers, created_at, updated_at, ended_at)
    VALUES ('e6288bc9-b476-4bba-a03f-c87e3a1e3d40', 'd45f6fba-3f46-4402-885b-60bd95dd48ea', 'Relax stream', '5f6c7ec0-84ab-4d8e-a2d7-ff1887b55d6e', 'History', '{"width":1280,"height":720,"bitrate":927.39}', 1142, '2015-10-30 10:24:20.942900+0000', '2015-10-30 13:04:09.407900+0000', '2015-10-30 13:11:32.244600+0000');
INSERT INTO "neap"."stream"(stream_id, channel_id, title, topic_id, topic, media_info, viewers, created_at, updated_at, ended_at)
    VALUES ('2a2f9727-c259-4ee9-947b-53092fe57779', 'd45f6fba-3f46-4402-885b-60bd95dd48ea', 'Relax stream', 'd2ea25fc-eb67-4c63-86d0-58ba2ce51b56', 'Theology', '{"width":1920,"height":1080,"bitrate":2512.61}', 464, '2015-10-01 15:12:25.814000+0000', '2015-10-01 17:09:43.838000+0000', '2015-10-01 17:33:48.139900+0000');
INSERT INTO "neap"."video"(video_id, stream_id, title, type, description, status, tags, topic_id, topic, media_info, preview, views, created_at, updated_at)
    VALUES ('69afad8a-f0fe-46d7-9cde-9fa5d519f29b', '2a2f9727-c259-4ee9-947b-53092fe57779', 'Relax stream', 'record', 'Relax stream', '', '[]', 'd2ea25fc-eb67-4c63-86d0-58ba2ce51b56', 'Theology', '{"width":1920,"height":1080,"bitrate":1695.54}', '', '36531', '2015-10-05 08:53:44.597000+0000', '2015-10-08 17:59:05.366700+0000');
INSERT INTO "neap"."stream"(stream_id, channel_id, title, topic_id, topic, media_info, viewers, created_at, updated_at, ended_at)
    VALUES ('051f27de-6e66-4d11-bb7b-2ace5d09d71b', 'd45f6fba-3f46-4402-885b-60bd95dd48ea', 'Fun with Video games and Felix', '48e535f7-dba1-4d59-aac3-4c6cced32d6c', 'Video games', '{"width":1920,"height":1080,"bitrate":1206.06}', 165, '2015-09-28 19:58:13.122700+0000', '2015-09-28 20:13:30.991300+0000', '2015-09-28 21:16:55.852400+0000');
INSERT INTO "neap"."video"(video_id, stream_id, title, type, description, status, tags, topic_id, topic, media_info, preview, views, created_at, updated_at)
    VALUES ('915faa91-11ac-4cfc-b4a4-66c9a2837b2d', '051f27de-6e66-4d11-bb7b-2ace5d09d71b', 'Fun with Video games and Felix', 'record', 'Fun with Video games and Felix', '', '[]', '48e535f7-dba1-4d59-aac3-4c6cced32d6c', 'Video games', '{"width":1920,"height":1080,"bitrate":2345.32}', '', '6697', '2015-09-29 13:44:51.378800+0000', '2015-10-01 07:06:22.883600+0000');
INSERT INTO "neap"."stream"(stream_id, channel_id, title, topic_id, topic, media_info, viewers, created_at, updated_at, ended_at)
    VALUES ('9383acda-f1b7-401d-8979-5b6f1f4bf08c', 'd45f6fba-3f46-4402-885b-60bd95dd48ea', 'Come on and have fun with Felix!', '35fa82dc-ed25-47fb-b6cd-58ae8a151f60', 'Philosophy', '{"width":720,"height":400,"bitrate":506.16}', 934, '2015-09-18 15:18:04.416200+0000', '2015-09-18 15:30:30.003400+0000', '2015-09-18 15:37:28.235900+0000');
INSERT INTO "neap"."stream"(stream_id, channel_id, title, topic_id, topic, media_info, viewers, created_at, updated_at, ended_at)
    VALUES ('9c8253f4-d986-4157-9ca4-2e0fdf3dce9b', 'd45f6fba-3f46-4402-885b-60bd95dd48ea', 'Come on and have fun with Felix!', '5f6c7ec0-84ab-4d8e-a2d7-ff1887b55d6e', 'History', '{"width":1280,"height":720,"bitrate":996.03}', 1598, '2015-10-01 19:13:21.560800+0000', '2015-10-01 19:41:32.645300+0000', '2015-10-01 20:04:54.504700+0000');
INSERT INTO "neap"."video"(video_id, stream_id, title, type, description, status, tags, topic_id, topic, media_info, preview, views, created_at, updated_at)
    VALUES ('b07a0cac-3ffe-4997-b992-812e4d00af74', '9c8253f4-d986-4157-9ca4-2e0fdf3dce9b', 'Come on and have fun with Felix!', 'record', 'Come on and have fun with Felix!', '', '[]', '5f6c7ec0-84ab-4d8e-a2d7-ff1887b55d6e', 'History', '{"width":1280,"height":720,"bitrate":1106.77}', '', '6738', '2015-10-15 23:02:15.199700+0000', '2015-10-22 02:25:34.622600+0000');
INSERT INTO "neap"."stream"(stream_id, channel_id, title, topic_id, topic, media_info, viewers, created_at, updated_at, ended_at)
    VALUES ('8d85ade5-65bd-4c2b-b8b0-c741681d04e7', 'd45f6fba-3f46-4402-885b-60bd95dd48ea', 'Today is Biology day', 'd4f06d27-2693-4552-bd85-d9875651ce39', 'Biology', '{"width":1280,"height":720,"bitrate":1361.81}', 1442, '2015-10-17 10:59:45.053600+0000', '2015-10-17 11:21:49.849100+0000', '2015-10-17 12:29:31.747000+0000');
INSERT INTO "neap"."stream"(stream_id, channel_id, title, topic_id, topic, media_info, viewers, created_at, updated_at, ended_at)
    VALUES ('235aeaf5-70cc-46ca-a05b-cdd19a74c796', 'd45f6fba-3f46-4402-885b-60bd95dd48ea', 'Come on and have fun with Felix!', 'e496e832-363e-4228-b518-7fe126ccaa04', 'Photography', '{"width":1920,"height":1080,"bitrate":2887}', 1798, '2015-10-24 10:30:14.257800+0000', '2015-10-24 16:06:35.812300+0000', '2015-10-24 16:21:37.982500+0000');
INSERT INTO "neap"."stream"(stream_id, channel_id, title, topic_id, topic, media_info, viewers, created_at, updated_at, ended_at)
    VALUES ('d9570ac5-5ae9-4c53-a54d-3c294c5f3302', 'd45f6fba-3f46-4402-885b-60bd95dd48ea', 'The origins of Music', 'b369c464-cdea-4356-9d70-1450585652e2', 'Music', '{"width":1920,"height":1080,"bitrate":2132.97}', 1623, '2015-10-28 15:58:31.056600+0000', '2015-10-28 16:48:51.066300+0000', '2015-10-28 17:36:54.991000+0000');
INSERT INTO "neap"."video"(video_id, stream_id, title, type, description, status, tags, topic_id, topic, media_info, preview, views, created_at, updated_at)
    VALUES ('5fd61e6c-8aa9-486f-8337-d06cfdfb2d17', 'd9570ac5-5ae9-4c53-a54d-3c294c5f3302', 'The origins of Music', 'record', 'The origins of Music', '', '[]', 'b369c464-cdea-4356-9d70-1450585652e2', 'Music', '{"width":1920,"height":1080,"bitrate":1930.27}', '', '6533', '2015-10-30 05:53:16.256600+0000', '2015-11-02 19:17:51.402900+0000');
INSERT INTO "neap"."user"(user_id, channel_id, type, username, email, password, display_name, logo, bio, created_at, updated_at)
    VALUES ('7973c282-bc7d-4a87-ac7d-725d996b3254', '91107cfd-f465-44a7-b1ad-607ed5cbc723', 'user', 'david', 'david@neap.io', '$2y$10$tm4Z.JPdUwzFTSKxqkznKu8i7Zbh1jvjmhBtX3Qrf4aeD.mzJXFoW', 'David', 'https://gravatar.com/avatar/65fd661e4a21eef9bb8b3fe5d0328b1e?s=128&d=identicon', null, '2015-08-04 15:55:33.003500+0000', '2015-10-03 06:57:41.103600+0000');
INSERT INTO "neap"."channel"(channel_id, user_id, chat_id, name, display_name, topic, language, views, followers)
    VALUES ('91107cfd-f465-44a7-b1ad-607ed5cbc723', '7973c282-bc7d-4a87-ac7d-725d996b3254', '4d9e2ee7-c9be-4275-a9ab-9c23f2ae2877', 'david', 'David Channel', 'Biology', 'en', 24419, 21);
INSERT INTO "neap"."chat"(chat_id, channel_id, name)
    VALUES ('4d9e2ee7-c9be-4275-a9ab-9c23f2ae2877', '91107cfd-f465-44a7-b1ad-607ed5cbc723', 'david');
INSERT INTO "neap"."stream"(stream_id, channel_id, title, topic_id, topic, media_info, viewers, created_at, updated_at, ended_at)
    VALUES ('4578934e-751b-4ad9-ac4e-6eb0551a0a48', '91107cfd-f465-44a7-b1ad-607ed5cbc723', 'David goes live!', '1cae4612-f178-4a0e-b3af-343a88b99638', 'Science', '{"width":1920,"height":1080,"bitrate":2092.55}', 65404, '2015-08-18 03:56:01.221000+0000', '2015-08-18 05:58:41.486400+0000', '2015-08-18 07:26:09.243500+0000');
INSERT INTO "neap"."video"(video_id, stream_id, title, type, description, status, tags, topic_id, topic, media_info, preview, views, created_at, updated_at)
    VALUES ('00326637-324b-4ad1-9b81-ab9c51b501e1', '4578934e-751b-4ad9-ac4e-6eb0551a0a48', 'David goes live!', 'record', 'David goes live!', '', '[]', '1cae4612-f178-4a0e-b3af-343a88b99638', 'Science', '{"width":1920,"height":1080,"bitrate":2784.84}', '', '35328', '2015-10-23 20:34:54.840400+0000', '2015-10-25 05:01:13.374500+0000');
INSERT INTO "neap"."stream"(stream_id, channel_id, title, topic_id, topic, media_info, viewers, created_at, updated_at, ended_at)
    VALUES ('14b35837-b214-46c2-a52b-95dd8b9de600', '91107cfd-f465-44a7-b1ad-607ed5cbc723', 'Come on and have fun with David!', 'e496e832-363e-4228-b518-7fe126ccaa04', 'Photography', '{"width":720,"height":400,"bitrate":682.81}', 1279, '2015-08-27 08:20:44.542500+0000', '2015-08-27 15:20:04.993700+0000', '2015-08-27 16:31:18.898800+0000');
INSERT INTO "neap"."video"(video_id, stream_id, title, type, description, status, tags, topic_id, topic, media_info, preview, views, created_at, updated_at)
    VALUES ('83a273f7-e07d-44df-8701-251e6da9a36e', '14b35837-b214-46c2-a52b-95dd8b9de600', 'Come on and have fun with David!', 'record', 'Come on and have fun with David!', '', '[]', 'e496e832-363e-4228-b518-7fe126ccaa04', 'Photography', '{"width":720,"height":400,"bitrate":754.41}', '', '23892', '2015-10-29 21:04:43.629400+0000', '2015-11-01 07:07:44.601200+0000');
INSERT INTO "neap"."video"(video_id, stream_id, title, type, description, status, tags, topic_id, topic, media_info, preview, views, created_at, updated_at)
    VALUES ('b228346a-fda3-4014-a47f-aa7e24fc5878', '14b35837-b214-46c2-a52b-95dd8b9de600', 'Come on and have fun with David!', 'record', 'Come on and have fun with David!', '', '[]', 'e496e832-363e-4228-b518-7fe126ccaa04', 'Photography', '{"width":720,"height":400,"bitrate":522.05}', '', '2394', '2015-09-22 22:17:59.814900+0000', '2015-09-23 21:01:30.994900+0000');
INSERT INTO "neap"."stream"(stream_id, channel_id, title, topic_id, topic, media_info, viewers, created_at, updated_at, ended_at)
    VALUES ('f3fa144c-6208-46de-9477-c433adf3c66e', '91107cfd-f465-44a7-b1ad-607ed5cbc723', 'David goes live!', 'd4f06d27-2693-4552-bd85-d9875651ce39', 'Biology', '{"width":720,"height":400,"bitrate":621.66}', 52, '2015-08-05 10:08:36.384000+0000', '2015-08-05 14:43:31.102400+0000', '2015-08-05 14:44:46.579100+0000');
INSERT INTO "neap"."user"(user_id, channel_id, type, username, email, password, display_name, logo, bio, created_at, updated_at)
    VALUES ('279515b2-fd7e-4570-97e5-affc36b9f9b5', 'e7331629-c791-46a0-af56-66dd0d6711d8', 'user', 'hudson', 'hudson@neap.io', '$2y$10$eb1Y.l9kGCQcRXNG7AvT9OYHdK9Ni/8R19JllwXje/TVjYctliwvq', 'Hudson', 'https://gravatar.com/avatar/eb077acd6056f7829558f1fb30aeb0d9?s=128&d=identicon', null, '2015-03-28 07:21:20.273200+0000', '2015-04-20 23:40:32.073200+0000');
INSERT INTO "neap"."channel"(channel_id, user_id, chat_id, name, display_name, topic, language, views, followers)
    VALUES ('e7331629-c791-46a0-af56-66dd0d6711d8', '279515b2-fd7e-4570-97e5-affc36b9f9b5', '461ada31-ba29-4a8a-9464-fac0d4fd4c0f', 'hudson', 'Hudson Channel', 'Video games', 'en', 64442, 19);
INSERT INTO "neap"."chat"(chat_id, channel_id, name)
    VALUES ('461ada31-ba29-4a8a-9464-fac0d4fd4c0f', 'e7331629-c791-46a0-af56-66dd0d6711d8', 'hudson');
INSERT INTO "neap"."stream"(stream_id, channel_id, title, topic_id, topic, media_info, viewers, created_at, updated_at, ended_at)
    VALUES ('6c550ee9-5105-4ae6-b4ec-2f4e5bfaf583', 'e7331629-c791-46a0-af56-66dd0d6711d8', 'Relax stream', '35fa82dc-ed25-47fb-b6cd-58ae8a151f60', 'Philosophy', '{"width":720,"height":400,"bitrate":769.79}', 1619, '2015-10-12 01:57:26.486100+0000', '2015-10-12 09:08:04.225300+0000', '2015-10-12 09:13:03.496600+0000');
INSERT INTO "neap"."video"(video_id, stream_id, title, type, description, status, tags, topic_id, topic, media_info, preview, views, created_at, updated_at)
    VALUES ('7ecec5a4-66df-4705-9e7f-abd729e749f9', '6c550ee9-5105-4ae6-b4ec-2f4e5bfaf583', 'Relax stream', 'highlight', 'Relax stream', '', '[]', '35fa82dc-ed25-47fb-b6cd-58ae8a151f60', 'Philosophy', '{"width":720,"height":400,"bitrate":569.95}', '', '28686', '2015-10-24 07:12:23.205700+0000', '2015-10-24 08:47:50.146900+0000');
INSERT INTO "neap"."stream"(stream_id, channel_id, title, topic_id, topic, media_info, viewers, created_at, updated_at, ended_at)
    VALUES ('6914a490-2da6-4531-b31b-e5a9c98ccea6', 'e7331629-c791-46a0-af56-66dd0d6711d8', 'The origins of History', '5f6c7ec0-84ab-4d8e-a2d7-ff1887b55d6e', 'History', '{"width":1920,"height":1080,"bitrate":2616.96}', 1163, '2015-07-26 00:32:22.571900+0000', '2015-07-26 01:12:14.212200+0000', '2015-07-26 01:12:18.815300+0000');
INSERT INTO "neap"."stream"(stream_id, channel_id, title, topic_id, topic, media_info, viewers, created_at, updated_at, ended_at)
    VALUES ('ad295b94-0817-4ef9-9d90-315e6ec5b0da', 'e7331629-c791-46a0-af56-66dd0d6711d8', 'Come on and have fun with Hudson!', 'd4f06d27-2693-4552-bd85-d9875651ce39', 'Biology', '{"width":1920,"height":1080,"bitrate":2077.26}', 865, '2015-06-05 06:38:53.418300+0000', '2015-06-05 08:05:43.807600+0000', '2015-06-05 09:17:11.258000+0000');
INSERT INTO "neap"."video"(video_id, stream_id, title, type, description, status, tags, topic_id, topic, media_info, preview, views, created_at, updated_at)
    VALUES ('0cb04ebb-8f4a-48c4-a6a0-b9df5066cb4d', 'ad295b94-0817-4ef9-9d90-315e6ec5b0da', 'Come on and have fun with Hudson!', 'record', 'Come on and have fun with Hudson!', '', '[]', 'd4f06d27-2693-4552-bd85-d9875651ce39', 'Biology', '{"width":1920,"height":1080,"bitrate":2682}', '', '22550', '2015-07-21 10:04:27.653000+0000', '2015-07-25 18:33:21.333800+0000');
INSERT INTO "neap"."user"(user_id, channel_id, type, username, email, password, display_name, logo, bio, created_at, updated_at)
    VALUES ('db8faf81-b882-4c9a-b278-c3fea83ab635', 'fcdf7bd0-e783-4ef3-99d2-b9e626252362', 'user', 'sherlyn', 'sherlyn@neap.io', '$2y$10$szwg.6msq/JqPvlxJzsEa.Cf2FPhim.OklVmV4Wr.D/RDhyOdyGOK', 'Sherlyn', 'https://gravatar.com/avatar/9bcb3bb9941418a22121b0b64320938b?s=128&d=identicon', null, '2015-07-14 16:05:04.289700+0000', '2015-09-12 12:33:29.206800+0000');
INSERT INTO "neap"."channel"(channel_id, user_id, chat_id, name, display_name, topic, language, views, followers)
    VALUES ('fcdf7bd0-e783-4ef3-99d2-b9e626252362', 'db8faf81-b882-4c9a-b278-c3fea83ab635', '4a985d47-4148-4960-bbc1-9cfc5fb5c543', 'sherlyn', 'Sherlyn Channel', 'Litterature', 'en', 97518, 36);
INSERT INTO "neap"."chat"(chat_id, channel_id, name)
    VALUES ('4a985d47-4148-4960-bbc1-9cfc5fb5c543', 'fcdf7bd0-e783-4ef3-99d2-b9e626252362', 'sherlyn');
INSERT INTO "neap"."stream"(stream_id, channel_id, title, topic_id, topic, media_info, viewers, created_at, updated_at, ended_at)
    VALUES ('84bf8f24-7546-4604-affa-fbcc0da23318', 'fcdf7bd0-e783-4ef3-99d2-b9e626252362', 'Today is Astrology day', 'e9af2f53-d2dd-4e32-9dea-26d6ac21bcb8', 'Astrology', '{"width":720,"height":400,"bitrate":640.36}', 1736, '2015-09-23 12:36:46.755800+0000', '2015-09-23 14:11:35.535200+0000', '2015-09-23 14:28:55.613300+0000');
INSERT INTO "neap"."video"(video_id, stream_id, title, type, description, status, tags, topic_id, topic, media_info, preview, views, created_at, updated_at)
    VALUES ('5387a435-4830-4a43-be68-cb5495e19c6b', '84bf8f24-7546-4604-affa-fbcc0da23318', 'Today is Astrology day', 'record', 'Today is Astrology day', '', '[]', 'e9af2f53-d2dd-4e32-9dea-26d6ac21bcb8', 'Astrology', '{"width":720,"height":400,"bitrate":777.84}', '', '20997', '2015-09-29 19:10:22.786500+0000', '2015-09-30 01:41:20.325500+0000');
INSERT INTO "neap"."stream"(stream_id, channel_id, title, topic_id, topic, media_info, viewers, created_at, updated_at, ended_at)
    VALUES ('78f397d2-73ab-4a1d-84b1-f90c37bcd4cc', 'fcdf7bd0-e783-4ef3-99d2-b9e626252362', 'Fun with Theology and Sherlyn', 'd2ea25fc-eb67-4c63-86d0-58ba2ce51b56', 'Theology', '{"width":720,"height":400,"bitrate":769.33}', 1158, '2015-07-31 20:06:12.418900+0000', '2015-07-31 20:54:12.671400+0000', '2015-07-31 21:37:08.547100+0000');
INSERT INTO "neap"."stream"(stream_id, channel_id, title, topic_id, topic, media_info, viewers, created_at, updated_at, ended_at)
    VALUES ('56a2152d-be53-4b8e-a7e6-a00717885077', 'fcdf7bd0-e783-4ef3-99d2-b9e626252362', 'Fun with History and Sherlyn', '5f6c7ec0-84ab-4d8e-a2d7-ff1887b55d6e', 'History', '{"width":1920,"height":1080,"bitrate":1993.51}', 1263, '2015-07-30 07:28:56.175800+0000', '2015-07-30 14:37:16.472300+0000', '2015-07-30 14:40:15.303700+0000');
INSERT INTO "neap"."video"(video_id, stream_id, title, type, description, status, tags, topic_id, topic, media_info, preview, views, created_at, updated_at)
    VALUES ('ca48abc2-d266-4924-8028-b16369051a3d', '56a2152d-be53-4b8e-a7e6-a00717885077', 'Fun with History and Sherlyn', 'record', 'Fun with History and Sherlyn', '', '[]', '5f6c7ec0-84ab-4d8e-a2d7-ff1887b55d6e', 'History', '{"width":1920,"height":1080,"bitrate":3325.57}', '', '29753', '2015-10-06 09:06:34.144700+0000', '2015-10-06 14:25:53.330600+0000');
INSERT INTO "neap"."stream"(stream_id, channel_id, title, topic_id, topic, media_info, viewers, created_at, updated_at, ended_at)
    VALUES ('e675eb49-e5ff-443f-aac4-f9adff24172a', 'fcdf7bd0-e783-4ef3-99d2-b9e626252362', 'Philosophy?? Yeah, Philosophy!', '35fa82dc-ed25-47fb-b6cd-58ae8a151f60', 'Philosophy', '{"width":720,"height":400,"bitrate":799.61}', 1969, '2015-08-26 01:11:49.570600+0000', '2015-08-26 01:18:04.756000+0000', '2015-08-26 01:35:26.259300+0000');
INSERT INTO "neap"."stream"(stream_id, channel_id, title, topic_id, topic, media_info, viewers, created_at, updated_at, ended_at)
    VALUES ('3c696fbc-c15d-44ef-8101-322e4864b704', 'fcdf7bd0-e783-4ef3-99d2-b9e626252362', 'Come on and have fun with Sherlyn!', '5f6c7ec0-84ab-4d8e-a2d7-ff1887b55d6e', 'History', '{"width":1920,"height":1080,"bitrate":1576.42}', 1604, '2015-09-20 04:52:08.416200+0000', '2015-09-20 05:51:41.489400+0000', '2015-09-20 06:14:26.689600+0000');
INSERT INTO "neap"."video"(video_id, stream_id, title, type, description, status, tags, topic_id, topic, media_info, preview, views, created_at, updated_at)
    VALUES ('efb5f14d-b943-4bc2-ae9d-c6a90aa0fd53', '3c696fbc-c15d-44ef-8101-322e4864b704', 'Come on and have fun with Sherlyn!', 'record', 'Come on and have fun with Sherlyn!', '', '[]', '5f6c7ec0-84ab-4d8e-a2d7-ff1887b55d6e', 'History', '{"width":1920,"height":1080,"bitrate":2231.18}', '', '5919', '2015-09-29 09:01:24.620300+0000', '2015-10-01 21:59:52.092900+0000');
INSERT INTO "neap"."stream"(stream_id, channel_id, title, topic_id, topic, media_info, viewers, created_at, updated_at, ended_at)
    VALUES ('e7f7443d-96b9-4a2f-a213-f47d5b096078', 'fcdf7bd0-e783-4ef3-99d2-b9e626252362', 'Music?? Yeah, Music!', 'b369c464-cdea-4356-9d70-1450585652e2', 'Music', '{"width":1920,"height":1080,"bitrate":1482.42}', 443, '2015-10-31 09:29:50.680100+0000', '2015-10-31 15:09:24.168800+0000', '2015-10-31 15:42:12.370500+0000');
INSERT INTO "neap"."video"(video_id, stream_id, title, type, description, status, tags, topic_id, topic, media_info, preview, views, created_at, updated_at)
    VALUES ('20e2167c-ae9b-41f6-95ff-faa97e15636b', 'e7f7443d-96b9-4a2f-a213-f47d5b096078', 'Music?? Yeah, Music!', 'highlight', 'Music?? Yeah, Music!', '', '[]', 'b369c464-cdea-4356-9d70-1450585652e2', 'Music', '{"width":1920,"height":1080,"bitrate":2857.67}', '', '17131', '2015-11-01 19:42:08.569100+0000', '2015-11-03 15:32:55.007400+0000');
INSERT INTO "neap"."video"(video_id, stream_id, title, type, description, status, tags, topic_id, topic, media_info, preview, views, created_at, updated_at)
    VALUES ('916b4220-3517-421d-a696-313c6070731c', 'e7f7443d-96b9-4a2f-a213-f47d5b096078', 'Music?? Yeah, Music!', 'record', 'Music?? Yeah, Music!', '', '[]', 'b369c464-cdea-4356-9d70-1450585652e2', 'Music', '{"width":1920,"height":1080,"bitrate":2486.38}', '', '11718', '2015-11-01 04:09:26.920300+0000', '2015-11-01 09:02:09.801900+0000');
INSERT INTO "neap"."stream"(stream_id, channel_id, title, topic_id, topic, media_info, viewers, created_at, updated_at, ended_at)
    VALUES ('3a157b75-f1a5-4dde-a6f8-24046d2af4f6', 'fcdf7bd0-e783-4ef3-99d2-b9e626252362', 'Today is Photography day', 'e496e832-363e-4228-b518-7fe126ccaa04', 'Photography', '{"width":1920,"height":1080,"bitrate":2268.93}', 480, '2015-10-22 04:03:01.139900+0000', '2015-10-22 10:28:50.992600+0000', '2015-10-22 11:36:03.801800+0000');
INSERT INTO "neap"."stream"(stream_id, channel_id, title, topic_id, topic, media_info, viewers, created_at, updated_at, ended_at)
    VALUES ('5f7dc2be-77dc-4c8e-ab5b-f58ab8922eaa', 'fcdf7bd0-e783-4ef3-99d2-b9e626252362', 'Come on and have fun with Sherlyn!', 'd2ea25fc-eb67-4c63-86d0-58ba2ce51b56', 'Theology', '{"width":720,"height":400,"bitrate":675.37}', 922, '2015-08-24 09:19:14.817400+0000', '2015-08-24 13:20:09.925500+0000', '2015-08-24 13:35:44.883900+0000');
INSERT INTO "neap"."stream"(stream_id, channel_id, title, topic_id, topic, media_info, viewers, created_at, updated_at, ended_at)
    VALUES ('3788190e-2d5a-4cbf-b5cc-3d7f9c7d0576', 'fcdf7bd0-e783-4ef3-99d2-b9e626252362', 'Sherlyn goes live!', '35fa82dc-ed25-47fb-b6cd-58ae8a151f60', 'Philosophy', '{"width":1920,"height":1080,"bitrate":2671.8}', 1666, '2015-09-12 18:38:44.299300+0000', '2015-09-13 00:16:40.245100+0000', '2015-09-13 00:58:08.269600+0000');
INSERT INTO "neap"."video"(video_id, stream_id, title, type, description, status, tags, topic_id, topic, media_info, preview, views, created_at, updated_at)
    VALUES ('deeff9a2-0981-4c64-b816-d4398a26ba7e', '3788190e-2d5a-4cbf-b5cc-3d7f9c7d0576', 'Sherlyn goes live!', 'record', 'Sherlyn goes live!', '', '[]', '35fa82dc-ed25-47fb-b6cd-58ae8a151f60', 'Philosophy', '{"width":1920,"height":1080,"bitrate":2698.16}', '', '1707', '2015-09-19 05:50:53.834000+0000', '2015-09-19 15:54:53.104100+0000');
INSERT INTO "neap"."stream"(stream_id, channel_id, title, topic_id, topic, media_info, viewers, created_at, updated_at, ended_at)
    VALUES ('08890157-8520-452f-9b5d-6bc801b03a6d', 'fcdf7bd0-e783-4ef3-99d2-b9e626252362', 'Fun with Astrology and Sherlyn', 'e9af2f53-d2dd-4e32-9dea-26d6ac21bcb8', 'Astrology', '{"width":1280,"height":720,"bitrate":895.53}', 1984, '2015-10-01 21:55:19.273800+0000', '2015-10-01 22:04:58.953700+0000', '2015-10-01 22:06:01.167600+0000');
INSERT INTO "neap"."user"(user_id, channel_id, type, username, email, password, display_name, logo, bio, created_at, updated_at)
    VALUES ('aef929a8-6393-436b-990d-d5a12a58fd75', '38e0331d-a8aa-4766-bcb0-75d0dc89bc95', 'user', 'kenny', 'kenny@neap.io', '$2y$10$QeYl23ovJqlSeEYXPPIBLu2Bg9ZdYdeGv1PuJaHxSRfj.OUsVAAq2', 'Kenny', 'https://gravatar.com/avatar/55dc38b456c28f4b5656f1abf854996a?s=128&d=identicon', null, '2015-02-15 16:03:16.558800+0000', '2015-08-18 16:45:16.840000+0000');
INSERT INTO "neap"."channel"(channel_id, user_id, chat_id, name, display_name, topic, language, views, followers)
    VALUES ('38e0331d-a8aa-4766-bcb0-75d0dc89bc95', 'aef929a8-6393-436b-990d-d5a12a58fd75', '92ab499b-eb57-4abb-bf57-5b190dc00fb9', 'kenny', 'Kenny Channel', 'Photography', 'en', 49580, 19);
INSERT INTO "neap"."chat"(chat_id, channel_id, name)
    VALUES ('92ab499b-eb57-4abb-bf57-5b190dc00fb9', '38e0331d-a8aa-4766-bcb0-75d0dc89bc95', 'kenny');
INSERT INTO "neap"."stream"(stream_id, channel_id, title, topic_id, topic, media_info, viewers, created_at, updated_at, ended_at)
    VALUES ('4dac114a-edfe-4910-a20f-4839a22b56a0', '38e0331d-a8aa-4766-bcb0-75d0dc89bc95', 'Kenny goes live!', '284b3091-455d-4476-ae67-442a19d153d4', 'Mathematics', '{"width":1920,"height":1080,"bitrate":1462.18}', 565, '2015-05-25 21:59:57.994000+0000', '2015-05-26 00:37:54.714800+0000', '2015-05-26 01:01:32.425900+0000');
INSERT INTO "neap"."video"(video_id, stream_id, title, type, description, status, tags, topic_id, topic, media_info, preview, views, created_at, updated_at)
    VALUES ('d826a96f-4143-425e-94ad-07bf2d544631', '4dac114a-edfe-4910-a20f-4839a22b56a0', 'Kenny goes live!', 'highlight', 'Kenny goes live!', '', '[]', '284b3091-455d-4476-ae67-442a19d153d4', 'Mathematics', '{"width":1920,"height":1080,"bitrate":1171.16}', '', '6181', '2015-08-31 17:46:51.967900+0000', '2015-08-31 18:13:04.723000+0000');
INSERT INTO "neap"."stream"(stream_id, channel_id, title, topic_id, topic, media_info, viewers, created_at, updated_at, ended_at)
    VALUES ('2cca71c0-8fcf-47e2-9391-8ec8a619007b', '38e0331d-a8aa-4766-bcb0-75d0dc89bc95', 'Fun with Litterature and Kenny', '994391cf-d41e-46f4-b6eb-ce53824e3a0c', 'Litterature', '{"width":1280,"height":720,"bitrate":1320.19}', 1280, '2015-07-15 07:00:50.751500+0000', '2015-07-15 10:28:38.056600+0000', '2015-07-15 10:58:45.247100+0000');
INSERT INTO "neap"."video"(video_id, stream_id, title, type, description, status, tags, topic_id, topic, media_info, preview, views, created_at, updated_at)
    VALUES ('30110ff5-8ca5-44f6-98c2-21156708d9db', '2cca71c0-8fcf-47e2-9391-8ec8a619007b', 'Fun with Litterature and Kenny', 'record', 'Fun with Litterature and Kenny', '', '[]', '994391cf-d41e-46f4-b6eb-ce53824e3a0c', 'Litterature', '{"width":1280,"height":720,"bitrate":1460.8}', '', '33324', '2015-09-23 14:55:11.231700+0000', '2015-09-24 17:02:53.605900+0000');
INSERT INTO "neap"."stream"(stream_id, channel_id, title, topic_id, topic, media_info, viewers, created_at, updated_at, ended_at)
    VALUES ('b5e1794e-dc30-4730-80bd-4180f737f584', '38e0331d-a8aa-4766-bcb0-75d0dc89bc95', 'Biology?? Yeah, Biology!', 'd4f06d27-2693-4552-bd85-d9875651ce39', 'Biology', '{"width":720,"height":400,"bitrate":742.19}', 1242, '2015-05-21 01:05:23.330900+0000', '2015-05-21 01:19:46.574000+0000', '2015-05-21 01:39:22.390300+0000');
INSERT INTO "neap"."user"(user_id, channel_id, type, username, email, password, display_name, logo, bio, created_at, updated_at)
    VALUES ('f8598b06-84b6-4eb8-b599-9ad15c082467', '93d51177-f683-4d6f-b501-2f013c570453', 'user', 'marianna', 'marianna@neap.io', '$2y$10$ER7kim7T66WS3z5F.DMaMeTLtwapmO9/ENZTqlS3L8HzkI9LEb5de', 'Marianna', 'https://gravatar.com/avatar/ef981ca8659c07a28d90fccc20f5509c?s=128&d=identicon', null, '2015-10-06 18:25:21.320400+0000', '2015-10-16 00:30:56.360500+0000');
INSERT INTO "neap"."channel"(channel_id, user_id, chat_id, name, display_name, topic, language, views, followers)
    VALUES ('93d51177-f683-4d6f-b501-2f013c570453', 'f8598b06-84b6-4eb8-b599-9ad15c082467', 'ea5b8d84-4740-4763-9474-c94f9f4b31cb', 'marianna', 'Marianna Channel', 'Video games', 'en', 39140, 33);
INSERT INTO "neap"."chat"(chat_id, channel_id, name)
    VALUES ('ea5b8d84-4740-4763-9474-c94f9f4b31cb', '93d51177-f683-4d6f-b501-2f013c570453', 'marianna');
INSERT INTO "neap"."stream"(stream_id, channel_id, title, topic_id, topic, media_info, viewers, created_at, updated_at, ended_at)
    VALUES ('7d876c1f-45b7-4c61-b48f-32156e046efd', '93d51177-f683-4d6f-b501-2f013c570453', 'Come on and have fun with Marianna!', '994391cf-d41e-46f4-b6eb-ce53824e3a0c', 'Litterature', '{"width":1920,"height":1080,"bitrate":2058.48}', 1046, '2015-10-26 09:59:14.853200+0000', '2015-10-26 12:48:13.078700+0000', '2015-10-26 14:27:29.499000+0000');
INSERT INTO "neap"."video"(video_id, stream_id, title, type, description, status, tags, topic_id, topic, media_info, preview, views, created_at, updated_at)
    VALUES ('053eb4d8-0ff8-412f-b30c-19e3797baed7', '7d876c1f-45b7-4c61-b48f-32156e046efd', 'Come on and have fun with Marianna!', 'highlight', 'Come on and have fun with Marianna!', '', '[]', '994391cf-d41e-46f4-b6eb-ce53824e3a0c', 'Litterature', '{"width":1920,"height":1080,"bitrate":1580.95}', '', '35278', '2015-10-27 02:18:17.371800+0000', '2015-10-27 04:32:26.631100+0000');
INSERT INTO "neap"."stream"(stream_id, channel_id, title, topic_id, topic, media_info, viewers, created_at, updated_at, ended_at)
    VALUES ('ba6d48a7-32e2-4bde-9ae4-b37f228401c0', '93d51177-f683-4d6f-b501-2f013c570453', 'Marianna goes live!', '35fa82dc-ed25-47fb-b6cd-58ae8a151f60', 'Philosophy', '{"width":1920,"height":1080,"bitrate":2975.69}', 456, '2015-10-12 15:30:58.339900+0000', '2015-10-12 15:40:26.076000+0000', '2015-10-12 16:14:25.188500+0000');
INSERT INTO "neap"."stream"(stream_id, channel_id, title, topic_id, topic, media_info, viewers, created_at, updated_at, ended_at)
    VALUES ('6b949709-8e4e-4a79-b6bd-a2bbbb9147ee', '93d51177-f683-4d6f-b501-2f013c570453', 'Fun with Astrology and Marianna', 'e9af2f53-d2dd-4e32-9dea-26d6ac21bcb8', 'Astrology', '{"width":1280,"height":720,"bitrate":953.64}', 1243, '2015-10-25 04:18:25.160800+0000', '2015-10-25 04:51:37.982600+0000', '2015-10-25 06:04:22.012100+0000');
INSERT INTO "neap"."video"(video_id, stream_id, title, type, description, status, tags, topic_id, topic, media_info, preview, views, created_at, updated_at)
    VALUES ('313bdc8a-e6ff-4fc8-a6d8-72307f05d865', '6b949709-8e4e-4a79-b6bd-a2bbbb9147ee', 'Fun with Astrology and Marianna', 'record', 'Fun with Astrology and Marianna', '', '[]', 'e9af2f53-d2dd-4e32-9dea-26d6ac21bcb8', 'Astrology', '{"width":1280,"height":720,"bitrate":993.1}', '', '352', '2015-10-25 16:18:59.607400+0000', '2015-10-26 22:18:29.312700+0000');
INSERT INTO "neap"."user"(user_id, channel_id, type, username, email, password, display_name, logo, bio, created_at, updated_at)
    VALUES ('23f1dc43-a4cb-4c12-9b14-d9fd10bf05a6', '053ab11e-8ef6-4d2d-be30-61a745180017', 'user', 'cataleya', 'cataleya@neap.io', '$2y$10$L3NteyTosRZzsHMNrbg6duexOWXS/zQqPfJ.XFYRtsFmsoSumhyWW', 'Cataleya', 'https://gravatar.com/avatar/425821000aa83625ef93738fbd248567?s=128&d=identicon', null, '2015-03-04 18:43:58.596600+0000', '2015-08-28 16:14:58.859900+0000');
INSERT INTO "neap"."channel"(channel_id, user_id, chat_id, name, display_name, topic, language, views, followers)
    VALUES ('053ab11e-8ef6-4d2d-be30-61a745180017', '23f1dc43-a4cb-4c12-9b14-d9fd10bf05a6', 'b2857926-f3b0-41bc-8fe7-bf28e2d279cf', 'cataleya', 'Cataleya Channel', 'History', 'en', 57345, 0);
INSERT INTO "neap"."chat"(chat_id, channel_id, name)
    VALUES ('b2857926-f3b0-41bc-8fe7-bf28e2d279cf', '053ab11e-8ef6-4d2d-be30-61a745180017', 'cataleya');
INSERT INTO "neap"."stream"(stream_id, channel_id, title, topic_id, topic, media_info, viewers, created_at, updated_at, ended_at)
    VALUES ('323af7a0-e432-4ba5-a2c5-9785d2e19076', '053ab11e-8ef6-4d2d-be30-61a745180017', 'History?? Yeah, History!', '5f6c7ec0-84ab-4d8e-a2d7-ff1887b55d6e', 'History', '{"width":1280,"height":720,"bitrate":1449.34}', 521, '2015-09-19 15:36:00.754500+0000', '2015-09-19 15:58:04.964700+0000', '2015-09-19 16:00:06.157900+0000');
INSERT INTO "neap"."stream"(stream_id, channel_id, title, topic_id, topic, media_info, viewers, created_at, updated_at, ended_at)
    VALUES ('88b8ad2a-e72d-47cc-88ab-53f57d606eee', '053ab11e-8ef6-4d2d-be30-61a745180017', 'Cataleya goes live!', '35fa82dc-ed25-47fb-b6cd-58ae8a151f60', 'Philosophy', '{"width":720,"height":400,"bitrate":621.89}', 1216, '2015-10-18 05:00:11.041900+0000', '2015-10-18 10:12:23.272500+0000', '2015-10-18 10:13:34.357300+0000');
INSERT INTO "neap"."video"(video_id, stream_id, title, type, description, status, tags, topic_id, topic, media_info, preview, views, created_at, updated_at)
    VALUES ('d350f045-8206-422f-a4e8-37ee3e5af607', '88b8ad2a-e72d-47cc-88ab-53f57d606eee', 'Cataleya goes live!', 'record', 'Cataleya goes live!', '', '[]', '35fa82dc-ed25-47fb-b6cd-58ae8a151f60', 'Philosophy', '{"width":720,"height":400,"bitrate":784.39}', '', '25351', '2015-10-30 09:02:28.812100+0000', '2015-11-05 00:48:51.434900+0000');
INSERT INTO "neap"."stream"(stream_id, channel_id, title, topic_id, topic, media_info, viewers, created_at, updated_at, ended_at)
    VALUES ('ef9473e8-2d75-425b-b81a-d76011ae078f', '053ab11e-8ef6-4d2d-be30-61a745180017', 'Today is Biology day', 'd4f06d27-2693-4552-bd85-d9875651ce39', 'Biology', '{"width":1920,"height":1080,"bitrate":2861.49}', 1337, '2015-04-14 18:57:00.557500+0000', '2015-04-14 20:09:42.415200+0000', '2015-04-14 20:10:12.707100+0000');
INSERT INTO "neap"."video"(video_id, stream_id, title, type, description, status, tags, topic_id, topic, media_info, preview, views, created_at, updated_at)
    VALUES ('81ab4a98-fb54-41ca-88e6-badcf9621033', 'ef9473e8-2d75-425b-b81a-d76011ae078f', 'Today is Biology day', 'record', 'Today is Biology day', '', '[]', 'd4f06d27-2693-4552-bd85-d9875651ce39', 'Biology', '{"width":1920,"height":1080,"bitrate":2031.24}', '', '8827', '2015-10-08 13:32:43.775700+0000', '2015-10-10 12:06:27.546900+0000');
INSERT INTO "neap"."stream"(stream_id, channel_id, title, topic_id, topic, media_info, viewers, created_at, updated_at, ended_at)
    VALUES ('3732ade6-505c-4afa-b97c-8964e9dba148', '053ab11e-8ef6-4d2d-be30-61a745180017', 'Today is History day', '5f6c7ec0-84ab-4d8e-a2d7-ff1887b55d6e', 'History', '{"width":1280,"height":720,"bitrate":817.69}', 1400, '2015-07-30 06:43:35.241400+0000', '2015-07-30 14:21:18.416600+0000', '2015-07-30 14:21:29.299300+0000');
INSERT INTO "neap"."video"(video_id, stream_id, title, type, description, status, tags, topic_id, topic, media_info, preview, views, created_at, updated_at)
    VALUES ('168d4c28-f056-4573-8174-53756e2b660e', '3732ade6-505c-4afa-b97c-8964e9dba148', 'Today is History day', 'highlight', 'Today is History day', '', '[]', '5f6c7ec0-84ab-4d8e-a2d7-ff1887b55d6e', 'History', '{"width":1280,"height":720,"bitrate":1245.37}', '', '31152', '2015-09-12 07:15:23.878700+0000', '2015-09-12 18:49:50.801400+0000');
INSERT INTO "neap"."video"(video_id, stream_id, title, type, description, status, tags, topic_id, topic, media_info, preview, views, created_at, updated_at)
    VALUES ('07f277dd-8ce2-438e-87e3-83bb1d4722c8', '3732ade6-505c-4afa-b97c-8964e9dba148', 'Today is History day', 'record', 'Today is History day', '', '[]', '5f6c7ec0-84ab-4d8e-a2d7-ff1887b55d6e', 'History', '{"width":1280,"height":720,"bitrate":1470.84}', '', '19905', '2015-09-12 04:01:28.740400+0000', '2015-09-15 18:19:25.409800+0000');
INSERT INTO "neap"."stream"(stream_id, channel_id, title, topic_id, topic, media_info, viewers, created_at, updated_at, ended_at)
    VALUES ('be4e0172-68a3-4c9e-932a-9ec7ee5514d2', '053ab11e-8ef6-4d2d-be30-61a745180017', 'The origins of Mathematics', '284b3091-455d-4476-ae67-442a19d153d4', 'Mathematics', '{"width":1280,"height":720,"bitrate":1434.69}', 1037, '2015-04-25 09:50:27.657400+0000', '2015-04-25 10:17:10.579800+0000', '2015-04-25 10:22:58.180600+0000');
INSERT INTO "neap"."stream"(stream_id, channel_id, title, topic_id, topic, media_info, viewers, created_at, updated_at, ended_at)
    VALUES ('d513399a-e892-4efa-aeef-76b9bf99dd50', '053ab11e-8ef6-4d2d-be30-61a745180017', 'Cataleya goes live!', '284b3091-455d-4476-ae67-442a19d153d4', 'Mathematics', '{"width":720,"height":400,"bitrate":668.87}', 1113, '2015-09-10 12:22:02.794100+0000', '2015-09-10 12:51:10.020100+0000', '2015-09-10 12:54:14.586400+0000');
INSERT INTO "neap"."video"(video_id, stream_id, title, type, description, status, tags, topic_id, topic, media_info, preview, views, created_at, updated_at)
    VALUES ('5f0012a8-970b-43a4-aa2a-d614f73a34c6', 'd513399a-e892-4efa-aeef-76b9bf99dd50', 'Cataleya goes live!', 'record', 'Cataleya goes live!', '', '[]', '284b3091-455d-4476-ae67-442a19d153d4', 'Mathematics', '{"width":720,"height":400,"bitrate":607.42}', '', '39212', '2015-09-21 00:27:56.899300+0000', '2015-09-22 22:26:23.283400+0000');
INSERT INTO "neap"."stream"(stream_id, channel_id, title, topic_id, topic, media_info, viewers, created_at, updated_at, ended_at)
    VALUES ('f11ffcc2-a64a-45f1-81f6-2446e0141997', '053ab11e-8ef6-4d2d-be30-61a745180017', 'Fun with Photography and Cataleya', 'e496e832-363e-4228-b518-7fe126ccaa04', 'Photography', '{"width":1920,"height":1080,"bitrate":3236.78}', 431, '2015-09-20 16:23:03.115900+0000', '2015-09-20 16:40:17.701200+0000', '2015-09-20 17:27:31.138200+0000');
INSERT INTO "neap"."video"(video_id, stream_id, title, type, description, status, tags, topic_id, topic, media_info, preview, views, created_at, updated_at)
    VALUES ('1fc6b908-cd8e-4190-b785-f8e5bbd90ad7', 'f11ffcc2-a64a-45f1-81f6-2446e0141997', 'Fun with Photography and Cataleya', 'highlight', 'Fun with Photography and Cataleya', '', '[]', 'e496e832-363e-4228-b518-7fe126ccaa04', 'Photography', '{"width":1920,"height":1080,"bitrate":3089.3}', '', '13120', '2015-10-19 05:29:13.372500+0000', '2015-10-21 15:10:51.368100+0000');
INSERT INTO "neap"."video"(video_id, stream_id, title, type, description, status, tags, topic_id, topic, media_info, preview, views, created_at, updated_at)
    VALUES ('6d0518ce-b9f3-421d-aa00-d19ab403d581', 'f11ffcc2-a64a-45f1-81f6-2446e0141997', 'Fun with Photography and Cataleya', 'record', 'Fun with Photography and Cataleya', '', '[]', 'e496e832-363e-4228-b518-7fe126ccaa04', 'Photography', '{"width":1920,"height":1080,"bitrate":3075.29}', '', '26873', '2015-10-29 04:07:55.028300+0000', '2015-10-29 05:40:01.066300+0000');
INSERT INTO "neap"."stream"(stream_id, channel_id, title, topic_id, topic, media_info, viewers, created_at, updated_at, ended_at)
    VALUES ('fb13c060-bec5-4ae4-8e83-0b529be12b2d', '053ab11e-8ef6-4d2d-be30-61a745180017', 'Fun with Astrology and Cataleya', 'e9af2f53-d2dd-4e32-9dea-26d6ac21bcb8', 'Astrology', '{"width":720,"height":400,"bitrate":610.31}', 851, '2015-03-25 04:55:39.460400+0000', '2015-03-25 13:32:35.643000+0000', '2015-03-25 15:16:13.508400+0000');
INSERT INTO "neap"."user"(user_id, channel_id, type, username, email, password, display_name, logo, bio, created_at, updated_at)
    VALUES ('0a965101-4187-47d7-ac75-1fe49ebc2dd6', '43e927d4-2687-47cd-93bc-5261a10204e1', 'user', 'maxton', 'maxton@neap.io', '$2y$10$.yJztep3/O61wpDBiXR2Te6/DlDeOqGEObGJBqcj0jfBt15.NbTRO', 'Maxton', 'https://gravatar.com/avatar/17cfa54c6f132c4da3934ba6dcb5f4c9?s=128&d=identicon', null, '2015-05-27 13:18:37.348100+0000', '2015-08-03 14:02:37.550100+0000');
INSERT INTO "neap"."channel"(channel_id, user_id, chat_id, name, display_name, topic, language, views, followers)
    VALUES ('43e927d4-2687-47cd-93bc-5261a10204e1', '0a965101-4187-47d7-ac75-1fe49ebc2dd6', '6795e9c7-8571-4a8c-b8a0-b67241e2a3fc', 'maxton', 'Maxton Channel', 'Biology', 'en', 74479, 61);
INSERT INTO "neap"."chat"(chat_id, channel_id, name)
    VALUES ('6795e9c7-8571-4a8c-b8a0-b67241e2a3fc', '43e927d4-2687-47cd-93bc-5261a10204e1', 'maxton');
INSERT INTO "neap"."stream"(stream_id, channel_id, title, topic_id, topic, media_info, viewers, created_at, updated_at, ended_at)
    VALUES ('820eeb77-5a84-444a-8610-2b235f2b96df', '43e927d4-2687-47cd-93bc-5261a10204e1', 'Today is Music day', 'b369c464-cdea-4356-9d70-1450585652e2', 'Music', '{"width":720,"height":400,"bitrate":558.59}', 1260, '2015-08-10 05:26:06.125000+0000', '2015-08-10 08:33:48.494500+0000', '2015-08-10 10:05:07.784700+0000');
INSERT INTO "neap"."video"(video_id, stream_id, title, type, description, status, tags, topic_id, topic, media_info, preview, views, created_at, updated_at)
    VALUES ('f99ae721-144c-415e-87d6-4c95bb10ab87', '820eeb77-5a84-444a-8610-2b235f2b96df', 'Today is Music day', 'record', 'Today is Music day', '', '[]', 'b369c464-cdea-4356-9d70-1450585652e2', 'Music', '{"width":720,"height":400,"bitrate":696.99}', '', '21502', '2015-09-13 17:09:14.862200+0000', '2015-09-15 07:06:19.868100+0000');
INSERT INTO "neap"."stream"(stream_id, channel_id, title, topic_id, topic, media_info, viewers, created_at, updated_at, ended_at)
    VALUES ('20204a3e-7b7d-4f4c-ad3c-ec88eb323d78', '43e927d4-2687-47cd-93bc-5261a10204e1', 'Today is Mathematics day', '284b3091-455d-4476-ae67-442a19d153d4', 'Mathematics', '{"width":720,"height":400,"bitrate":607.33}', 1681, '2015-08-25 03:50:05.017500+0000', '2015-08-25 08:48:45.734100+0000', '2015-08-25 09:23:17.770300+0000');
INSERT INTO "neap"."stream"(stream_id, channel_id, title, topic_id, topic, media_info, viewers, created_at, updated_at, ended_at)
    VALUES ('8bc44e9f-4c5a-42ef-9c1f-d0494c240b2d', '43e927d4-2687-47cd-93bc-5261a10204e1', 'Maxton goes live!', '48e535f7-dba1-4d59-aac3-4c6cced32d6c', 'Video games', '{"width":1920,"height":1080,"bitrate":1967.2}', 987, '2015-10-13 23:14:31.594800+0000', '2015-10-14 02:48:20.490600+0000', '2015-10-14 02:52:37.053700+0000');
INSERT INTO "neap"."video"(video_id, stream_id, title, type, description, status, tags, topic_id, topic, media_info, preview, views, created_at, updated_at)
    VALUES ('4846ed80-73e3-40a6-8fc3-8486e06bff33', '8bc44e9f-4c5a-42ef-9c1f-d0494c240b2d', 'Maxton goes live!', 'record', 'Maxton goes live!', '', '[]', '48e535f7-dba1-4d59-aac3-4c6cced32d6c', 'Video games', '{"width":1920,"height":1080,"bitrate":2146.34}', '', '3172', '2015-10-25 23:09:11.003100+0000', '2015-10-26 19:46:59.792900+0000');
INSERT INTO "neap"."video"(video_id, stream_id, title, type, description, status, tags, topic_id, topic, media_info, preview, views, created_at, updated_at)
    VALUES ('f08af0f9-37fa-4e66-8958-0921bb712ec3', '8bc44e9f-4c5a-42ef-9c1f-d0494c240b2d', 'Maxton goes live!', 'record', 'Maxton goes live!', '', '[]', '48e535f7-dba1-4d59-aac3-4c6cced32d6c', 'Video games', '{"width":1920,"height":1080,"bitrate":2785.26}', '', '35306', '2015-10-15 15:48:08.251200+0000', '2015-10-16 21:55:07.858600+0000');
INSERT INTO "neap"."stream"(stream_id, channel_id, title, topic_id, topic, media_info, viewers, created_at, updated_at, ended_at)
    VALUES ('2098a926-46aa-4a99-b338-42f54d3a9ff5', '43e927d4-2687-47cd-93bc-5261a10204e1', 'Today is Mathematics day', '284b3091-455d-4476-ae67-442a19d153d4', 'Mathematics', '{"width":1280,"height":720,"bitrate":1459.33}', 1226, '2015-09-05 18:52:52.117700+0000', '2015-09-05 19:16:52.132900+0000', '2015-09-05 19:45:56.312800+0000');
INSERT INTO "neap"."video"(video_id, stream_id, title, type, description, status, tags, topic_id, topic, media_info, preview, views, created_at, updated_at)
    VALUES ('6f99abed-1bf9-41ee-b124-a33b8a6d1bf5', '2098a926-46aa-4a99-b338-42f54d3a9ff5', 'Today is Mathematics day', 'record', 'Today is Mathematics day', '', '[]', '284b3091-455d-4476-ae67-442a19d153d4', 'Mathematics', '{"width":1280,"height":720,"bitrate":1217.1}', '', '24861', '2015-09-25 01:18:26.322000+0000', '2015-09-26 00:36:41.171600+0000');
INSERT INTO "neap"."user"(user_id, channel_id, type, username, email, password, display_name, logo, bio, created_at, updated_at)
    VALUES ('abaca28a-7d08-4b70-96fb-ebaa1bca2bfb', '17a2488b-882c-4619-8614-5f67d787b42e', 'user', 'vanessa', 'vanessa@neap.io', '$2y$10$LrT2WD0bXJYgnTk0KEqaMOKKY.CdPcsXUNf/4QbB2yrghdHrxHnye', 'Vanessa', 'https://gravatar.com/avatar/0ac4832668e17a4a514941f8514723cb?s=128&d=identicon', null, '2015-01-24 00:47:35.976300+0000', '2015-03-11 02:29:11.456000+0000');
INSERT INTO "neap"."channel"(channel_id, user_id, chat_id, name, display_name, topic, language, views, followers)
    VALUES ('17a2488b-882c-4619-8614-5f67d787b42e', 'abaca28a-7d08-4b70-96fb-ebaa1bca2bfb', 'd2b74452-6359-42c4-bd7a-be67a82ab28e', 'vanessa', 'Vanessa Channel', 'Photography', 'en', 87091, 128);
INSERT INTO "neap"."chat"(chat_id, channel_id, name)
    VALUES ('d2b74452-6359-42c4-bd7a-be67a82ab28e', '17a2488b-882c-4619-8614-5f67d787b42e', 'vanessa');
INSERT INTO "neap"."stream"(stream_id, channel_id, title, topic_id, topic, media_info, viewers, created_at, updated_at, ended_at)
    VALUES ('352b0d72-242a-46a7-99c8-23712ef6677f', '17a2488b-882c-4619-8614-5f67d787b42e', 'Today is Mathematics day', '284b3091-455d-4476-ae67-442a19d153d4', 'Mathematics', '{"width":720,"height":400,"bitrate":607.36}', 1516, '2015-03-13 09:54:20.847000+0000', '2015-03-13 14:42:36.395900+0000', '2015-03-13 15:25:57.500600+0000');
INSERT INTO "neap"."video"(video_id, stream_id, title, type, description, status, tags, topic_id, topic, media_info, preview, views, created_at, updated_at)
    VALUES ('afe37da2-3227-42d0-b866-930cb7749af9', '352b0d72-242a-46a7-99c8-23712ef6677f', 'Today is Mathematics day', 'highlight', 'Today is Mathematics day', '', '[]', '284b3091-455d-4476-ae67-442a19d153d4', 'Mathematics', '{"width":720,"height":400,"bitrate":513.74}', '', '39701', '2015-07-27 22:11:06.757900+0000', '2015-07-30 01:11:29.623200+0000');
INSERT INTO "neap"."video"(video_id, stream_id, title, type, description, status, tags, topic_id, topic, media_info, preview, views, created_at, updated_at)
    VALUES ('cbf8cf33-1116-41c8-8cfe-d95d977de844', '352b0d72-242a-46a7-99c8-23712ef6677f', 'Today is Mathematics day', 'record', 'Today is Mathematics day', '', '[]', '284b3091-455d-4476-ae67-442a19d153d4', 'Mathematics', '{"width":720,"height":400,"bitrate":723.38}', '', '29240', '2015-05-31 08:48:22.774500+0000', '2015-06-01 16:09:17.135200+0000');
INSERT INTO "neap"."stream"(stream_id, channel_id, title, topic_id, topic, media_info, viewers, created_at, updated_at, ended_at)
    VALUES ('05330899-3db8-4f29-a66f-86a0db4b0a17', '17a2488b-882c-4619-8614-5f67d787b42e', 'Fun with Music and Vanessa', 'b369c464-cdea-4356-9d70-1450585652e2', 'Music', '{"width":720,"height":400,"bitrate":705.52}', 1598, '2015-03-02 14:49:17.337200+0000', '2015-03-02 16:52:20.762400+0000', '2015-03-02 16:56:45.569900+0000');
INSERT INTO "neap"."video"(video_id, stream_id, title, type, description, status, tags, topic_id, topic, media_info, preview, views, created_at, updated_at)
    VALUES ('2db60023-201b-477a-a13a-18279e27cd57', '05330899-3db8-4f29-a66f-86a0db4b0a17', 'Fun with Music and Vanessa', 'record', 'Fun with Music and Vanessa', '', '[]', 'b369c464-cdea-4356-9d70-1450585652e2', 'Music', '{"width":720,"height":400,"bitrate":562.1}', '', '12363', '2015-04-07 05:47:55.194300+0000', '2015-04-07 07:30:04.063400+0000');
INSERT INTO "neap"."video"(video_id, stream_id, title, type, description, status, tags, topic_id, topic, media_info, preview, views, created_at, updated_at)
    VALUES ('82b573ee-3d18-4000-b6b0-3eaf5492c048', '05330899-3db8-4f29-a66f-86a0db4b0a17', 'Fun with Music and Vanessa', 'highlight', 'Fun with Music and Vanessa', '', '[]', 'b369c464-cdea-4356-9d70-1450585652e2', 'Music', '{"width":720,"height":400,"bitrate":660.05}', '', '37743', '2015-04-24 18:16:49.365300+0000', '2015-04-26 07:42:51.711900+0000');
INSERT INTO "neap"."stream"(stream_id, channel_id, title, topic_id, topic, media_info, viewers, created_at, updated_at, ended_at)
    VALUES ('ca8e02d9-2621-4934-ad6c-327ad79cf65b', '17a2488b-882c-4619-8614-5f67d787b42e', 'The origins of Photography', 'e496e832-363e-4228-b518-7fe126ccaa04', 'Photography', '{"width":720,"height":400,"bitrate":774.82}', 287, '2015-10-03 23:23:36.754300+0000', '2015-10-04 03:00:27.779000+0000', '2015-10-04 03:30:16.174400+0000');
INSERT INTO "neap"."video"(video_id, stream_id, title, type, description, status, tags, topic_id, topic, media_info, preview, views, created_at, updated_at)
    VALUES ('83f1242a-2a29-4248-be26-684b6f3b2710', 'ca8e02d9-2621-4934-ad6c-327ad79cf65b', 'The origins of Photography', 'record', 'The origins of Photography', '', '[]', 'e496e832-363e-4228-b518-7fe126ccaa04', 'Photography', '{"width":720,"height":400,"bitrate":519.35}', '', '36706', '2015-10-07 13:53:15.012700+0000', '2015-10-10 03:41:01.968800+0000');
INSERT INTO "neap"."stream"(stream_id, channel_id, title, topic_id, topic, media_info, viewers, created_at, updated_at, ended_at)
    VALUES ('7951304b-8d77-4c15-acfa-fc67c0b79dde', '17a2488b-882c-4619-8614-5f67d787b42e', 'Music?? Yeah, Music!', 'b369c464-cdea-4356-9d70-1450585652e2', 'Music', '{"width":1280,"height":720,"bitrate":1168.2}', 1873, '2015-09-10 13:20:56.791700+0000', '2015-09-10 14:05:16.087100+0000', '2015-09-10 15:23:01.211700+0000');
INSERT INTO "neap"."video"(video_id, stream_id, title, type, description, status, tags, topic_id, topic, media_info, preview, views, created_at, updated_at)
    VALUES ('78e5d40e-0ee3-41be-a33d-43f88d809943', '7951304b-8d77-4c15-acfa-fc67c0b79dde', 'Music?? Yeah, Music!', 'record', 'Music?? Yeah, Music!', '', '[]', 'b369c464-cdea-4356-9d70-1450585652e2', 'Music', '{"width":1280,"height":720,"bitrate":1290.56}', '', '39391', '2015-10-19 15:28:18.648300+0000', '2015-10-20 10:11:00.267900+0000');
INSERT INTO "neap"."video"(video_id, stream_id, title, type, description, status, tags, topic_id, topic, media_info, preview, views, created_at, updated_at)
    VALUES ('b49b0eef-e9b5-4420-9966-08f9a5e886a0', '7951304b-8d77-4c15-acfa-fc67c0b79dde', 'Music?? Yeah, Music!', 'record', 'Music?? Yeah, Music!', '', '[]', 'b369c464-cdea-4356-9d70-1450585652e2', 'Music', '{"width":1280,"height":720,"bitrate":1220.64}', '', '3559', '2015-10-24 08:14:21.607700+0000', '2015-10-25 16:47:36.756000+0000');
INSERT INTO "neap"."user"(user_id, channel_id, type, username, email, password, display_name, logo, bio, created_at, updated_at)
    VALUES ('23de3386-a5a9-4412-9b07-d31e94d5e999', '2d36e21f-f91d-4ead-b838-f4c32b489074', 'user', 'issac', 'issac@neap.io', '$2y$10$mvLbU4UDa0xxuuV2pXwo.OFckqZGvrsyxLPVGhl1KibUuQHp54lWi', 'Issac', 'https://gravatar.com/avatar/43da16c05d316dc704003cda456be7a4?s=128&d=identicon', null, '2015-06-11 21:53:48.322700+0000', '2015-09-02 16:50:35.123000+0000');
INSERT INTO "neap"."channel"(channel_id, user_id, chat_id, name, display_name, topic, language, views, followers)
    VALUES ('2d36e21f-f91d-4ead-b838-f4c32b489074', '23de3386-a5a9-4412-9b07-d31e94d5e999', 'd0a55525-5723-40e1-a574-f89f961a43f0', 'issac', 'Issac Channel', 'Science', 'en', 11449, 74);
INSERT INTO "neap"."chat"(chat_id, channel_id, name)
    VALUES ('d0a55525-5723-40e1-a574-f89f961a43f0', '2d36e21f-f91d-4ead-b838-f4c32b489074', 'issac');
INSERT INTO "neap"."user"(user_id, channel_id, type, username, email, password, display_name, logo, bio, created_at, updated_at)
    VALUES ('8968eff1-4f8a-4800-8e94-057237833480', 'febbaea4-45b6-40d2-aa31-f3eb27ee5d3d', 'user', 'ximena', 'ximena@neap.io', '$2y$10$Tk3KCCbTl3b6AGGDEO22L.TOa/4grLiUf3JgWkqiH2IJRRGoyE62K', 'Ximena', 'https://gravatar.com/avatar/86ba739ab47693582bdb62171dc50831?s=128&d=identicon', null, '2015-11-01 23:15:58.402100+0000', '2015-11-01 23:25:40.116200+0000');
INSERT INTO "neap"."channel"(channel_id, user_id, chat_id, name, display_name, topic, language, views, followers)
    VALUES ('febbaea4-45b6-40d2-aa31-f3eb27ee5d3d', '8968eff1-4f8a-4800-8e94-057237833480', '5764d85e-7101-4bc0-91d7-e689d5c4e352', 'ximena', 'Ximena Channel', 'Mathematics', 'en', 49831, 68);
INSERT INTO "neap"."chat"(chat_id, channel_id, name)
    VALUES ('5764d85e-7101-4bc0-91d7-e689d5c4e352', 'febbaea4-45b6-40d2-aa31-f3eb27ee5d3d', 'ximena');
INSERT INTO "neap"."stream"(stream_id, channel_id, title, topic_id, topic, media_info, viewers, created_at, updated_at, ended_at)
    VALUES ('b5b9db1e-32a7-4766-813f-95b179726e35', 'febbaea4-45b6-40d2-aa31-f3eb27ee5d3d', 'The origins of Mathematics', '284b3091-455d-4476-ae67-442a19d153d4', 'Mathematics', '{"width":1280,"height":720,"bitrate":1461.26}', 877, '2015-11-01 23:36:02.169200+0000', '2015-11-02 01:53:42.266500+0000', '2015-11-02 02:33:15.478600+0000');
INSERT INTO "neap"."video"(video_id, stream_id, title, type, description, status, tags, topic_id, topic, media_info, preview, views, created_at, updated_at)
    VALUES ('b682fae4-ab5c-4016-85f1-7ec91600e88e', 'b5b9db1e-32a7-4766-813f-95b179726e35', 'The origins of Mathematics', 'record', 'The origins of Mathematics', '', '[]', '284b3091-455d-4476-ae67-442a19d153d4', 'Mathematics', '{"width":1280,"height":720,"bitrate":1450.72}', '', '272', '2015-11-01 23:36:11.739100+0000', '2015-11-02 18:05:13.966600+0000');
INSERT INTO "neap"."video"(video_id, stream_id, title, type, description, status, tags, topic_id, topic, media_info, preview, views, created_at, updated_at)
    VALUES ('3781a662-c6f9-4f39-b5c5-138746b7ee1b', 'b5b9db1e-32a7-4766-813f-95b179726e35', 'The origins of Mathematics', 'record', 'The origins of Mathematics', '', '[]', '284b3091-455d-4476-ae67-442a19d153d4', 'Mathematics', '{"width":1280,"height":720,"bitrate":789.22}', '', '15256', '2015-11-01 23:36:43.804600+0000', '2015-11-06 18:17:22.652700+0000');
INSERT INTO "neap"."stream"(stream_id, channel_id, title, topic_id, topic, media_info, viewers, created_at, updated_at, ended_at)
    VALUES ('8fa2dd3b-57a4-4078-8f84-9369611113c3', 'febbaea4-45b6-40d2-aa31-f3eb27ee5d3d', 'Music?? Yeah, Music!', 'b369c464-cdea-4356-9d70-1450585652e2', 'Music', '{"width":1920,"height":1080,"bitrate":1818.69}', 36932, '2015-11-01 23:16:42.945900+0000', '2015-11-02 02:22:35.925900+0000', '2015-11-02 02:25:57.494600+0000');
INSERT INTO "neap"."video"(video_id, stream_id, title, type, description, status, tags, topic_id, topic, media_info, preview, views, created_at, updated_at)
    VALUES ('005675c5-b03c-4e00-adf2-e5b9b7fe41f2', '8fa2dd3b-57a4-4078-8f84-9369611113c3', 'Music?? Yeah, Music!', 'record', 'Music?? Yeah, Music!', '', '[]', 'b369c464-cdea-4356-9d70-1450585652e2', 'Music', '{"width":1920,"height":1080,"bitrate":1465.5}', '', '13535', '2015-11-01 23:33:43.989900+0000', '2015-11-05 18:16:29.120700+0000');
INSERT INTO "neap"."user"(user_id, channel_id, type, username, email, password, display_name, logo, bio, created_at, updated_at)
    VALUES ('38fbf39a-d86f-4a16-85d1-8782c95a983b', 'dd0b4416-7946-4033-af4e-f07219576326', 'user', 'natalie', 'natalie@neap.io', '$2y$10$o5ZpGWC9GOekz9MnWdiOLOC2bg2G9x/Bl3xRyRTn2PJD7k4OQwACG', 'Natalie', 'https://gravatar.com/avatar/22d034686674b7c103f0f83e64eef1db?s=128&d=identicon', null, '2015-10-13 12:41:02.213200+0000', '2015-10-27 20:23:28.662600+0000');
INSERT INTO "neap"."channel"(channel_id, user_id, chat_id, name, display_name, topic, language, views, followers)
    VALUES ('dd0b4416-7946-4033-af4e-f07219576326', '38fbf39a-d86f-4a16-85d1-8782c95a983b', 'f197a192-3cc6-48a8-83d1-d39005112b2a', 'natalie', 'Natalie Channel', 'Theology', 'en', 82238, 115);
INSERT INTO "neap"."chat"(chat_id, channel_id, name)
    VALUES ('f197a192-3cc6-48a8-83d1-d39005112b2a', 'dd0b4416-7946-4033-af4e-f07219576326', 'natalie');
INSERT INTO "neap"."stream"(stream_id, channel_id, title, topic_id, topic, media_info, viewers, created_at, updated_at, ended_at)
    VALUES ('65ea8e95-2e63-4128-9728-9e74f5bce1c7', 'dd0b4416-7946-4033-af4e-f07219576326', 'Relax stream', '35fa82dc-ed25-47fb-b6cd-58ae8a151f60', 'Philosophy', '{"width":720,"height":400,"bitrate":536.56}', 953, '2015-10-18 19:32:53.015100+0000', '2015-10-19 03:40:27.201600+0000', '2015-10-19 03:41:46.922800+0000');
INSERT INTO "neap"."stream"(stream_id, channel_id, title, topic_id, topic, media_info, viewers, created_at, updated_at, ended_at)
    VALUES ('2cfba479-3768-41a7-a72b-176a06c24534', 'dd0b4416-7946-4033-af4e-f07219576326', 'Fun with Music and Natalie', 'b369c464-cdea-4356-9d70-1450585652e2', 'Music', '{"width":720,"height":400,"bitrate":710.74}', 1867, '2015-10-20 02:12:09.420400+0000', '2015-10-20 02:34:33.747900+0000', '2015-10-20 03:31:20.233600+0000');
INSERT INTO "neap"."video"(video_id, stream_id, title, type, description, status, tags, topic_id, topic, media_info, preview, views, created_at, updated_at)
    VALUES ('7402ca0c-3fc4-4924-9d74-1a49fc576b10', '2cfba479-3768-41a7-a72b-176a06c24534', 'Fun with Music and Natalie', 'record', 'Fun with Music and Natalie', '', '[]', 'b369c464-cdea-4356-9d70-1450585652e2', 'Music', '{"width":720,"height":400,"bitrate":762.12}', '', '24883', '2015-10-30 10:11:44.022100+0000', '2015-10-30 12:02:25.893700+0000');
INSERT INTO "neap"."stream"(stream_id, channel_id, title, topic_id, topic, media_info, viewers, created_at, updated_at, ended_at)
    VALUES ('aad99526-3e0f-4093-b64f-edcc8fba10d0', 'dd0b4416-7946-4033-af4e-f07219576326', 'Today is Astrology day', 'e9af2f53-d2dd-4e32-9dea-26d6ac21bcb8', 'Astrology', '{"width":720,"height":400,"bitrate":605.65}', 151, '2015-10-13 18:04:36.086400+0000', '2015-10-13 18:30:49.386200+0000', '2015-10-13 18:31:35.507800+0000');
INSERT INTO "neap"."stream"(stream_id, channel_id, title, topic_id, topic, media_info, viewers, created_at, updated_at, ended_at)
    VALUES ('a83e719c-ec30-44b0-b457-7d13c0f866bf', 'dd0b4416-7946-4033-af4e-f07219576326', 'Relax stream', 'd2ea25fc-eb67-4c63-86d0-58ba2ce51b56', 'Theology', '{"width":1920,"height":1080,"bitrate":2548.02}', 1608, '2015-10-30 12:10:02.142200+0000', '2015-10-30 17:52:35.909500+0000', '2015-10-30 19:25:50.060200+0000');
INSERT INTO "neap"."video"(video_id, stream_id, title, type, description, status, tags, topic_id, topic, media_info, preview, views, created_at, updated_at)
    VALUES ('600f72b8-b022-4236-b99f-125a098601f7', 'a83e719c-ec30-44b0-b457-7d13c0f866bf', 'Relax stream', 'record', 'Relax stream', '', '[]', 'd2ea25fc-eb67-4c63-86d0-58ba2ce51b56', 'Theology', '{"width":1920,"height":1080,"bitrate":2995.58}', '', '22658', '2015-10-31 02:09:55.803800+0000', '2015-10-31 12:40:45.968600+0000');
INSERT INTO "neap"."stream"(stream_id, channel_id, title, topic_id, topic, media_info, viewers, created_at, updated_at, ended_at)
    VALUES ('74c76440-d114-4542-88eb-5c3ddfa644d0', 'dd0b4416-7946-4033-af4e-f07219576326', 'Fun with Mathematics and Natalie', '284b3091-455d-4476-ae67-442a19d153d4', 'Mathematics', '{"width":720,"height":400,"bitrate":539.4}', 1436, '2015-10-16 15:57:00.900100+0000', '2015-10-16 20:03:07.321600+0000', '2015-10-16 20:41:11.634200+0000');
INSERT INTO "neap"."video"(video_id, stream_id, title, type, description, status, tags, topic_id, topic, media_info, preview, views, created_at, updated_at)
    VALUES ('e51f79e7-299a-412d-83ea-e9c23fa761db', '74c76440-d114-4542-88eb-5c3ddfa644d0', 'Fun with Mathematics and Natalie', 'record', 'Fun with Mathematics and Natalie', '', '[]', '284b3091-455d-4476-ae67-442a19d153d4', 'Mathematics', '{"width":720,"height":400,"bitrate":614.96}', '', '7468', '2015-10-27 13:07:27.881800+0000', '2015-10-28 17:59:50.363300+0000');
INSERT INTO "neap"."video"(video_id, stream_id, title, type, description, status, tags, topic_id, topic, media_info, preview, views, created_at, updated_at)
    VALUES ('c4cb96e3-adf4-48e6-94bd-44c433db170d', '74c76440-d114-4542-88eb-5c3ddfa644d0', 'Fun with Mathematics and Natalie', 'record', 'Fun with Mathematics and Natalie', '', '[]', '284b3091-455d-4476-ae67-442a19d153d4', 'Mathematics', '{"width":720,"height":400,"bitrate":601.85}', '', '14786', '2015-10-30 05:32:40.307900+0000', '2015-10-31 09:39:51.581400+0000');
INSERT INTO "neap"."user"(user_id, channel_id, type, username, email, password, display_name, logo, bio, created_at, updated_at)
    VALUES ('5521d933-c33d-44c4-9bcf-af54a533c971', '5e071d30-65d5-414e-8e40-3123fdea99aa', 'user', 'abel', 'abel@neap.io', '$2y$10$5SwZE.jyNr5xeppXTv5Q1eCINzqvsxTXPlJVk.rjJHm8PcrIKrjE2', 'Abel', 'https://gravatar.com/avatar/01b3b0de3817b4f9e19c35cb3b4e4148?s=128&d=identicon', null, '2015-10-10 05:00:59.177900+0000', '2015-10-12 18:10:35.870800+0000');
INSERT INTO "neap"."channel"(channel_id, user_id, chat_id, name, display_name, topic, language, views, followers)
    VALUES ('5e071d30-65d5-414e-8e40-3123fdea99aa', '5521d933-c33d-44c4-9bcf-af54a533c971', '3fdfacad-6a13-4987-bb64-3357d9f09641', 'abel', 'Abel Channel', 'Theology', 'en', 32065, 114);
INSERT INTO "neap"."chat"(chat_id, channel_id, name)
    VALUES ('3fdfacad-6a13-4987-bb64-3357d9f09641', '5e071d30-65d5-414e-8e40-3123fdea99aa', 'abel');
INSERT INTO "neap"."stream"(stream_id, channel_id, title, topic_id, topic, media_info, viewers, created_at, updated_at, ended_at)
    VALUES ('905b5618-9c60-4cb0-bbd8-77d8ff41a3fa', '5e071d30-65d5-414e-8e40-3123fdea99aa', 'Fun with Philosophy and Abel', '35fa82dc-ed25-47fb-b6cd-58ae8a151f60', 'Philosophy', '{"width":720,"height":400,"bitrate":739.25}', 389, '2015-10-30 02:46:48.841300+0000', '2015-10-30 05:58:49.485500+0000', '2015-10-30 06:10:36.129500+0000');
INSERT INTO "neap"."user"(user_id, channel_id, type, username, email, password, display_name, logo, bio, created_at, updated_at)
    VALUES ('9e29969b-caad-4464-bfb1-06d667d84b1f', '031b9b3b-af0d-4bf9-aa22-a1804ebc4359', 'user', 'adelina', 'adelina@neap.io', '$2y$10$excnVQLLHQZwj7cj0k6NZeZ3bn8yIAS4B4VU/2BU9BDpgkDBnufgK', 'Adelina', 'https://gravatar.com/avatar/7c9f279cbb9ff663ab7830dc45601216?s=128&d=identicon', null, '2015-09-15 13:29:05.452200+0000', '2015-09-23 02:04:40.290100+0000');
INSERT INTO "neap"."channel"(channel_id, user_id, chat_id, name, display_name, topic, language, views, followers)
    VALUES ('031b9b3b-af0d-4bf9-aa22-a1804ebc4359', '9e29969b-caad-4464-bfb1-06d667d84b1f', '25e95798-3170-4f6a-ae93-c93d99bba5bb', 'adelina', 'Adelina Channel', 'Theology', 'en', 5259, 111);
INSERT INTO "neap"."chat"(chat_id, channel_id, name)
    VALUES ('25e95798-3170-4f6a-ae93-c93d99bba5bb', '031b9b3b-af0d-4bf9-aa22-a1804ebc4359', 'adelina');
INSERT INTO "neap"."stream"(stream_id, channel_id, title, topic_id, topic, media_info, viewers, created_at, updated_at, ended_at)
    VALUES ('0b3780c0-746b-4581-ad88-2b90f28a339d', '031b9b3b-af0d-4bf9-aa22-a1804ebc4359', 'The origins of Litterature', '994391cf-d41e-46f4-b6eb-ce53824e3a0c', 'Litterature', '{"width":1280,"height":720,"bitrate":753.48}', 1630, '2015-10-25 20:14:09.739500+0000', '2015-10-25 23:53:28.868400+0000', '2015-10-26 00:04:18.064200+0000');
INSERT INTO "neap"."video"(video_id, stream_id, title, type, description, status, tags, topic_id, topic, media_info, preview, views, created_at, updated_at)
    VALUES ('10b8d020-ac28-4abd-afc2-e0395ad5a2d3', '0b3780c0-746b-4581-ad88-2b90f28a339d', 'The origins of Litterature', 'record', 'The origins of Litterature', '', '[]', '994391cf-d41e-46f4-b6eb-ce53824e3a0c', 'Litterature', '{"width":1280,"height":720,"bitrate":1301.44}', '', '21164', '2015-11-01 14:25:48.220500+0000', '2015-11-05 03:05:25.157900+0000');
INSERT INTO "neap"."video"(video_id, stream_id, title, type, description, status, tags, topic_id, topic, media_info, preview, views, created_at, updated_at)
    VALUES ('db4c9fe3-0eb0-4985-8497-54a20eba7a70', '0b3780c0-746b-4581-ad88-2b90f28a339d', 'The origins of Litterature', 'record', 'The origins of Litterature', '', '[]', '994391cf-d41e-46f4-b6eb-ce53824e3a0c', 'Litterature', '{"width":1280,"height":720,"bitrate":1195.98}', '', '13031', '2015-10-27 04:01:12.141000+0000', '2015-10-27 18:35:14.748600+0000');
INSERT INTO "neap"."stream"(stream_id, channel_id, title, topic_id, topic, media_info, viewers, created_at, updated_at, ended_at)
    VALUES ('2f2c83a8-1906-40e9-b1f7-57be1a87be42', '031b9b3b-af0d-4bf9-aa22-a1804ebc4359', 'Relax stream', 'b369c464-cdea-4356-9d70-1450585652e2', 'Music', '{"width":720,"height":400,"bitrate":684.72}', 1004, '2015-10-07 05:00:23.762700+0000', '2015-10-07 05:03:10.899700+0000', '2015-10-07 06:15:22.340700+0000');
INSERT INTO "neap"."video"(video_id, stream_id, title, type, description, status, tags, topic_id, topic, media_info, preview, views, created_at, updated_at)
    VALUES ('b024236a-b749-4422-bf25-3d068bcc0502', '2f2c83a8-1906-40e9-b1f7-57be1a87be42', 'Relax stream', 'record', 'Relax stream', '', '[]', 'b369c464-cdea-4356-9d70-1450585652e2', 'Music', '{"width":720,"height":400,"bitrate":529.58}', '', '26242', '2015-10-11 17:43:12.266300+0000', '2015-10-15 00:13:43.025300+0000');
INSERT INTO "neap"."video"(video_id, stream_id, title, type, description, status, tags, topic_id, topic, media_info, preview, views, created_at, updated_at)
    VALUES ('f0bca06f-c0db-411d-a3c8-08823c153669', '2f2c83a8-1906-40e9-b1f7-57be1a87be42', 'Relax stream', 'highlight', 'Relax stream', '', '[]', 'b369c464-cdea-4356-9d70-1450585652e2', 'Music', '{"width":720,"height":400,"bitrate":627.65}', '', '18592', '2015-10-16 08:18:40.916300+0000', '2015-10-17 19:25:15.316200+0000');
INSERT INTO "neap"."stream"(stream_id, channel_id, title, topic_id, topic, media_info, viewers, created_at, updated_at, ended_at)
    VALUES ('a5f231f5-2b72-4409-9cfa-d6d796602c7c', '031b9b3b-af0d-4bf9-aa22-a1804ebc4359', 'Today is Video games day', '48e535f7-dba1-4d59-aac3-4c6cced32d6c', 'Video games', '{"width":1280,"height":720,"bitrate":1434.63}', 371, '2015-09-20 11:21:31.349400+0000', '2015-09-20 12:40:41.318900+0000', '2015-09-20 14:15:09.191100+0000');
INSERT INTO "neap"."video"(video_id, stream_id, title, type, description, status, tags, topic_id, topic, media_info, preview, views, created_at, updated_at)
    VALUES ('88558317-5753-4076-ac31-fc5cb5b2c8f7', 'a5f231f5-2b72-4409-9cfa-d6d796602c7c', 'Today is Video games day', 'record', 'Today is Video games day', '', '[]', '48e535f7-dba1-4d59-aac3-4c6cced32d6c', 'Video games', '{"width":1280,"height":720,"bitrate":839.66}', '', '14817', '2015-10-24 15:24:22.148700+0000', '2015-10-24 18:04:41.129400+0000');
INSERT INTO "neap"."video"(video_id, stream_id, title, type, description, status, tags, topic_id, topic, media_info, preview, views, created_at, updated_at)
    VALUES ('b6fa64c0-5a04-4ec5-a3c9-50037317ed2a', 'a5f231f5-2b72-4409-9cfa-d6d796602c7c', 'Today is Video games day', 'record', 'Today is Video games day', '', '[]', '48e535f7-dba1-4d59-aac3-4c6cced32d6c', 'Video games', '{"width":1280,"height":720,"bitrate":1352.03}', '', '35028', '2015-10-14 05:52:00.197800+0000', '2015-10-17 15:37:58.559700+0000');
INSERT INTO "neap"."stream"(stream_id, channel_id, title, topic_id, topic, media_info, viewers, created_at, updated_at, ended_at)
    VALUES ('02c58948-3463-4574-800a-32706592c069', '031b9b3b-af0d-4bf9-aa22-a1804ebc4359', 'Photography?? Yeah, Photography!', 'e496e832-363e-4228-b518-7fe126ccaa04', 'Photography', '{"width":1920,"height":1080,"bitrate":1247.85}', 1065, '2015-10-17 10:45:24.074800+0000', '2015-10-17 17:28:29.312600+0000', '2015-10-17 18:09:38.904400+0000');
INSERT INTO "neap"."user"(user_id, channel_id, type, username, email, password, display_name, logo, bio, created_at, updated_at)
    VALUES ('dc9efc21-e18a-4b62-99c8-e747df103f75', '479d4624-1136-4e17-85f6-99706fc18494', 'user', 'salvatore', 'salvatore@neap.io', '$2y$10$x/DcxWotAdoA1aPJ60dKH.nwICmrUXJt5NtzVged1N57Xn67kXklS', 'Salvatore', 'https://gravatar.com/avatar/7fed0e14105d09df1819a39bdc94761b?s=128&d=identicon', null, '2015-07-06 03:43:09.444700+0000', '2015-08-31 07:32:18.307200+0000');
INSERT INTO "neap"."channel"(channel_id, user_id, chat_id, name, display_name, topic, language, views, followers)
    VALUES ('479d4624-1136-4e17-85f6-99706fc18494', 'dc9efc21-e18a-4b62-99c8-e747df103f75', '60298b8e-9418-4a3d-bc32-a81c076124e4', 'salvatore', 'Salvatore Channel', 'Theology', 'en', 12860, 109);
INSERT INTO "neap"."chat"(chat_id, channel_id, name)
    VALUES ('60298b8e-9418-4a3d-bc32-a81c076124e4', '479d4624-1136-4e17-85f6-99706fc18494', 'salvatore');
INSERT INTO "neap"."stream"(stream_id, channel_id, title, topic_id, topic, media_info, viewers, created_at, updated_at, ended_at)
    VALUES ('903b59a0-92db-48d7-b5ee-9bc97addeafa', '479d4624-1136-4e17-85f6-99706fc18494', 'Fun with Music and Salvatore', 'b369c464-cdea-4356-9d70-1450585652e2', 'Music', '{"width":720,"height":400,"bitrate":586.58}', 333, '2015-07-13 04:41:11.740600+0000', '2015-07-13 04:41:50.568500+0000', '2015-07-13 05:55:53.883400+0000');
INSERT INTO "neap"."stream"(stream_id, channel_id, title, topic_id, topic, media_info, viewers, created_at, updated_at, ended_at)
    VALUES ('a3c48e7a-76aa-415d-9c75-14563e767ee7', '479d4624-1136-4e17-85f6-99706fc18494', 'Philosophy?? Yeah, Philosophy!', '35fa82dc-ed25-47fb-b6cd-58ae8a151f60', 'Philosophy', '{"width":1920,"height":1080,"bitrate":2803.26}', 302, '2015-07-17 04:25:54.100600+0000', '2015-07-17 07:58:04.279200+0000', '2015-07-17 09:15:46.432200+0000');
INSERT INTO "neap"."video"(video_id, stream_id, title, type, description, status, tags, topic_id, topic, media_info, preview, views, created_at, updated_at)
    VALUES ('b8fbf22a-2f1c-43cf-b35b-166865f51737', 'a3c48e7a-76aa-415d-9c75-14563e767ee7', 'Philosophy?? Yeah, Philosophy!', 'highlight', 'Philosophy?? Yeah, Philosophy!', '', '[]', '35fa82dc-ed25-47fb-b6cd-58ae8a151f60', 'Philosophy', '{"width":1920,"height":1080,"bitrate":2106.89}', '', '20651', '2015-08-10 04:05:48.145200+0000', '2015-08-11 20:29:00.485000+0000');
INSERT INTO "neap"."stream"(stream_id, channel_id, title, topic_id, topic, media_info, viewers, created_at, updated_at, ended_at)
    VALUES ('70fb5b05-bfd6-4568-82a9-304df5ea3fbe', '479d4624-1136-4e17-85f6-99706fc18494', 'Come on and have fun with Salvatore!', '1cae4612-f178-4a0e-b3af-343a88b99638', 'Science', '{"width":1280,"height":720,"bitrate":1479.85}', 1539, '2015-10-30 14:35:23.609400+0000', '2015-10-30 15:38:29.105800+0000', '2015-10-30 15:56:55.504100+0000');
INSERT INTO "neap"."video"(video_id, stream_id, title, type, description, status, tags, topic_id, topic, media_info, preview, views, created_at, updated_at)
    VALUES ('de4c1720-ef79-4733-8bbc-26099702fe74', '70fb5b05-bfd6-4568-82a9-304df5ea3fbe', 'Come on and have fun with Salvatore!', 'record', 'Come on and have fun with Salvatore!', '', '[]', '1cae4612-f178-4a0e-b3af-343a88b99638', 'Science', '{"width":1280,"height":720,"bitrate":1473.66}', '', '7967', '2015-11-01 02:22:44.413100+0000', '2015-11-02 08:21:40.252000+0000');
INSERT INTO "neap"."user"(user_id, channel_id, type, username, email, password, display_name, logo, bio, created_at, updated_at)
    VALUES ('32496725-77cf-4e48-8647-6e766e71cf98', 'c240b717-9d18-4dc6-bc53-b27673e25f67', 'user', 'jazmine', 'jazmine@neap.io', '$2y$10$0YJNCWOFqoM/C4yf9aDU5uh63mwUfriX6XHGMONw0A/a3jUtPtOhW', 'Jazmine', 'https://gravatar.com/avatar/ff28a9cd7ea664555ccac087eef6a07d?s=128&d=identicon', null, '2015-02-06 08:28:47.124700+0000', '2015-10-25 05:53:14.601600+0000');
INSERT INTO "neap"."channel"(channel_id, user_id, chat_id, name, display_name, topic, language, views, followers)
    VALUES ('c240b717-9d18-4dc6-bc53-b27673e25f67', '32496725-77cf-4e48-8647-6e766e71cf98', '2f625735-172b-4f15-9729-a01966a7f7a0', 'jazmine', 'Jazmine Channel', 'Litterature', 'en', 49549, 73);
INSERT INTO "neap"."chat"(chat_id, channel_id, name)
    VALUES ('2f625735-172b-4f15-9729-a01966a7f7a0', 'c240b717-9d18-4dc6-bc53-b27673e25f67', 'jazmine');
INSERT INTO "neap"."stream"(stream_id, channel_id, title, topic_id, topic, media_info, viewers, created_at, updated_at, ended_at)
    VALUES ('474dde69-ce99-4bad-8220-26640698363a', 'c240b717-9d18-4dc6-bc53-b27673e25f67', 'Relax stream', '5f6c7ec0-84ab-4d8e-a2d7-ff1887b55d6e', 'History', '{"width":720,"height":400,"bitrate":512.36}', 494, '2015-07-10 09:07:45.685300+0000', '2015-07-10 10:57:09.263700+0000', '2015-07-10 10:57:12.604000+0000');
INSERT INTO "neap"."video"(video_id, stream_id, title, type, description, status, tags, topic_id, topic, media_info, preview, views, created_at, updated_at)
    VALUES ('1fd8a83f-78ea-4201-98e6-cbd2cbb8a84c', '474dde69-ce99-4bad-8220-26640698363a', 'Relax stream', 'record', 'Relax stream', '', '[]', '5f6c7ec0-84ab-4d8e-a2d7-ff1887b55d6e', 'History', '{"width":720,"height":400,"bitrate":677.99}', '', '20265', '2015-09-06 20:28:28.366600+0000', '2015-09-11 12:09:24.128300+0000');
INSERT INTO "neap"."stream"(stream_id, channel_id, title, topic_id, topic, media_info, viewers, created_at, updated_at, ended_at)
    VALUES ('7d4dadb4-08ca-41f9-b285-6e4689828f1f', 'c240b717-9d18-4dc6-bc53-b27673e25f67', 'Come on and have fun with Jazmine!', 'd4f06d27-2693-4552-bd85-d9875651ce39', 'Biology', '{"width":1280,"height":720,"bitrate":918.59}', 256, '2015-09-06 10:30:30.905500+0000', '2015-09-06 11:05:04.300200+0000', '2015-09-06 11:27:31.977900+0000');
INSERT INTO "neap"."video"(video_id, stream_id, title, type, description, status, tags, topic_id, topic, media_info, preview, views, created_at, updated_at)
    VALUES ('a0a1b279-793d-4acb-b3e2-ebdb54e31893', '7d4dadb4-08ca-41f9-b285-6e4689828f1f', 'Come on and have fun with Jazmine!', 'record', 'Come on and have fun with Jazmine!', '', '[]', 'd4f06d27-2693-4552-bd85-d9875651ce39', 'Biology', '{"width":1280,"height":720,"bitrate":1036.73}', '', '10927', '2015-10-16 16:46:42.376500+0000', '2015-10-17 10:20:11.759000+0000');
INSERT INTO "neap"."video"(video_id, stream_id, title, type, description, status, tags, topic_id, topic, media_info, preview, views, created_at, updated_at)
    VALUES ('fbb84bc5-e08c-4369-99b6-ce72727181b8', '7d4dadb4-08ca-41f9-b285-6e4689828f1f', 'Come on and have fun with Jazmine!', 'record', 'Come on and have fun with Jazmine!', '', '[]', 'd4f06d27-2693-4552-bd85-d9875651ce39', 'Biology', '{"width":1280,"height":720,"bitrate":1221.2}', '', '32758', '2015-10-06 09:06:17.823200+0000', '2015-10-06 11:54:33.487800+0000');
INSERT INTO "neap"."user"(user_id, channel_id, type, username, email, password, display_name, logo, bio, created_at, updated_at)
    VALUES ('177f0cc0-5023-40b2-91ba-5936d85a112d', '53177025-fe45-4756-b7f8-e650cc612175', 'user', 'tristan', 'tristan@neap.io', '$2y$10$SoksvJRphRIy3SISNbRc8eTUY17W3ZmsMGX1VgePNnFzt1pxzMf8q', 'Tristan', 'https://gravatar.com/avatar/1f1417e6b995135d65f57f753b207021?s=128&d=identicon', null, '2015-07-31 07:34:50.121900+0000', '2015-09-14 07:29:25.217100+0000');
INSERT INTO "neap"."channel"(channel_id, user_id, chat_id, name, display_name, topic, language, views, followers)
    VALUES ('53177025-fe45-4756-b7f8-e650cc612175', '177f0cc0-5023-40b2-91ba-5936d85a112d', '33734649-1a96-4dbd-a42c-28e2e6fb6a65', 'tristan', 'Tristan Channel', 'Theology', 'en', 35717, 37);
INSERT INTO "neap"."chat"(chat_id, channel_id, name)
    VALUES ('33734649-1a96-4dbd-a42c-28e2e6fb6a65', '53177025-fe45-4756-b7f8-e650cc612175', 'tristan');
INSERT INTO "neap"."stream"(stream_id, channel_id, title, topic_id, topic, media_info, viewers, created_at, updated_at, ended_at)
    VALUES ('db549ab9-6e5d-4a34-a0df-4096168e0fd3', '53177025-fe45-4756-b7f8-e650cc612175', 'The origins of History', '5f6c7ec0-84ab-4d8e-a2d7-ff1887b55d6e', 'History', '{"width":720,"height":400,"bitrate":503.06}', 552, '2015-10-07 05:04:23.989200+0000', '2015-10-07 05:13:06.204200+0000', '2015-10-07 05:23:47.295300+0000');
INSERT INTO "neap"."stream"(stream_id, channel_id, title, topic_id, topic, media_info, viewers, created_at, updated_at, ended_at)
    VALUES ('d794876b-03cd-4ddd-a96b-d79c9876337b', '53177025-fe45-4756-b7f8-e650cc612175', 'Come on and have fun with Tristan!', '994391cf-d41e-46f4-b6eb-ce53824e3a0c', 'Litterature', '{"width":1920,"height":1080,"bitrate":2629.97}', 1159, '2015-09-23 06:13:08.862900+0000', '2015-09-23 06:13:51.155100+0000', '2015-09-23 06:57:44.426200+0000');
INSERT INTO "neap"."video"(video_id, stream_id, title, type, description, status, tags, topic_id, topic, media_info, preview, views, created_at, updated_at)
    VALUES ('dfe3c36e-6f40-4f47-847a-4eb33308279f', 'd794876b-03cd-4ddd-a96b-d79c9876337b', 'Come on and have fun with Tristan!', 'record', 'Come on and have fun with Tristan!', '', '[]', '994391cf-d41e-46f4-b6eb-ce53824e3a0c', 'Litterature', '{"width":1920,"height":1080,"bitrate":2024.01}', '', '38356', '2015-10-18 05:47:56.625400+0000', '2015-10-21 13:14:43.190700+0000');
INSERT INTO "neap"."stream"(stream_id, channel_id, title, topic_id, topic, media_info, viewers, created_at, updated_at, ended_at)
    VALUES ('59e2603c-1dfa-4913-8d91-02c46c61d2cb', '53177025-fe45-4756-b7f8-e650cc612175', 'Photography?? Yeah, Photography!', 'e496e832-363e-4228-b518-7fe126ccaa04', 'Photography', '{"width":720,"height":400,"bitrate":618.95}', 1590, '2015-10-17 05:21:35.709400+0000', '2015-10-17 08:12:31.877200+0000', '2015-10-17 08:35:28.880100+0000');
INSERT INTO "neap"."video"(video_id, stream_id, title, type, description, status, tags, topic_id, topic, media_info, preview, views, created_at, updated_at)
    VALUES ('b25f30df-0781-4b1f-a804-f747394c711c', '59e2603c-1dfa-4913-8d91-02c46c61d2cb', 'Photography?? Yeah, Photography!', 'record', 'Photography?? Yeah, Photography!', '', '[]', 'e496e832-363e-4228-b518-7fe126ccaa04', 'Photography', '{"width":720,"height":400,"bitrate":616.94}', '', '32214', '2015-10-20 16:30:10.442600+0000', '2015-10-21 00:03:33.483200+0000');
INSERT INTO "neap"."stream"(stream_id, channel_id, title, topic_id, topic, media_info, viewers, created_at, updated_at, ended_at)
    VALUES ('27e0f358-db40-470c-bf56-5ddc7a9749bb', '53177025-fe45-4756-b7f8-e650cc612175', 'Astrology?? Yeah, Astrology!', 'e9af2f53-d2dd-4e32-9dea-26d6ac21bcb8', 'Astrology', '{"width":1920,"height":1080,"bitrate":2882.54}', 1063, '2015-09-21 02:38:13.754400+0000', '2015-09-21 07:39:56.683600+0000', '2015-09-21 07:44:23.416400+0000');
INSERT INTO "neap"."video"(video_id, stream_id, title, type, description, status, tags, topic_id, topic, media_info, preview, views, created_at, updated_at)
    VALUES ('7e8d115c-62d7-4807-a2bc-4c675f8b2331', '27e0f358-db40-470c-bf56-5ddc7a9749bb', 'Astrology?? Yeah, Astrology!', 'record', 'Astrology?? Yeah, Astrology!', '', '[]', 'e9af2f53-d2dd-4e32-9dea-26d6ac21bcb8', 'Astrology', '{"width":1920,"height":1080,"bitrate":2356.29}', '', '39065', '2015-10-05 20:53:46.916000+0000', '2015-10-06 14:20:21.259600+0000');
INSERT INTO "neap"."user"(user_id, channel_id, type, username, email, password, display_name, logo, bio, created_at, updated_at)
    VALUES ('39ff7594-852c-421c-876c-a888c488e803', '1a561b6f-3ebd-4cee-bfc3-816c5517e7c8', 'user', 'beckham', 'beckham@neap.io', '$2y$10$CKy2ngQv7HsyxxjcXuQvt.ef6b/4SzZx1SYaUpIvT9WNYmU92OF9a', 'Beckham', 'https://gravatar.com/avatar/ddc7f7604af731eeb6eb637b963c1e56?s=128&d=identicon', null, '2015-03-06 00:01:33.641100+0000', '2015-08-25 16:47:59.409900+0000');
INSERT INTO "neap"."channel"(channel_id, user_id, chat_id, name, display_name, topic, language, views, followers)
    VALUES ('1a561b6f-3ebd-4cee-bfc3-816c5517e7c8', '39ff7594-852c-421c-876c-a888c488e803', '54180d23-d6c8-4e72-a36f-2e122fdc8ffd', 'beckham', 'Beckham Channel', 'Philosophy', 'en', 4382, 88);
INSERT INTO "neap"."chat"(chat_id, channel_id, name)
    VALUES ('54180d23-d6c8-4e72-a36f-2e122fdc8ffd', '1a561b6f-3ebd-4cee-bfc3-816c5517e7c8', 'beckham');
INSERT INTO "neap"."stream"(stream_id, channel_id, title, topic_id, topic, media_info, viewers, created_at, updated_at, ended_at)
    VALUES ('77ee6f2e-ab03-4c83-96d3-6b606972586a', '1a561b6f-3ebd-4cee-bfc3-816c5517e7c8', 'Beckham goes live!', 'e496e832-363e-4228-b518-7fe126ccaa04', 'Photography', '{"width":720,"height":400,"bitrate":728.05}', 394, '2015-07-23 00:07:15.772600+0000', '2015-07-23 03:43:02.130700+0000', '2015-07-23 04:05:55.320700+0000');
INSERT INTO "neap"."video"(video_id, stream_id, title, type, description, status, tags, topic_id, topic, media_info, preview, views, created_at, updated_at)
    VALUES ('daa763bc-f0f2-49b7-967a-ad3b8158b632', '77ee6f2e-ab03-4c83-96d3-6b606972586a', 'Beckham goes live!', 'record', 'Beckham goes live!', '', '[]', 'e496e832-363e-4228-b518-7fe126ccaa04', 'Photography', '{"width":720,"height":400,"bitrate":505.17}', '', '15904', '2015-10-26 21:29:11.920600+0000', '2015-10-26 23:13:36.030600+0000');
INSERT INTO "neap"."video"(video_id, stream_id, title, type, description, status, tags, topic_id, topic, media_info, preview, views, created_at, updated_at)
    VALUES ('3b8ce571-61b5-47c0-b87a-df79194e636b', '77ee6f2e-ab03-4c83-96d3-6b606972586a', 'Beckham goes live!', 'record', 'Beckham goes live!', '', '[]', 'e496e832-363e-4228-b518-7fe126ccaa04', 'Photography', '{"width":720,"height":400,"bitrate":581.5}', '', '31941', '2015-09-11 19:20:25.382900+0000', '2015-09-12 06:15:04.261400+0000');
INSERT INTO "neap"."stream"(stream_id, channel_id, title, topic_id, topic, media_info, viewers, created_at, updated_at, ended_at)
    VALUES ('7f20e113-e031-46f0-bd1c-4e69db32e886', '1a561b6f-3ebd-4cee-bfc3-816c5517e7c8', 'The origins of Biology', 'd4f06d27-2693-4552-bd85-d9875651ce39', 'Biology', '{"width":1920,"height":1080,"bitrate":2408.76}', 1794, '2015-07-08 03:09:20.897900+0000', '2015-07-08 07:41:58.808600+0000', '2015-07-08 07:45:00.414500+0000');
INSERT INTO "neap"."stream"(stream_id, channel_id, title, topic_id, topic, media_info, viewers, created_at, updated_at, ended_at)
    VALUES ('c119ee85-1854-45ef-9919-8ac08d253aed', '1a561b6f-3ebd-4cee-bfc3-816c5517e7c8', 'Beckham goes live!', '35fa82dc-ed25-47fb-b6cd-58ae8a151f60', 'Philosophy', '{"width":1280,"height":720,"bitrate":770.28}', 1831, '2015-07-11 09:27:51.708700+0000', '2015-07-11 15:27:36.410500+0000', '2015-07-11 15:33:47.594400+0000');
INSERT INTO "neap"."stream"(stream_id, channel_id, title, topic_id, topic, media_info, viewers, created_at, updated_at, ended_at)
    VALUES ('0649b34a-3c9b-40e1-a339-c791c87105ac', '1a561b6f-3ebd-4cee-bfc3-816c5517e7c8', 'Come on and have fun with Beckham!', '48e535f7-dba1-4d59-aac3-4c6cced32d6c', 'Video games', '{"width":720,"height":400,"bitrate":634.24}', 495, '2015-05-11 00:27:59.425900+0000', '2015-05-11 03:05:37.132500+0000', '2015-05-11 03:54:26.004800+0000');
INSERT INTO "neap"."stream"(stream_id, channel_id, title, topic_id, topic, media_info, viewers, created_at, updated_at, ended_at)
    VALUES ('0c092f39-26d5-49c6-bd07-861fe27a2fa0', '1a561b6f-3ebd-4cee-bfc3-816c5517e7c8', 'Today is Litterature day', '994391cf-d41e-46f4-b6eb-ce53824e3a0c', 'Litterature', '{"width":1280,"height":720,"bitrate":1240.42}', 1051, '2015-03-18 18:39:49.364200+0000', '2015-03-18 19:48:59.214200+0000', '2015-03-18 19:58:32.682700+0000');
INSERT INTO "neap"."user"(user_id, channel_id, type, username, email, password, display_name, logo, bio, created_at, updated_at)
    VALUES ('f73a4901-69c7-4430-bb9c-d4255d06284e', 'e232d274-cd14-4ba8-8957-1e33974c2619', 'user', 'aydin', 'aydin@neap.io', '$2y$10$HXeRXSoLoyFtTYLUJ9xD/.tJP6nDfrkYfYmgYQmsXy32aHCEiXJW6', 'Aydin', 'https://gravatar.com/avatar/f4be280c77c93197555f9c7d5f04c4ec?s=128&d=identicon', null, '2015-05-15 04:07:56.756200+0000', '2015-06-26 12:51:19.295600+0000');
INSERT INTO "neap"."channel"(channel_id, user_id, chat_id, name, display_name, topic, language, views, followers)
    VALUES ('e232d274-cd14-4ba8-8957-1e33974c2619', 'f73a4901-69c7-4430-bb9c-d4255d06284e', '2efdfe5f-d138-4868-842c-f5718efff083', 'aydin', 'Aydin Channel', 'Philosophy', 'en', 8340, 78);
INSERT INTO "neap"."chat"(chat_id, channel_id, name)
    VALUES ('2efdfe5f-d138-4868-842c-f5718efff083', 'e232d274-cd14-4ba8-8957-1e33974c2619', 'aydin');
INSERT INTO "neap"."stream"(stream_id, channel_id, title, topic_id, topic, media_info, viewers, created_at, updated_at, ended_at)
    VALUES ('41139066-cf21-47a1-ae8f-2081564aa560', 'e232d274-cd14-4ba8-8957-1e33974c2619', 'Music?? Yeah, Music!', 'b369c464-cdea-4356-9d70-1450585652e2', 'Music', '{"width":1920,"height":1080,"bitrate":3151.18}', 303, '2015-05-25 23:41:32.957600+0000', '2015-05-26 03:00:12.688700+0000', '2015-05-26 03:48:25.409500+0000');
INSERT INTO "neap"."video"(video_id, stream_id, title, type, description, status, tags, topic_id, topic, media_info, preview, views, created_at, updated_at)
    VALUES ('6daf7ac5-bef2-4bd7-b990-ed71fe675343', '41139066-cf21-47a1-ae8f-2081564aa560', 'Music?? Yeah, Music!', 'highlight', 'Music?? Yeah, Music!', '', '[]', 'b369c464-cdea-4356-9d70-1450585652e2', 'Music', '{"width":1920,"height":1080,"bitrate":2369.19}', '', '23250', '2015-08-28 14:12:32.239000+0000', '2015-09-02 04:53:46.270700+0000');
INSERT INTO "neap"."stream"(stream_id, channel_id, title, topic_id, topic, media_info, viewers, created_at, updated_at, ended_at)
    VALUES ('f51e2295-bfc8-42fb-bbb1-b7290848ea31', 'e232d274-cd14-4ba8-8957-1e33974c2619', 'Relax stream', 'e9af2f53-d2dd-4e32-9dea-26d6ac21bcb8', 'Astrology', '{"width":1280,"height":720,"bitrate":1109.46}', 1508, '2015-07-01 17:28:59.357400+0000', '2015-07-01 19:10:07.993700+0000', '2015-07-01 19:55:05.074200+0000');
INSERT INTO "neap"."video"(video_id, stream_id, title, type, description, status, tags, topic_id, topic, media_info, preview, views, created_at, updated_at)
    VALUES ('3b1d50f7-8810-4519-bb79-acc5b7af6616', 'f51e2295-bfc8-42fb-bbb1-b7290848ea31', 'Relax stream', 'highlight', 'Relax stream', '', '[]', 'e9af2f53-d2dd-4e32-9dea-26d6ac21bcb8', 'Astrology', '{"width":1280,"height":720,"bitrate":791.95}', '', '8174', '2015-10-15 10:12:47.376900+0000', '2015-10-15 12:35:49.585100+0000');
INSERT INTO "neap"."video"(video_id, stream_id, title, type, description, status, tags, topic_id, topic, media_info, preview, views, created_at, updated_at)
    VALUES ('72e02adb-1e26-473b-ab06-22ccd24b59b6', 'f51e2295-bfc8-42fb-bbb1-b7290848ea31', 'Relax stream', 'record', 'Relax stream', '', '[]', 'e9af2f53-d2dd-4e32-9dea-26d6ac21bcb8', 'Astrology', '{"width":1280,"height":720,"bitrate":1232.55}', '', '30816', '2015-09-13 19:53:09.170100+0000', '2015-09-14 11:10:36.090700+0000');
INSERT INTO "neap"."stream"(stream_id, channel_id, title, topic_id, topic, media_info, viewers, created_at, updated_at, ended_at)
    VALUES ('87b6cf24-41ec-4f2e-afc7-6c26b945e63f', 'e232d274-cd14-4ba8-8957-1e33974c2619', 'Aydin goes live!', '994391cf-d41e-46f4-b6eb-ce53824e3a0c', 'Litterature', '{"width":720,"height":400,"bitrate":695.3}', 316, '2015-09-12 01:34:40.701000+0000', '2015-09-12 08:30:32.790200+0000', '2015-09-12 08:39:10.779700+0000');
INSERT INTO "neap"."stream"(stream_id, channel_id, title, topic_id, topic, media_info, viewers, created_at, updated_at, ended_at)
    VALUES ('0750d66c-1939-440d-ae39-b15096ce53bb', 'e232d274-cd14-4ba8-8957-1e33974c2619', 'The origins of Theology', 'd2ea25fc-eb67-4c63-86d0-58ba2ce51b56', 'Theology', '{"width":1920,"height":1080,"bitrate":2116.24}', 22433, '2015-08-15 21:06:56.400900+0000', '2015-08-15 22:15:14.074400+0000', '2015-08-15 22:23:54.440300+0000');
INSERT INTO "neap"."stream"(stream_id, channel_id, title, topic_id, topic, media_info, viewers, created_at, updated_at, ended_at)
    VALUES ('63b913a2-7a98-48dd-9d00-07bf9b53cbce', 'e232d274-cd14-4ba8-8957-1e33974c2619', 'History?? Yeah, History!', '5f6c7ec0-84ab-4d8e-a2d7-ff1887b55d6e', 'History', '{"width":720,"height":400,"bitrate":797.19}', 596, '2015-05-17 13:50:56.263200+0000', '2015-05-17 15:39:06.071500+0000', '2015-05-17 16:01:48.616700+0000');
INSERT INTO "neap"."video"(video_id, stream_id, title, type, description, status, tags, topic_id, topic, media_info, preview, views, created_at, updated_at)
    VALUES ('d80df37c-cf0f-4a27-a770-d7c77fa81568', '63b913a2-7a98-48dd-9d00-07bf9b53cbce', 'History?? Yeah, History!', 'record', 'History?? Yeah, History!', '', '[]', '5f6c7ec0-84ab-4d8e-a2d7-ff1887b55d6e', 'History', '{"width":720,"height":400,"bitrate":625.74}', '', '36744', '2015-07-04 23:28:58.352400+0000', '2015-07-07 06:34:59.197100+0000');
INSERT INTO "neap"."stream"(stream_id, channel_id, title, topic_id, topic, media_info, viewers, created_at, updated_at, ended_at)
    VALUES ('ece02b21-db6f-4408-ab17-6e18e23c4d62', 'e232d274-cd14-4ba8-8957-1e33974c2619', 'Aydin goes live!', 'e9af2f53-d2dd-4e32-9dea-26d6ac21bcb8', 'Astrology', '{"width":1280,"height":720,"bitrate":1313.13}', 269, '2015-10-18 19:14:11.151000+0000', '2015-10-18 22:13:26.609100+0000', '2015-10-18 22:23:49.940200+0000');
INSERT INTO "neap"."user"(user_id, channel_id, type, username, email, password, display_name, logo, bio, created_at, updated_at)
    VALUES ('a01cf42c-337b-4dce-8e78-a8a70823f081', '9a2e1df2-694c-47df-97c6-a8a2dd56250f', 'user', 'laylah', 'laylah@neap.io', '$2y$10$hGQ7A31fkQ50hE93gybTXOk2KtQhme8YHrOV27kD8Te9dDHxWDtDi', 'Laylah', 'https://gravatar.com/avatar/9c552510501394c4d447721937d2f8c2?s=128&d=identicon', null, '2015-06-07 19:37:29.063700+0000', '2015-10-25 02:50:28.363800+0000');
INSERT INTO "neap"."channel"(channel_id, user_id, chat_id, name, display_name, topic, language, views, followers)
    VALUES ('9a2e1df2-694c-47df-97c6-a8a2dd56250f', 'a01cf42c-337b-4dce-8e78-a8a70823f081', '211bb380-4a9d-48e4-b6b3-78d9e9c10f11', 'laylah', 'Laylah Channel', 'Mathematics', 'en', 71424, 22);
INSERT INTO "neap"."chat"(chat_id, channel_id, name)
    VALUES ('211bb380-4a9d-48e4-b6b3-78d9e9c10f11', '9a2e1df2-694c-47df-97c6-a8a2dd56250f', 'laylah');
INSERT INTO "neap"."stream"(stream_id, channel_id, title, topic_id, topic, media_info, viewers, created_at, updated_at, ended_at)
    VALUES ('add278d3-1259-4c1e-9c6d-12a9360a8b85', '9a2e1df2-694c-47df-97c6-a8a2dd56250f', 'The origins of Astrology', 'e9af2f53-d2dd-4e32-9dea-26d6ac21bcb8', 'Astrology', '{"width":1280,"height":720,"bitrate":1067.38}', 594, '2015-06-08 22:11:42.779200+0000', '2015-06-09 04:03:12.493200+0000', '2015-06-09 05:06:03.719900+0000');
INSERT INTO "neap"."video"(video_id, stream_id, title, type, description, status, tags, topic_id, topic, media_info, preview, views, created_at, updated_at)
    VALUES ('1ef4f723-13be-451a-9e3d-f26737bf0b5d', 'add278d3-1259-4c1e-9c6d-12a9360a8b85', 'The origins of Astrology', 'record', 'The origins of Astrology', '', '[]', 'e9af2f53-d2dd-4e32-9dea-26d6ac21bcb8', 'Astrology', '{"width":1280,"height":720,"bitrate":875.05}', '', '16014', '2015-08-28 06:17:53.510300+0000', '2015-08-28 20:32:19.961100+0000');
INSERT INTO "neap"."video"(video_id, stream_id, title, type, description, status, tags, topic_id, topic, media_info, preview, views, created_at, updated_at)
    VALUES ('e5c6dda2-181b-4048-a208-ff7761228c46', 'add278d3-1259-4c1e-9c6d-12a9360a8b85', 'The origins of Astrology', 'record', 'The origins of Astrology', '', '[]', 'e9af2f53-d2dd-4e32-9dea-26d6ac21bcb8', 'Astrology', '{"width":1280,"height":720,"bitrate":1416.14}', '', '14117', '2015-10-04 19:40:06.131000+0000', '2015-10-04 20:38:21.742900+0000');
INSERT INTO "neap"."stream"(stream_id, channel_id, title, topic_id, topic, media_info, viewers, created_at, updated_at, ended_at)
    VALUES ('6a544974-a5af-45fd-ac6c-1bf99a172b53', '9a2e1df2-694c-47df-97c6-a8a2dd56250f', 'The origins of Theology', 'd2ea25fc-eb67-4c63-86d0-58ba2ce51b56', 'Theology', '{"width":1920,"height":1080,"bitrate":3444.67}', 1401, '2015-10-17 02:32:06.014900+0000', '2015-10-17 06:25:42.312100+0000', '2015-10-17 07:18:32.766300+0000');
INSERT INTO "neap"."video"(video_id, stream_id, title, type, description, status, tags, topic_id, topic, media_info, preview, views, created_at, updated_at)
    VALUES ('1cff3157-2091-4afd-8df8-b8c04fe1891e', '6a544974-a5af-45fd-ac6c-1bf99a172b53', 'The origins of Theology', 'record', 'The origins of Theology', '', '[]', 'd2ea25fc-eb67-4c63-86d0-58ba2ce51b56', 'Theology', '{"width":1920,"height":1080,"bitrate":3067.59}', '', '12504', '2015-10-17 09:38:24.443100+0000', '2015-10-18 22:11:43.918400+0000');
INSERT INTO "neap"."stream"(stream_id, channel_id, title, topic_id, topic, media_info, viewers, created_at, updated_at, ended_at)
    VALUES ('b88149ea-141e-48e6-a4e4-90ecc0b1841d', '9a2e1df2-694c-47df-97c6-a8a2dd56250f', 'Biology?? Yeah, Biology!', 'd4f06d27-2693-4552-bd85-d9875651ce39', 'Biology', '{"width":1280,"height":720,"bitrate":948.23}', 1185, '2015-06-14 14:40:20.305100+0000', '2015-06-14 19:40:24.987400+0000', '2015-06-14 19:45:30.840600+0000');
INSERT INTO "neap"."video"(video_id, stream_id, title, type, description, status, tags, topic_id, topic, media_info, preview, views, created_at, updated_at)
    VALUES ('146b5cd1-7ea8-445c-acc0-7427f3d6d61c', 'b88149ea-141e-48e6-a4e4-90ecc0b1841d', 'Biology?? Yeah, Biology!', 'record', 'Biology?? Yeah, Biology!', '', '[]', 'd4f06d27-2693-4552-bd85-d9875651ce39', 'Biology', '{"width":1280,"height":720,"bitrate":1154.15}', '', '1591', '2015-06-16 14:09:52.194400+0000', '2015-06-18 18:31:27.856100+0000');
INSERT INTO "neap"."stream"(stream_id, channel_id, title, topic_id, topic, media_info, viewers, created_at, updated_at, ended_at)
    VALUES ('aab2177d-1517-40fb-85ec-b02382fed82c', '9a2e1df2-694c-47df-97c6-a8a2dd56250f', 'Video games?? Yeah, Video games!', '48e535f7-dba1-4d59-aac3-4c6cced32d6c', 'Video games', '{"width":720,"height":400,"bitrate":730.41}', 403, '2015-06-19 12:01:30.500800+0000', '2015-06-19 12:02:45.671700+0000', '2015-06-19 12:04:44.927700+0000');
INSERT INTO "neap"."video"(video_id, stream_id, title, type, description, status, tags, topic_id, topic, media_info, preview, views, created_at, updated_at)
    VALUES ('e6330a92-299b-435f-8e14-86fe2121b3e0', 'aab2177d-1517-40fb-85ec-b02382fed82c', 'Video games?? Yeah, Video games!', 'record', 'Video games?? Yeah, Video games!', '', '[]', '48e535f7-dba1-4d59-aac3-4c6cced32d6c', 'Video games', '{"width":720,"height":400,"bitrate":698.23}', '', '22867', '2015-10-14 14:33:18.095500+0000', '2015-10-14 20:24:04.983700+0000');
INSERT INTO "neap"."stream"(stream_id, channel_id, title, topic_id, topic, media_info, viewers, created_at, updated_at, ended_at)
    VALUES ('972d7b7a-28d5-46f2-af70-a4f3ec791598', '9a2e1df2-694c-47df-97c6-a8a2dd56250f', 'Laylah goes live!', 'd2ea25fc-eb67-4c63-86d0-58ba2ce51b56', 'Theology', '{"width":720,"height":400,"bitrate":721.69}', 422, '2015-07-01 15:03:49.662400+0000', '2015-07-01 15:11:15.270300+0000', '2015-07-01 15:38:23.344900+0000');
INSERT INTO "neap"."video"(video_id, stream_id, title, type, description, status, tags, topic_id, topic, media_info, preview, views, created_at, updated_at)
    VALUES ('7611be8a-7690-4dcf-8f49-6cc587424bb3', '972d7b7a-28d5-46f2-af70-a4f3ec791598', 'Laylah goes live!', 'record', 'Laylah goes live!', '', '[]', 'd2ea25fc-eb67-4c63-86d0-58ba2ce51b56', 'Theology', '{"width":720,"height":400,"bitrate":505.75}', '', '13298', '2015-07-13 12:00:50.501900+0000', '2015-07-13 12:14:35.521500+0000');
INSERT INTO "neap"."video"(video_id, stream_id, title, type, description, status, tags, topic_id, topic, media_info, preview, views, created_at, updated_at)
    VALUES ('a42311cc-d21c-4c0e-9d7e-352f303fc6bb', '972d7b7a-28d5-46f2-af70-a4f3ec791598', 'Laylah goes live!', 'highlight', 'Laylah goes live!', '', '[]', 'd2ea25fc-eb67-4c63-86d0-58ba2ce51b56', 'Theology', '{"width":720,"height":400,"bitrate":740.66}', '', '34533', '2015-07-10 12:40:43.791400+0000', '2015-07-15 01:10:50.619300+0000');
INSERT INTO "neap"."stream"(stream_id, channel_id, title, topic_id, topic, media_info, viewers, created_at, updated_at, ended_at)
    VALUES ('94218619-c4ed-4f56-8752-0ccac4d59b9c', '9a2e1df2-694c-47df-97c6-a8a2dd56250f', 'The origins of Theology', 'd2ea25fc-eb67-4c63-86d0-58ba2ce51b56', 'Theology', '{"width":1920,"height":1080,"bitrate":3377.49}', 602, '2015-08-31 08:27:08.333100+0000', '2015-08-31 08:43:08.955000+0000', '2015-08-31 08:50:03.420700+0000');
INSERT INTO "neap"."video"(video_id, stream_id, title, type, description, status, tags, topic_id, topic, media_info, preview, views, created_at, updated_at)
    VALUES ('81fbf5ea-7cc5-41fe-9a35-0a46ec8afad1', '94218619-c4ed-4f56-8752-0ccac4d59b9c', 'The origins of Theology', 'record', 'The origins of Theology', '', '[]', 'd2ea25fc-eb67-4c63-86d0-58ba2ce51b56', 'Theology', '{"width":1920,"height":1080,"bitrate":2428.51}', '', '14477', '2015-09-29 08:52:10.664100+0000', '2015-09-29 22:07:34.251000+0000');
INSERT INTO "neap"."user"(user_id, channel_id, type, username, email, password, display_name, logo, bio, created_at, updated_at)
    VALUES ('c56a229d-d23a-4144-9ad7-e6d8d23a8029', 'f7e7bc03-efd9-42c0-aceb-fd4cffe8447a', 'user', 'sharon', 'sharon@neap.io', '$2y$10$n3fpFBytGfWulO6O7wA42exgWPebQLfcmg469U.I7k0pHE5i0OcAG', 'Sharon', 'https://gravatar.com/avatar/550e428688c8ff1da18482c4c12f5008?s=128&d=identicon', null, '2015-08-10 01:13:36.134000+0000', '2015-08-10 14:36:54.475400+0000');
INSERT INTO "neap"."channel"(channel_id, user_id, chat_id, name, display_name, topic, language, views, followers)
    VALUES ('f7e7bc03-efd9-42c0-aceb-fd4cffe8447a', 'c56a229d-d23a-4144-9ad7-e6d8d23a8029', 'ef14f957-eb14-47c2-b524-5108b887385f', 'sharon', 'Sharon Channel', 'Litterature', 'en', 33805, 53);
INSERT INTO "neap"."chat"(chat_id, channel_id, name)
    VALUES ('ef14f957-eb14-47c2-b524-5108b887385f', 'f7e7bc03-efd9-42c0-aceb-fd4cffe8447a', 'sharon');
INSERT INTO "neap"."stream"(stream_id, channel_id, title, topic_id, topic, media_info, viewers, created_at, updated_at, ended_at)
    VALUES ('5051fda3-9f0a-477a-80a2-b5c637141d6f', 'f7e7bc03-efd9-42c0-aceb-fd4cffe8447a', 'Relax stream', 'e496e832-363e-4228-b518-7fe126ccaa04', 'Photography', '{"width":1280,"height":720,"bitrate":898.26}', 24260, '2015-08-10 19:25:22.727200+0000', '2015-08-10 19:26:05.564400+0000', '2015-08-10 19:58:00.845200+0000');
INSERT INTO "neap"."stream"(stream_id, channel_id, title, topic_id, topic, media_info, viewers, created_at, updated_at, ended_at)
    VALUES ('52b753f5-404a-45c9-b719-3d26c8baf994', 'f7e7bc03-efd9-42c0-aceb-fd4cffe8447a', 'Video games?? Yeah, Video games!', '48e535f7-dba1-4d59-aac3-4c6cced32d6c', 'Video games', '{"width":1920,"height":1080,"bitrate":1781.32}', 198, '2015-10-26 14:33:47.759700+0000', '2015-10-26 18:58:50.125600+0000', '2015-10-26 19:02:41.714700+0000');
INSERT INTO "neap"."stream"(stream_id, channel_id, title, topic_id, topic, media_info, viewers, created_at, updated_at, ended_at)
    VALUES ('41a1e1b0-0765-49ec-9410-b860f457a121', 'f7e7bc03-efd9-42c0-aceb-fd4cffe8447a', 'Come on and have fun with Sharon!', 'd2ea25fc-eb67-4c63-86d0-58ba2ce51b56', 'Theology', '{"width":720,"height":400,"bitrate":531.92}', 1223, '2015-08-25 02:07:14.173300+0000', '2015-08-25 06:59:13.327400+0000', '2015-08-25 07:23:30.362900+0000');
INSERT INTO "neap"."video"(video_id, stream_id, title, type, description, status, tags, topic_id, topic, media_info, preview, views, created_at, updated_at)
    VALUES ('b6ac2003-0dba-4889-a35f-fc32f7ddaaa3', '41a1e1b0-0765-49ec-9410-b860f457a121', 'Come on and have fun with Sharon!', 'record', 'Come on and have fun with Sharon!', '', '[]', 'd2ea25fc-eb67-4c63-86d0-58ba2ce51b56', 'Theology', '{"width":720,"height":400,"bitrate":502.41}', '', '7407', '2015-09-14 21:18:52.388400+0000', '2015-09-16 06:52:04.250700+0000');
INSERT INTO "neap"."video"(video_id, stream_id, title, type, description, status, tags, topic_id, topic, media_info, preview, views, created_at, updated_at)
    VALUES ('e239fb6d-57a5-4b14-b57e-20638c1bc80b', '41a1e1b0-0765-49ec-9410-b860f457a121', 'Come on and have fun with Sharon!', 'highlight', 'Come on and have fun with Sharon!', '', '[]', 'd2ea25fc-eb67-4c63-86d0-58ba2ce51b56', 'Theology', '{"width":720,"height":400,"bitrate":609.76}', '', '19333', '2015-09-11 19:38:48.273200+0000', '2015-09-12 13:32:07.063200+0000');
INSERT INTO "neap"."stream"(stream_id, channel_id, title, topic_id, topic, media_info, viewers, created_at, updated_at, ended_at)
    VALUES ('f6e7e8a2-6a38-4a9b-b15a-47f549b5737d', 'f7e7bc03-efd9-42c0-aceb-fd4cffe8447a', 'Today is Mathematics day', '284b3091-455d-4476-ae67-442a19d153d4', 'Mathematics', '{"width":1280,"height":720,"bitrate":852.96}', 379, '2015-09-23 13:43:06.053800+0000', '2015-09-23 17:23:13.120900+0000', '2015-09-23 17:47:22.011900+0000');
INSERT INTO "neap"."video"(video_id, stream_id, title, type, description, status, tags, topic_id, topic, media_info, preview, views, created_at, updated_at)
    VALUES ('df0a08bb-192c-421c-ad98-7856f0c1110c', 'f6e7e8a2-6a38-4a9b-b15a-47f549b5737d', 'Today is Mathematics day', 'highlight', 'Today is Mathematics day', '', '[]', '284b3091-455d-4476-ae67-442a19d153d4', 'Mathematics', '{"width":1280,"height":720,"bitrate":1492.87}', '', '14100', '2015-09-24 03:14:31.451900+0000', '2015-09-25 03:48:45.196500+0000');
INSERT INTO "neap"."video"(video_id, stream_id, title, type, description, status, tags, topic_id, topic, media_info, preview, views, created_at, updated_at)
    VALUES ('9e533c38-da57-443a-ad80-6315a797555f', 'f6e7e8a2-6a38-4a9b-b15a-47f549b5737d', 'Today is Mathematics day', 'highlight', 'Today is Mathematics day', '', '[]', '284b3091-455d-4476-ae67-442a19d153d4', 'Mathematics', '{"width":1280,"height":720,"bitrate":894.61}', '', '38253', '2015-09-27 01:12:04.328500+0000', '2015-09-27 08:21:15.763800+0000');
INSERT INTO "neap"."user"(user_id, channel_id, type, username, email, password, display_name, logo, bio, created_at, updated_at)
    VALUES ('e877d5fe-9b36-42cd-9154-9143835c8488', '438ef5b7-3e4f-430e-8ebd-810b4deb18f6', 'user', 'georgia', 'georgia@neap.io', '$2y$10$1hM50IyfAS8PLYiKG8mXb.g.nG8lMr1X2A4mCbSyleYUI2npLPQTG', 'Georgia', 'https://gravatar.com/avatar/df22f75153ce1504ce1df1b82f80c7e9?s=128&d=identicon', null, '2015-06-01 10:31:40.785800+0000', '2015-07-15 23:16:54.902800+0000');
INSERT INTO "neap"."channel"(channel_id, user_id, chat_id, name, display_name, topic, language, views, followers)
    VALUES ('438ef5b7-3e4f-430e-8ebd-810b4deb18f6', 'e877d5fe-9b36-42cd-9154-9143835c8488', '77b5f6cd-292b-4e41-9fbd-c6e998aa12b2', 'georgia', 'Georgia Channel', 'History', 'en', 9106, 44);
INSERT INTO "neap"."chat"(chat_id, channel_id, name)
    VALUES ('77b5f6cd-292b-4e41-9fbd-c6e998aa12b2', '438ef5b7-3e4f-430e-8ebd-810b4deb18f6', 'georgia');
INSERT INTO "neap"."stream"(stream_id, channel_id, title, topic_id, topic, media_info, viewers, created_at, updated_at, ended_at)
    VALUES ('4aa3ee64-f0d3-4c36-8615-87cd1470b212', '438ef5b7-3e4f-430e-8ebd-810b4deb18f6', 'Georgia goes live!', '1cae4612-f178-4a0e-b3af-343a88b99638', 'Science', '{"width":1280,"height":720,"bitrate":1251.46}', 126, '2015-10-20 14:22:29.692800+0000', '2015-10-20 15:31:42.934800+0000', '2015-10-20 15:55:49.697600+0000');
INSERT INTO "neap"."video"(video_id, stream_id, title, type, description, status, tags, topic_id, topic, media_info, preview, views, created_at, updated_at)
    VALUES ('5cebb940-9ec9-4b58-bdbb-1941c31fb432', '4aa3ee64-f0d3-4c36-8615-87cd1470b212', 'Georgia goes live!', 'highlight', 'Georgia goes live!', '', '[]', '1cae4612-f178-4a0e-b3af-343a88b99638', 'Science', '{"width":1280,"height":720,"bitrate":1195.77}', '', '25309', '2015-10-21 11:41:44.137800+0000', '2015-10-25 20:04:20.993200+0000');
INSERT INTO "neap"."video"(video_id, stream_id, title, type, description, status, tags, topic_id, topic, media_info, preview, views, created_at, updated_at)
    VALUES ('94f6c484-9c7e-47c3-9d01-5aaee1c66eaa', '4aa3ee64-f0d3-4c36-8615-87cd1470b212', 'Georgia goes live!', 'record', 'Georgia goes live!', '', '[]', '1cae4612-f178-4a0e-b3af-343a88b99638', 'Science', '{"width":1280,"height":720,"bitrate":867.02}', '', '2471', '2015-10-29 11:53:24.933500+0000', '2015-11-02 21:31:45.335200+0000');
INSERT INTO "neap"."stream"(stream_id, channel_id, title, topic_id, topic, media_info, viewers, created_at, updated_at, ended_at)
    VALUES ('42efe755-cd56-456f-8591-c118e6f57c6e', '438ef5b7-3e4f-430e-8ebd-810b4deb18f6', 'Mathematics?? Yeah, Mathematics!', '284b3091-455d-4476-ae67-442a19d153d4', 'Mathematics', '{"width":1280,"height":720,"bitrate":1042.86}', 1063, '2015-10-12 02:35:41.798500+0000', '2015-10-12 09:00:56.047500+0000', '2015-10-12 09:57:03.715500+0000');
INSERT INTO "neap"."stream"(stream_id, channel_id, title, topic_id, topic, media_info, viewers, created_at, updated_at, ended_at)
    VALUES ('4206d11a-1617-4bb8-93a6-58e766be48ec', '438ef5b7-3e4f-430e-8ebd-810b4deb18f6', 'Today is Video games day', '48e535f7-dba1-4d59-aac3-4c6cced32d6c', 'Video games', '{"width":1920,"height":1080,"bitrate":1938.52}', 1626, '2015-09-24 00:54:22.207700+0000', '2015-09-24 05:42:49.963900+0000', '2015-09-24 06:24:58.122900+0000');
INSERT INTO "neap"."stream"(stream_id, channel_id, title, topic_id, topic, media_info, viewers, created_at, updated_at, ended_at)
    VALUES ('bdc129cf-bc6a-4bb5-bd86-95900320d0e5', '438ef5b7-3e4f-430e-8ebd-810b4deb18f6', 'The origins of Photography', 'e496e832-363e-4228-b518-7fe126ccaa04', 'Photography', '{"width":1280,"height":720,"bitrate":833.33}', 1763, '2015-08-07 10:44:58.723500+0000', '2015-08-07 13:42:19.550400+0000', '2015-08-07 14:37:50.622800+0000');
INSERT INTO "neap"."video"(video_id, stream_id, title, type, description, status, tags, topic_id, topic, media_info, preview, views, created_at, updated_at)
    VALUES ('8f86dd60-b8d0-40f8-9af8-6ac92b8c043b', 'bdc129cf-bc6a-4bb5-bd86-95900320d0e5', 'The origins of Photography', 'record', 'The origins of Photography', '', '[]', 'e496e832-363e-4228-b518-7fe126ccaa04', 'Photography', '{"width":1280,"height":720,"bitrate":954.17}', '', '35638', '2015-09-09 15:28:50.380700+0000', '2015-09-09 17:42:27.734700+0000');
INSERT INTO "neap"."video"(video_id, stream_id, title, type, description, status, tags, topic_id, topic, media_info, preview, views, created_at, updated_at)
    VALUES ('07ececef-6830-44db-9ac3-6a2a8edb1913', 'bdc129cf-bc6a-4bb5-bd86-95900320d0e5', 'The origins of Photography', 'record', 'The origins of Photography', '', '[]', 'e496e832-363e-4228-b518-7fe126ccaa04', 'Photography', '{"width":1280,"height":720,"bitrate":879.89}', '', '29140', '2015-10-14 05:27:09.564700+0000', '2015-10-14 13:12:30.703200+0000');
INSERT INTO "neap"."user"(user_id, channel_id, type, username, email, password, display_name, logo, bio, created_at, updated_at)
    VALUES ('6eb404b4-ea72-44b4-8714-ad91bca69541', '54b54d7f-f35e-4ba3-8d5b-c620cd3b8f32', 'user', 'lucian', 'lucian@neap.io', '$2y$10$eI7LpOT.LAoi9LGKilQcPesOgMhf2OI6nLPZz4VSag8TB0Ml1x3m2', 'Lucian', 'https://gravatar.com/avatar/5da632f42a086ee096834e4cc23b97b7?s=128&d=identicon', null, '2015-10-28 04:06:02.234100+0000', '2015-10-31 23:03:08.609300+0000');
INSERT INTO "neap"."channel"(channel_id, user_id, chat_id, name, display_name, topic, language, views, followers)
    VALUES ('54b54d7f-f35e-4ba3-8d5b-c620cd3b8f32', '6eb404b4-ea72-44b4-8714-ad91bca69541', '23bebbae-434c-44c2-9c53-921a7c52de9d', 'lucian', 'Lucian Channel', 'Litterature', 'en', 81911, 43);
INSERT INTO "neap"."chat"(chat_id, channel_id, name)
    VALUES ('23bebbae-434c-44c2-9c53-921a7c52de9d', '54b54d7f-f35e-4ba3-8d5b-c620cd3b8f32', 'lucian');
INSERT INTO "neap"."stream"(stream_id, channel_id, title, topic_id, topic, media_info, viewers, created_at, updated_at, ended_at)
    VALUES ('5f4e94a5-6ac2-4cf9-896f-b714fe70fadc', '54b54d7f-f35e-4ba3-8d5b-c620cd3b8f32', 'The origins of Video games', '48e535f7-dba1-4d59-aac3-4c6cced32d6c', 'Video games', '{"width":1920,"height":1080,"bitrate":2733.74}', 247, '2015-10-31 12:07:30.697800+0000', '2015-10-31 14:41:50.168900+0000', '2015-10-31 15:25:01.405100+0000');
INSERT INTO "neap"."video"(video_id, stream_id, title, type, description, status, tags, topic_id, topic, media_info, preview, views, created_at, updated_at)
    VALUES ('f4cfd6f1-0700-4a9d-ad24-ea06115cc36c', '5f4e94a5-6ac2-4cf9-896f-b714fe70fadc', 'The origins of Video games', 'record', 'The origins of Video games', '', '[]', '48e535f7-dba1-4d59-aac3-4c6cced32d6c', 'Video games', '{"width":1920,"height":1080,"bitrate":1548.35}', '', '18456', '2015-10-31 23:33:44.001800+0000', '2015-11-07 01:02:23.834800+0000');
INSERT INTO "neap"."stream"(stream_id, channel_id, title, topic_id, topic, media_info, viewers, created_at, updated_at, ended_at)
    VALUES ('8a96ee61-576c-4d2c-933a-002842f0f0d7', '54b54d7f-f35e-4ba3-8d5b-c620cd3b8f32', 'Lucian goes live!', 'e496e832-363e-4228-b518-7fe126ccaa04', 'Photography', '{"width":1280,"height":720,"bitrate":757.08}', 57876, '2015-10-28 21:45:24.778100+0000', '2015-10-29 01:32:04.069700+0000', '2015-10-29 01:47:40.042900+0000');
INSERT INTO "neap"."video"(video_id, stream_id, title, type, description, status, tags, topic_id, topic, media_info, preview, views, created_at, updated_at)
    VALUES ('748e22e2-d06f-4dae-bf70-4dea7bbb8480', '8a96ee61-576c-4d2c-933a-002842f0f0d7', 'Lucian goes live!', 'record', 'Lucian goes live!', '', '[]', 'e496e832-363e-4228-b518-7fe126ccaa04', 'Photography', '{"width":1280,"height":720,"bitrate":1320.68}', '', '9380', '2015-10-31 05:27:50.902700+0000', '2015-11-01 21:20:44.248500+0000');
INSERT INTO "neap"."video"(video_id, stream_id, title, type, description, status, tags, topic_id, topic, media_info, preview, views, created_at, updated_at)
    VALUES ('7ac9386a-8b74-453c-9660-94c97137fb48', '8a96ee61-576c-4d2c-933a-002842f0f0d7', 'Lucian goes live!', 'record', 'Lucian goes live!', '', '[]', 'e496e832-363e-4228-b518-7fe126ccaa04', 'Photography', '{"width":1280,"height":720,"bitrate":861.14}', '', '26011', '2015-10-31 07:58:03.998300+0000', '2015-11-02 08:56:38.909800+0000');
INSERT INTO "neap"."stream"(stream_id, channel_id, title, topic_id, topic, media_info, viewers, created_at, updated_at, ended_at)
    VALUES ('eaaf2450-135f-4c78-9aff-bbf1c5883975', '54b54d7f-f35e-4ba3-8d5b-c620cd3b8f32', 'Fun with Music and Lucian', 'b369c464-cdea-4356-9d70-1450585652e2', 'Music', '{"width":1280,"height":720,"bitrate":1383.55}', 479, '2015-11-01 04:17:34.191900+0000', '2015-11-01 04:53:36.506100+0000', '2015-11-01 05:58:13.006900+0000');
INSERT INTO "neap"."user"(user_id, channel_id, type, username, email, password, display_name, logo, bio, created_at, updated_at)
    VALUES ('34d4b545-cd7c-4c5e-85b1-63bda9c18570', '8a33ab50-3483-4709-bf24-aefc410fd403', 'user', 'juan', 'juan@neap.io', '$2y$10$scEBBbH9otR8hNOPBpIeLOHQ1IVmuV.Z0zghiifrGHKl6e12tRprO', 'Juan', 'https://gravatar.com/avatar/96f6070bc90e653a4f6a0eea26e7e52a?s=128&d=identicon', null, '2015-03-06 01:52:31.453200+0000', '2015-04-29 20:28:54.827900+0000');
INSERT INTO "neap"."channel"(channel_id, user_id, chat_id, name, display_name, topic, language, views, followers)
    VALUES ('8a33ab50-3483-4709-bf24-aefc410fd403', '34d4b545-cd7c-4c5e-85b1-63bda9c18570', 'e3629ae1-d4db-4d20-af06-6e81c2648490', 'juan', 'Juan Channel', 'Theology', 'en', 84226, 62);
INSERT INTO "neap"."chat"(chat_id, channel_id, name)
    VALUES ('e3629ae1-d4db-4d20-af06-6e81c2648490', '8a33ab50-3483-4709-bf24-aefc410fd403', 'juan');
INSERT INTO "neap"."stream"(stream_id, channel_id, title, topic_id, topic, media_info, viewers, created_at, updated_at, ended_at)
    VALUES ('88d65f4a-1760-4d7d-99e3-a2b4b8ff721f', '8a33ab50-3483-4709-bf24-aefc410fd403', 'The origins of Astrology', 'e9af2f53-d2dd-4e32-9dea-26d6ac21bcb8', 'Astrology', '{"width":720,"height":400,"bitrate":656.17}', 1089, '2015-05-15 19:22:43.349700+0000', '2015-05-15 20:06:00.171800+0000', '2015-05-15 20:12:33.173600+0000');
INSERT INTO "neap"."stream"(stream_id, channel_id, title, topic_id, topic, media_info, viewers, created_at, updated_at, ended_at)
    VALUES ('064d7ad8-71cc-436e-bde2-8366074e5ea2', '8a33ab50-3483-4709-bf24-aefc410fd403', 'Come on and have fun with Juan!', 'b369c464-cdea-4356-9d70-1450585652e2', 'Music', '{"width":720,"height":400,"bitrate":594.48}', 879, '2015-10-10 22:04:09.248100+0000', '2015-10-11 00:35:24.044400+0000', '2015-10-11 00:44:34.710500+0000');
INSERT INTO "neap"."stream"(stream_id, channel_id, title, topic_id, topic, media_info, viewers, created_at, updated_at, ended_at)
    VALUES ('36b63e44-ada4-4f1c-a3c8-249d911731a2', '8a33ab50-3483-4709-bf24-aefc410fd403', 'Fun with Philosophy and Juan', '35fa82dc-ed25-47fb-b6cd-58ae8a151f60', 'Philosophy', '{"width":1280,"height":720,"bitrate":773.4}', 149, '2015-03-30 01:56:45.006600+0000', '2015-03-30 03:37:05.095800+0000', '2015-03-30 04:28:36.965100+0000');
INSERT INTO "neap"."video"(video_id, stream_id, title, type, description, status, tags, topic_id, topic, media_info, preview, views, created_at, updated_at)
    VALUES ('a10a71d9-22b5-482d-93d9-e052f2a549b3', '36b63e44-ada4-4f1c-a3c8-249d911731a2', 'Fun with Philosophy and Juan', 'record', 'Fun with Philosophy and Juan', '', '[]', '35fa82dc-ed25-47fb-b6cd-58ae8a151f60', 'Philosophy', '{"width":1280,"height":720,"bitrate":992.78}', '', '970', '2015-08-09 12:33:42.648400+0000', '2015-08-11 07:09:51.706100+0000');
INSERT INTO "neap"."video"(video_id, stream_id, title, type, description, status, tags, topic_id, topic, media_info, preview, views, created_at, updated_at)
    VALUES ('02034828-231e-45e3-bc1f-32d381501c33', '36b63e44-ada4-4f1c-a3c8-249d911731a2', 'Fun with Philosophy and Juan', 'record', 'Fun with Philosophy and Juan', '', '[]', '35fa82dc-ed25-47fb-b6cd-58ae8a151f60', 'Philosophy', '{"width":1280,"height":720,"bitrate":1142.35}', '', '32483', '2015-06-13 03:38:50.132600+0000', '2015-06-14 19:32:21.384200+0000');
INSERT INTO "neap"."stream"(stream_id, channel_id, title, topic_id, topic, media_info, viewers, created_at, updated_at, ended_at)
    VALUES ('6bb5f92d-a65e-4555-bc5f-50ee3551240d', '8a33ab50-3483-4709-bf24-aefc410fd403', 'Relax stream', '1cae4612-f178-4a0e-b3af-343a88b99638', 'Science', '{"width":1280,"height":720,"bitrate":1391.49}', 54188, '2015-10-26 05:14:08.171100+0000', '2015-10-26 10:40:38.721000+0000', '2015-10-26 10:43:38.632600+0000');
INSERT INTO "neap"."stream"(stream_id, channel_id, title, topic_id, topic, media_info, viewers, created_at, updated_at, ended_at)
    VALUES ('d6f63876-ff68-47bb-91df-5aa07ceac64e', '8a33ab50-3483-4709-bf24-aefc410fd403', 'Today is Photography day', 'e496e832-363e-4228-b518-7fe126ccaa04', 'Photography', '{"width":1920,"height":1080,"bitrate":2830.89}', 1000, '2015-03-12 04:34:15.544200+0000', '2015-03-12 08:26:15.672800+0000', '2015-03-12 08:38:13.753200+0000');
INSERT INTO "neap"."user"(user_id, channel_id, type, username, email, password, display_name, logo, bio, created_at, updated_at)
    VALUES ('0a6a5f62-2353-45b1-bda7-fa0c46ad06fd', 'cb21a253-e789-4c7a-9c4b-57fd394e0ec3', 'user', 'abrielle', 'abrielle@neap.io', '$2y$10$LJXXh2v0XKhEWVq4MiwCIeBpStdL8oijkMsHa8VnQg1InL8hcQLwG', 'Abrielle', 'https://gravatar.com/avatar/9c2d013d1246dcfde0b2b0871e41acad?s=128&d=identicon', null, '2015-10-31 12:21:11.633600+0000', '2015-11-01 14:05:43.157200+0000');
INSERT INTO "neap"."channel"(channel_id, user_id, chat_id, name, display_name, topic, language, views, followers)
    VALUES ('cb21a253-e789-4c7a-9c4b-57fd394e0ec3', '0a6a5f62-2353-45b1-bda7-fa0c46ad06fd', '08a21cdb-36a5-4399-8411-a1d5ca864e92', 'abrielle', 'Abrielle Channel', 'Biology', 'en', 47069, 64);
INSERT INTO "neap"."chat"(chat_id, channel_id, name)
    VALUES ('08a21cdb-36a5-4399-8411-a1d5ca864e92', 'cb21a253-e789-4c7a-9c4b-57fd394e0ec3', 'abrielle');
INSERT INTO "neap"."stream"(stream_id, channel_id, title, topic_id, topic, media_info, viewers, created_at, updated_at, ended_at)
    VALUES ('f08e9cb5-43a2-430f-86fd-b6dc68fc5fb6', 'cb21a253-e789-4c7a-9c4b-57fd394e0ec3', 'Today is Music day', 'b369c464-cdea-4356-9d70-1450585652e2', 'Music', '{"width":1920,"height":1080,"bitrate":1778.46}', 373, '2015-11-01 17:45:16.223100+0000', '2015-11-01 23:12:27.869600+0000', '2015-11-01 23:18:07.195000+0000');
INSERT INTO "neap"."stream"(stream_id, channel_id, title, topic_id, topic, media_info, viewers, created_at, updated_at, ended_at)
    VALUES ('24de5d20-e058-4199-b234-08e0655d5c04', 'cb21a253-e789-4c7a-9c4b-57fd394e0ec3', 'Relax stream', 'e496e832-363e-4228-b518-7fe126ccaa04', 'Photography', '{"width":1920,"height":1080,"bitrate":2915.74}', 527, '2015-10-31 13:27:28.628900+0000', '2015-10-31 14:04:01.083100+0000', '2015-10-31 14:12:46.124300+0000');
INSERT INTO "neap"."video"(video_id, stream_id, title, type, description, status, tags, topic_id, topic, media_info, preview, views, created_at, updated_at)
    VALUES ('c680d9a1-1069-4c43-b955-272c8c3a24aa', '24de5d20-e058-4199-b234-08e0655d5c04', 'Relax stream', 'record', 'Relax stream', '', '[]', 'e496e832-363e-4228-b518-7fe126ccaa04', 'Photography', '{"width":1920,"height":1080,"bitrate":2625.26}', '', '15569', '2015-11-01 03:18:00.632600+0000', '2015-11-04 01:50:09.593800+0000');
INSERT INTO "neap"."stream"(stream_id, channel_id, title, topic_id, topic, media_info, viewers, created_at, updated_at, ended_at)
    VALUES ('1477fd7f-d058-4a67-a30a-479d9a035e16', 'cb21a253-e789-4c7a-9c4b-57fd394e0ec3', 'Today is Philosophy day', '35fa82dc-ed25-47fb-b6cd-58ae8a151f60', 'Philosophy', '{"width":1280,"height":720,"bitrate":879.7}', 1966, '2015-11-01 06:35:35.651700+0000', '2015-11-01 10:34:08.611700+0000', '2015-11-01 11:26:52.136000+0000');
INSERT INTO "neap"."stream"(stream_id, channel_id, title, topic_id, topic, media_info, viewers, created_at, updated_at, ended_at)
    VALUES ('a80d7886-187c-45b0-a6d9-150c56d7ed0d', 'cb21a253-e789-4c7a-9c4b-57fd394e0ec3', 'Photography?? Yeah, Photography!', 'e496e832-363e-4228-b518-7fe126ccaa04', 'Photography', '{"width":1920,"height":1080,"bitrate":2654.06}', 1446, '2015-11-01 07:15:53.561100+0000', '2015-11-01 08:54:04.752900+0000', '2015-11-01 09:26:57.656700+0000');
INSERT INTO "neap"."video"(video_id, stream_id, title, type, description, status, tags, topic_id, topic, media_info, preview, views, created_at, updated_at)
    VALUES ('94e5f9b8-1bc8-4070-81ec-7c9a4ea7e8e8', 'a80d7886-187c-45b0-a6d9-150c56d7ed0d', 'Photography?? Yeah, Photography!', 'highlight', 'Photography?? Yeah, Photography!', '', '[]', 'e496e832-363e-4228-b518-7fe126ccaa04', 'Photography', '{"width":1920,"height":1080,"bitrate":1630.2}', '', '24403', '2015-11-01 16:07:11.290500+0000', '2015-11-02 19:22:40.986700+0000');
INSERT INTO "neap"."stream"(stream_id, channel_id, title, topic_id, topic, media_info, viewers, created_at, updated_at, ended_at)
    VALUES ('9171a62d-497f-4d42-bd19-73a3ad82a522', 'cb21a253-e789-4c7a-9c4b-57fd394e0ec3', 'Mathematics?? Yeah, Mathematics!', '284b3091-455d-4476-ae67-442a19d153d4', 'Mathematics', '{"width":1280,"height":720,"bitrate":1494.49}', 1181, '2015-11-01 10:17:02.101300+0000', '2015-11-01 16:09:01.955000+0000', '2015-11-01 16:31:41.217100+0000');
INSERT INTO "neap"."video"(video_id, stream_id, title, type, description, status, tags, topic_id, topic, media_info, preview, views, created_at, updated_at)
    VALUES ('e2d9b97b-55f2-4ca9-b43f-4f9de89dbe8e', '9171a62d-497f-4d42-bd19-73a3ad82a522', 'Mathematics?? Yeah, Mathematics!', 'record', 'Mathematics?? Yeah, Mathematics!', '', '[]', '284b3091-455d-4476-ae67-442a19d153d4', 'Mathematics', '{"width":1280,"height":720,"bitrate":847.47}', '', '16498', '2015-11-01 18:46:39.882800+0000', '2015-11-02 00:22:25.859700+0000');
INSERT INTO "neap"."user"(user_id, channel_id, type, username, email, password, display_name, logo, bio, created_at, updated_at)
    VALUES ('dc1d01e1-9416-4dd1-bfb3-e8d9bf1dc11c', '2d83225c-0d40-4d0a-b8e2-48c7f4e38bb4', 'user', 'maximilian', 'maximilian@neap.io', '$2y$10$n5cxk7acyduFiUGMYUIy/.XJoJ9pf.7MbK0CxC1vbtyYAyXeNg9ze', 'Maximilian', 'https://gravatar.com/avatar/71438d0c19d14c34607bde904a617f5e?s=128&d=identicon', null, '2015-10-21 09:42:45.632000+0000', '2015-10-22 14:00:19.456000+0000');
INSERT INTO "neap"."channel"(channel_id, user_id, chat_id, name, display_name, topic, language, views, followers)
    VALUES ('2d83225c-0d40-4d0a-b8e2-48c7f4e38bb4', 'dc1d01e1-9416-4dd1-bfb3-e8d9bf1dc11c', '06dd4f1a-027c-44f4-8dce-acc0f5030808', 'maximilian', 'Maximilian Channel', 'Science', 'en', 52360, 7);
INSERT INTO "neap"."chat"(chat_id, channel_id, name)
    VALUES ('06dd4f1a-027c-44f4-8dce-acc0f5030808', '2d83225c-0d40-4d0a-b8e2-48c7f4e38bb4', 'maximilian');
INSERT INTO "neap"."stream"(stream_id, channel_id, title, topic_id, topic, media_info, viewers, created_at, updated_at, ended_at)
    VALUES ('2c567060-e8fb-42a0-9e3c-447dd1cd9d7c', '2d83225c-0d40-4d0a-b8e2-48c7f4e38bb4', 'Maximilian goes live!', '48e535f7-dba1-4d59-aac3-4c6cced32d6c', 'Video games', '{"width":720,"height":400,"bitrate":730.16}', 232, '2015-10-21 17:52:54.455500+0000', '2015-10-21 17:58:01.511800+0000', '2015-10-21 18:09:54.706700+0000');
INSERT INTO "neap"."stream"(stream_id, channel_id, title, topic_id, topic, media_info, viewers, created_at, updated_at, ended_at)
    VALUES ('7c4bd15e-dfd2-482d-a9f8-ac563afb5fe6', '2d83225c-0d40-4d0a-b8e2-48c7f4e38bb4', 'Maximilian goes live!', 'd2ea25fc-eb67-4c63-86d0-58ba2ce51b56', 'Theology', '{"width":1280,"height":720,"bitrate":988.32}', 1796, '2015-10-24 18:42:49.499500+0000', '2015-10-24 19:06:27.542200+0000', '2015-10-24 19:14:27.387400+0000');
INSERT INTO "neap"."user"(user_id, channel_id, type, username, email, password, display_name, logo, bio, created_at, updated_at)
    VALUES ('81972808-a658-42c8-b5e2-9f57030e0d8f', '0fbb02e3-1f9e-4627-99c9-3e8fea206d84', 'user', 'kelly', 'kelly@neap.io', '$2y$10$S.T8f4H/lQnKpJZljLO4rePr5f01OzWInD.C7pR/Mqn16MvIYnWFm', 'Kelly', 'https://gravatar.com/avatar/0d84e0da8efc12d84d78ddf9959d870e?s=128&d=identicon', null, '2015-04-17 21:38:34.810200+0000', '2015-05-27 00:22:54.255200+0000');
INSERT INTO "neap"."channel"(channel_id, user_id, chat_id, name, display_name, topic, language, views, followers)
    VALUES ('0fbb02e3-1f9e-4627-99c9-3e8fea206d84', '81972808-a658-42c8-b5e2-9f57030e0d8f', '4d87c067-d87a-49a7-8255-f0a1d2f27948', 'kelly', 'Kelly Channel', 'Philosophy', 'en', 86034, 71);
INSERT INTO "neap"."chat"(chat_id, channel_id, name)
    VALUES ('4d87c067-d87a-49a7-8255-f0a1d2f27948', '0fbb02e3-1f9e-4627-99c9-3e8fea206d84', 'kelly');
INSERT INTO "neap"."stream"(stream_id, channel_id, title, topic_id, topic, media_info, viewers, created_at, updated_at, ended_at)
    VALUES ('2bb4685f-fd63-455b-88a9-da188d13a7e4', '0fbb02e3-1f9e-4627-99c9-3e8fea206d84', 'Philosophy?? Yeah, Philosophy!', '35fa82dc-ed25-47fb-b6cd-58ae8a151f60', 'Philosophy', '{"width":1920,"height":1080,"bitrate":3116.61}', 1147, '2015-08-27 07:04:32.026300+0000', '2015-08-27 07:09:06.480100+0000', '2015-08-27 07:19:16.304600+0000');
INSERT INTO "neap"."stream"(stream_id, channel_id, title, topic_id, topic, media_info, viewers, created_at, updated_at, ended_at)
    VALUES ('c5243d41-f9b0-44d0-9fc0-43a680ecd551', '0fbb02e3-1f9e-4627-99c9-3e8fea206d84', 'Today is History day', '5f6c7ec0-84ab-4d8e-a2d7-ff1887b55d6e', 'History', '{"width":720,"height":400,"bitrate":750.09}', 1824, '2015-08-16 20:05:26.691300+0000', '2015-08-16 21:08:44.137300+0000', '2015-08-16 21:38:59.763200+0000');
INSERT INTO "neap"."stream"(stream_id, channel_id, title, topic_id, topic, media_info, viewers, created_at, updated_at, ended_at)
    VALUES ('9d7b3d10-dd09-44cb-84e8-60117a4e322a', '0fbb02e3-1f9e-4627-99c9-3e8fea206d84', 'Relax stream', '35fa82dc-ed25-47fb-b6cd-58ae8a151f60', 'Philosophy', '{"width":1920,"height":1080,"bitrate":3499.66}', 855, '2015-08-01 07:41:02.216900+0000', '2015-08-01 13:10:16.309800+0000', '2015-08-01 14:13:51.102500+0000');
INSERT INTO "neap"."user"(user_id, channel_id, type, username, email, password, display_name, logo, bio, created_at, updated_at)
    VALUES ('048bfe2e-bb1b-42e9-a016-3d3e2e30a07f', 'e5aef6ce-72ca-4203-a86d-9d5dc6310a41', 'user', 'penny', 'penny@neap.io', '$2y$10$/LQC/GW4PXycOCEiBhHeteIq8LxScW306V.aUQ6wIYjl51emQ0/G2', 'Penny', 'https://gravatar.com/avatar/ce6267eaabe5731e7c74cbc72d97f8a9?s=128&d=identicon', null, '2015-06-02 09:53:06.049400+0000', '2015-10-20 18:16:50.955700+0000');
INSERT INTO "neap"."channel"(channel_id, user_id, chat_id, name, display_name, topic, language, views, followers)
    VALUES ('e5aef6ce-72ca-4203-a86d-9d5dc6310a41', '048bfe2e-bb1b-42e9-a016-3d3e2e30a07f', 'c61843ac-7551-40bb-bd5a-f72b33a8045e', 'penny', 'Penny Channel', 'History', 'en', 48092, 125);
INSERT INTO "neap"."chat"(chat_id, channel_id, name)
    VALUES ('c61843ac-7551-40bb-bd5a-f72b33a8045e', 'e5aef6ce-72ca-4203-a86d-9d5dc6310a41', 'penny');
INSERT INTO "neap"."stream"(stream_id, channel_id, title, topic_id, topic, media_info, viewers, created_at, updated_at, ended_at)
    VALUES ('7740028d-6d49-441a-a2f1-b288c39504ba', 'e5aef6ce-72ca-4203-a86d-9d5dc6310a41', 'Relax stream', 'b369c464-cdea-4356-9d70-1450585652e2', 'Music', '{"width":1280,"height":720,"bitrate":1049.92}', 68, '2015-07-11 05:47:34.295300+0000', '2015-07-11 08:07:16.285700+0000', '2015-07-11 09:29:47.882600+0000');
INSERT INTO "neap"."user"(user_id, channel_id, type, username, email, password, display_name, logo, bio, created_at, updated_at)
    VALUES ('bd40e826-890e-4414-a0fa-ac20aabd197a', '3ad51b15-163e-4f13-8114-66334b51c3a6', 'user', 'emmalynn', 'emmalynn@neap.io', '$2y$10$cNVZgZLnpIuHcqN/RWvTe.Q6RxYVqy6Lk6C.rz3dMtz.Eab21OnXm', 'Emmalynn', 'https://gravatar.com/avatar/7995ba2607e06a9a4c66a6de542fe022?s=128&d=identicon', null, '2015-02-09 11:29:47.109100+0000', '2015-02-18 21:43:55.982400+0000');
INSERT INTO "neap"."channel"(channel_id, user_id, chat_id, name, display_name, topic, language, views, followers)
    VALUES ('3ad51b15-163e-4f13-8114-66334b51c3a6', 'bd40e826-890e-4414-a0fa-ac20aabd197a', 'dea14987-fdfa-4eb6-9af1-e251cac0ef7b', 'emmalynn', 'Emmalynn Channel', 'Biology', 'en', 80244, 64);
INSERT INTO "neap"."chat"(chat_id, channel_id, name)
    VALUES ('dea14987-fdfa-4eb6-9af1-e251cac0ef7b', '3ad51b15-163e-4f13-8114-66334b51c3a6', 'emmalynn');
INSERT INTO "neap"."stream"(stream_id, channel_id, title, topic_id, topic, media_info, viewers, created_at, updated_at, ended_at)
    VALUES ('888e9572-4c7c-4793-97db-be75a9fca670', '3ad51b15-163e-4f13-8114-66334b51c3a6', 'Photography?? Yeah, Photography!', 'e496e832-363e-4228-b518-7fe126ccaa04', 'Photography', '{"width":1920,"height":1080,"bitrate":1442.67}', 410, '2015-07-09 02:24:48.082900+0000', '2015-07-09 02:28:13.250200+0000', '2015-07-09 02:33:17.781600+0000');
INSERT INTO "neap"."video"(video_id, stream_id, title, type, description, status, tags, topic_id, topic, media_info, preview, views, created_at, updated_at)
    VALUES ('572c0b46-1e0a-48d6-b7dd-314d254181ba', '888e9572-4c7c-4793-97db-be75a9fca670', 'Photography?? Yeah, Photography!', 'highlight', 'Photography?? Yeah, Photography!', '', '[]', 'e496e832-363e-4228-b518-7fe126ccaa04', 'Photography', '{"width":1920,"height":1080,"bitrate":1680.37}', '', '13711', '2015-07-16 23:25:54.075700+0000', '2015-07-17 08:33:05.772800+0000');
INSERT INTO "neap"."video"(video_id, stream_id, title, type, description, status, tags, topic_id, topic, media_info, preview, views, created_at, updated_at)
    VALUES ('4c12eca3-7a2e-44bd-a750-2e8f434259d3', '888e9572-4c7c-4793-97db-be75a9fca670', 'Photography?? Yeah, Photography!', 'record', 'Photography?? Yeah, Photography!', '', '[]', 'e496e832-363e-4228-b518-7fe126ccaa04', 'Photography', '{"width":1920,"height":1080,"bitrate":2304.72}', '', '14227', '2015-09-04 03:43:35.986800+0000', '2015-09-06 19:30:35.704500+0000');
INSERT INTO "neap"."stream"(stream_id, channel_id, title, topic_id, topic, media_info, viewers, created_at, updated_at, ended_at)
    VALUES ('30454ef2-6aa5-48c8-81ea-ee7cf49f3177', '3ad51b15-163e-4f13-8114-66334b51c3a6', 'Today is Astrology day', 'e9af2f53-d2dd-4e32-9dea-26d6ac21bcb8', 'Astrology', '{"width":1280,"height":720,"bitrate":1103.61}', 1714, '2015-06-08 23:27:15.777300+0000', '2015-06-08 23:55:17.709600+0000', '2015-06-09 00:51:50.820900+0000');
INSERT INTO "neap"."video"(video_id, stream_id, title, type, description, status, tags, topic_id, topic, media_info, preview, views, created_at, updated_at)
    VALUES ('075208a9-ad3e-463f-841a-1563fff6ffe2', '30454ef2-6aa5-48c8-81ea-ee7cf49f3177', 'Today is Astrology day', 'record', 'Today is Astrology day', '', '[]', 'e9af2f53-d2dd-4e32-9dea-26d6ac21bcb8', 'Astrology', '{"width":1280,"height":720,"bitrate":1260.68}', '', '33605', '2015-08-02 11:14:33.315400+0000', '2015-08-03 21:25:16.446000+0000');
INSERT INTO "neap"."stream"(stream_id, channel_id, title, topic_id, topic, media_info, viewers, created_at, updated_at, ended_at)
    VALUES ('68fec63f-aaed-4101-bfc0-7af96062cc68', '3ad51b15-163e-4f13-8114-66334b51c3a6', 'Relax stream', '994391cf-d41e-46f4-b6eb-ce53824e3a0c', 'Litterature', '{"width":720,"height":400,"bitrate":563.43}', 439, '2015-04-07 08:03:10.864900+0000', '2015-04-07 09:19:57.649300+0000', '2015-04-07 10:07:59.598200+0000');
INSERT INTO "neap"."stream"(stream_id, channel_id, title, topic_id, topic, media_info, viewers, created_at, updated_at, ended_at)
    VALUES ('2632c21f-2196-4131-b36d-609dc4fc851e', '3ad51b15-163e-4f13-8114-66334b51c3a6', 'Relax stream', '35fa82dc-ed25-47fb-b6cd-58ae8a151f60', 'Philosophy', '{"width":720,"height":400,"bitrate":533.45}', 838, '2015-08-24 22:29:33.106300+0000', '2015-08-25 03:13:46.977600+0000', '2015-08-25 03:36:15.933500+0000');
INSERT INTO "neap"."stream"(stream_id, channel_id, title, topic_id, topic, media_info, viewers, created_at, updated_at, ended_at)
    VALUES ('e26a0f4e-ae4a-4a7f-ae59-dab77c3cc894', '3ad51b15-163e-4f13-8114-66334b51c3a6', 'Biology?? Yeah, Biology!', 'd4f06d27-2693-4552-bd85-d9875651ce39', 'Biology', '{"width":1280,"height":720,"bitrate":1307.37}', 1192, '2015-09-23 17:20:50.093600+0000', '2015-09-23 19:35:02.064600+0000', '2015-09-23 19:37:41.729300+0000');
INSERT INTO "neap"."video"(video_id, stream_id, title, type, description, status, tags, topic_id, topic, media_info, preview, views, created_at, updated_at)
    VALUES ('5d021ea0-d75e-4aa7-b948-50b23d3af12a', 'e26a0f4e-ae4a-4a7f-ae59-dab77c3cc894', 'Biology?? Yeah, Biology!', 'record', 'Biology?? Yeah, Biology!', '', '[]', 'd4f06d27-2693-4552-bd85-d9875651ce39', 'Biology', '{"width":1280,"height":720,"bitrate":1167.14}', '', '39380', '2015-10-26 14:20:13.731200+0000', '2015-10-26 18:41:19.632500+0000');
INSERT INTO "neap"."video"(video_id, stream_id, title, type, description, status, tags, topic_id, topic, media_info, preview, views, created_at, updated_at)
    VALUES ('000e1765-c66f-4d72-a015-dfb01fafc82a', 'e26a0f4e-ae4a-4a7f-ae59-dab77c3cc894', 'Biology?? Yeah, Biology!', 'record', 'Biology?? Yeah, Biology!', '', '[]', 'd4f06d27-2693-4552-bd85-d9875651ce39', 'Biology', '{"width":1280,"height":720,"bitrate":955.5}', '', '14170', '2015-10-18 04:16:48.817800+0000', '2015-10-19 01:59:33.239000+0000');
INSERT INTO "neap"."stream"(stream_id, channel_id, title, topic_id, topic, media_info, viewers, created_at, updated_at, ended_at)
    VALUES ('337eba4e-6a3c-4ca2-88a4-79fd4a61ebfe', '3ad51b15-163e-4f13-8114-66334b51c3a6', 'Theology?? Yeah, Theology!', 'd2ea25fc-eb67-4c63-86d0-58ba2ce51b56', 'Theology', '{"width":1280,"height":720,"bitrate":829.54}', 1345, '2015-05-19 00:56:53.706800+0000', '2015-05-19 04:31:24.188000+0000', '2015-05-19 04:33:58.561700+0000');
INSERT INTO "neap"."user"(user_id, channel_id, type, username, email, password, display_name, logo, bio, created_at, updated_at)
    VALUES ('b4b5dc08-0646-4452-a056-57c2f280f845', '05f130fa-85c2-40e1-aa43-2c8640ae3006', 'user', 'quinton', 'quinton@neap.io', '$2y$10$6zVT6kqKiZm2pUBrp5UTp.20ZplUSNvHszmiMCACdy7D38gj7C82y', 'Quinton', 'https://gravatar.com/avatar/5a80a90c55bd88a39018b2939edbfc5c?s=128&d=identicon', null, '2015-06-26 05:59:04.562500+0000', '2015-07-18 19:59:27.331500+0000');
INSERT INTO "neap"."channel"(channel_id, user_id, chat_id, name, display_name, topic, language, views, followers)
    VALUES ('05f130fa-85c2-40e1-aa43-2c8640ae3006', 'b4b5dc08-0646-4452-a056-57c2f280f845', 'b753dcb0-8faa-4d73-8d5c-a6301bdc8729', 'quinton', 'Quinton Channel', 'Philosophy', 'en', 58451, 1);
INSERT INTO "neap"."chat"(chat_id, channel_id, name)
    VALUES ('b753dcb0-8faa-4d73-8d5c-a6301bdc8729', '05f130fa-85c2-40e1-aa43-2c8640ae3006', 'quinton');
INSERT INTO "neap"."stream"(stream_id, channel_id, title, topic_id, topic, media_info, viewers, created_at, updated_at, ended_at)
    VALUES ('b8df8c0f-0789-4666-b39f-6ab5b724d3d9', '05f130fa-85c2-40e1-aa43-2c8640ae3006', 'Fun with Theology and Quinton', 'd2ea25fc-eb67-4c63-86d0-58ba2ce51b56', 'Theology', '{"width":1920,"height":1080,"bitrate":1715.29}', 1451, '2015-09-26 04:10:24.979600+0000', '2015-09-26 04:16:24.478700+0000', '2015-09-26 04:35:45.233300+0000');
INSERT INTO "neap"."video"(video_id, stream_id, title, type, description, status, tags, topic_id, topic, media_info, preview, views, created_at, updated_at)
    VALUES ('40328dc3-2461-47fc-b85e-d15bfa78e48b', 'b8df8c0f-0789-4666-b39f-6ab5b724d3d9', 'Fun with Theology and Quinton', 'record', 'Fun with Theology and Quinton', '', '[]', 'd2ea25fc-eb67-4c63-86d0-58ba2ce51b56', 'Theology', '{"width":1920,"height":1080,"bitrate":1934.91}', '', '34244', '2015-10-13 15:05:59.983300+0000', '2015-10-14 00:46:06.558000+0000');
INSERT INTO "neap"."stream"(stream_id, channel_id, title, topic_id, topic, media_info, viewers, created_at, updated_at, ended_at)
    VALUES ('5e849a26-9de4-4d5e-8b3c-3e30be415140', '05f130fa-85c2-40e1-aa43-2c8640ae3006', 'Quinton goes live!', '5f6c7ec0-84ab-4d8e-a2d7-ff1887b55d6e', 'History', '{"width":720,"height":400,"bitrate":630.85}', 1657, '2015-08-22 03:10:25.132400+0000', '2015-08-22 04:07:37.063300+0000', '2015-08-22 04:16:44.807100+0000');
INSERT INTO "neap"."user"(user_id, channel_id, type, username, email, password, display_name, logo, bio, created_at, updated_at)
    VALUES ('bfd617df-d2df-46bc-90c2-9209e7e7be7a', '887149e8-dc1a-487a-b4af-0257fa23b40b', 'user', 'imani', 'imani@neap.io', '$2y$10$/7xY1TW9t8rhf5QRx8bKmeqtBp2LT8NvIgPZRkTNQFMv5cZh4TdLi', 'Imani', 'https://gravatar.com/avatar/d8a458a101a88e891509f7ac9f8f98ec?s=128&d=identicon', null, '2015-09-29 08:29:14.611300+0000', '2015-11-01 04:35:27.209000+0000');
INSERT INTO "neap"."channel"(channel_id, user_id, chat_id, name, display_name, topic, language, views, followers)
    VALUES ('887149e8-dc1a-487a-b4af-0257fa23b40b', 'bfd617df-d2df-46bc-90c2-9209e7e7be7a', 'a977e97e-0aa7-4f91-bf0f-89b2057b2e16', 'imani', 'Imani Channel', 'Astrology', 'en', 62677, 113);
INSERT INTO "neap"."chat"(chat_id, channel_id, name)
    VALUES ('a977e97e-0aa7-4f91-bf0f-89b2057b2e16', '887149e8-dc1a-487a-b4af-0257fa23b40b', 'imani');
INSERT INTO "neap"."stream"(stream_id, channel_id, title, topic_id, topic, media_info, viewers, created_at, updated_at, ended_at)
    VALUES ('6a105b66-3b6d-4e29-b214-67f1a6a2290f', '887149e8-dc1a-487a-b4af-0257fa23b40b', 'Imani goes live!', '35fa82dc-ed25-47fb-b6cd-58ae8a151f60', 'Philosophy', '{"width":1280,"height":720,"bitrate":846.91}', 1498, '2015-10-12 07:25:28.214000+0000', '2015-10-12 08:43:02.574900+0000', '2015-10-12 08:44:41.502100+0000');
INSERT INTO "neap"."video"(video_id, stream_id, title, type, description, status, tags, topic_id, topic, media_info, preview, views, created_at, updated_at)
    VALUES ('ba5ec16d-b5e8-4fc9-85e2-01406387bb1c', '6a105b66-3b6d-4e29-b214-67f1a6a2290f', 'Imani goes live!', 'record', 'Imani goes live!', '', '[]', '35fa82dc-ed25-47fb-b6cd-58ae8a151f60', 'Philosophy', '{"width":1280,"height":720,"bitrate":876.37}', '', '12364', '2015-10-25 15:15:26.512500+0000', '2015-10-26 09:49:04.033900+0000');
INSERT INTO "neap"."video"(video_id, stream_id, title, type, description, status, tags, topic_id, topic, media_info, preview, views, created_at, updated_at)
    VALUES ('4b20e7f8-24f1-4890-b07a-424866fb36e4', '6a105b66-3b6d-4e29-b214-67f1a6a2290f', 'Imani goes live!', 'record', 'Imani goes live!', '', '[]', '35fa82dc-ed25-47fb-b6cd-58ae8a151f60', 'Philosophy', '{"width":1280,"height":720,"bitrate":797.11}', '', '28928', '2015-11-01 11:04:21.822400+0000', '2015-11-02 00:58:38.695100+0000');
INSERT INTO "neap"."stream"(stream_id, channel_id, title, topic_id, topic, media_info, viewers, created_at, updated_at, ended_at)
    VALUES ('99cf79d8-a9d0-48f0-91fe-d51bec8602d6', '887149e8-dc1a-487a-b4af-0257fa23b40b', 'Today is Biology day', 'd4f06d27-2693-4552-bd85-d9875651ce39', 'Biology', '{"width":720,"height":400,"bitrate":560.97}', 1345, '2015-10-20 00:56:16.359300+0000', '2015-10-20 01:20:19.487500+0000', '2015-10-20 02:22:15.255300+0000');
INSERT INTO "neap"."video"(video_id, stream_id, title, type, description, status, tags, topic_id, topic, media_info, preview, views, created_at, updated_at)
    VALUES ('be922bd6-e0ec-4efc-8f33-af0f8615dd94', '99cf79d8-a9d0-48f0-91fe-d51bec8602d6', 'Today is Biology day', 'record', 'Today is Biology day', '', '[]', 'd4f06d27-2693-4552-bd85-d9875651ce39', 'Biology', '{"width":720,"height":400,"bitrate":747.07}', '', '36391', '2015-10-29 13:57:11.046800+0000', '2015-11-02 02:24:57.295800+0000');
INSERT INTO "neap"."video"(video_id, stream_id, title, type, description, status, tags, topic_id, topic, media_info, preview, views, created_at, updated_at)
    VALUES ('de7891f1-7e64-4d90-b8b5-7411eaeecf1b', '99cf79d8-a9d0-48f0-91fe-d51bec8602d6', 'Today is Biology day', 'highlight', 'Today is Biology day', '', '[]', 'd4f06d27-2693-4552-bd85-d9875651ce39', 'Biology', '{"width":720,"height":400,"bitrate":505.83}', '', '38440', '2015-10-20 12:54:44.808000+0000', '2015-10-21 00:09:56.094700+0000');
INSERT INTO "neap"."stream"(stream_id, channel_id, title, topic_id, topic, media_info, viewers, created_at, updated_at, ended_at)
    VALUES ('af2a531d-fa7a-426d-ac6a-0f1a98ccb72a', '887149e8-dc1a-487a-b4af-0257fa23b40b', 'Come on and have fun with Imani!', '1cae4612-f178-4a0e-b3af-343a88b99638', 'Science', '{"width":1280,"height":720,"bitrate":1326.55}', 1917, '2015-10-11 06:12:15.626800+0000', '2015-10-11 06:59:53.179800+0000', '2015-10-11 07:03:53.098600+0000');
INSERT INTO "neap"."video"(video_id, stream_id, title, type, description, status, tags, topic_id, topic, media_info, preview, views, created_at, updated_at)
    VALUES ('57169360-2132-490b-a12c-dd912994c4ed', 'af2a531d-fa7a-426d-ac6a-0f1a98ccb72a', 'Come on and have fun with Imani!', 'record', 'Come on and have fun with Imani!', '', '[]', '1cae4612-f178-4a0e-b3af-343a88b99638', 'Science', '{"width":1280,"height":720,"bitrate":1076.15}', '', '23734', '2015-10-14 06:01:54.175800+0000', '2015-10-18 11:44:20.531000+0000');
INSERT INTO "neap"."video"(video_id, stream_id, title, type, description, status, tags, topic_id, topic, media_info, preview, views, created_at, updated_at)
    VALUES ('dbc557c3-68f1-4740-bccf-a52858bc0375', 'af2a531d-fa7a-426d-ac6a-0f1a98ccb72a', 'Come on and have fun with Imani!', 'record', 'Come on and have fun with Imani!', '', '[]', '1cae4612-f178-4a0e-b3af-343a88b99638', 'Science', '{"width":1280,"height":720,"bitrate":861.04}', '', '27737', '2015-10-31 19:50:22.743200+0000', '2015-11-02 10:04:13.829100+0000');
INSERT INTO "neap"."stream"(stream_id, channel_id, title, topic_id, topic, media_info, viewers, created_at, updated_at, ended_at)
    VALUES ('5619d7bb-16f6-4972-8259-fb0594aa661d', '887149e8-dc1a-487a-b4af-0257fa23b40b', 'Imani goes live!', '48e535f7-dba1-4d59-aac3-4c6cced32d6c', 'Video games', '{"width":720,"height":400,"bitrate":747.05}', 245, '2015-10-03 21:52:30.021200+0000', '2015-10-03 23:40:15.839600+0000', '2015-10-03 23:41:32.304100+0000');
INSERT INTO "neap"."stream"(stream_id, channel_id, title, topic_id, topic, media_info, viewers, created_at, updated_at, ended_at)
    VALUES ('6cc0cbd9-0ea9-4da5-8a0e-474e359dd94e', '887149e8-dc1a-487a-b4af-0257fa23b40b', 'Today is Video games day', '48e535f7-dba1-4d59-aac3-4c6cced32d6c', 'Video games', '{"width":1920,"height":1080,"bitrate":1765.89}', 1008, '2015-10-05 03:43:38.391900+0000', '2015-10-05 04:47:29.554900+0000', '2015-10-05 04:57:36.747600+0000');
INSERT INTO "neap"."stream"(stream_id, channel_id, title, topic_id, topic, media_info, viewers, created_at, updated_at, ended_at)
    VALUES ('6632f91f-28bd-4e4b-a8a0-1110419c1444', '887149e8-dc1a-487a-b4af-0257fa23b40b', 'Today is Video games day', '48e535f7-dba1-4d59-aac3-4c6cced32d6c', 'Video games', '{"width":720,"height":400,"bitrate":577.66}', 795, '2015-10-12 18:24:18.803600+0000', '2015-10-12 22:46:25.527900+0000', '2015-10-12 23:34:13.816100+0000');
INSERT INTO "neap"."user"(user_id, channel_id, type, username, email, password, display_name, logo, bio, created_at, updated_at)
    VALUES ('6e08d261-6ddc-481d-99fa-018829e87f35', 'f230819b-116e-41a2-8dc3-d5c9ae7ae4a6', 'user', 'iris', 'iris@neap.io', '$2y$10$i2G5WXzju7eHMGtqf3wzkueUwOXs0m/ybrZqVG19d93x83iTMN/AW', 'Iris', 'https://gravatar.com/avatar/f93547935ebe9e29aa38032f84687152?s=128&d=identicon', null, '2015-05-28 17:33:35.002000+0000', '2015-09-15 00:31:02.808800+0000');
INSERT INTO "neap"."channel"(channel_id, user_id, chat_id, name, display_name, topic, language, views, followers)
    VALUES ('f230819b-116e-41a2-8dc3-d5c9ae7ae4a6', '6e08d261-6ddc-481d-99fa-018829e87f35', '917b310c-622a-469e-8c4d-b85d438109c1', 'iris', 'Iris Channel', 'Theology', 'en', 30576, 129);
INSERT INTO "neap"."chat"(chat_id, channel_id, name)
    VALUES ('917b310c-622a-469e-8c4d-b85d438109c1', 'f230819b-116e-41a2-8dc3-d5c9ae7ae4a6', 'iris');
INSERT INTO "neap"."stream"(stream_id, channel_id, title, topic_id, topic, media_info, viewers, created_at, updated_at, ended_at)
    VALUES ('6ac3f9e6-83e4-407f-b8bf-eb625458b0c6', 'f230819b-116e-41a2-8dc3-d5c9ae7ae4a6', 'The origins of Science', '1cae4612-f178-4a0e-b3af-343a88b99638', 'Science', '{"width":1280,"height":720,"bitrate":1143.48}', 873, '2015-09-22 06:37:50.702700+0000', '2015-09-22 08:32:14.253800+0000', '2015-09-22 09:22:42.719400+0000');
INSERT INTO "neap"."video"(video_id, stream_id, title, type, description, status, tags, topic_id, topic, media_info, preview, views, created_at, updated_at)
    VALUES ('4b983c40-a19e-4e6c-939d-11bebddce781', '6ac3f9e6-83e4-407f-b8bf-eb625458b0c6', 'The origins of Science', 'record', 'The origins of Science', '', '[]', '1cae4612-f178-4a0e-b3af-343a88b99638', 'Science', '{"width":1280,"height":720,"bitrate":1409.95}', '', '31175', '2015-09-29 15:47:55.942400+0000', '2015-09-30 01:26:10.835000+0000');
INSERT INTO "neap"."stream"(stream_id, channel_id, title, topic_id, topic, media_info, viewers, created_at, updated_at, ended_at)
    VALUES ('cdb211c0-cf1c-4d2d-be8d-18f86d281c50', 'f230819b-116e-41a2-8dc3-d5c9ae7ae4a6', 'Mathematics?? Yeah, Mathematics!', '284b3091-455d-4476-ae67-442a19d153d4', 'Mathematics', '{"width":1920,"height":1080,"bitrate":2095.81}', 1677, '2015-08-19 12:02:24.193800+0000', '2015-08-19 13:28:13.758000+0000', '2015-08-19 13:52:12.453900+0000');
INSERT INTO "neap"."video"(video_id, stream_id, title, type, description, status, tags, topic_id, topic, media_info, preview, views, created_at, updated_at)
    VALUES ('e2c2bbeb-3b97-41ec-b050-c331cabb89b0', 'cdb211c0-cf1c-4d2d-be8d-18f86d281c50', 'Mathematics?? Yeah, Mathematics!', 'record', 'Mathematics?? Yeah, Mathematics!', '', '[]', '284b3091-455d-4476-ae67-442a19d153d4', 'Mathematics', '{"width":1920,"height":1080,"bitrate":1469.26}', '', '28656', '2015-10-29 00:54:26.422800+0000', '2015-10-29 08:06:05.635900+0000');
INSERT INTO "neap"."stream"(stream_id, channel_id, title, topic_id, topic, media_info, viewers, created_at, updated_at, ended_at)
    VALUES ('bb373032-8607-4e2b-9961-548c3ab017b7', 'f230819b-116e-41a2-8dc3-d5c9ae7ae4a6', 'Video games?? Yeah, Video games!', '48e535f7-dba1-4d59-aac3-4c6cced32d6c', 'Video games', '{"width":1920,"height":1080,"bitrate":2550.88}', 292, '2015-06-01 19:23:55.484000+0000', '2015-06-01 20:10:18.816400+0000', '2015-06-01 21:14:10.676100+0000');
INSERT INTO "neap"."stream"(stream_id, channel_id, title, topic_id, topic, media_info, viewers, created_at, updated_at, ended_at)
    VALUES ('72eedcad-7445-443d-8c74-4f08d0303adc', 'f230819b-116e-41a2-8dc3-d5c9ae7ae4a6', 'Today is Biology day', 'd4f06d27-2693-4552-bd85-d9875651ce39', 'Biology', '{"width":1920,"height":1080,"bitrate":2751.57}', 900, '2015-08-11 09:27:29.052800+0000', '2015-08-11 12:15:28.467200+0000', '2015-08-11 13:06:49.326900+0000');
INSERT INTO "neap"."user"(user_id, channel_id, type, username, email, password, display_name, logo, bio, created_at, updated_at)
    VALUES ('af710dfd-541c-434f-8742-86668c2ca8cf', '16dacc72-3245-4b70-88b2-66c5e94f4df2', 'user', 'luis', 'luis@neap.io', '$2y$10$.ahcGp2yw7ZhBAZSYUXJVuD604CUtSzCyoLfJiIHe11tt147jC7em', 'Luis', 'https://gravatar.com/avatar/aa526c1c00c8c297ac51499a94c94825?s=128&d=identicon', null, '2015-09-15 07:42:43.263400+0000', '2015-10-21 02:53:20.889400+0000');
INSERT INTO "neap"."channel"(channel_id, user_id, chat_id, name, display_name, topic, language, views, followers)
    VALUES ('16dacc72-3245-4b70-88b2-66c5e94f4df2', 'af710dfd-541c-434f-8742-86668c2ca8cf', '45eaf59f-e602-4943-a301-a5d74053e2f4', 'luis', 'Luis Channel', 'Astrology', 'en', 1041, 47);
INSERT INTO "neap"."chat"(chat_id, channel_id, name)
    VALUES ('45eaf59f-e602-4943-a301-a5d74053e2f4', '16dacc72-3245-4b70-88b2-66c5e94f4df2', 'luis');
INSERT INTO "neap"."stream"(stream_id, channel_id, title, topic_id, topic, media_info, viewers, created_at, updated_at, ended_at)
    VALUES ('882eff7e-0b46-480b-8fac-c6fc99b4cf5c', '16dacc72-3245-4b70-88b2-66c5e94f4df2', 'Relax stream', 'e9af2f53-d2dd-4e32-9dea-26d6ac21bcb8', 'Astrology', '{"width":1920,"height":1080,"bitrate":3493.11}', 42716, '2015-10-31 06:41:22.382600+0000', '2015-10-31 10:00:02.635000+0000', '2015-10-31 10:13:43.796400+0000');
INSERT INTO "neap"."stream"(stream_id, channel_id, title, topic_id, topic, media_info, viewers, created_at, updated_at, ended_at)
    VALUES ('e0fc2d93-35bb-49c1-869d-a990dfb6e45a', '16dacc72-3245-4b70-88b2-66c5e94f4df2', 'Philosophy?? Yeah, Philosophy!', '35fa82dc-ed25-47fb-b6cd-58ae8a151f60', 'Philosophy', '{"width":1920,"height":1080,"bitrate":1486.07}', 1058, '2015-09-18 17:47:13.239900+0000', '2015-09-18 18:09:07.944900+0000', '2015-09-18 18:57:57.359700+0000');
INSERT INTO "neap"."video"(video_id, stream_id, title, type, description, status, tags, topic_id, topic, media_info, preview, views, created_at, updated_at)
    VALUES ('1920eaf0-e312-41a6-bcd4-f0669dedf20e', 'e0fc2d93-35bb-49c1-869d-a990dfb6e45a', 'Philosophy?? Yeah, Philosophy!', 'record', 'Philosophy?? Yeah, Philosophy!', '', '[]', '35fa82dc-ed25-47fb-b6cd-58ae8a151f60', 'Philosophy', '{"width":1920,"height":1080,"bitrate":1659.48}', '', '37256', '2015-10-21 19:26:32.110200+0000', '2015-10-24 11:26:24.705400+0000');
INSERT INTO "neap"."stream"(stream_id, channel_id, title, topic_id, topic, media_info, viewers, created_at, updated_at, ended_at)
    VALUES ('e96c366c-d1c1-43c0-a8bb-db3c0164afc7', '16dacc72-3245-4b70-88b2-66c5e94f4df2', 'Video games?? Yeah, Video games!', '48e535f7-dba1-4d59-aac3-4c6cced32d6c', 'Video games', '{"width":720,"height":400,"bitrate":521.66}', 789, '2015-10-10 08:54:15.603700+0000', '2015-10-10 14:20:44.616200+0000', '2015-10-10 14:51:08.348300+0000');
INSERT INTO "neap"."user"(user_id, channel_id, type, username, email, password, display_name, logo, bio, created_at, updated_at)
    VALUES ('15088055-903d-4480-8533-edcaaaeed443', 'e670ba88-d6af-4668-925c-ed485d470eec', 'user', 'ryker', 'ryker@neap.io', '$2y$10$JXUvDiZRGOo8xFh/XL/IG.KwOx0JcgeTAD33yYdjZNy4DkxxOdDzy', 'Ryker', 'https://gravatar.com/avatar/197d5ed11f70a56cd013232c1797ff17?s=128&d=identicon', null, '2015-06-07 22:51:33.247900+0000', '2015-10-16 11:52:49.487800+0000');
INSERT INTO "neap"."channel"(channel_id, user_id, chat_id, name, display_name, topic, language, views, followers)
    VALUES ('e670ba88-d6af-4668-925c-ed485d470eec', '15088055-903d-4480-8533-edcaaaeed443', '176f3f45-7e09-4266-8743-7e591fafe138', 'ryker', 'Ryker Channel', 'Science', 'en', 44088, 35);
INSERT INTO "neap"."chat"(chat_id, channel_id, name)
    VALUES ('176f3f45-7e09-4266-8743-7e591fafe138', 'e670ba88-d6af-4668-925c-ed485d470eec', 'ryker');
INSERT INTO "neap"."stream"(stream_id, channel_id, title, topic_id, topic, media_info, viewers, created_at, updated_at, ended_at)
    VALUES ('a61fd252-6e75-4a3c-906c-747dca6e9ecc', 'e670ba88-d6af-4668-925c-ed485d470eec', 'Today is Philosophy day', '35fa82dc-ed25-47fb-b6cd-58ae8a151f60', 'Philosophy', '{"width":1920,"height":1080,"bitrate":2289.33}', 1296, '2015-09-14 02:32:42.475100+0000', '2015-09-14 05:06:03.887700+0000', '2015-09-14 05:10:19.197300+0000');
INSERT INTO "neap"."video"(video_id, stream_id, title, type, description, status, tags, topic_id, topic, media_info, preview, views, created_at, updated_at)
    VALUES ('2ab1538e-507d-4144-9860-7c2600c91358', 'a61fd252-6e75-4a3c-906c-747dca6e9ecc', 'Today is Philosophy day', 'highlight', 'Today is Philosophy day', '', '[]', '35fa82dc-ed25-47fb-b6cd-58ae8a151f60', 'Philosophy', '{"width":1920,"height":1080,"bitrate":3265.02}', '', '36084', '2015-10-29 00:02:42.626900+0000', '2015-11-02 03:03:28.860100+0000');
INSERT INTO "neap"."stream"(stream_id, channel_id, title, topic_id, topic, media_info, viewers, created_at, updated_at, ended_at)
    VALUES ('35eefef5-e38d-41eb-b06d-9535358cbd41', 'e670ba88-d6af-4668-925c-ed485d470eec', 'Relax stream', 'd2ea25fc-eb67-4c63-86d0-58ba2ce51b56', 'Theology', '{"width":1280,"height":720,"bitrate":1425.11}', 746, '2015-10-20 03:26:58.411300+0000', '2015-10-20 06:15:54.647200+0000', '2015-10-20 06:25:10.457000+0000');
INSERT INTO "neap"."video"(video_id, stream_id, title, type, description, status, tags, topic_id, topic, media_info, preview, views, created_at, updated_at)
    VALUES ('329200d5-1ec6-4853-8e93-e9195e754bf6', '35eefef5-e38d-41eb-b06d-9535358cbd41', 'Relax stream', 'record', 'Relax stream', '', '[]', 'd2ea25fc-eb67-4c63-86d0-58ba2ce51b56', 'Theology', '{"width":1280,"height":720,"bitrate":888.75}', '', '6138', '2015-10-22 06:29:49.503900+0000', '2015-10-23 14:26:02.316500+0000');
INSERT INTO "neap"."stream"(stream_id, channel_id, title, topic_id, topic, media_info, viewers, created_at, updated_at, ended_at)
    VALUES ('82d748c9-fd7d-41c3-900e-a3a6a7efe444', 'e670ba88-d6af-4668-925c-ed485d470eec', 'Fun with Video games and Ryker', '48e535f7-dba1-4d59-aac3-4c6cced32d6c', 'Video games', '{"width":1280,"height":720,"bitrate":1435.62}', 749, '2015-07-22 05:45:01.632600+0000', '2015-07-22 10:36:38.747400+0000', '2015-07-22 10:47:43.438900+0000');
INSERT INTO "neap"."stream"(stream_id, channel_id, title, topic_id, topic, media_info, viewers, created_at, updated_at, ended_at)
    VALUES ('807bdba3-6f4f-4de5-8667-5517faa7f381', 'e670ba88-d6af-4668-925c-ed485d470eec', 'Come on and have fun with Ryker!', '284b3091-455d-4476-ae67-442a19d153d4', 'Mathematics', '{"width":1920,"height":1080,"bitrate":2611.99}', 358, '2015-09-08 14:00:14.034500+0000', '2015-09-08 18:00:37.280500+0000', '2015-09-08 18:22:15.343900+0000');
INSERT INTO "neap"."video"(video_id, stream_id, title, type, description, status, tags, topic_id, topic, media_info, preview, views, created_at, updated_at)
    VALUES ('2e6ca95f-dd1f-4025-a85e-99d5c3b49f4e', '807bdba3-6f4f-4de5-8667-5517faa7f381', 'Come on and have fun with Ryker!', 'record', 'Come on and have fun with Ryker!', '', '[]', '284b3091-455d-4476-ae67-442a19d153d4', 'Mathematics', '{"width":1920,"height":1080,"bitrate":1148.99}', '', '35210', '2015-09-14 10:46:05.757100+0000', '2015-09-16 16:45:57.804800+0000');
INSERT INTO "neap"."video"(video_id, stream_id, title, type, description, status, tags, topic_id, topic, media_info, preview, views, created_at, updated_at)
    VALUES ('e1af5762-86f0-4e96-a0ab-c789d304098b', '807bdba3-6f4f-4de5-8667-5517faa7f381', 'Come on and have fun with Ryker!', 'record', 'Come on and have fun with Ryker!', '', '[]', '284b3091-455d-4476-ae67-442a19d153d4', 'Mathematics', '{"width":1920,"height":1080,"bitrate":1693.26}', '', '38375', '2015-09-29 23:46:10.358300+0000', '2015-10-01 04:18:46.047200+0000');
INSERT INTO "neap"."user"(user_id, channel_id, type, username, email, password, display_name, logo, bio, created_at, updated_at)
    VALUES ('96be3570-6ee3-4dd6-8081-096d922d600b', 'a01b9d40-316e-461b-af24-f48296bf62f5', 'user', 'brennan', 'brennan@neap.io', '$2y$10$OA6jcDfmVTfXIOAugR3X0evCWB9lA94DyFhakqSKf63UzsC5wUZYi', 'Brennan', 'https://gravatar.com/avatar/198d70ad7568f2f91955d224fbbca117?s=128&d=identicon', null, '2015-09-09 21:06:31.525900+0000', '2015-09-22 10:37:52.136000+0000');
INSERT INTO "neap"."channel"(channel_id, user_id, chat_id, name, display_name, topic, language, views, followers)
    VALUES ('a01b9d40-316e-461b-af24-f48296bf62f5', '96be3570-6ee3-4dd6-8081-096d922d600b', 'dad7df2e-6ad4-43a6-85d2-5b03484ce707', 'brennan', 'Brennan Channel', 'Philosophy', 'en', 95652, 7);
INSERT INTO "neap"."chat"(chat_id, channel_id, name)
    VALUES ('dad7df2e-6ad4-43a6-85d2-5b03484ce707', 'a01b9d40-316e-461b-af24-f48296bf62f5', 'brennan');
INSERT INTO "neap"."stream"(stream_id, channel_id, title, topic_id, topic, media_info, viewers, created_at, updated_at, ended_at)
    VALUES ('5c21cc53-2a0a-4a1c-898a-672544703549', 'a01b9d40-316e-461b-af24-f48296bf62f5', 'Come on and have fun with Brennan!', '48e535f7-dba1-4d59-aac3-4c6cced32d6c', 'Video games', '{"width":1280,"height":720,"bitrate":1163.95}', 472, '2015-09-16 04:54:34.475500+0000', '2015-09-16 07:53:37.199200+0000', '2015-09-16 08:04:42.422100+0000');
INSERT INTO "neap"."video"(video_id, stream_id, title, type, description, status, tags, topic_id, topic, media_info, preview, views, created_at, updated_at)
    VALUES ('b170cdd7-ee8a-41eb-9fb8-64f6d9e28e0f', '5c21cc53-2a0a-4a1c-898a-672544703549', 'Come on and have fun with Brennan!', 'record', 'Come on and have fun with Brennan!', '', '[]', '48e535f7-dba1-4d59-aac3-4c6cced32d6c', 'Video games', '{"width":1280,"height":720,"bitrate":925.73}', '', '30638', '2015-10-02 05:26:58.540500+0000', '2015-10-02 19:13:16.553900+0000');
INSERT INTO "neap"."stream"(stream_id, channel_id, title, topic_id, topic, media_info, viewers, created_at, updated_at, ended_at)
    VALUES ('fa2dbeac-76d4-4c1b-b748-e87dc9384cb9', 'a01b9d40-316e-461b-af24-f48296bf62f5', 'Today is Biology day', 'd4f06d27-2693-4552-bd85-d9875651ce39', 'Biology', '{"width":1920,"height":1080,"bitrate":1782.24}', 57551, '2015-10-11 14:02:55.616300+0000', '2015-10-11 14:05:27.386000+0000', '2015-10-11 14:21:20.954500+0000');
INSERT INTO "neap"."stream"(stream_id, channel_id, title, topic_id, topic, media_info, viewers, created_at, updated_at, ended_at)
    VALUES ('290d616a-3823-408f-84da-4d2b6d3b6216', 'a01b9d40-316e-461b-af24-f48296bf62f5', 'Biology?? Yeah, Biology!', 'd4f06d27-2693-4552-bd85-d9875651ce39', 'Biology', '{"width":720,"height":400,"bitrate":758.83}', 44399, '2015-09-29 22:43:52.484700+0000', '2015-09-30 03:14:27.190600+0000', '2015-09-30 04:28:53.051400+0000');
INSERT INTO "neap"."video"(video_id, stream_id, title, type, description, status, tags, topic_id, topic, media_info, preview, views, created_at, updated_at)
    VALUES ('c2833f23-166e-4399-a5bc-e6b851dafa1c', '290d616a-3823-408f-84da-4d2b6d3b6216', 'Biology?? Yeah, Biology!', 'highlight', 'Biology?? Yeah, Biology!', '', '[]', 'd4f06d27-2693-4552-bd85-d9875651ce39', 'Biology', '{"width":720,"height":400,"bitrate":513.79}', '', '456', '2015-10-15 01:09:11.499400+0000', '2015-10-16 06:52:49.599300+0000');
INSERT INTO "neap"."video"(video_id, stream_id, title, type, description, status, tags, topic_id, topic, media_info, preview, views, created_at, updated_at)
    VALUES ('d60574fb-db10-4dfa-b3f7-9460cdd3cdcb', '290d616a-3823-408f-84da-4d2b6d3b6216', 'Biology?? Yeah, Biology!', 'record', 'Biology?? Yeah, Biology!', '', '[]', 'd4f06d27-2693-4552-bd85-d9875651ce39', 'Biology', '{"width":720,"height":400,"bitrate":746.92}', '', '2116', '2015-11-01 11:10:36.348600+0000', '2015-11-01 14:33:20.178000+0000');
INSERT INTO "neap"."stream"(stream_id, channel_id, title, topic_id, topic, media_info, viewers, created_at, updated_at, ended_at)
    VALUES ('63919ea8-c091-4d02-89bf-8e721b5defde', 'a01b9d40-316e-461b-af24-f48296bf62f5', 'Astrology?? Yeah, Astrology!', 'e9af2f53-d2dd-4e32-9dea-26d6ac21bcb8', 'Astrology', '{"width":1920,"height":1080,"bitrate":3048.46}', 1578, '2015-09-29 15:52:24.901000+0000', '2015-09-29 22:23:21.038900+0000', '2015-09-29 23:38:40.901700+0000');
INSERT INTO "neap"."video"(video_id, stream_id, title, type, description, status, tags, topic_id, topic, media_info, preview, views, created_at, updated_at)
    VALUES ('6bf873b2-02ae-459b-b14b-b61f96bf4493', '63919ea8-c091-4d02-89bf-8e721b5defde', 'Astrology?? Yeah, Astrology!', 'record', 'Astrology?? Yeah, Astrology!', '', '[]', 'e9af2f53-d2dd-4e32-9dea-26d6ac21bcb8', 'Astrology', '{"width":1920,"height":1080,"bitrate":2047.41}', '', '22803', '2015-10-20 09:40:34.295000+0000', '2015-10-21 20:24:13.017900+0000');
INSERT INTO "neap"."video"(video_id, stream_id, title, type, description, status, tags, topic_id, topic, media_info, preview, views, created_at, updated_at)
    VALUES ('8ecfcadc-1ed1-49c7-8050-97fa15c387f2', '63919ea8-c091-4d02-89bf-8e721b5defde', 'Astrology?? Yeah, Astrology!', 'record', 'Astrology?? Yeah, Astrology!', '', '[]', 'e9af2f53-d2dd-4e32-9dea-26d6ac21bcb8', 'Astrology', '{"width":1920,"height":1080,"bitrate":1302.39}', '', '7570', '2015-10-12 12:27:34.354100+0000', '2015-10-13 01:34:06.579700+0000');
INSERT INTO "neap"."stream"(stream_id, channel_id, title, topic_id, topic, media_info, viewers, created_at, updated_at, ended_at)
    VALUES ('82f3227c-8b1b-4612-bd80-0de2f76746f4', 'a01b9d40-316e-461b-af24-f48296bf62f5', 'Video games?? Yeah, Video games!', '48e535f7-dba1-4d59-aac3-4c6cced32d6c', 'Video games', '{"width":720,"height":400,"bitrate":576.5}', 37, '2015-10-28 17:24:41.839500+0000', '2015-10-28 21:21:00.630100+0000', '2015-10-28 21:26:01.223800+0000');
INSERT INTO "neap"."stream"(stream_id, channel_id, title, topic_id, topic, media_info, viewers, created_at, updated_at, ended_at)
    VALUES ('d2c810a5-a015-4da6-9b20-bde2808cefea', 'a01b9d40-316e-461b-af24-f48296bf62f5', 'Brennan goes live!', '1cae4612-f178-4a0e-b3af-343a88b99638', 'Science', '{"width":1920,"height":1080,"bitrate":1114.29}', 1665, '2015-10-15 23:37:19.091400+0000', '2015-10-16 02:33:18.351100+0000', '2015-10-16 03:04:58.026900+0000');
INSERT INTO "neap"."video"(video_id, stream_id, title, type, description, status, tags, topic_id, topic, media_info, preview, views, created_at, updated_at)
    VALUES ('ad845886-8832-4069-8ff3-42624f873589', 'd2c810a5-a015-4da6-9b20-bde2808cefea', 'Brennan goes live!', 'record', 'Brennan goes live!', '', '[]', '1cae4612-f178-4a0e-b3af-343a88b99638', 'Science', '{"width":1920,"height":1080,"bitrate":2991.08}', '', '27829', '2015-10-31 08:11:07.997500+0000', '2015-10-31 17:42:19.331300+0000');
INSERT INTO "neap"."user"(user_id, channel_id, type, username, email, password, display_name, logo, bio, created_at, updated_at)
    VALUES ('3d711c4f-bd01-4f70-831a-63cdaacca5db', '3654c4e7-bd4f-448d-8430-e46f932bdada', 'user', 'jayvion', 'jayvion@neap.io', '$2y$10$0tlpf5IaSsu0fvuPHpQDzu3A6biPuji9.QnaZy763Hot3o0p.uWCq', 'Jayvion', 'https://gravatar.com/avatar/3209ac260027ab94545f66834e5fcb33?s=128&d=identicon', null, '2015-02-22 23:18:09.505700+0000', '2015-06-11 02:06:48.747700+0000');
INSERT INTO "neap"."channel"(channel_id, user_id, chat_id, name, display_name, topic, language, views, followers)
    VALUES ('3654c4e7-bd4f-448d-8430-e46f932bdada', '3d711c4f-bd01-4f70-831a-63cdaacca5db', '9dde20e5-09a5-4d88-a321-516b0ac1f865', 'jayvion', 'Jayvion Channel', 'Biology', 'en', 13922, 65);
INSERT INTO "neap"."chat"(chat_id, channel_id, name)
    VALUES ('9dde20e5-09a5-4d88-a321-516b0ac1f865', '3654c4e7-bd4f-448d-8430-e46f932bdada', 'jayvion');
INSERT INTO "neap"."stream"(stream_id, channel_id, title, topic_id, topic, media_info, viewers, created_at, updated_at, ended_at)
    VALUES ('68793f4a-504e-4ba8-b842-d4a6b6f6f517', '3654c4e7-bd4f-448d-8430-e46f932bdada', 'Relax stream', '994391cf-d41e-46f4-b6eb-ce53824e3a0c', 'Litterature', '{"width":1920,"height":1080,"bitrate":1961.1}', 1366, '2015-10-22 12:17:00.380400+0000', '2015-10-22 13:18:13.990300+0000', '2015-10-22 13:31:58.240600+0000');
INSERT INTO "neap"."stream"(stream_id, channel_id, title, topic_id, topic, media_info, viewers, created_at, updated_at, ended_at)
    VALUES ('b56bae61-9e62-436d-9036-f326f8aaf322', '3654c4e7-bd4f-448d-8430-e46f932bdada', 'Relax stream', '48e535f7-dba1-4d59-aac3-4c6cced32d6c', 'Video games', '{"width":720,"height":400,"bitrate":679.22}', 1427, '2015-05-21 01:22:03.575500+0000', '2015-05-21 07:48:36.228500+0000', '2015-05-21 07:55:20.395000+0000');
INSERT INTO "neap"."stream"(stream_id, channel_id, title, topic_id, topic, media_info, viewers, created_at, updated_at, ended_at)
    VALUES ('645caf47-461a-4976-8ec6-16dafc0833dc', '3654c4e7-bd4f-448d-8430-e46f932bdada', 'History?? Yeah, History!', '5f6c7ec0-84ab-4d8e-a2d7-ff1887b55d6e', 'History', '{"width":720,"height":400,"bitrate":543.79}', 1312, '2015-06-08 15:51:39.407500+0000', '2015-06-08 17:22:31.899700+0000', '2015-06-08 17:34:49.300700+0000');
INSERT INTO "neap"."video"(video_id, stream_id, title, type, description, status, tags, topic_id, topic, media_info, preview, views, created_at, updated_at)
    VALUES ('2f5ed51b-f20f-44bc-908d-8c5aa7c60c8c', '645caf47-461a-4976-8ec6-16dafc0833dc', 'History?? Yeah, History!', 'record', 'History?? Yeah, History!', '', '[]', '5f6c7ec0-84ab-4d8e-a2d7-ff1887b55d6e', 'History', '{"width":720,"height":400,"bitrate":791.08}', '', '29130', '2015-07-31 14:07:59.340300+0000', '2015-08-01 23:29:26.704800+0000');
INSERT INTO "neap"."video"(video_id, stream_id, title, type, description, status, tags, topic_id, topic, media_info, preview, views, created_at, updated_at)
    VALUES ('2a4d9b27-cf3e-4322-bcde-004a4f2131a1', '645caf47-461a-4976-8ec6-16dafc0833dc', 'History?? Yeah, History!', 'record', 'History?? Yeah, History!', '', '[]', '5f6c7ec0-84ab-4d8e-a2d7-ff1887b55d6e', 'History', '{"width":720,"height":400,"bitrate":664.99}', '', '29706', '2015-08-14 05:16:13.490000+0000', '2015-08-14 18:52:08.985400+0000');
INSERT INTO "neap"."stream"(stream_id, channel_id, title, topic_id, topic, media_info, viewers, created_at, updated_at, ended_at)
    VALUES ('0631acae-1e2a-4e96-abdd-bfbece6c8d7b', '3654c4e7-bd4f-448d-8430-e46f932bdada', 'Relax stream', '1cae4612-f178-4a0e-b3af-343a88b99638', 'Science', '{"width":1920,"height":1080,"bitrate":2588.13}', 354, '2015-06-03 23:32:34.822000+0000', '2015-06-03 23:47:18.989800+0000', '2015-06-04 00:11:19.078900+0000');
INSERT INTO "neap"."video"(video_id, stream_id, title, type, description, status, tags, topic_id, topic, media_info, preview, views, created_at, updated_at)
    VALUES ('26c5c2d6-27b3-4e2d-85fa-87a908e829e7', '0631acae-1e2a-4e96-abdd-bfbece6c8d7b', 'Relax stream', 'record', 'Relax stream', '', '[]', '1cae4612-f178-4a0e-b3af-343a88b99638', 'Science', '{"width":1920,"height":1080,"bitrate":2494.15}', '', '29912', '2015-10-16 03:20:58.313200+0000', '2015-10-17 14:48:06.677700+0000');
INSERT INTO "neap"."stream"(stream_id, channel_id, title, topic_id, topic, media_info, viewers, created_at, updated_at, ended_at)
    VALUES ('0b8dad50-2d94-40f7-8bc1-41455c342f9f', '3654c4e7-bd4f-448d-8430-e46f932bdada', 'The origins of Mathematics', '284b3091-455d-4476-ae67-442a19d153d4', 'Mathematics', '{"width":1920,"height":1080,"bitrate":2435.92}', 1273, '2015-07-19 12:03:59.270400+0000', '2015-07-19 13:13:01.803200+0000', '2015-07-19 14:29:18.948400+0000');
INSERT INTO "neap"."video"(video_id, stream_id, title, type, description, status, tags, topic_id, topic, media_info, preview, views, created_at, updated_at)
    VALUES ('5bcc904d-8853-4900-91cb-0c1b4f379668', '0b8dad50-2d94-40f7-8bc1-41455c342f9f', 'The origins of Mathematics', 'highlight', 'The origins of Mathematics', '', '[]', '284b3091-455d-4476-ae67-442a19d153d4', 'Mathematics', '{"width":1920,"height":1080,"bitrate":2981.75}', '', '20337', '2015-10-02 02:48:37.962000+0000', '2015-10-02 04:42:05.304000+0000');
INSERT INTO "neap"."video"(video_id, stream_id, title, type, description, status, tags, topic_id, topic, media_info, preview, views, created_at, updated_at)
    VALUES ('b58f41e8-5400-4fad-8a43-91f25c79d1c7', '0b8dad50-2d94-40f7-8bc1-41455c342f9f', 'The origins of Mathematics', 'record', 'The origins of Mathematics', '', '[]', '284b3091-455d-4476-ae67-442a19d153d4', 'Mathematics', '{"width":1920,"height":1080,"bitrate":3495.81}', '', '11226', '2015-07-30 16:08:22.965400+0000', '2015-08-03 07:08:09.608300+0000');
INSERT INTO "neap"."user"(user_id, channel_id, type, username, email, password, display_name, logo, bio, created_at, updated_at)
    VALUES ('ebb6a914-cdcc-4090-8f3c-6c3a7feb377c', '9f5a567d-6e56-418f-81e7-6aeaa63405f2', 'user', 'jane', 'jane@neap.io', '$2y$10$8u5LEPnJRFvCdS3/nh2KM.BQbmv5C8YaiIe/LfV8D.6EcK5LpTuI2', 'Jane', 'https://gravatar.com/avatar/261bd08ba0d04e5a2bb83131ce89538c?s=128&d=identicon', null, '2015-06-25 08:16:34.606600+0000', '2015-10-22 13:05:46.258900+0000');
INSERT INTO "neap"."channel"(channel_id, user_id, chat_id, name, display_name, topic, language, views, followers)
    VALUES ('9f5a567d-6e56-418f-81e7-6aeaa63405f2', 'ebb6a914-cdcc-4090-8f3c-6c3a7feb377c', '743d1d12-c689-4975-9e70-c440c4ff73cc', 'jane', 'Jane Channel', 'Theology', 'en', 15189, 64);
INSERT INTO "neap"."chat"(chat_id, channel_id, name)
    VALUES ('743d1d12-c689-4975-9e70-c440c4ff73cc', '9f5a567d-6e56-418f-81e7-6aeaa63405f2', 'jane');
INSERT INTO "neap"."user"(user_id, channel_id, type, username, email, password, display_name, logo, bio, created_at, updated_at)
    VALUES ('69f2b705-2b1f-4294-9205-4365466bf4b5', '620cbd3c-4e43-450f-b818-65d29a7102e9', 'user', 'kendra', 'kendra@neap.io', '$2y$10$NxlwZovOxNRJqFJ90s6.huXKBJlECvZOAVHA0fevo7qwdyptg5KC2', 'Kendra', 'https://gravatar.com/avatar/2b9c1ceaf2e4e0b2bade67b790733ec7?s=128&d=identicon', null, '2015-03-02 19:06:43.598200+0000', '2015-09-22 01:44:47.432200+0000');
INSERT INTO "neap"."channel"(channel_id, user_id, chat_id, name, display_name, topic, language, views, followers)
    VALUES ('620cbd3c-4e43-450f-b818-65d29a7102e9', '69f2b705-2b1f-4294-9205-4365466bf4b5', '725ced59-eabe-4928-bf07-1d776f478f6b', 'kendra', 'Kendra Channel', 'Litterature', 'en', 96649, 66);
INSERT INTO "neap"."chat"(chat_id, channel_id, name)
    VALUES ('725ced59-eabe-4928-bf07-1d776f478f6b', '620cbd3c-4e43-450f-b818-65d29a7102e9', 'kendra');
INSERT INTO "neap"."stream"(stream_id, channel_id, title, topic_id, topic, media_info, viewers, created_at, updated_at, ended_at)
    VALUES ('cb49e82b-322a-4174-b17a-31b30e259672', '620cbd3c-4e43-450f-b818-65d29a7102e9', 'Come on and have fun with Kendra!', 'b369c464-cdea-4356-9d70-1450585652e2', 'Music', '{"width":1280,"height":720,"bitrate":1049.64}', 155, '2015-06-25 03:29:46.785000+0000', '2015-06-25 05:25:54.802000+0000', '2015-06-25 05:35:20.790500+0000');
INSERT INTO "neap"."video"(video_id, stream_id, title, type, description, status, tags, topic_id, topic, media_info, preview, views, created_at, updated_at)
    VALUES ('17eb9579-3338-4f24-82f4-8d24e6441bee', 'cb49e82b-322a-4174-b17a-31b30e259672', 'Come on and have fun with Kendra!', 'record', 'Come on and have fun with Kendra!', '', '[]', 'b369c464-cdea-4356-9d70-1450585652e2', 'Music', '{"width":1280,"height":720,"bitrate":893.02}', '', '20212', '2015-08-30 18:55:11.452900+0000', '2015-08-31 01:35:59.683200+0000');
INSERT INTO "neap"."stream"(stream_id, channel_id, title, topic_id, topic, media_info, viewers, created_at, updated_at, ended_at)
    VALUES ('c7e12f51-6a87-4fc2-a4a4-5959e2851281', '620cbd3c-4e43-450f-b818-65d29a7102e9', 'Fun with Biology and Kendra', 'd4f06d27-2693-4552-bd85-d9875651ce39', 'Biology', '{"width":1280,"height":720,"bitrate":1090.71}', 451, '2015-03-23 01:13:14.850900+0000', '2015-03-23 05:57:08.372800+0000', '2015-03-23 05:58:53.446700+0000');
INSERT INTO "neap"."stream"(stream_id, channel_id, title, topic_id, topic, media_info, viewers, created_at, updated_at, ended_at)
    VALUES ('b840822c-19ca-490b-b60d-e44dcccf3200', '620cbd3c-4e43-450f-b818-65d29a7102e9', 'Theology?? Yeah, Theology!', 'd2ea25fc-eb67-4c63-86d0-58ba2ce51b56', 'Theology', '{"width":720,"height":400,"bitrate":531.76}', 964, '2015-06-28 23:02:11.795300+0000', '2015-06-28 23:02:48.282500+0000', '2015-06-28 23:55:07.043500+0000');
INSERT INTO "neap"."video"(video_id, stream_id, title, type, description, status, tags, topic_id, topic, media_info, preview, views, created_at, updated_at)
    VALUES ('54b2e0f5-54b3-4488-bdd4-ebb48ac12b2f', 'b840822c-19ca-490b-b60d-e44dcccf3200', 'Theology?? Yeah, Theology!', 'highlight', 'Theology?? Yeah, Theology!', '', '[]', 'd2ea25fc-eb67-4c63-86d0-58ba2ce51b56', 'Theology', '{"width":720,"height":400,"bitrate":584.03}', '', '19317', '2015-10-11 18:46:50.763900+0000', '2015-10-12 09:26:52.209100+0000');
INSERT INTO "neap"."stream"(stream_id, channel_id, title, topic_id, topic, media_info, viewers, created_at, updated_at, ended_at)
    VALUES ('757d0299-3538-4e9b-8a53-e11ee6628450', '620cbd3c-4e43-450f-b818-65d29a7102e9', 'Come on and have fun with Kendra!', 'e496e832-363e-4228-b518-7fe126ccaa04', 'Photography', '{"width":1920,"height":1080,"bitrate":1393.62}', 629, '2015-03-13 12:38:04.470100+0000', '2015-03-13 14:16:27.833100+0000', '2015-03-13 14:17:31.292600+0000');
INSERT INTO "neap"."video"(video_id, stream_id, title, type, description, status, tags, topic_id, topic, media_info, preview, views, created_at, updated_at)
    VALUES ('3205e70d-3af9-4c94-9457-506ab5a47947', '757d0299-3538-4e9b-8a53-e11ee6628450', 'Come on and have fun with Kendra!', 'record', 'Come on and have fun with Kendra!', '', '[]', 'e496e832-363e-4228-b518-7fe126ccaa04', 'Photography', '{"width":1920,"height":1080,"bitrate":1710.13}', '', '18929', '2015-03-15 08:34:42.374600+0000', '2015-03-16 12:53:28.262100+0000');
INSERT INTO "neap"."stream"(stream_id, channel_id, title, topic_id, topic, media_info, viewers, created_at, updated_at, ended_at)
    VALUES ('0a659d21-30e0-4d1a-87c3-b63b0e67626b', '620cbd3c-4e43-450f-b818-65d29a7102e9', 'Fun with Music and Kendra', 'b369c464-cdea-4356-9d70-1450585652e2', 'Music', '{"width":1280,"height":720,"bitrate":1279.64}', 1978, '2015-09-03 15:03:52.721200+0000', '2015-09-03 17:07:45.264000+0000', '2015-09-03 17:15:56.394000+0000');
INSERT INTO "neap"."video"(video_id, stream_id, title, type, description, status, tags, topic_id, topic, media_info, preview, views, created_at, updated_at)
    VALUES ('12d6e6d9-1f41-4b00-ae83-1d48800c2b75', '0a659d21-30e0-4d1a-87c3-b63b0e67626b', 'Fun with Music and Kendra', 'record', 'Fun with Music and Kendra', '', '[]', 'b369c464-cdea-4356-9d70-1450585652e2', 'Music', '{"width":1280,"height":720,"bitrate":1327.14}', '', '20110', '2015-10-14 19:47:17.714600+0000', '2015-10-17 11:39:27.812000+0000');
INSERT INTO "neap"."video"(video_id, stream_id, title, type, description, status, tags, topic_id, topic, media_info, preview, views, created_at, updated_at)
    VALUES ('7e28adec-db3b-4cee-9230-34106d7412ea', '0a659d21-30e0-4d1a-87c3-b63b0e67626b', 'Fun with Music and Kendra', 'record', 'Fun with Music and Kendra', '', '[]', 'b369c464-cdea-4356-9d70-1450585652e2', 'Music', '{"width":1280,"height":720,"bitrate":1245.65}', '', '39036', '2015-09-05 15:53:57.379100+0000', '2015-09-07 19:34:48.029800+0000');
INSERT INTO "neap"."stream"(stream_id, channel_id, title, topic_id, topic, media_info, viewers, created_at, updated_at, ended_at)
    VALUES ('1dd142b5-668f-4024-b435-1d7fbbb4d75e', '620cbd3c-4e43-450f-b818-65d29a7102e9', 'Relax stream', '35fa82dc-ed25-47fb-b6cd-58ae8a151f60', 'Philosophy', '{"width":720,"height":400,"bitrate":571.21}', 72, '2015-06-06 09:19:20.408500+0000', '2015-06-06 11:48:13.750300+0000', '2015-06-06 11:50:21.395300+0000');
INSERT INTO "neap"."video"(video_id, stream_id, title, type, description, status, tags, topic_id, topic, media_info, preview, views, created_at, updated_at)
    VALUES ('6eb2c522-66ff-48cb-914e-a99885a7e1b1', '1dd142b5-668f-4024-b435-1d7fbbb4d75e', 'Relax stream', 'record', 'Relax stream', '', '[]', '35fa82dc-ed25-47fb-b6cd-58ae8a151f60', 'Philosophy', '{"width":720,"height":400,"bitrate":795.24}', '', '21692', '2015-09-04 18:37:12.757500+0000', '2015-09-08 02:51:26.764400+0000');
INSERT INTO "neap"."video"(video_id, stream_id, title, type, description, status, tags, topic_id, topic, media_info, preview, views, created_at, updated_at)
    VALUES ('f01b68c6-4f80-478c-94b3-c4512cefc224', '1dd142b5-668f-4024-b435-1d7fbbb4d75e', 'Relax stream', 'record', 'Relax stream', '', '[]', '35fa82dc-ed25-47fb-b6cd-58ae8a151f60', 'Philosophy', '{"width":720,"height":400,"bitrate":729.52}', '', '385', '2015-09-30 00:13:16.878300+0000', '2015-10-01 05:24:10.321000+0000');
INSERT INTO "neap"."user"(user_id, channel_id, type, username, email, password, display_name, logo, bio, created_at, updated_at)
    VALUES ('510880b0-9927-44e0-af10-7f8db91f58c3', 'a495e6cb-5df1-4f00-a086-5049c053c407', 'user', 'alejandro', 'alejandro@neap.io', '$2y$10$lyYd4h6M/uzPjfQj5MAgIeKmRRN1DvZSWoe50IG6.EG7YFCSV7.6y', 'Alejandro', 'https://gravatar.com/avatar/3e0551738bf532d5205a37f5708c2ff1?s=128&d=identicon', null, '2015-01-26 23:35:30.925800+0000', '2015-05-13 03:38:40.694100+0000');
INSERT INTO "neap"."channel"(channel_id, user_id, chat_id, name, display_name, topic, language, views, followers)
    VALUES ('a495e6cb-5df1-4f00-a086-5049c053c407', '510880b0-9927-44e0-af10-7f8db91f58c3', '74277b86-37d7-4919-8377-e9a1d8d2a458', 'alejandro', 'Alejandro Channel', 'Mathematics', 'en', 51913, 25);
INSERT INTO "neap"."chat"(chat_id, channel_id, name)
    VALUES ('74277b86-37d7-4919-8377-e9a1d8d2a458', 'a495e6cb-5df1-4f00-a086-5049c053c407', 'alejandro');
INSERT INTO "neap"."stream"(stream_id, channel_id, title, topic_id, topic, media_info, viewers, created_at, updated_at, ended_at)
    VALUES ('3a7da51e-23e6-4d2c-bdf6-0916f1a2a3bc', 'a495e6cb-5df1-4f00-a086-5049c053c407', 'Relax stream', 'e9af2f53-d2dd-4e32-9dea-26d6ac21bcb8', 'Astrology', '{"width":720,"height":400,"bitrate":606.44}', 1480, '2015-03-26 03:05:12.736200+0000', '2015-03-26 08:43:47.613400+0000', '2015-03-26 09:53:07.908300+0000');
INSERT INTO "neap"."stream"(stream_id, channel_id, title, topic_id, topic, media_info, viewers, created_at, updated_at, ended_at)
    VALUES ('c09f6923-df5e-4807-8cc4-6fdbf9f31f3a', 'a495e6cb-5df1-4f00-a086-5049c053c407', 'Fun with Philosophy and Alejandro', '35fa82dc-ed25-47fb-b6cd-58ae8a151f60', 'Philosophy', '{"width":1920,"height":1080,"bitrate":1683.24}', 541, '2015-06-16 10:17:33.899000+0000', '2015-06-16 18:15:48.793300+0000', '2015-06-16 18:16:33.995700+0000');
INSERT INTO "neap"."video"(video_id, stream_id, title, type, description, status, tags, topic_id, topic, media_info, preview, views, created_at, updated_at)
    VALUES ('d9e427f8-3ee7-4f10-adc5-c3a365879fb8', 'c09f6923-df5e-4807-8cc4-6fdbf9f31f3a', 'Fun with Philosophy and Alejandro', 'record', 'Fun with Philosophy and Alejandro', '', '[]', '35fa82dc-ed25-47fb-b6cd-58ae8a151f60', 'Philosophy', '{"width":1920,"height":1080,"bitrate":3314.65}', '', '28509', '2015-09-10 04:03:48.636800+0000', '2015-09-10 19:33:31.697300+0000');
INSERT INTO "neap"."stream"(stream_id, channel_id, title, topic_id, topic, media_info, viewers, created_at, updated_at, ended_at)
    VALUES ('638ea63d-e542-4d26-98f2-e03d610d05ba', 'a495e6cb-5df1-4f00-a086-5049c053c407', 'Fun with Music and Alejandro', 'b369c464-cdea-4356-9d70-1450585652e2', 'Music', '{"width":720,"height":400,"bitrate":628.11}', 492, '2015-07-06 17:18:53.560900+0000', '2015-07-07 00:31:17.959800+0000', '2015-07-07 01:40:00.181800+0000');
INSERT INTO "neap"."video"(video_id, stream_id, title, type, description, status, tags, topic_id, topic, media_info, preview, views, created_at, updated_at)
    VALUES ('19f1eb8c-4f27-4fe9-8b08-39f52ecb6e00', '638ea63d-e542-4d26-98f2-e03d610d05ba', 'Fun with Music and Alejandro', 'record', 'Fun with Music and Alejandro', '', '[]', 'b369c464-cdea-4356-9d70-1450585652e2', 'Music', '{"width":720,"height":400,"bitrate":697.74}', '', '11151', '2015-08-20 06:37:34.849400+0000', '2015-08-20 16:29:45.717300+0000');
INSERT INTO "neap"."stream"(stream_id, channel_id, title, topic_id, topic, media_info, viewers, created_at, updated_at, ended_at)
    VALUES ('ebe19568-6010-44f9-9177-381cbf250f61', 'a495e6cb-5df1-4f00-a086-5049c053c407', 'Fun with History and Alejandro', '5f6c7ec0-84ab-4d8e-a2d7-ff1887b55d6e', 'History', '{"width":720,"height":400,"bitrate":722.58}', 1829, '2015-08-12 10:19:55.856900+0000', '2015-08-12 12:35:18.089400+0000', '2015-08-12 12:57:00.925700+0000');
INSERT INTO "neap"."video"(video_id, stream_id, title, type, description, status, tags, topic_id, topic, media_info, preview, views, created_at, updated_at)
    VALUES ('48c40c97-446f-4bdc-833b-cee2dda2c816', 'ebe19568-6010-44f9-9177-381cbf250f61', 'Fun with History and Alejandro', 'record', 'Fun with History and Alejandro', '', '[]', '5f6c7ec0-84ab-4d8e-a2d7-ff1887b55d6e', 'History', '{"width":720,"height":400,"bitrate":572.06}', '', '33220', '2015-10-17 13:02:32.419900+0000', '2015-10-17 18:51:37.693200+0000');
INSERT INTO "neap"."user"(user_id, channel_id, type, username, email, password, display_name, logo, bio, created_at, updated_at)
    VALUES ('f1459616-fe3c-4b3e-8103-bd9feba5797b', 'dcf7bd60-d4f5-4464-858a-28673bf9ea06', 'user', 'kaliyah', 'kaliyah@neap.io', '$2y$10$HOzTPtXFNcS9.nLky7UyK.X9ViY0v5ompyynGboJsjQ8LQomq2R22', 'Kaliyah', 'https://gravatar.com/avatar/1e162e00ac772d699cc3067d583f1af4?s=128&d=identicon', null, '2015-07-24 02:05:12.608200+0000', '2015-07-31 19:52:51.481000+0000');
INSERT INTO "neap"."channel"(channel_id, user_id, chat_id, name, display_name, topic, language, views, followers)
    VALUES ('dcf7bd60-d4f5-4464-858a-28673bf9ea06', 'f1459616-fe3c-4b3e-8103-bd9feba5797b', '34adbc68-487e-48d2-b5c9-c8a1ed672dea', 'kaliyah', 'Kaliyah Channel', 'Biology', 'en', 82311, 42);
INSERT INTO "neap"."chat"(chat_id, channel_id, name)
    VALUES ('34adbc68-487e-48d2-b5c9-c8a1ed672dea', 'dcf7bd60-d4f5-4464-858a-28673bf9ea06', 'kaliyah');
INSERT INTO "neap"."stream"(stream_id, channel_id, title, topic_id, topic, media_info, viewers, created_at, updated_at, ended_at)
    VALUES ('e6496bc5-a3cb-4964-a988-e2d86a41f1d3', 'dcf7bd60-d4f5-4464-858a-28673bf9ea06', 'Today is Litterature day', '994391cf-d41e-46f4-b6eb-ce53824e3a0c', 'Litterature', '{"width":1920,"height":1080,"bitrate":2422.26}', 1195, '2015-08-09 09:24:03.120200+0000', '2015-08-09 10:24:26.530300+0000', '2015-08-09 10:42:09.550000+0000');
INSERT INTO "neap"."video"(video_id, stream_id, title, type, description, status, tags, topic_id, topic, media_info, preview, views, created_at, updated_at)
    VALUES ('64d1db25-7483-443d-ac34-888bb120594e', 'e6496bc5-a3cb-4964-a988-e2d86a41f1d3', 'Today is Litterature day', 'record', 'Today is Litterature day', '', '[]', '994391cf-d41e-46f4-b6eb-ce53824e3a0c', 'Litterature', '{"width":1920,"height":1080,"bitrate":2833.21}', '', '34272', '2015-10-01 07:58:45.662000+0000', '2015-10-01 23:31:46.945500+0000');
INSERT INTO "neap"."stream"(stream_id, channel_id, title, topic_id, topic, media_info, viewers, created_at, updated_at, ended_at)
    VALUES ('9d3b487f-1502-4d5d-92eb-d9a39ea3d21a', 'dcf7bd60-d4f5-4464-858a-28673bf9ea06', 'The origins of Astrology', 'e9af2f53-d2dd-4e32-9dea-26d6ac21bcb8', 'Astrology', '{"width":1280,"height":720,"bitrate":1269.33}', 1201, '2015-10-22 23:41:22.955600+0000', '2015-10-23 02:17:33.901700+0000', '2015-10-23 02:27:04.108800+0000');
INSERT INTO "neap"."video"(video_id, stream_id, title, type, description, status, tags, topic_id, topic, media_info, preview, views, created_at, updated_at)
    VALUES ('308f7867-bf1f-4547-b212-1808ef208f53', '9d3b487f-1502-4d5d-92eb-d9a39ea3d21a', 'The origins of Astrology', 'record', 'The origins of Astrology', '', '[]', 'e9af2f53-d2dd-4e32-9dea-26d6ac21bcb8', 'Astrology', '{"width":1280,"height":720,"bitrate":1041.68}', '', '32204', '2015-10-26 12:06:55.385800+0000', '2015-10-27 07:52:10.534000+0000');
INSERT INTO "neap"."video"(video_id, stream_id, title, type, description, status, tags, topic_id, topic, media_info, preview, views, created_at, updated_at)
    VALUES ('8bc4ae62-80cb-422d-b72e-629ebb7ed566', '9d3b487f-1502-4d5d-92eb-d9a39ea3d21a', 'The origins of Astrology', 'record', 'The origins of Astrology', '', '[]', 'e9af2f53-d2dd-4e32-9dea-26d6ac21bcb8', 'Astrology', '{"width":1280,"height":720,"bitrate":957.87}', '', '17554', '2015-10-31 22:30:30.323800+0000', '2015-11-03 02:10:41.988100+0000');
INSERT INTO "neap"."stream"(stream_id, channel_id, title, topic_id, topic, media_info, viewers, created_at, updated_at, ended_at)
    VALUES ('a1037ba4-f07e-4752-84ff-5bc8399fa907', 'dcf7bd60-d4f5-4464-858a-28673bf9ea06', 'Theology?? Yeah, Theology!', 'd2ea25fc-eb67-4c63-86d0-58ba2ce51b56', 'Theology', '{"width":720,"height":400,"bitrate":576.31}', 480, '2015-10-05 04:05:09.541200+0000', '2015-10-05 08:01:17.026400+0000', '2015-10-05 08:03:37.117900+0000');
INSERT INTO "neap"."video"(video_id, stream_id, title, type, description, status, tags, topic_id, topic, media_info, preview, views, created_at, updated_at)
    VALUES ('ecff9386-6245-40c2-98b8-a761f6b669a4', 'a1037ba4-f07e-4752-84ff-5bc8399fa907', 'Theology?? Yeah, Theology!', 'record', 'Theology?? Yeah, Theology!', '', '[]', 'd2ea25fc-eb67-4c63-86d0-58ba2ce51b56', 'Theology', '{"width":720,"height":400,"bitrate":626.15}', '', '1549', '2015-10-24 19:54:27.421800+0000', '2015-10-28 01:56:02.042000+0000');
INSERT INTO "neap"."stream"(stream_id, channel_id, title, topic_id, topic, media_info, viewers, created_at, updated_at, ended_at)
    VALUES ('374c12c6-1ae4-4b73-930d-739b4bde5ab9', 'dcf7bd60-d4f5-4464-858a-28673bf9ea06', 'The origins of Mathematics', '284b3091-455d-4476-ae67-442a19d153d4', 'Mathematics', '{"width":1920,"height":1080,"bitrate":3433.1}', 366, '2015-10-07 21:13:34.626200+0000', '2015-10-07 21:23:12.404800+0000', '2015-10-07 21:39:59.098700+0000');
INSERT INTO "neap"."video"(video_id, stream_id, title, type, description, status, tags, topic_id, topic, media_info, preview, views, created_at, updated_at)
    VALUES ('eb1a81e6-599f-482c-b18f-caf7d1f2dc7e', '374c12c6-1ae4-4b73-930d-739b4bde5ab9', 'The origins of Mathematics', 'record', 'The origins of Mathematics', '', '[]', '284b3091-455d-4476-ae67-442a19d153d4', 'Mathematics', '{"width":1920,"height":1080,"bitrate":1583.01}', '', '18185', '2015-10-13 17:23:48.306300+0000', '2015-10-15 11:57:23.175300+0000');
INSERT INTO "neap"."video"(video_id, stream_id, title, type, description, status, tags, topic_id, topic, media_info, preview, views, created_at, updated_at)
    VALUES ('1397d136-bac8-4952-bfdb-0bdd67cd62a3', '374c12c6-1ae4-4b73-930d-739b4bde5ab9', 'The origins of Mathematics', 'record', 'The origins of Mathematics', '', '[]', '284b3091-455d-4476-ae67-442a19d153d4', 'Mathematics', '{"width":1920,"height":1080,"bitrate":1266.71}', '', '6298', '2015-10-23 16:02:37.142900+0000', '2015-10-29 14:36:42.981300+0000');
INSERT INTO "neap"."stream"(stream_id, channel_id, title, topic_id, topic, media_info, viewers, created_at, updated_at, ended_at)
    VALUES ('24ecfe14-a555-4b3b-92bd-205756c39608', 'dcf7bd60-d4f5-4464-858a-28673bf9ea06', 'Kaliyah goes live!', '5f6c7ec0-84ab-4d8e-a2d7-ff1887b55d6e', 'History', '{"width":1920,"height":1080,"bitrate":2626.89}', 1686, '2015-10-15 09:49:08.806400+0000', '2015-10-15 14:48:55.430200+0000', '2015-10-15 15:06:43.333100+0000');
INSERT INTO "neap"."stream"(stream_id, channel_id, title, topic_id, topic, media_info, viewers, created_at, updated_at, ended_at)
    VALUES ('c85600f5-584a-4658-a99d-310d0f94e193', 'dcf7bd60-d4f5-4464-858a-28673bf9ea06', 'The origins of Theology', 'd2ea25fc-eb67-4c63-86d0-58ba2ce51b56', 'Theology', '{"width":720,"height":400,"bitrate":778.5}', 1284, '2015-09-17 09:22:47.446900+0000', '2015-09-17 11:00:05.541200+0000', '2015-09-17 11:01:10.433600+0000');
INSERT INTO "neap"."user"(user_id, channel_id, type, username, email, password, display_name, logo, bio, created_at, updated_at)
    VALUES ('13ec97cf-554c-428c-a8b1-aac7f0b0ee23', '4e22c944-4611-4f75-bb81-4aae0a901b45', 'user', 'leighton', 'leighton@neap.io', '$2y$10$GCQ2jbTfT2nBY1XP6AZUveXs6zr3f/6D2PibyXdtWhQK54i5feCMa', 'Leighton', 'https://gravatar.com/avatar/985d699525a46a4be4ca3d41f0ee2254?s=128&d=identicon', null, '2015-06-02 16:12:21.716100+0000', '2015-06-12 08:21:38.245600+0000');
INSERT INTO "neap"."channel"(channel_id, user_id, chat_id, name, display_name, topic, language, views, followers)
    VALUES ('4e22c944-4611-4f75-bb81-4aae0a901b45', '13ec97cf-554c-428c-a8b1-aac7f0b0ee23', 'a718682c-3bda-46bc-8be6-fd48d8f55e4e', 'leighton', 'Leighton Channel', 'Mathematics', 'en', 31115, 76);
INSERT INTO "neap"."chat"(chat_id, channel_id, name)
    VALUES ('a718682c-3bda-46bc-8be6-fd48d8f55e4e', '4e22c944-4611-4f75-bb81-4aae0a901b45', 'leighton');
INSERT INTO "neap"."stream"(stream_id, channel_id, title, topic_id, topic, media_info, viewers, created_at, updated_at, ended_at)
    VALUES ('7ccdbfab-b50c-44d3-9c23-155b9d0d8117', '4e22c944-4611-4f75-bb81-4aae0a901b45', 'Today is Science day', '1cae4612-f178-4a0e-b3af-343a88b99638', 'Science', '{"width":1280,"height":720,"bitrate":1321.45}', 745, '2015-09-18 17:17:18.942800+0000', '2015-09-18 22:52:15.525300+0000', '2015-09-18 23:19:17.327000+0000');
INSERT INTO "neap"."video"(video_id, stream_id, title, type, description, status, tags, topic_id, topic, media_info, preview, views, created_at, updated_at)
    VALUES ('8df6a2f7-595f-4e86-9220-fcaa6a611c6c', '7ccdbfab-b50c-44d3-9c23-155b9d0d8117', 'Today is Science day', 'record', 'Today is Science day', '', '[]', '1cae4612-f178-4a0e-b3af-343a88b99638', 'Science', '{"width":1280,"height":720,"bitrate":1175.2}', '', '13077', '2015-10-21 09:58:33.249800+0000', '2015-10-25 21:23:07.606000+0000');
INSERT INTO "neap"."user"(user_id, channel_id, type, username, email, password, display_name, logo, bio, created_at, updated_at)
    VALUES ('d12b3aae-8175-4778-94f0-5a13a41b6a82', 'db734253-25fa-4e2f-9f87-55d2447eac2a', 'user', 'alisha', 'alisha@neap.io', '$2y$10$AfzDSZiJzzoPytkEXBkPr.3t0WZa4UTEEwHrMncVVi7trgATaAdVm', 'Alisha', 'https://gravatar.com/avatar/b44c3fa892faf9f1001ad7b4acca260e?s=128&d=identicon', null, '2015-07-20 23:36:05.818200+0000', '2015-09-26 03:20:59.030100+0000');
INSERT INTO "neap"."channel"(channel_id, user_id, chat_id, name, display_name, topic, language, views, followers)
    VALUES ('db734253-25fa-4e2f-9f87-55d2447eac2a', 'd12b3aae-8175-4778-94f0-5a13a41b6a82', '80895968-c6e2-4d37-9196-cec606046241', 'alisha', 'Alisha Channel', 'Astrology', 'en', 35179, 67);
INSERT INTO "neap"."chat"(chat_id, channel_id, name)
    VALUES ('80895968-c6e2-4d37-9196-cec606046241', 'db734253-25fa-4e2f-9f87-55d2447eac2a', 'alisha');
INSERT INTO "neap"."stream"(stream_id, channel_id, title, topic_id, topic, media_info, viewers, created_at, updated_at, ended_at)
    VALUES ('4bbe02bd-d630-46f9-acd5-6fb61fcee556', 'db734253-25fa-4e2f-9f87-55d2447eac2a', 'Alisha goes live!', 'b369c464-cdea-4356-9d70-1450585652e2', 'Music', '{"width":1920,"height":1080,"bitrate":3457.47}', 346, '2015-09-14 02:27:57.551300+0000', '2015-09-14 06:15:07.123800+0000', '2015-09-14 06:29:01.621700+0000');
INSERT INTO "neap"."video"(video_id, stream_id, title, type, description, status, tags, topic_id, topic, media_info, preview, views, created_at, updated_at)
    VALUES ('23a36d17-1079-4fff-b874-a1b1010a0100', '4bbe02bd-d630-46f9-acd5-6fb61fcee556', 'Alisha goes live!', 'record', 'Alisha goes live!', '', '[]', 'b369c464-cdea-4356-9d70-1450585652e2', 'Music', '{"width":1920,"height":1080,"bitrate":3237.24}', '', '26611', '2015-10-10 01:07:01.166100+0000', '2015-10-13 22:51:19.705500+0000');
INSERT INTO "neap"."stream"(stream_id, channel_id, title, topic_id, topic, media_info, viewers, created_at, updated_at, ended_at)
    VALUES ('5899db3e-9008-4dc0-a39b-dccb9282feff', 'db734253-25fa-4e2f-9f87-55d2447eac2a', 'Come on and have fun with Alisha!', 'b369c464-cdea-4356-9d70-1450585652e2', 'Music', '{"width":720,"height":400,"bitrate":538.18}', 839, '2015-09-17 08:06:35.253700+0000', '2015-09-17 08:06:36.363400+0000', '2015-09-17 08:07:04.458600+0000');
INSERT INTO "neap"."video"(video_id, stream_id, title, type, description, status, tags, topic_id, topic, media_info, preview, views, created_at, updated_at)
    VALUES ('7f24dd09-d85b-454a-ab70-cb935c34c788', '5899db3e-9008-4dc0-a39b-dccb9282feff', 'Come on and have fun with Alisha!', 'highlight', 'Come on and have fun with Alisha!', '', '[]', 'b369c464-cdea-4356-9d70-1450585652e2', 'Music', '{"width":720,"height":400,"bitrate":795.62}', '', '8659', '2015-11-01 14:29:26.574300+0000', '2015-11-02 09:06:36.631400+0000');
INSERT INTO "neap"."stream"(stream_id, channel_id, title, topic_id, topic, media_info, viewers, created_at, updated_at, ended_at)
    VALUES ('6ea4ab05-d991-4b82-a8e6-4ee37374ace1', 'db734253-25fa-4e2f-9f87-55d2447eac2a', 'Come on and have fun with Alisha!', 'b369c464-cdea-4356-9d70-1450585652e2', 'Music', '{"width":1920,"height":1080,"bitrate":1134.54}', 426, '2015-09-12 19:00:02.267800+0000', '2015-09-12 21:15:06.118800+0000', '2015-09-12 21:26:11.793400+0000');
INSERT INTO "neap"."stream"(stream_id, channel_id, title, topic_id, topic, media_info, viewers, created_at, updated_at, ended_at)
    VALUES ('8269c70b-9c06-46f7-8ca6-59064dd5fc13', 'db734253-25fa-4e2f-9f87-55d2447eac2a', 'Today is History day', '5f6c7ec0-84ab-4d8e-a2d7-ff1887b55d6e', 'History', '{"width":1920,"height":1080,"bitrate":1184.83}', 156, '2015-10-16 00:38:35.967800+0000', '2015-10-16 02:22:05.681600+0000', '2015-10-16 02:33:13.571000+0000');
INSERT INTO "neap"."stream"(stream_id, channel_id, title, topic_id, topic, media_info, viewers, created_at, updated_at, ended_at)
    VALUES ('9f621529-6cfe-41fb-a106-adc2d7445891', 'db734253-25fa-4e2f-9f87-55d2447eac2a', 'Come on and have fun with Alisha!', 'e9af2f53-d2dd-4e32-9dea-26d6ac21bcb8', 'Astrology', '{"width":1920,"height":1080,"bitrate":2792.74}', 1735, '2015-10-22 03:07:08.761500+0000', '2015-10-22 11:18:23.964500+0000', '2015-10-22 11:19:02.474800+0000');
INSERT INTO "neap"."video"(video_id, stream_id, title, type, description, status, tags, topic_id, topic, media_info, preview, views, created_at, updated_at)
    VALUES ('ba85bf8a-1b0f-4097-adc8-65519a1d2193', '9f621529-6cfe-41fb-a106-adc2d7445891', 'Come on and have fun with Alisha!', 'record', 'Come on and have fun with Alisha!', '', '[]', 'e9af2f53-d2dd-4e32-9dea-26d6ac21bcb8', 'Astrology', '{"width":1920,"height":1080,"bitrate":3227.47}', '', '21596', '2015-10-27 05:09:15.149300+0000', '2015-10-28 05:07:02.555100+0000');
INSERT INTO "neap"."stream"(stream_id, channel_id, title, topic_id, topic, media_info, viewers, created_at, updated_at, ended_at)
    VALUES ('e32cacc8-4ed9-4fc7-bc0c-f931a57afd37', 'db734253-25fa-4e2f-9f87-55d2447eac2a', 'Relax stream', 'd4f06d27-2693-4552-bd85-d9875651ce39', 'Biology', '{"width":1280,"height":720,"bitrate":933.21}', 246, '2015-09-02 12:44:55.574600+0000', '2015-09-02 13:54:39.335400+0000', '2015-09-02 14:02:27.740200+0000');
INSERT INTO "neap"."stream"(stream_id, channel_id, title, topic_id, topic, media_info, viewers, created_at, updated_at, ended_at)
    VALUES ('86a070ad-3946-4625-ac40-2062235f02f7', 'db734253-25fa-4e2f-9f87-55d2447eac2a', 'Today is Photography day', 'e496e832-363e-4228-b518-7fe126ccaa04', 'Photography', '{"width":720,"height":400,"bitrate":680.15}', 164, '2015-07-28 02:00:28.077900+0000', '2015-07-28 08:16:43.121800+0000', '2015-07-28 08:25:43.352500+0000');
INSERT INTO "neap"."user"(user_id, channel_id, type, username, email, password, display_name, logo, bio, created_at, updated_at)
    VALUES ('c29b24e2-cf60-4f3e-a20c-65e67b18a453', 'ba67cfb2-08a6-4010-8ee8-46cf9f87c1ad', 'user', 'june', 'june@neap.io', '$2y$10$NEZN83eVwVku9/FXnxCSSuE6r3evn4Nws/voI7QPAWxDwOKZnGOJS', 'June', 'https://gravatar.com/avatar/2df62921c999ef9f88495428e5aa3541?s=128&d=identicon', null, '2015-04-11 15:43:21.853700+0000', '2015-10-11 14:42:45.327500+0000');
INSERT INTO "neap"."channel"(channel_id, user_id, chat_id, name, display_name, topic, language, views, followers)
    VALUES ('ba67cfb2-08a6-4010-8ee8-46cf9f87c1ad', 'c29b24e2-cf60-4f3e-a20c-65e67b18a453', '1b63a8a4-b61d-4840-9f88-9c60b5553ee1', 'june', 'June Channel', 'Litterature', 'en', 82390, 62);
INSERT INTO "neap"."chat"(chat_id, channel_id, name)
    VALUES ('1b63a8a4-b61d-4840-9f88-9c60b5553ee1', 'ba67cfb2-08a6-4010-8ee8-46cf9f87c1ad', 'june');
INSERT INTO "neap"."stream"(stream_id, channel_id, title, topic_id, topic, media_info, viewers, created_at, updated_at, ended_at)
    VALUES ('1b82b0d4-dbcc-48fd-a6d1-2090df7ce097', 'ba67cfb2-08a6-4010-8ee8-46cf9f87c1ad', 'Come on and have fun with June!', '284b3091-455d-4476-ae67-442a19d153d4', 'Mathematics', '{"width":720,"height":400,"bitrate":768.94}', 1043, '2015-08-30 20:28:18.252500+0000', '2015-08-30 22:06:12.285200+0000', '2015-08-30 23:04:28.683900+0000');
INSERT INTO "neap"."video"(video_id, stream_id, title, type, description, status, tags, topic_id, topic, media_info, preview, views, created_at, updated_at)
    VALUES ('52f1ebbc-6a71-4c0d-a21b-e31ae0a53c2a', '1b82b0d4-dbcc-48fd-a6d1-2090df7ce097', 'Come on and have fun with June!', 'record', 'Come on and have fun with June!', '', '[]', '284b3091-455d-4476-ae67-442a19d153d4', 'Mathematics', '{"width":720,"height":400,"bitrate":688.65}', '', '36256', '2015-10-24 14:42:18.248100+0000', '2015-10-26 07:29:42.268100+0000');
INSERT INTO "neap"."video"(video_id, stream_id, title, type, description, status, tags, topic_id, topic, media_info, preview, views, created_at, updated_at)
    VALUES ('357d033a-59c9-4f38-b5f2-dfdbf87519c9', '1b82b0d4-dbcc-48fd-a6d1-2090df7ce097', 'Come on and have fun with June!', 'record', 'Come on and have fun with June!', '', '[]', '284b3091-455d-4476-ae67-442a19d153d4', 'Mathematics', '{"width":720,"height":400,"bitrate":529.09}', '', '5885', '2015-09-27 20:24:41.520200+0000', '2015-09-27 23:22:26.199500+0000');
INSERT INTO "neap"."stream"(stream_id, channel_id, title, topic_id, topic, media_info, viewers, created_at, updated_at, ended_at)
    VALUES ('d0b7b443-7dac-475d-8252-e166bd5c7238', 'ba67cfb2-08a6-4010-8ee8-46cf9f87c1ad', 'Come on and have fun with June!', 'e496e832-363e-4228-b518-7fe126ccaa04', 'Photography', '{"width":1280,"height":720,"bitrate":911.69}', 1191, '2015-09-23 16:51:12.814100+0000', '2015-09-23 23:54:00.298300+0000', '2015-09-24 00:12:06.738600+0000');
INSERT INTO "neap"."stream"(stream_id, channel_id, title, topic_id, topic, media_info, viewers, created_at, updated_at, ended_at)
    VALUES ('f5a03672-9560-4321-be6d-a1593ec85972', 'ba67cfb2-08a6-4010-8ee8-46cf9f87c1ad', 'Today is Photography day', 'e496e832-363e-4228-b518-7fe126ccaa04', 'Photography', '{"width":1280,"height":720,"bitrate":1162.88}', 1190, '2015-05-22 05:58:09.173200+0000', '2015-05-22 08:32:49.713100+0000', '2015-05-22 09:10:11.649900+0000');
INSERT INTO "neap"."video"(video_id, stream_id, title, type, description, status, tags, topic_id, topic, media_info, preview, views, created_at, updated_at)
    VALUES ('b7184c27-9f30-403a-881d-18cedd15bf83', 'f5a03672-9560-4321-be6d-a1593ec85972', 'Today is Photography day', 'record', 'Today is Photography day', '', '[]', 'e496e832-363e-4228-b518-7fe126ccaa04', 'Photography', '{"width":1280,"height":720,"bitrate":778.08}', '', '16862', '2015-08-03 04:21:16.713200+0000', '2015-08-03 08:36:43.520700+0000');
INSERT INTO "neap"."stream"(stream_id, channel_id, title, topic_id, topic, media_info, viewers, created_at, updated_at, ended_at)
    VALUES ('41bf2618-e8f6-4a3e-a1a5-5b0f0fec6fa6', 'ba67cfb2-08a6-4010-8ee8-46cf9f87c1ad', 'Today is History day', '5f6c7ec0-84ab-4d8e-a2d7-ff1887b55d6e', 'History', '{"width":1920,"height":1080,"bitrate":2780.93}', 1830, '2015-09-28 22:53:28.215500+0000', '2015-09-28 23:12:36.717000+0000', '2015-09-28 23:35:37.534200+0000');
INSERT INTO "neap"."video"(video_id, stream_id, title, type, description, status, tags, topic_id, topic, media_info, preview, views, created_at, updated_at)
    VALUES ('3406103b-f809-42e1-b7c1-e7ee60481f3a', '41bf2618-e8f6-4a3e-a1a5-5b0f0fec6fa6', 'Today is History day', 'record', 'Today is History day', '', '[]', '5f6c7ec0-84ab-4d8e-a2d7-ff1887b55d6e', 'History', '{"width":1920,"height":1080,"bitrate":2625.08}', '', '9996', '2015-10-12 20:20:17.012300+0000', '2015-10-14 12:41:02.179600+0000');
INSERT INTO "neap"."stream"(stream_id, channel_id, title, topic_id, topic, media_info, viewers, created_at, updated_at, ended_at)
    VALUES ('296ee17f-4739-4501-96af-8797369d5a3d', 'ba67cfb2-08a6-4010-8ee8-46cf9f87c1ad', 'June goes live!', 'e9af2f53-d2dd-4e32-9dea-26d6ac21bcb8', 'Astrology', '{"width":1920,"height":1080,"bitrate":2176.55}', 1221, '2015-05-03 05:00:29.759500+0000', '2015-05-03 13:43:48.566500+0000', '2015-05-03 14:47:27.486900+0000');
INSERT INTO "neap"."stream"(stream_id, channel_id, title, topic_id, topic, media_info, viewers, created_at, updated_at, ended_at)
    VALUES ('8beefe02-649f-4943-9af4-82950c384a0d', 'ba67cfb2-08a6-4010-8ee8-46cf9f87c1ad', 'The origins of Astrology', 'e9af2f53-d2dd-4e32-9dea-26d6ac21bcb8', 'Astrology', '{"width":1920,"height":1080,"bitrate":2888.28}', 45520, '2015-06-10 07:57:45.288500+0000', '2015-06-10 12:25:52.510000+0000', '2015-06-10 13:18:27.119500+0000');
INSERT INTO "neap"."video"(video_id, stream_id, title, type, description, status, tags, topic_id, topic, media_info, preview, views, created_at, updated_at)
    VALUES ('928ffe58-9028-4796-a195-18a046a0173b', '8beefe02-649f-4943-9af4-82950c384a0d', 'The origins of Astrology', 'highlight', 'The origins of Astrology', '', '[]', 'e9af2f53-d2dd-4e32-9dea-26d6ac21bcb8', 'Astrology', '{"width":1920,"height":1080,"bitrate":2406.62}', '', '25981', '2015-06-10 11:10:46.022700+0000', '2015-06-14 23:36:57.949200+0000');
INSERT INTO "neap"."stream"(stream_id, channel_id, title, topic_id, topic, media_info, viewers, created_at, updated_at, ended_at)
    VALUES ('3836d7b6-8969-4f15-8d50-cc915a3dc712', 'ba67cfb2-08a6-4010-8ee8-46cf9f87c1ad', 'Come on and have fun with June!', '284b3091-455d-4476-ae67-442a19d153d4', 'Mathematics', '{"width":1280,"height":720,"bitrate":1176.15}', 1411, '2015-09-08 18:00:44.625800+0000', '2015-09-08 19:29:43.151100+0000', '2015-09-08 19:45:58.870900+0000');
INSERT INTO "neap"."video"(video_id, stream_id, title, type, description, status, tags, topic_id, topic, media_info, preview, views, created_at, updated_at)
    VALUES ('59f195a4-370c-40e6-a455-f8393a7fee35', '3836d7b6-8969-4f15-8d50-cc915a3dc712', 'Come on and have fun with June!', 'record', 'Come on and have fun with June!', '', '[]', '284b3091-455d-4476-ae67-442a19d153d4', 'Mathematics', '{"width":1280,"height":720,"bitrate":907.65}', '', '29125', '2015-09-15 01:25:42.562400+0000', '2015-09-16 08:47:17.150000+0000');
INSERT INTO "neap"."video"(video_id, stream_id, title, type, description, status, tags, topic_id, topic, media_info, preview, views, created_at, updated_at)
    VALUES ('85b09c24-85e9-4aab-a13c-3332b7e1f478', '3836d7b6-8969-4f15-8d50-cc915a3dc712', 'Come on and have fun with June!', 'record', 'Come on and have fun with June!', '', '[]', '284b3091-455d-4476-ae67-442a19d153d4', 'Mathematics', '{"width":1280,"height":720,"bitrate":1092.93}', '', '13302', '2015-10-13 22:21:16.558400+0000', '2015-10-15 20:20:12.524200+0000');
INSERT INTO "neap"."user"(user_id, channel_id, type, username, email, password, display_name, logo, bio, created_at, updated_at)
    VALUES ('a5827510-23dc-492d-a83e-65c71a2c2b71', '935bef22-5aec-4e3f-a370-93332a40759e', 'user', 'jamal', 'jamal@neap.io', '$2y$10$i9Vpci4DubuV.5A.V2/WAOIRm1EFrjaMz3GvA4/NktrsuJtuN0Bb6', 'Jamal', 'https://gravatar.com/avatar/85496192fb58a4b509232c985d6f95e9?s=128&d=identicon', null, '2015-10-11 16:18:33.843100+0000', '2015-10-21 03:12:01.527300+0000');
INSERT INTO "neap"."channel"(channel_id, user_id, chat_id, name, display_name, topic, language, views, followers)
    VALUES ('935bef22-5aec-4e3f-a370-93332a40759e', 'a5827510-23dc-492d-a83e-65c71a2c2b71', 'c4666524-c6ae-4ff4-9718-89449034360f', 'jamal', 'Jamal Channel', 'Photography', 'en', 16311, 63);
INSERT INTO "neap"."chat"(chat_id, channel_id, name)
    VALUES ('c4666524-c6ae-4ff4-9718-89449034360f', '935bef22-5aec-4e3f-a370-93332a40759e', 'jamal');
INSERT INTO "neap"."stream"(stream_id, channel_id, title, topic_id, topic, media_info, viewers, created_at, updated_at, ended_at)
    VALUES ('bcff3ef6-9ce2-4301-8fab-63fcc97be60a', '935bef22-5aec-4e3f-a370-93332a40759e', 'Come on and have fun with Jamal!', 'd4f06d27-2693-4552-bd85-d9875651ce39', 'Biology', '{"width":720,"height":400,"bitrate":519.12}', 85440, '2015-10-24 18:58:42.632300+0000', '2015-10-24 19:42:09.530200+0000', '2015-10-24 20:13:31.399700+0000');
INSERT INTO "neap"."video"(video_id, stream_id, title, type, description, status, tags, topic_id, topic, media_info, preview, views, created_at, updated_at)
    VALUES ('e608227d-3878-4fcc-afef-f00cd92be190', 'bcff3ef6-9ce2-4301-8fab-63fcc97be60a', 'Come on and have fun with Jamal!', 'record', 'Come on and have fun with Jamal!', '', '[]', 'd4f06d27-2693-4552-bd85-d9875651ce39', 'Biology', '{"width":720,"height":400,"bitrate":762.17}', '', '15730', '2015-10-26 15:54:14.143800+0000', '2015-10-27 14:01:31.893200+0000');
INSERT INTO "neap"."stream"(stream_id, channel_id, title, topic_id, topic, media_info, viewers, created_at, updated_at, ended_at)
    VALUES ('58483aa5-6ed7-4c7b-81e1-dffc44ecc4dd', '935bef22-5aec-4e3f-a370-93332a40759e', 'Relax stream', 'd2ea25fc-eb67-4c63-86d0-58ba2ce51b56', 'Theology', '{"width":1920,"height":1080,"bitrate":1185.43}', 918, '2015-10-15 03:54:11.783700+0000', '2015-10-15 08:14:22.751500+0000', '2015-10-15 09:08:18.353400+0000');
INSERT INTO "neap"."stream"(stream_id, channel_id, title, topic_id, topic, media_info, viewers, created_at, updated_at, ended_at)
    VALUES ('98f2fe92-930c-432c-adf8-8494881f9255', '935bef22-5aec-4e3f-a370-93332a40759e', 'Astrology?? Yeah, Astrology!', 'e9af2f53-d2dd-4e32-9dea-26d6ac21bcb8', 'Astrology', '{"width":1280,"height":720,"bitrate":1098.68}', 32671, '2015-10-22 03:30:32.096500+0000', '2015-10-22 03:30:40.332500+0000', '2015-10-22 03:36:23.904900+0000');
INSERT INTO "neap"."video"(video_id, stream_id, title, type, description, status, tags, topic_id, topic, media_info, preview, views, created_at, updated_at)
    VALUES ('964e9ce3-fbdc-4335-953e-79c8ff80f16d', '98f2fe92-930c-432c-adf8-8494881f9255', 'Astrology?? Yeah, Astrology!', 'record', 'Astrology?? Yeah, Astrology!', '', '[]', 'e9af2f53-d2dd-4e32-9dea-26d6ac21bcb8', 'Astrology', '{"width":1280,"height":720,"bitrate":880.85}', '', '31215', '2015-11-01 09:12:54.458700+0000', '2015-11-02 19:33:08.378300+0000');
INSERT INTO "neap"."stream"(stream_id, channel_id, title, topic_id, topic, media_info, viewers, created_at, updated_at, ended_at)
    VALUES ('4eb3bfa1-2f4e-4626-9463-9d30e56d0336', '935bef22-5aec-4e3f-a370-93332a40759e', 'The origins of History', '5f6c7ec0-84ab-4d8e-a2d7-ff1887b55d6e', 'History', '{"width":1920,"height":1080,"bitrate":1624.67}', 1632, '2015-10-15 13:36:57.433700+0000', '2015-10-15 16:46:06.658400+0000', '2015-10-15 17:02:04.168700+0000');
INSERT INTO "neap"."stream"(stream_id, channel_id, title, topic_id, topic, media_info, viewers, created_at, updated_at, ended_at)
    VALUES ('2b1da79a-75ea-4ac2-8205-a8e0ceb68a08', '935bef22-5aec-4e3f-a370-93332a40759e', 'Come on and have fun with Jamal!', '284b3091-455d-4476-ae67-442a19d153d4', 'Mathematics', '{"width":720,"height":400,"bitrate":702.83}', 870, '2015-10-21 17:00:19.639700+0000', '2015-10-21 17:04:43.500100+0000', '2015-10-21 17:08:44.999000+0000');
INSERT INTO "neap"."user"(user_id, channel_id, type, username, email, password, display_name, logo, bio, created_at, updated_at)
    VALUES ('0dbf7043-dd27-4226-adac-8118fae123bf', '99380fc6-c656-496a-921e-e00f34b1ca0c', 'user', 'edwin', 'edwin@neap.io', '$2y$10$c6Xb98LPLjFRfVpRur9YAuV2NbEXizGludIzgoDdYVxSagY5PBPSO', 'Edwin', 'https://gravatar.com/avatar/2e010dc45e40699e0beeffbfb864e890?s=128&d=identicon', null, '2015-06-30 18:04:24.932600+0000', '2015-11-01 10:30:14.338600+0000');
INSERT INTO "neap"."channel"(channel_id, user_id, chat_id, name, display_name, topic, language, views, followers)
    VALUES ('99380fc6-c656-496a-921e-e00f34b1ca0c', '0dbf7043-dd27-4226-adac-8118fae123bf', 'e0bf522f-31c0-4937-90d6-538d0e12fbd0', 'edwin', 'Edwin Channel', 'Video games', 'en', 46594, 136);
INSERT INTO "neap"."chat"(chat_id, channel_id, name)
    VALUES ('e0bf522f-31c0-4937-90d6-538d0e12fbd0', '99380fc6-c656-496a-921e-e00f34b1ca0c', 'edwin');
INSERT INTO "neap"."stream"(stream_id, channel_id, title, topic_id, topic, media_info, viewers, created_at, updated_at, ended_at)
    VALUES ('84bff4a4-583f-4955-b901-4e8fed5b9e59', '99380fc6-c656-496a-921e-e00f34b1ca0c', 'The origins of Litterature', '994391cf-d41e-46f4-b6eb-ce53824e3a0c', 'Litterature', '{"width":1280,"height":720,"bitrate":759.69}', 506, '2015-07-10 19:04:40.162100+0000', '2015-07-10 22:49:10.337400+0000', '2015-07-10 23:18:39.158100+0000');
INSERT INTO "neap"."video"(video_id, stream_id, title, type, description, status, tags, topic_id, topic, media_info, preview, views, created_at, updated_at)
    VALUES ('ec833522-5f3f-49a6-898a-6a9517cb0d39', '84bff4a4-583f-4955-b901-4e8fed5b9e59', 'The origins of Litterature', 'record', 'The origins of Litterature', '', '[]', '994391cf-d41e-46f4-b6eb-ce53824e3a0c', 'Litterature', '{"width":1280,"height":720,"bitrate":1393.71}', '', '34295', '2015-07-18 22:49:21.877800+0000', '2015-07-19 23:38:37.419400+0000');
INSERT INTO "neap"."user"(user_id, channel_id, type, username, email, password, display_name, logo, bio, created_at, updated_at)
    VALUES ('6008e4a3-7cee-4ec9-bcb2-08bdbc2596e3', '67145a79-f4c9-4f95-b5fd-0817d9889db4', 'user', 'sterling', 'sterling@neap.io', '$2y$10$IANcXuMJc45HvLvP1Mf3Eu77HYiZ/Ynos6v/Kl7Tn/7ligXMdQUHC', 'Sterling', 'https://gravatar.com/avatar/bcb24a833a18007e6575d53e4c7f04f9?s=128&d=identicon', null, '2015-04-07 07:48:49.484800+0000', '2015-10-26 10:48:12.121700+0000');
INSERT INTO "neap"."channel"(channel_id, user_id, chat_id, name, display_name, topic, language, views, followers)
    VALUES ('67145a79-f4c9-4f95-b5fd-0817d9889db4', '6008e4a3-7cee-4ec9-bcb2-08bdbc2596e3', 'ccf62982-af0b-4662-8b2e-b17b812f9abb', 'sterling', 'Sterling Channel', 'Video games', 'en', 64781, 30);
INSERT INTO "neap"."chat"(chat_id, channel_id, name)
    VALUES ('ccf62982-af0b-4662-8b2e-b17b812f9abb', '67145a79-f4c9-4f95-b5fd-0817d9889db4', 'sterling');
INSERT INTO "neap"."stream"(stream_id, channel_id, title, topic_id, topic, media_info, viewers, created_at, updated_at, ended_at)
    VALUES ('d34039ef-c539-4262-99ab-b3a6a266243f', '67145a79-f4c9-4f95-b5fd-0817d9889db4', 'Come on and have fun with Sterling!', 'e496e832-363e-4228-b518-7fe126ccaa04', 'Photography', '{"width":1920,"height":1080,"bitrate":1170.04}', 1316, '2015-06-05 08:27:53.443700+0000', '2015-06-05 16:33:00.828900+0000', '2015-06-05 16:37:26.036500+0000');
INSERT INTO "neap"."video"(video_id, stream_id, title, type, description, status, tags, topic_id, topic, media_info, preview, views, created_at, updated_at)
    VALUES ('6c68f9a0-5564-4356-a934-bf0a3fb95923', 'd34039ef-c539-4262-99ab-b3a6a266243f', 'Come on and have fun with Sterling!', 'record', 'Come on and have fun with Sterling!', '', '[]', 'e496e832-363e-4228-b518-7fe126ccaa04', 'Photography', '{"width":1920,"height":1080,"bitrate":1086.17}', '', '6795', '2015-10-27 22:16:56.746600+0000', '2015-11-03 02:18:07.676700+0000');
INSERT INTO "neap"."video"(video_id, stream_id, title, type, description, status, tags, topic_id, topic, media_info, preview, views, created_at, updated_at)
    VALUES ('f723a186-c2fc-43cb-b963-4c4ea91bfac1', 'd34039ef-c539-4262-99ab-b3a6a266243f', 'Come on and have fun with Sterling!', 'highlight', 'Come on and have fun with Sterling!', '', '[]', 'e496e832-363e-4228-b518-7fe126ccaa04', 'Photography', '{"width":1920,"height":1080,"bitrate":2596.61}', '', '8438', '2015-09-06 20:55:08.429700+0000', '2015-09-07 14:55:10.609800+0000');
INSERT INTO "neap"."user"(user_id, channel_id, type, username, email, password, display_name, logo, bio, created_at, updated_at)
    VALUES ('c96196f4-b1c9-4211-99cb-13b012c7c358', '4b3967f8-23a0-41a3-9e95-d5ae5e48cfe7', 'user', 'kaylin', 'kaylin@neap.io', '$2y$10$5yNoT8KBEun/Tyka5WCxWOLWB2BbCUhXAyOnHhxQch10suykxqTUO', 'Kaylin', 'https://gravatar.com/avatar/1bbf1a8045758251b0eff43828bd326d?s=128&d=identicon', null, '2015-04-29 15:36:45.002800+0000', '2015-05-07 20:09:23.630300+0000');
INSERT INTO "neap"."channel"(channel_id, user_id, chat_id, name, display_name, topic, language, views, followers)
    VALUES ('4b3967f8-23a0-41a3-9e95-d5ae5e48cfe7', 'c96196f4-b1c9-4211-99cb-13b012c7c358', '448360c9-aa88-4465-8890-3ee08671db4e', 'kaylin', 'Kaylin Channel', 'Philosophy', 'en', 41515, 55);
INSERT INTO "neap"."chat"(chat_id, channel_id, name)
    VALUES ('448360c9-aa88-4465-8890-3ee08671db4e', '4b3967f8-23a0-41a3-9e95-d5ae5e48cfe7', 'kaylin');
INSERT INTO "neap"."stream"(stream_id, channel_id, title, topic_id, topic, media_info, viewers, created_at, updated_at, ended_at)
    VALUES ('87944c56-f720-4c96-af8f-aceac72c0d67', '4b3967f8-23a0-41a3-9e95-d5ae5e48cfe7', 'Kaylin goes live!', 'b369c464-cdea-4356-9d70-1450585652e2', 'Music', '{"width":1920,"height":1080,"bitrate":2026.75}', 1377, '2015-07-22 23:06:38.758500+0000', '2015-07-22 23:09:38.417700+0000', '2015-07-23 00:35:43.058700+0000');
INSERT INTO "neap"."video"(video_id, stream_id, title, type, description, status, tags, topic_id, topic, media_info, preview, views, created_at, updated_at)
    VALUES ('5c9d6137-8bf9-47a6-a332-b6dbfb6c3b6e', '87944c56-f720-4c96-af8f-aceac72c0d67', 'Kaylin goes live!', 'record', 'Kaylin goes live!', '', '[]', 'b369c464-cdea-4356-9d70-1450585652e2', 'Music', '{"width":1920,"height":1080,"bitrate":2815.57}', '', '15586', '2015-09-27 08:23:59.059800+0000', '2015-09-27 12:13:47.331600+0000');
INSERT INTO "neap"."video"(video_id, stream_id, title, type, description, status, tags, topic_id, topic, media_info, preview, views, created_at, updated_at)
    VALUES ('bd02acf1-1c3b-4545-9b7a-f9804bb378dc', '87944c56-f720-4c96-af8f-aceac72c0d67', 'Kaylin goes live!', 'highlight', 'Kaylin goes live!', '', '[]', 'b369c464-cdea-4356-9d70-1450585652e2', 'Music', '{"width":1920,"height":1080,"bitrate":3340.24}', '', '26480', '2015-08-18 02:33:59.207500+0000', '2015-08-24 00:49:34.215300+0000');
INSERT INTO "neap"."stream"(stream_id, channel_id, title, topic_id, topic, media_info, viewers, created_at, updated_at, ended_at)
    VALUES ('024a2558-9817-4baa-bcde-d0eef7f9b581', '4b3967f8-23a0-41a3-9e95-d5ae5e48cfe7', 'The origins of Theology', 'd2ea25fc-eb67-4c63-86d0-58ba2ce51b56', 'Theology', '{"width":720,"height":400,"bitrate":797.87}', 1618, '2015-10-01 17:37:40.745700+0000', '2015-10-01 19:23:02.168100+0000', '2015-10-01 19:57:21.431700+0000');
INSERT INTO "neap"."video"(video_id, stream_id, title, type, description, status, tags, topic_id, topic, media_info, preview, views, created_at, updated_at)
    VALUES ('9ca9474c-d5cf-4bb8-ab53-492faeefd25a', '024a2558-9817-4baa-bcde-d0eef7f9b581', 'The origins of Theology', 'record', 'The origins of Theology', '', '[]', 'd2ea25fc-eb67-4c63-86d0-58ba2ce51b56', 'Theology', '{"width":720,"height":400,"bitrate":786.57}', '', '3326', '2015-10-11 21:15:16.578800+0000', '2015-10-12 22:04:46.123500+0000');
INSERT INTO "neap"."stream"(stream_id, channel_id, title, topic_id, topic, media_info, viewers, created_at, updated_at, ended_at)
    VALUES ('b31ea6ff-e8b9-4c0a-b709-f6cccca8ef88', '4b3967f8-23a0-41a3-9e95-d5ae5e48cfe7', 'Come on and have fun with Kaylin!', 'e496e832-363e-4228-b518-7fe126ccaa04', 'Photography', '{"width":720,"height":400,"bitrate":784.7}', 1648, '2015-07-29 14:46:37.905100+0000', '2015-07-29 15:23:16.986900+0000', '2015-07-29 16:11:30.198900+0000');
INSERT INTO "neap"."stream"(stream_id, channel_id, title, topic_id, topic, media_info, viewers, created_at, updated_at, ended_at)
    VALUES ('cf465881-8f22-45a8-a85c-9fd9908b3a54', '4b3967f8-23a0-41a3-9e95-d5ae5e48cfe7', 'Fun with Mathematics and Kaylin', '284b3091-455d-4476-ae67-442a19d153d4', 'Mathematics', '{"width":1280,"height":720,"bitrate":1099.15}', 923, '2015-08-24 10:07:19.420700+0000', '2015-08-24 11:35:10.350800+0000', '2015-08-24 11:37:34.187400+0000');
INSERT INTO "neap"."video"(video_id, stream_id, title, type, description, status, tags, topic_id, topic, media_info, preview, views, created_at, updated_at)
    VALUES ('589b7d75-96d2-4bdf-bb4a-54c2ec33f0fb', 'cf465881-8f22-45a8-a85c-9fd9908b3a54', 'Fun with Mathematics and Kaylin', 'record', 'Fun with Mathematics and Kaylin', '', '[]', '284b3091-455d-4476-ae67-442a19d153d4', 'Mathematics', '{"width":1280,"height":720,"bitrate":1159.74}', '', '25213', '2015-08-26 17:52:47.359400+0000', '2015-08-28 11:48:51.767500+0000');
INSERT INTO "neap"."stream"(stream_id, channel_id, title, topic_id, topic, media_info, viewers, created_at, updated_at, ended_at)
    VALUES ('2f36cb0b-edba-494a-a345-6ad1e00e5485', '4b3967f8-23a0-41a3-9e95-d5ae5e48cfe7', 'Come on and have fun with Kaylin!', '5f6c7ec0-84ab-4d8e-a2d7-ff1887b55d6e', 'History', '{"width":720,"height":400,"bitrate":665.86}', 532, '2015-05-14 08:48:32.063500+0000', '2015-05-14 14:05:38.713400+0000', '2015-05-14 14:35:51.616300+0000');
INSERT INTO "neap"."video"(video_id, stream_id, title, type, description, status, tags, topic_id, topic, media_info, preview, views, created_at, updated_at)
    VALUES ('a82fd3d0-bde6-4ab0-bd4e-73d9a5e9a721', '2f36cb0b-edba-494a-a345-6ad1e00e5485', 'Come on and have fun with Kaylin!', 'record', 'Come on and have fun with Kaylin!', '', '[]', '5f6c7ec0-84ab-4d8e-a2d7-ff1887b55d6e', 'History', '{"width":720,"height":400,"bitrate":734.75}', '', '7019', '2015-08-22 12:34:58.952500+0000', '2015-08-22 17:32:40.311100+0000');
INSERT INTO "neap"."video"(video_id, stream_id, title, type, description, status, tags, topic_id, topic, media_info, preview, views, created_at, updated_at)
    VALUES ('e1394040-9d6d-42a6-b062-a37509f53a16', '2f36cb0b-edba-494a-a345-6ad1e00e5485', 'Come on and have fun with Kaylin!', 'record', 'Come on and have fun with Kaylin!', '', '[]', '5f6c7ec0-84ab-4d8e-a2d7-ff1887b55d6e', 'History', '{"width":720,"height":400,"bitrate":709.93}', '', '25996', '2015-08-30 19:35:43.350100+0000', '2015-08-31 08:47:50.795800+0000');
INSERT INTO "neap"."stream"(stream_id, channel_id, title, topic_id, topic, media_info, viewers, created_at, updated_at, ended_at)
    VALUES ('22468f25-c121-4eeb-9472-2e923b78c7d2', '4b3967f8-23a0-41a3-9e95-d5ae5e48cfe7', 'The origins of Science', '1cae4612-f178-4a0e-b3af-343a88b99638', 'Science', '{"width":1280,"height":720,"bitrate":1351.98}', 1641, '2015-06-05 22:52:55.478200+0000', '2015-06-06 01:24:51.276100+0000', '2015-06-06 02:42:04.520000+0000');
INSERT INTO "neap"."stream"(stream_id, channel_id, title, topic_id, topic, media_info, viewers, created_at, updated_at, ended_at)
    VALUES ('def32356-87e3-40e8-86d7-6f9109d39b20', '4b3967f8-23a0-41a3-9e95-d5ae5e48cfe7', 'Biology?? Yeah, Biology!', 'd4f06d27-2693-4552-bd85-d9875651ce39', 'Biology', '{"width":1280,"height":720,"bitrate":801.71}', 531, '2015-07-21 18:20:23.139100+0000', '2015-07-21 19:29:34.800200+0000', '2015-07-21 20:52:10.526600+0000');
INSERT INTO "neap"."video"(video_id, stream_id, title, type, description, status, tags, topic_id, topic, media_info, preview, views, created_at, updated_at)
    VALUES ('faf603a4-740b-4b81-b6d4-04edc9f07690', 'def32356-87e3-40e8-86d7-6f9109d39b20', 'Biology?? Yeah, Biology!', 'record', 'Biology?? Yeah, Biology!', '', '[]', 'd4f06d27-2693-4552-bd85-d9875651ce39', 'Biology', '{"width":1280,"height":720,"bitrate":1231.27}', '', '24264', '2015-07-25 01:40:36.492000+0000', '2015-07-25 18:51:50.365100+0000');
INSERT INTO "neap"."stream"(stream_id, channel_id, title, topic_id, topic, media_info, viewers, created_at, updated_at, ended_at)
    VALUES ('1c8745cb-54bf-479c-828a-38d15253c782', '4b3967f8-23a0-41a3-9e95-d5ae5e48cfe7', 'Relax stream', '48e535f7-dba1-4d59-aac3-4c6cced32d6c', 'Video games', '{"width":1920,"height":1080,"bitrate":2593.16}', 1915, '2015-08-07 21:41:10.934000+0000', '2015-08-08 02:57:53.625600+0000', '2015-08-08 04:02:47.112100+0000');
INSERT INTO "neap"."user"(user_id, channel_id, type, username, email, password, display_name, logo, bio, created_at, updated_at)
    VALUES ('109c9c76-40e2-4cbb-b8cc-213a148b350d', 'b2f118cc-d672-43f3-9150-bd1b7825d3e9', 'user', 'regina', 'regina@neap.io', '$2y$10$l6yWhPhezky.RxkE8znmKO8KxzAKcuX9/pSV8WWW7jvc1J3FoAe8i', 'Regina', 'https://gravatar.com/avatar/d3ed45fe5ae676c6d440a78820d20d81?s=128&d=identicon', null, '2015-06-13 12:07:24.949400+0000', '2015-06-27 11:44:35.038400+0000');
INSERT INTO "neap"."channel"(channel_id, user_id, chat_id, name, display_name, topic, language, views, followers)
    VALUES ('b2f118cc-d672-43f3-9150-bd1b7825d3e9', '109c9c76-40e2-4cbb-b8cc-213a148b350d', '18d24bdc-db44-4661-a663-5a6c67f43ed5', 'regina', 'Regina Channel', 'Photography', 'en', 74657, 81);
INSERT INTO "neap"."chat"(chat_id, channel_id, name)
    VALUES ('18d24bdc-db44-4661-a663-5a6c67f43ed5', 'b2f118cc-d672-43f3-9150-bd1b7825d3e9', 'regina');
INSERT INTO "neap"."stream"(stream_id, channel_id, title, topic_id, topic, media_info, viewers, created_at, updated_at, ended_at)
    VALUES ('54fe5bc8-388c-467d-9f06-2c8f1416d68c', 'b2f118cc-d672-43f3-9150-bd1b7825d3e9', 'Fun with History and Regina', '5f6c7ec0-84ab-4d8e-a2d7-ff1887b55d6e', 'History', '{"width":1920,"height":1080,"bitrate":1612.74}', 299, '2015-07-03 07:00:22.012900+0000', '2015-07-03 07:42:42.948900+0000', '2015-07-03 07:59:51.250400+0000');
INSERT INTO "neap"."stream"(stream_id, channel_id, title, topic_id, topic, media_info, viewers, created_at, updated_at, ended_at)
    VALUES ('99139f9c-e022-44f4-8440-e642dcefc6bd', 'b2f118cc-d672-43f3-9150-bd1b7825d3e9', 'The origins of Philosophy', '35fa82dc-ed25-47fb-b6cd-58ae8a151f60', 'Philosophy', '{"width":1920,"height":1080,"bitrate":2217.53}', 1757, '2015-10-02 11:47:25.127200+0000', '2015-10-02 12:09:06.777600+0000', '2015-10-02 12:50:33.493500+0000');
INSERT INTO "neap"."video"(video_id, stream_id, title, type, description, status, tags, topic_id, topic, media_info, preview, views, created_at, updated_at)
    VALUES ('d869d8e2-ba92-4459-9950-702ce38f5d72', '99139f9c-e022-44f4-8440-e642dcefc6bd', 'The origins of Philosophy', 'record', 'The origins of Philosophy', '', '[]', '35fa82dc-ed25-47fb-b6cd-58ae8a151f60', 'Philosophy', '{"width":1920,"height":1080,"bitrate":2516.22}', '', '35102', '2015-11-01 06:31:50.602300+0000', '2015-11-07 07:44:29.249300+0000');
INSERT INTO "neap"."video"(video_id, stream_id, title, type, description, status, tags, topic_id, topic, media_info, preview, views, created_at, updated_at)
    VALUES ('07c83a39-a19e-4936-bc1c-8c83bb62d0b1', '99139f9c-e022-44f4-8440-e642dcefc6bd', 'The origins of Philosophy', 'record', 'The origins of Philosophy', '', '[]', '35fa82dc-ed25-47fb-b6cd-58ae8a151f60', 'Philosophy', '{"width":1920,"height":1080,"bitrate":1563.12}', '', '2596', '2015-10-17 17:48:23.424800+0000', '2015-10-17 19:16:48.640300+0000');
INSERT INTO "neap"."user"(user_id, channel_id, type, username, email, password, display_name, logo, bio, created_at, updated_at)
    VALUES ('13594dda-780d-40aa-a3cd-b0021f9bd3aa', 'e3fb2eda-f650-49ef-a03e-7e2dc057929e', 'user', 'asa', 'asa@neap.io', '$2y$10$a4Chf4akawLvfMKB0CNUXOnij9oDn1PgJ0Yv7quO1i9cCRT95tj4i', 'Asa', 'https://gravatar.com/avatar/94a7e0e783a2e3c3ad11c1855cfef5ef?s=128&d=identicon', null, '2015-03-23 14:22:59.059100+0000', '2015-05-20 07:12:05.392500+0000');
INSERT INTO "neap"."channel"(channel_id, user_id, chat_id, name, display_name, topic, language, views, followers)
    VALUES ('e3fb2eda-f650-49ef-a03e-7e2dc057929e', '13594dda-780d-40aa-a3cd-b0021f9bd3aa', 'b05e47cf-7b3d-4a6e-9395-984e92778236', 'asa', 'Asa Channel', 'Philosophy', 'en', 99129, 22);
INSERT INTO "neap"."chat"(chat_id, channel_id, name)
    VALUES ('b05e47cf-7b3d-4a6e-9395-984e92778236', 'e3fb2eda-f650-49ef-a03e-7e2dc057929e', 'asa');
INSERT INTO "neap"."stream"(stream_id, channel_id, title, topic_id, topic, media_info, viewers, created_at, updated_at, ended_at)
    VALUES ('51664477-5f14-4e5f-8a2b-03e68c5f1916', 'e3fb2eda-f650-49ef-a03e-7e2dc057929e', 'Relax stream', 'e9af2f53-d2dd-4e32-9dea-26d6ac21bcb8', 'Astrology', '{"width":1280,"height":720,"bitrate":805.03}', 1011, '2015-09-30 07:59:40.845400+0000', '2015-09-30 08:14:18.030000+0000', '2015-09-30 08:58:10.934600+0000');
INSERT INTO "neap"."video"(video_id, stream_id, title, type, description, status, tags, topic_id, topic, media_info, preview, views, created_at, updated_at)
    VALUES ('2ae718b0-2c14-4384-9463-ae7e9d98c2b3', '51664477-5f14-4e5f-8a2b-03e68c5f1916', 'Relax stream', 'record', 'Relax stream', '', '[]', 'e9af2f53-d2dd-4e32-9dea-26d6ac21bcb8', 'Astrology', '{"width":1280,"height":720,"bitrate":987.22}', '', '9803', '2015-09-30 22:04:59.187700+0000', '2015-10-02 07:29:32.684100+0000');
INSERT INTO "neap"."stream"(stream_id, channel_id, title, topic_id, topic, media_info, viewers, created_at, updated_at, ended_at)
    VALUES ('e2e03b46-2791-49eb-af05-e46370af99e3', 'e3fb2eda-f650-49ef-a03e-7e2dc057929e', 'Today is Astrology day', 'e9af2f53-d2dd-4e32-9dea-26d6ac21bcb8', 'Astrology', '{"width":720,"height":400,"bitrate":519.84}', 586, '2015-06-30 18:03:23.599000+0000', '2015-06-30 18:27:53.496100+0000', '2015-06-30 19:38:18.036300+0000');
INSERT INTO "neap"."video"(video_id, stream_id, title, type, description, status, tags, topic_id, topic, media_info, preview, views, created_at, updated_at)
    VALUES ('cc90adf1-b84f-4724-9298-1ac93a849ddc', 'e2e03b46-2791-49eb-af05-e46370af99e3', 'Today is Astrology day', 'highlight', 'Today is Astrology day', '', '[]', 'e9af2f53-d2dd-4e32-9dea-26d6ac21bcb8', 'Astrology', '{"width":720,"height":400,"bitrate":569.88}', '', '37378', '2015-10-11 05:57:57.909500+0000', '2015-10-12 18:20:24.222700+0000');
INSERT INTO "neap"."stream"(stream_id, channel_id, title, topic_id, topic, media_info, viewers, created_at, updated_at, ended_at)
    VALUES ('e321f257-3e19-4f8d-883b-3a7f952cd45d', 'e3fb2eda-f650-49ef-a03e-7e2dc057929e', 'Fun with Science and Asa', '1cae4612-f178-4a0e-b3af-343a88b99638', 'Science', '{"width":1280,"height":720,"bitrate":1015.27}', 24014, '2015-07-15 15:03:59.990300+0000', '2015-07-15 19:15:46.084800+0000', '2015-07-15 19:18:00.639500+0000');
INSERT INTO "neap"."video"(video_id, stream_id, title, type, description, status, tags, topic_id, topic, media_info, preview, views, created_at, updated_at)
    VALUES ('d4b6f40e-6bed-4304-86e1-72ef0227734b', 'e321f257-3e19-4f8d-883b-3a7f952cd45d', 'Fun with Science and Asa', 'record', 'Fun with Science and Asa', '', '[]', '1cae4612-f178-4a0e-b3af-343a88b99638', 'Science', '{"width":1280,"height":720,"bitrate":1443.24}', '', '39542', '2015-08-22 23:24:00.396000+0000', '2015-08-23 07:11:26.839400+0000');
INSERT INTO "neap"."video"(video_id, stream_id, title, type, description, status, tags, topic_id, topic, media_info, preview, views, created_at, updated_at)
    VALUES ('3ae1a6e0-3b88-4f14-b4c8-02a3059da0e3', 'e321f257-3e19-4f8d-883b-3a7f952cd45d', 'Fun with Science and Asa', 'record', 'Fun with Science and Asa', '', '[]', '1cae4612-f178-4a0e-b3af-343a88b99638', 'Science', '{"width":1280,"height":720,"bitrate":888.87}', '', '37836', '2015-07-27 09:13:53.138000+0000', '2015-07-29 02:11:21.593300+0000');
INSERT INTO "neap"."stream"(stream_id, channel_id, title, topic_id, topic, media_info, viewers, created_at, updated_at, ended_at)
    VALUES ('f2da7ad7-25ee-485f-a0e1-481fd7696cc4', 'e3fb2eda-f650-49ef-a03e-7e2dc057929e', 'Today is Mathematics day', '284b3091-455d-4476-ae67-442a19d153d4', 'Mathematics', '{"width":1280,"height":720,"bitrate":810.27}', 1644, '2015-08-10 18:51:10.115600+0000', '2015-08-10 19:59:13.269300+0000', '2015-08-10 20:11:40.639500+0000');
INSERT INTO "neap"."video"(video_id, stream_id, title, type, description, status, tags, topic_id, topic, media_info, preview, views, created_at, updated_at)
    VALUES ('4181eae3-e30d-45cd-aa58-e0679a1a0e7a', 'f2da7ad7-25ee-485f-a0e1-481fd7696cc4', 'Today is Mathematics day', 'highlight', 'Today is Mathematics day', '', '[]', '284b3091-455d-4476-ae67-442a19d153d4', 'Mathematics', '{"width":1280,"height":720,"bitrate":887.07}', '', '5567', '2015-09-01 03:53:59.371300+0000', '2015-09-01 17:20:56.353800+0000');
INSERT INTO "neap"."video"(video_id, stream_id, title, type, description, status, tags, topic_id, topic, media_info, preview, views, created_at, updated_at)
    VALUES ('3d3b3c38-72c8-46cf-9d8b-0efbe562f892', 'f2da7ad7-25ee-485f-a0e1-481fd7696cc4', 'Today is Mathematics day', 'record', 'Today is Mathematics day', '', '[]', '284b3091-455d-4476-ae67-442a19d153d4', 'Mathematics', '{"width":1280,"height":720,"bitrate":1123.55}', '', '18516', '2015-08-13 14:10:23.636400+0000', '2015-08-15 10:58:47.853700+0000');
INSERT INTO "neap"."stream"(stream_id, channel_id, title, topic_id, topic, media_info, viewers, created_at, updated_at, ended_at)
    VALUES ('4b32ea02-6bf2-49cd-899f-c7be8f49f544', 'e3fb2eda-f650-49ef-a03e-7e2dc057929e', 'Relax stream', 'd2ea25fc-eb67-4c63-86d0-58ba2ce51b56', 'Theology', '{"width":1280,"height":720,"bitrate":824.52}', 986, '2015-07-02 07:46:47.714000+0000', '2015-07-02 09:43:00.173700+0000', '2015-07-02 09:46:02.534500+0000');
INSERT INTO "neap"."video"(video_id, stream_id, title, type, description, status, tags, topic_id, topic, media_info, preview, views, created_at, updated_at)
    VALUES ('72849ac6-8cc6-466a-bef8-1fc310132345', '4b32ea02-6bf2-49cd-899f-c7be8f49f544', 'Relax stream', 'record', 'Relax stream', '', '[]', 'd2ea25fc-eb67-4c63-86d0-58ba2ce51b56', 'Theology', '{"width":1280,"height":720,"bitrate":1306.11}', '', '2106', '2015-09-27 14:24:22.258000+0000', '2015-09-28 12:54:42.675000+0000');
INSERT INTO "neap"."stream"(stream_id, channel_id, title, topic_id, topic, media_info, viewers, created_at, updated_at, ended_at)
    VALUES ('90e1c8ca-36f7-4f95-8d05-7a4272196893', 'e3fb2eda-f650-49ef-a03e-7e2dc057929e', 'The origins of Astrology', 'e9af2f53-d2dd-4e32-9dea-26d6ac21bcb8', 'Astrology', '{"width":1280,"height":720,"bitrate":1230.57}', 1037, '2015-08-12 17:27:53.405200+0000', '2015-08-12 18:12:22.889400+0000', '2015-08-12 18:23:10.662300+0000');
INSERT INTO "neap"."video"(video_id, stream_id, title, type, description, status, tags, topic_id, topic, media_info, preview, views, created_at, updated_at)
    VALUES ('b9414498-0356-45c9-b33a-c7469e24032b', '90e1c8ca-36f7-4f95-8d05-7a4272196893', 'The origins of Astrology', 'record', 'The origins of Astrology', '', '[]', 'e9af2f53-d2dd-4e32-9dea-26d6ac21bcb8', 'Astrology', '{"width":1280,"height":720,"bitrate":1040.95}', '', '29165', '2015-09-16 21:16:04.274300+0000', '2015-09-17 16:25:05.774700+0000');
INSERT INTO "neap"."stream"(stream_id, channel_id, title, topic_id, topic, media_info, viewers, created_at, updated_at, ended_at)
    VALUES ('9ba9b938-7870-4ff7-b433-1d89010e62d7', 'e3fb2eda-f650-49ef-a03e-7e2dc057929e', 'History?? Yeah, History!', '5f6c7ec0-84ab-4d8e-a2d7-ff1887b55d6e', 'History', '{"width":720,"height":400,"bitrate":671.18}', 1506, '2015-04-15 20:43:38.226400+0000', '2015-04-15 22:58:26.732600+0000', '2015-04-15 23:29:12.316400+0000');
INSERT INTO "neap"."video"(video_id, stream_id, title, type, description, status, tags, topic_id, topic, media_info, preview, views, created_at, updated_at)
    VALUES ('008b1b3f-e8eb-404c-82e5-0a1d7eee734c', '9ba9b938-7870-4ff7-b433-1d89010e62d7', 'History?? Yeah, History!', 'highlight', 'History?? Yeah, History!', '', '[]', '5f6c7ec0-84ab-4d8e-a2d7-ff1887b55d6e', 'History', '{"width":720,"height":400,"bitrate":698.04}', '', '7908', '2015-06-10 22:34:39.686100+0000', '2015-06-12 20:15:14.212900+0000');
INSERT INTO "neap"."user"(user_id, channel_id, type, username, email, password, display_name, logo, bio, created_at, updated_at)
    VALUES ('dd15e28f-6483-4a87-a7bc-c7377fda0ff8', '45179747-38df-48ae-9cc4-6d336cb2be3a', 'user', 'bailey', 'bailey@neap.io', '$2y$10$Nub0RFGifQ1cPk7i1QeEx.GUjG0q7bWtG9m6l.bSU2EZSOG5hly0u', 'Bailey', 'https://gravatar.com/avatar/6a226ea418d546795afac50a7755384b?s=128&d=identicon', null, '2015-02-14 22:10:48.671900+0000', '2015-02-27 11:14:41.756900+0000');
INSERT INTO "neap"."channel"(channel_id, user_id, chat_id, name, display_name, topic, language, views, followers)
    VALUES ('45179747-38df-48ae-9cc4-6d336cb2be3a', 'dd15e28f-6483-4a87-a7bc-c7377fda0ff8', '9d4b0a0a-a442-4db7-bffe-fe5239a86b83', 'bailey', 'Bailey Channel', 'Photography', 'en', 11770, 112);
INSERT INTO "neap"."chat"(chat_id, channel_id, name)
    VALUES ('9d4b0a0a-a442-4db7-bffe-fe5239a86b83', '45179747-38df-48ae-9cc4-6d336cb2be3a', 'bailey');
INSERT INTO "neap"."stream"(stream_id, channel_id, title, topic_id, topic, media_info, viewers, created_at, updated_at, ended_at)
    VALUES ('9977d3ab-e8ab-4d07-ab64-7433412112d0', '45179747-38df-48ae-9cc4-6d336cb2be3a', 'Come on and have fun with Bailey!', '35fa82dc-ed25-47fb-b6cd-58ae8a151f60', 'Philosophy', '{"width":1920,"height":1080,"bitrate":1449.63}', 339, '2015-09-03 10:32:55.807900+0000', '2015-09-03 15:17:35.941400+0000', '2015-09-03 15:18:31.192200+0000');
INSERT INTO "neap"."video"(video_id, stream_id, title, type, description, status, tags, topic_id, topic, media_info, preview, views, created_at, updated_at)
    VALUES ('a6e085d2-3546-4787-be3e-05f75a48c729', '9977d3ab-e8ab-4d07-ab64-7433412112d0', 'Come on and have fun with Bailey!', 'record', 'Come on and have fun with Bailey!', '', '[]', '35fa82dc-ed25-47fb-b6cd-58ae8a151f60', 'Philosophy', '{"width":1920,"height":1080,"bitrate":1601.4}', '', '32664', '2015-09-20 20:57:58.627300+0000', '2015-09-22 11:13:38.972200+0000');
INSERT INTO "neap"."stream"(stream_id, channel_id, title, topic_id, topic, media_info, viewers, created_at, updated_at, ended_at)
    VALUES ('180af62a-36c5-4999-80df-1b41a95bca35', '45179747-38df-48ae-9cc4-6d336cb2be3a', 'Bailey goes live!', '5f6c7ec0-84ab-4d8e-a2d7-ff1887b55d6e', 'History', '{"width":1920,"height":1080,"bitrate":2088.63}', 428, '2015-07-16 07:59:41.872400+0000', '2015-07-16 08:01:34.495100+0000', '2015-07-16 08:02:32.030300+0000');
INSERT INTO "neap"."video"(video_id, stream_id, title, type, description, status, tags, topic_id, topic, media_info, preview, views, created_at, updated_at)
    VALUES ('1d88ca18-b9a4-4664-9973-18963d5ecd63', '180af62a-36c5-4999-80df-1b41a95bca35', 'Bailey goes live!', 'record', 'Bailey goes live!', '', '[]', '5f6c7ec0-84ab-4d8e-a2d7-ff1887b55d6e', 'History', '{"width":1920,"height":1080,"bitrate":1714.43}', '', '13222', '2015-07-20 02:43:57.394700+0000', '2015-07-20 07:22:11.035400+0000');
INSERT INTO "neap"."stream"(stream_id, channel_id, title, topic_id, topic, media_info, viewers, created_at, updated_at, ended_at)
    VALUES ('a3fe4def-c479-4f86-b032-bbf7c8190a3e', '45179747-38df-48ae-9cc4-6d336cb2be3a', 'Relax stream', 'd2ea25fc-eb67-4c63-86d0-58ba2ce51b56', 'Theology', '{"width":1280,"height":720,"bitrate":1078.27}', 1243, '2015-07-05 03:24:57.705400+0000', '2015-07-05 05:03:33.821900+0000', '2015-07-05 05:23:58.466800+0000');
INSERT INTO "neap"."video"(video_id, stream_id, title, type, description, status, tags, topic_id, topic, media_info, preview, views, created_at, updated_at)
    VALUES ('9c08748d-658c-479e-acdd-b1db4b06a687', 'a3fe4def-c479-4f86-b032-bbf7c8190a3e', 'Relax stream', 'highlight', 'Relax stream', '', '[]', 'd2ea25fc-eb67-4c63-86d0-58ba2ce51b56', 'Theology', '{"width":1280,"height":720,"bitrate":1184.59}', '', '24905', '2015-08-27 04:00:32.856600+0000', '2015-08-30 09:52:51.463800+0000');
INSERT INTO "neap"."video"(video_id, stream_id, title, type, description, status, tags, topic_id, topic, media_info, preview, views, created_at, updated_at)
    VALUES ('3251342d-5acc-4d40-a849-b36f912f1b4d', 'a3fe4def-c479-4f86-b032-bbf7c8190a3e', 'Relax stream', 'record', 'Relax stream', '', '[]', 'd2ea25fc-eb67-4c63-86d0-58ba2ce51b56', 'Theology', '{"width":1280,"height":720,"bitrate":816.66}', '', '9703', '2015-08-21 22:27:29.377200+0000', '2015-08-22 08:04:40.966000+0000');
INSERT INTO "neap"."stream"(stream_id, channel_id, title, topic_id, topic, media_info, viewers, created_at, updated_at, ended_at)
    VALUES ('6ac29672-1985-4d29-b57a-883ec6fd789c', '45179747-38df-48ae-9cc4-6d336cb2be3a', 'Today is Music day', 'b369c464-cdea-4356-9d70-1450585652e2', 'Music', '{"width":1280,"height":720,"bitrate":1208.18}', 43928, '2015-05-13 07:58:38.204700+0000', '2015-05-13 08:37:26.751800+0000', '2015-05-13 08:59:47.417500+0000');
INSERT INTO "neap"."video"(video_id, stream_id, title, type, description, status, tags, topic_id, topic, media_info, preview, views, created_at, updated_at)
    VALUES ('f2aef4f9-f03a-49cd-9df5-0b0e27876bef', '6ac29672-1985-4d29-b57a-883ec6fd789c', 'Today is Music day', 'record', 'Today is Music day', '', '[]', 'b369c464-cdea-4356-9d70-1450585652e2', 'Music', '{"width":1280,"height":720,"bitrate":1097.54}', '', '13962', '2015-09-18 22:59:13.811800+0000', '2015-09-19 13:49:08.169500+0000');
INSERT INTO "neap"."stream"(stream_id, channel_id, title, topic_id, topic, media_info, viewers, created_at, updated_at, ended_at)
    VALUES ('ef6ca195-4878-4cfa-bf5b-4fb6f8ea26b5', '45179747-38df-48ae-9cc4-6d336cb2be3a', 'Fun with Science and Bailey', '1cae4612-f178-4a0e-b3af-343a88b99638', 'Science', '{"width":1280,"height":720,"bitrate":952.99}', 1656, '2015-04-04 00:19:05.436000+0000', '2015-04-04 00:29:11.565600+0000', '2015-04-04 01:04:48.563600+0000');
INSERT INTO "neap"."video"(video_id, stream_id, title, type, description, status, tags, topic_id, topic, media_info, preview, views, created_at, updated_at)
    VALUES ('7f377327-d10c-46ae-a112-89e345ce9053', 'ef6ca195-4878-4cfa-bf5b-4fb6f8ea26b5', 'Fun with Science and Bailey', 'record', 'Fun with Science and Bailey', '', '[]', '1cae4612-f178-4a0e-b3af-343a88b99638', 'Science', '{"width":1280,"height":720,"bitrate":1219.13}', '', '25008', '2015-09-30 02:13:58.328600+0000', '2015-09-30 06:43:15.669700+0000');
INSERT INTO "neap"."video"(video_id, stream_id, title, type, description, status, tags, topic_id, topic, media_info, preview, views, created_at, updated_at)
    VALUES ('6693ea52-9436-49e2-a20e-f2759697fed9', 'ef6ca195-4878-4cfa-bf5b-4fb6f8ea26b5', 'Fun with Science and Bailey', 'record', 'Fun with Science and Bailey', '', '[]', '1cae4612-f178-4a0e-b3af-343a88b99638', 'Science', '{"width":1280,"height":720,"bitrate":981.92}', '', '12572', '2015-08-23 22:20:12.316700+0000', '2015-08-25 00:56:40.511300+0000');
INSERT INTO "neap"."user"(user_id, channel_id, type, username, email, password, display_name, logo, bio, created_at, updated_at)
    VALUES ('9ed1b541-956f-4505-8138-9b777e04f453', '5a8ad079-ae22-423f-8070-f984a72c3387', 'user', 'aldo', 'aldo@neap.io', '$2y$10$2TIC1vnAFR0Tm9e76GwCTeYm85ebOvoGl3ooK5I5GdzvjRPmTFiGm', 'Aldo', 'https://gravatar.com/avatar/d64c65325fa99269d0f8c47cdc8aa13d?s=128&d=identicon', null, '2015-09-23 03:51:27.344500+0000', '2015-10-06 03:37:38.420800+0000');
INSERT INTO "neap"."channel"(channel_id, user_id, chat_id, name, display_name, topic, language, views, followers)
    VALUES ('5a8ad079-ae22-423f-8070-f984a72c3387', '9ed1b541-956f-4505-8138-9b777e04f453', 'c389e119-a68b-4658-bc63-74f2b116f68f', 'aldo', 'Aldo Channel', 'Astrology', 'en', 28738, 37);
INSERT INTO "neap"."chat"(chat_id, channel_id, name)
    VALUES ('c389e119-a68b-4658-bc63-74f2b116f68f', '5a8ad079-ae22-423f-8070-f984a72c3387', 'aldo');
INSERT INTO "neap"."stream"(stream_id, channel_id, title, topic_id, topic, media_info, viewers, created_at, updated_at, ended_at)
    VALUES ('f9dbacba-95a1-4848-a7e1-a03a90de6897', '5a8ad079-ae22-423f-8070-f984a72c3387', 'The origins of Photography', 'e496e832-363e-4228-b518-7fe126ccaa04', 'Photography', '{"width":1280,"height":720,"bitrate":1307.47}', 405, '2015-10-10 05:07:27.199200+0000', '2015-10-10 06:10:42.966200+0000', '2015-10-10 06:17:26.530500+0000');
INSERT INTO "neap"."video"(video_id, stream_id, title, type, description, status, tags, topic_id, topic, media_info, preview, views, created_at, updated_at)
    VALUES ('5461ec5d-a6c7-494d-aa77-f09226980d3a', 'f9dbacba-95a1-4848-a7e1-a03a90de6897', 'The origins of Photography', 'record', 'The origins of Photography', '', '[]', 'e496e832-363e-4228-b518-7fe126ccaa04', 'Photography', '{"width":1280,"height":720,"bitrate":832.08}', '', '13684', '2015-10-12 11:34:42.925000+0000', '2015-10-12 21:27:51.941000+0000');
INSERT INTO "neap"."stream"(stream_id, channel_id, title, topic_id, topic, media_info, viewers, created_at, updated_at, ended_at)
    VALUES ('c16ec053-419b-495f-a94f-bca647852731', '5a8ad079-ae22-423f-8070-f984a72c3387', 'Astrology?? Yeah, Astrology!', 'e9af2f53-d2dd-4e32-9dea-26d6ac21bcb8', 'Astrology', '{"width":720,"height":400,"bitrate":672.09}', 1501, '2015-10-18 04:01:58.113300+0000', '2015-10-18 10:12:11.850700+0000', '2015-10-18 10:59:10.228200+0000');
INSERT INTO "neap"."stream"(stream_id, channel_id, title, topic_id, topic, media_info, viewers, created_at, updated_at, ended_at)
    VALUES ('90856873-eb01-4070-bed0-2298a0cb4a18', '5a8ad079-ae22-423f-8070-f984a72c3387', 'Fun with Photography and Aldo', 'e496e832-363e-4228-b518-7fe126ccaa04', 'Photography', '{"width":1920,"height":1080,"bitrate":2372.57}', 737, '2015-10-09 23:05:25.167200+0000', '2015-10-10 00:35:38.698800+0000', '2015-10-10 00:40:25.766200+0000');
INSERT INTO "neap"."video"(video_id, stream_id, title, type, description, status, tags, topic_id, topic, media_info, preview, views, created_at, updated_at)
    VALUES ('aaeeef8e-e6bf-49f4-b335-f687c125d2fa', '90856873-eb01-4070-bed0-2298a0cb4a18', 'Fun with Photography and Aldo', 'record', 'Fun with Photography and Aldo', '', '[]', 'e496e832-363e-4228-b518-7fe126ccaa04', 'Photography', '{"width":1920,"height":1080,"bitrate":2776.07}', '', '19536', '2015-10-30 11:27:00.757800+0000', '2015-11-01 02:29:03.157100+0000');
INSERT INTO "neap"."user"(user_id, channel_id, type, username, email, password, display_name, logo, bio, created_at, updated_at)
    VALUES ('829fbc3c-bef6-4004-b514-5fd09fc5c04d', '6734297c-74bf-4b40-b62a-90064af557a4', 'user', 'edison', 'edison@neap.io', '$2y$10$j41YF0NGTsrp8Rv0P32NPe9ADG7vf6S55NW.e0RItFrcU7Y8zJCv.', 'Edison', 'https://gravatar.com/avatar/e8ef978a18fa519fe2fe4dbef9dc2714?s=128&d=identicon', null, '2015-09-30 21:32:13.448900+0000', '2015-10-07 21:56:06.197300+0000');
INSERT INTO "neap"."channel"(channel_id, user_id, chat_id, name, display_name, topic, language, views, followers)
    VALUES ('6734297c-74bf-4b40-b62a-90064af557a4', '829fbc3c-bef6-4004-b514-5fd09fc5c04d', '53c43e03-8475-44b4-8abc-95b4e7d645d9', 'edison', 'Edison Channel', 'Philosophy', 'en', 91703, 140);
INSERT INTO "neap"."chat"(chat_id, channel_id, name)
    VALUES ('53c43e03-8475-44b4-8abc-95b4e7d645d9', '6734297c-74bf-4b40-b62a-90064af557a4', 'edison');
INSERT INTO "neap"."stream"(stream_id, channel_id, title, topic_id, topic, media_info, viewers, created_at, updated_at, ended_at)
    VALUES ('9f898b08-c708-4187-8ea3-740177d5e3e7', '6734297c-74bf-4b40-b62a-90064af557a4', 'Edison goes live!', '35fa82dc-ed25-47fb-b6cd-58ae8a151f60', 'Philosophy', '{"width":1280,"height":720,"bitrate":878.4}', 80660, '2015-10-19 08:49:42.566900+0000', '2015-10-19 10:58:01.242300+0000', '2015-10-19 11:54:50.700300+0000');
INSERT INTO "neap"."stream"(stream_id, channel_id, title, topic_id, topic, media_info, viewers, created_at, updated_at, ended_at)
    VALUES ('ad5399fa-e407-40f3-9cc8-203a645423b7', '6734297c-74bf-4b40-b62a-90064af557a4', 'Come on and have fun with Edison!', '1cae4612-f178-4a0e-b3af-343a88b99638', 'Science', '{"width":1920,"height":1080,"bitrate":2094.2}', 1341, '2015-10-18 16:19:25.616100+0000', '2015-10-18 18:20:17.235500+0000', '2015-10-18 19:41:57.482500+0000');
INSERT INTO "neap"."stream"(stream_id, channel_id, title, topic_id, topic, media_info, viewers, created_at, updated_at, ended_at)
    VALUES ('f3648cc4-0cae-4400-bbc2-6ff1919a1ef3', '6734297c-74bf-4b40-b62a-90064af557a4', 'The origins of Video games', '48e535f7-dba1-4d59-aac3-4c6cced32d6c', 'Video games', '{"width":1920,"height":1080,"bitrate":2270.52}', 1468, '2015-10-18 17:50:40.947900+0000', '2015-10-18 19:22:05.644000+0000', '2015-10-18 20:07:47.761600+0000');
INSERT INTO "neap"."video"(video_id, stream_id, title, type, description, status, tags, topic_id, topic, media_info, preview, views, created_at, updated_at)
    VALUES ('f1eeeb81-5e1a-416c-a813-5fed102ccf6f', 'f3648cc4-0cae-4400-bbc2-6ff1919a1ef3', 'The origins of Video games', 'record', 'The origins of Video games', '', '[]', '48e535f7-dba1-4d59-aac3-4c6cced32d6c', 'Video games', '{"width":1920,"height":1080,"bitrate":1908.02}', '', '209', '2015-10-24 19:43:59.388500+0000', '2015-10-25 07:23:49.615900+0000');
INSERT INTO "neap"."user"(user_id, channel_id, type, username, email, password, display_name, logo, bio, created_at, updated_at)
    VALUES ('099c7fb7-d4b7-4690-8319-672a85c3082a', '1c4ffa2a-d3fb-4417-8939-8dcac8ab8655', 'user', 'brylee', 'brylee@neap.io', '$2y$10$LjpJ2oA0htq3mLiEpJ4dUOZM1zEsJ8T.I0TSxZamN1T4OJk63oOi2', 'Brylee', 'https://gravatar.com/avatar/0b088e9c4b4235ba77ce307df05db504?s=128&d=identicon', null, '2015-02-01 22:40:35.381300+0000', '2015-02-26 00:19:39.620700+0000');
INSERT INTO "neap"."channel"(channel_id, user_id, chat_id, name, display_name, topic, language, views, followers)
    VALUES ('1c4ffa2a-d3fb-4417-8939-8dcac8ab8655', '099c7fb7-d4b7-4690-8319-672a85c3082a', 'bf8a67d1-0dc9-4404-a484-5b9992833cc3', 'brylee', 'Brylee Channel', 'Astrology', 'en', 80445, 98);
INSERT INTO "neap"."chat"(chat_id, channel_id, name)
    VALUES ('bf8a67d1-0dc9-4404-a484-5b9992833cc3', '1c4ffa2a-d3fb-4417-8939-8dcac8ab8655', 'brylee');
INSERT INTO "neap"."stream"(stream_id, channel_id, title, topic_id, topic, media_info, viewers, created_at, updated_at, ended_at)
    VALUES ('4c33e84b-3eaf-46ae-9e83-5c84b6acb491', '1c4ffa2a-d3fb-4417-8939-8dcac8ab8655', 'Fun with Litterature and Brylee', '994391cf-d41e-46f4-b6eb-ce53824e3a0c', 'Litterature', '{"width":1280,"height":720,"bitrate":1245.84}', 21619, '2015-06-25 09:53:26.841000+0000', '2015-06-25 14:17:22.531400+0000', '2015-06-25 14:29:44.835300+0000');
INSERT INTO "neap"."video"(video_id, stream_id, title, type, description, status, tags, topic_id, topic, media_info, preview, views, created_at, updated_at)
    VALUES ('09c1e2de-16db-43b0-addd-6f8b8523acc6', '4c33e84b-3eaf-46ae-9e83-5c84b6acb491', 'Fun with Litterature and Brylee', 'record', 'Fun with Litterature and Brylee', '', '[]', '994391cf-d41e-46f4-b6eb-ce53824e3a0c', 'Litterature', '{"width":1280,"height":720,"bitrate":893.03}', '', '28906', '2015-10-15 05:42:33.032300+0000', '2015-10-16 07:00:35.582100+0000');
INSERT INTO "neap"."stream"(stream_id, channel_id, title, topic_id, topic, media_info, viewers, created_at, updated_at, ended_at)
    VALUES ('682bc3cb-2424-4db2-9098-b2e25fd3b4e6', '1c4ffa2a-d3fb-4417-8939-8dcac8ab8655', 'Today is Mathematics day', '284b3091-455d-4476-ae67-442a19d153d4', 'Mathematics', '{"width":1280,"height":720,"bitrate":1131.27}', 938, '2015-06-10 06:01:50.553000+0000', '2015-06-10 06:04:30.938800+0000', '2015-06-10 07:38:21.799500+0000');
INSERT INTO "neap"."stream"(stream_id, channel_id, title, topic_id, topic, media_info, viewers, created_at, updated_at, ended_at)
    VALUES ('c447d1f1-aa95-4bf0-aac8-14a49f719ec0', '1c4ffa2a-d3fb-4417-8939-8dcac8ab8655', 'The origins of Science', '1cae4612-f178-4a0e-b3af-343a88b99638', 'Science', '{"width":720,"height":400,"bitrate":779.23}', 1165, '2015-09-07 06:14:28.309600+0000', '2015-09-07 06:19:23.976200+0000', '2015-09-07 07:09:07.674300+0000');
INSERT INTO "neap"."video"(video_id, stream_id, title, type, description, status, tags, topic_id, topic, media_info, preview, views, created_at, updated_at)
    VALUES ('61345048-7068-4024-9004-de9cad1587b9', 'c447d1f1-aa95-4bf0-aac8-14a49f719ec0', 'The origins of Science', 'record', 'The origins of Science', '', '[]', '1cae4612-f178-4a0e-b3af-343a88b99638', 'Science', '{"width":720,"height":400,"bitrate":615.15}', '', '29089', '2015-09-24 13:30:55.527200+0000', '2015-09-28 19:06:41.695200+0000');
INSERT INTO "neap"."stream"(stream_id, channel_id, title, topic_id, topic, media_info, viewers, created_at, updated_at, ended_at)
    VALUES ('773dc6b7-39ff-482e-8ce9-93f31fe8a7cc', '1c4ffa2a-d3fb-4417-8939-8dcac8ab8655', 'Come on and have fun with Brylee!', 'd4f06d27-2693-4552-bd85-d9875651ce39', 'Biology', '{"width":1920,"height":1080,"bitrate":2558.63}', 1434, '2015-06-09 23:24:17.400000+0000', '2015-06-10 01:54:55.347700+0000', '2015-06-10 02:04:08.064500+0000');
INSERT INTO "neap"."stream"(stream_id, channel_id, title, topic_id, topic, media_info, viewers, created_at, updated_at, ended_at)
    VALUES ('ef8ef7c0-7967-49f8-939b-19ad81824696', '1c4ffa2a-d3fb-4417-8939-8dcac8ab8655', 'The origins of Video games', '48e535f7-dba1-4d59-aac3-4c6cced32d6c', 'Video games', '{"width":1920,"height":1080,"bitrate":1236.23}', 1162, '2015-06-07 08:24:38.935500+0000', '2015-06-07 11:07:33.026600+0000', '2015-06-07 11:31:44.579300+0000');
INSERT INTO "neap"."video"(video_id, stream_id, title, type, description, status, tags, topic_id, topic, media_info, preview, views, created_at, updated_at)
    VALUES ('ba62df22-3436-4a1e-8866-35b23397b0ff', 'ef8ef7c0-7967-49f8-939b-19ad81824696', 'The origins of Video games', 'record', 'The origins of Video games', '', '[]', '48e535f7-dba1-4d59-aac3-4c6cced32d6c', 'Video games', '{"width":1920,"height":1080,"bitrate":1924.98}', '', '25069', '2015-08-21 02:55:36.644600+0000', '2015-08-21 21:35:11.826000+0000');
INSERT INTO "neap"."stream"(stream_id, channel_id, title, topic_id, topic, media_info, viewers, created_at, updated_at, ended_at)
    VALUES ('86f3a9f1-0009-4dee-9a71-f79ef2caaef1', '1c4ffa2a-d3fb-4417-8939-8dcac8ab8655', 'Biology?? Yeah, Biology!', 'd4f06d27-2693-4552-bd85-d9875651ce39', 'Biology', '{"width":1280,"height":720,"bitrate":820.81}', 164, '2015-06-13 01:56:34.699100+0000', '2015-06-13 02:09:50.756600+0000', '2015-06-13 02:19:52.665400+0000');
INSERT INTO "neap"."user"(user_id, channel_id, type, username, email, password, display_name, logo, bio, created_at, updated_at)
    VALUES ('a6354a29-8970-4934-8222-4c802b2095cf', '21748e39-46eb-402f-b917-56e6ecf48805', 'user', 'clay', 'clay@neap.io', '$2y$10$DySpB7pGgoebfnbNsHnKhuQkL.47q2Zvo1v/7JxPaXrOs0aQt41JK', 'Clay', 'https://gravatar.com/avatar/f3505dd990ed452c7e7fd6522b483ce1?s=128&d=identicon', null, '2015-04-03 15:40:20.651700+0000', '2015-08-18 09:26:58.191700+0000');
INSERT INTO "neap"."channel"(channel_id, user_id, chat_id, name, display_name, topic, language, views, followers)
    VALUES ('21748e39-46eb-402f-b917-56e6ecf48805', 'a6354a29-8970-4934-8222-4c802b2095cf', 'faa9174c-9662-4420-925a-41bcc0b6c5e9', 'clay', 'Clay Channel', 'Video games', 'en', 31043, 5);
INSERT INTO "neap"."chat"(chat_id, channel_id, name)
    VALUES ('faa9174c-9662-4420-925a-41bcc0b6c5e9', '21748e39-46eb-402f-b917-56e6ecf48805', 'clay');
INSERT INTO "neap"."stream"(stream_id, channel_id, title, topic_id, topic, media_info, viewers, created_at, updated_at, ended_at)
    VALUES ('29437540-3d1c-4f0f-b0f1-15a39eb761b0', '21748e39-46eb-402f-b917-56e6ecf48805', 'Come on and have fun with Clay!', '5f6c7ec0-84ab-4d8e-a2d7-ff1887b55d6e', 'History', '{"width":1920,"height":1080,"bitrate":3194.42}', 23131, '2015-08-18 18:34:46.369300+0000', '2015-08-18 22:24:37.398700+0000', '2015-08-18 22:35:03.173800+0000');
INSERT INTO "neap"."video"(video_id, stream_id, title, type, description, status, tags, topic_id, topic, media_info, preview, views, created_at, updated_at)
    VALUES ('39c1f5ed-2bcc-4d5f-b517-b12a83e6b0fa', '29437540-3d1c-4f0f-b0f1-15a39eb761b0', 'Come on and have fun with Clay!', 'record', 'Come on and have fun with Clay!', '', '[]', '5f6c7ec0-84ab-4d8e-a2d7-ff1887b55d6e', 'History', '{"width":1920,"height":1080,"bitrate":2309.57}', '', '9773', '2015-11-01 02:27:19.844200+0000', '2015-11-03 20:41:47.441600+0000');
INSERT INTO "neap"."video"(video_id, stream_id, title, type, description, status, tags, topic_id, topic, media_info, preview, views, created_at, updated_at)
    VALUES ('d3765386-2ef9-484a-b7cb-48179450f591', '29437540-3d1c-4f0f-b0f1-15a39eb761b0', 'Come on and have fun with Clay!', 'record', 'Come on and have fun with Clay!', '', '[]', '5f6c7ec0-84ab-4d8e-a2d7-ff1887b55d6e', 'History', '{"width":1920,"height":1080,"bitrate":2212.28}', '', '17704', '2015-08-21 15:44:38.096400+0000', '2015-08-26 09:42:46.195800+0000');
INSERT INTO "neap"."stream"(stream_id, channel_id, title, topic_id, topic, media_info, viewers, created_at, updated_at, ended_at)
    VALUES ('01158ac2-397b-4e14-9184-1dcf2ea192ae', '21748e39-46eb-402f-b917-56e6ecf48805', 'Come on and have fun with Clay!', '284b3091-455d-4476-ae67-442a19d153d4', 'Mathematics', '{"width":1920,"height":1080,"bitrate":2374.59}', 925, '2015-06-30 15:08:50.500500+0000', '2015-06-30 15:28:12.427300+0000', '2015-06-30 15:53:17.400700+0000');
INSERT INTO "neap"."video"(video_id, stream_id, title, type, description, status, tags, topic_id, topic, media_info, preview, views, created_at, updated_at)
    VALUES ('89d6857a-8e5d-4283-97d2-3e1d855b4c39', '01158ac2-397b-4e14-9184-1dcf2ea192ae', 'Come on and have fun with Clay!', 'record', 'Come on and have fun with Clay!', '', '[]', '284b3091-455d-4476-ae67-442a19d153d4', 'Mathematics', '{"width":1920,"height":1080,"bitrate":2474.74}', '', '25515', '2015-07-07 17:44:18.451900+0000', '2015-07-09 00:45:22.864100+0000');
INSERT INTO "neap"."stream"(stream_id, channel_id, title, topic_id, topic, media_info, viewers, created_at, updated_at, ended_at)
    VALUES ('bc8ba5f3-c3c9-4e37-8599-c16574231a03', '21748e39-46eb-402f-b917-56e6ecf48805', 'History?? Yeah, History!', '5f6c7ec0-84ab-4d8e-a2d7-ff1887b55d6e', 'History', '{"width":1920,"height":1080,"bitrate":1557.01}', 1349, '2015-06-04 11:09:40.594500+0000', '2015-06-04 11:17:21.555400+0000', '2015-06-04 11:58:13.103700+0000');
INSERT INTO "neap"."video"(video_id, stream_id, title, type, description, status, tags, topic_id, topic, media_info, preview, views, created_at, updated_at)
    VALUES ('ebefd0c0-e49f-40a9-bc66-bb7ef272db7e', 'bc8ba5f3-c3c9-4e37-8599-c16574231a03', 'History?? Yeah, History!', 'record', 'History?? Yeah, History!', '', '[]', '5f6c7ec0-84ab-4d8e-a2d7-ff1887b55d6e', 'History', '{"width":1920,"height":1080,"bitrate":1387.77}', '', '32401', '2015-09-16 12:57:52.458700+0000', '2015-09-19 06:22:44.292800+0000');
INSERT INTO "neap"."stream"(stream_id, channel_id, title, topic_id, topic, media_info, viewers, created_at, updated_at, ended_at)
    VALUES ('3a125261-59de-4362-8f3c-eedd882ad64f', '21748e39-46eb-402f-b917-56e6ecf48805', 'The origins of Theology', 'd2ea25fc-eb67-4c63-86d0-58ba2ce51b56', 'Theology', '{"width":720,"height":400,"bitrate":584.75}', 1178, '2015-06-13 19:41:52.149000+0000', '2015-06-14 03:34:02.234900+0000', '2015-06-14 04:39:33.621500+0000');
INSERT INTO "neap"."video"(video_id, stream_id, title, type, description, status, tags, topic_id, topic, media_info, preview, views, created_at, updated_at)
    VALUES ('7a46a7db-9a76-45aa-84ef-efd81801adc5', '3a125261-59de-4362-8f3c-eedd882ad64f', 'The origins of Theology', 'record', 'The origins of Theology', '', '[]', 'd2ea25fc-eb67-4c63-86d0-58ba2ce51b56', 'Theology', '{"width":720,"height":400,"bitrate":581.63}', '', '573', '2015-06-15 11:11:41.783600+0000', '2015-06-17 16:51:47.794700+0000');
INSERT INTO "neap"."stream"(stream_id, channel_id, title, topic_id, topic, media_info, viewers, created_at, updated_at, ended_at)
    VALUES ('f5fe8027-9fc3-4873-9ab0-9b450ccd2a18', '21748e39-46eb-402f-b917-56e6ecf48805', 'Clay goes live!', 'd2ea25fc-eb67-4c63-86d0-58ba2ce51b56', 'Theology', '{"width":1920,"height":1080,"bitrate":2968.4}', 1582, '2015-10-29 04:06:24.116500+0000', '2015-10-29 09:44:58.429900+0000', '2015-10-29 09:50:05.886200+0000');
INSERT INTO "neap"."stream"(stream_id, channel_id, title, topic_id, topic, media_info, viewers, created_at, updated_at, ended_at)
    VALUES ('41a36df5-4a0b-4f69-a717-e194b3698655', '21748e39-46eb-402f-b917-56e6ecf48805', 'Relax stream', 'd2ea25fc-eb67-4c63-86d0-58ba2ce51b56', 'Theology', '{"width":720,"height":400,"bitrate":501.77}', 692, '2015-07-09 17:04:17.425000+0000', '2015-07-09 19:28:39.419600+0000', '2015-07-09 20:04:23.269800+0000');
INSERT INTO "neap"."stream"(stream_id, channel_id, title, topic_id, topic, media_info, viewers, created_at, updated_at, ended_at)
    VALUES ('19e670b9-7659-4671-a52e-7daa8e6a0bff', '21748e39-46eb-402f-b917-56e6ecf48805', 'Today is Video games day', '48e535f7-dba1-4d59-aac3-4c6cced32d6c', 'Video games', '{"width":1920,"height":1080,"bitrate":3246.61}', 677, '2015-07-28 21:28:40.714200+0000', '2015-07-28 22:18:03.244600+0000', '2015-07-28 22:19:23.813200+0000');
INSERT INTO "neap"."video"(video_id, stream_id, title, type, description, status, tags, topic_id, topic, media_info, preview, views, created_at, updated_at)
    VALUES ('e0afbc8f-f8a0-4697-a3b4-aa8ddc0a9b19', '19e670b9-7659-4671-a52e-7daa8e6a0bff', 'Today is Video games day', 'record', 'Today is Video games day', '', '[]', '48e535f7-dba1-4d59-aac3-4c6cced32d6c', 'Video games', '{"width":1920,"height":1080,"bitrate":1809.48}', '', '22061', '2015-09-13 17:12:00.468600+0000', '2015-09-19 01:29:23.547800+0000');
INSERT INTO "neap"."user"(user_id, channel_id, type, username, email, password, display_name, logo, bio, created_at, updated_at)
    VALUES ('2ad88577-2aa6-497c-9bd3-f4ec14bc7f14', '828e8323-08d0-4e95-9150-cbffd3bdaa54', 'user', 'cheyenne', 'cheyenne@neap.io', '$2y$10$w1jKkzXEdA5vLnTMmrhEMuxmKpGctULY0OA4lKBtOvuGJxgdeapIK', 'Cheyenne', 'https://gravatar.com/avatar/3dbcd08b4088c525a30c45d6246a2240?s=128&d=identicon', null, '2015-09-10 07:05:40.401000+0000', '2015-09-24 20:53:28.602000+0000');
INSERT INTO "neap"."channel"(channel_id, user_id, chat_id, name, display_name, topic, language, views, followers)
    VALUES ('828e8323-08d0-4e95-9150-cbffd3bdaa54', '2ad88577-2aa6-497c-9bd3-f4ec14bc7f14', '8e4eb776-a339-4a32-b2f5-4f66fec42c06', 'cheyenne', 'Cheyenne Channel', 'Theology', 'en', 32821, 120);
INSERT INTO "neap"."chat"(chat_id, channel_id, name)
    VALUES ('8e4eb776-a339-4a32-b2f5-4f66fec42c06', '828e8323-08d0-4e95-9150-cbffd3bdaa54', 'cheyenne');
INSERT INTO "neap"."stream"(stream_id, channel_id, title, topic_id, topic, media_info, viewers, created_at, updated_at, ended_at)
    VALUES ('963b986f-82f7-406c-a474-b64019cac73a', '828e8323-08d0-4e95-9150-cbffd3bdaa54', 'Cheyenne goes live!', '48e535f7-dba1-4d59-aac3-4c6cced32d6c', 'Video games', '{"width":720,"height":400,"bitrate":610.2}', 1775, '2015-10-20 03:50:14.102000+0000', '2015-10-20 03:51:56.057700+0000', '2015-10-20 03:55:11.379000+0000');
INSERT INTO "neap"."video"(video_id, stream_id, title, type, description, status, tags, topic_id, topic, media_info, preview, views, created_at, updated_at)
    VALUES ('60c4b5af-90c6-46f0-acc8-bf53cd545646', '963b986f-82f7-406c-a474-b64019cac73a', 'Cheyenne goes live!', 'record', 'Cheyenne goes live!', '', '[]', '48e535f7-dba1-4d59-aac3-4c6cced32d6c', 'Video games', '{"width":720,"height":400,"bitrate":787.67}', '', '26633', '2015-10-26 07:53:50.745500+0000', '2015-10-29 17:09:59.622600+0000');
INSERT INTO "neap"."video"(video_id, stream_id, title, type, description, status, tags, topic_id, topic, media_info, preview, views, created_at, updated_at)
    VALUES ('5c77c219-f784-4f99-a922-3ee6fb5e1bd3', '963b986f-82f7-406c-a474-b64019cac73a', 'Cheyenne goes live!', 'highlight', 'Cheyenne goes live!', '', '[]', '48e535f7-dba1-4d59-aac3-4c6cced32d6c', 'Video games', '{"width":720,"height":400,"bitrate":771.86}', '', '8141', '2015-10-23 01:17:03.597500+0000', '2015-10-23 17:34:09.032600+0000');
INSERT INTO "neap"."stream"(stream_id, channel_id, title, topic_id, topic, media_info, viewers, created_at, updated_at, ended_at)
    VALUES ('1d7bcef1-f05f-49ba-8e9f-dc97e3603423', '828e8323-08d0-4e95-9150-cbffd3bdaa54', 'Biology?? Yeah, Biology!', 'd4f06d27-2693-4552-bd85-d9875651ce39', 'Biology', '{"width":1280,"height":720,"bitrate":1089.91}', 1115, '2015-10-26 00:01:43.820300+0000', '2015-10-26 03:03:50.839800+0000', '2015-10-26 03:44:26.462200+0000');
INSERT INTO "neap"."video"(video_id, stream_id, title, type, description, status, tags, topic_id, topic, media_info, preview, views, created_at, updated_at)
    VALUES ('829f1655-8356-495e-8293-eb94a5ca17dd', '1d7bcef1-f05f-49ba-8e9f-dc97e3603423', 'Biology?? Yeah, Biology!', 'record', 'Biology?? Yeah, Biology!', '', '[]', 'd4f06d27-2693-4552-bd85-d9875651ce39', 'Biology', '{"width":1280,"height":720,"bitrate":1077.27}', '', '3660', '2015-10-26 23:04:47.529600+0000', '2015-10-28 01:45:24.503100+0000');
INSERT INTO "neap"."stream"(stream_id, channel_id, title, topic_id, topic, media_info, viewers, created_at, updated_at, ended_at)
    VALUES ('b6456bf3-d267-4c5b-b8c7-65f1104a1d96', '828e8323-08d0-4e95-9150-cbffd3bdaa54', 'Cheyenne goes live!', '48e535f7-dba1-4d59-aac3-4c6cced32d6c', 'Video games', '{"width":1920,"height":1080,"bitrate":3393.82}', 217, '2015-10-27 01:57:44.358200+0000', '2015-10-27 09:34:22.813500+0000', '2015-10-27 10:28:37.923600+0000');
INSERT INTO "neap"."video"(video_id, stream_id, title, type, description, status, tags, topic_id, topic, media_info, preview, views, created_at, updated_at)
    VALUES ('5bb76a29-3744-44e8-a8c2-8ca22a7b0b46', 'b6456bf3-d267-4c5b-b8c7-65f1104a1d96', 'Cheyenne goes live!', 'record', 'Cheyenne goes live!', '', '[]', '48e535f7-dba1-4d59-aac3-4c6cced32d6c', 'Video games', '{"width":1920,"height":1080,"bitrate":2555.59}', '', '32972', '2015-10-28 16:07:09.627300+0000', '2015-10-29 23:40:53.586800+0000');
INSERT INTO "neap"."stream"(stream_id, channel_id, title, topic_id, topic, media_info, viewers, created_at, updated_at, ended_at)
    VALUES ('3bcb648f-bffe-4b93-b239-719f4fbbce02', '828e8323-08d0-4e95-9150-cbffd3bdaa54', 'The origins of Biology', 'd4f06d27-2693-4552-bd85-d9875651ce39', 'Biology', '{"width":1280,"height":720,"bitrate":1074.29}', 1219, '2015-09-22 23:57:53.152800+0000', '2015-09-23 05:05:09.234100+0000', '2015-09-23 05:27:02.680200+0000');
INSERT INTO "neap"."video"(video_id, stream_id, title, type, description, status, tags, topic_id, topic, media_info, preview, views, created_at, updated_at)
    VALUES ('def92ebc-eb91-48ea-9352-7d7e7d989226', '3bcb648f-bffe-4b93-b239-719f4fbbce02', 'The origins of Biology', 'record', 'The origins of Biology', '', '[]', 'd4f06d27-2693-4552-bd85-d9875651ce39', 'Biology', '{"width":1280,"height":720,"bitrate":1269.63}', '', '2313', '2015-10-28 11:54:28.604000+0000', '2015-10-28 19:24:04.918600+0000');
INSERT INTO "neap"."video"(video_id, stream_id, title, type, description, status, tags, topic_id, topic, media_info, preview, views, created_at, updated_at)
    VALUES ('d6875e14-dbe2-4383-8df0-257a32febd27', '3bcb648f-bffe-4b93-b239-719f4fbbce02', 'The origins of Biology', 'record', 'The origins of Biology', '', '[]', 'd4f06d27-2693-4552-bd85-d9875651ce39', 'Biology', '{"width":1280,"height":720,"bitrate":1494.97}', '', '37651', '2015-10-28 22:23:57.061700+0000', '2015-10-31 04:37:33.587000+0000');
INSERT INTO "neap"."stream"(stream_id, channel_id, title, topic_id, topic, media_info, viewers, created_at, updated_at, ended_at)
    VALUES ('2a56caac-a999-42ef-abd2-02724417a7ef', '828e8323-08d0-4e95-9150-cbffd3bdaa54', 'Cheyenne goes live!', '1cae4612-f178-4a0e-b3af-343a88b99638', 'Science', '{"width":720,"height":400,"bitrate":586.7}', 901, '2015-10-04 10:54:10.950800+0000', '2015-10-04 11:51:04.776100+0000', '2015-10-04 12:55:29.966000+0000');
INSERT INTO "neap"."video"(video_id, stream_id, title, type, description, status, tags, topic_id, topic, media_info, preview, views, created_at, updated_at)
    VALUES ('de726507-8023-4cf7-b32d-3c0636f8eb31', '2a56caac-a999-42ef-abd2-02724417a7ef', 'Cheyenne goes live!', 'record', 'Cheyenne goes live!', '', '[]', '1cae4612-f178-4a0e-b3af-343a88b99638', 'Science', '{"width":720,"height":400,"bitrate":690.78}', '', '39105', '2015-10-20 02:27:22.426800+0000', '2015-10-20 08:39:56.402600+0000');
INSERT INTO "neap"."video"(video_id, stream_id, title, type, description, status, tags, topic_id, topic, media_info, preview, views, created_at, updated_at)
    VALUES ('1e52e906-ab45-46a2-bc94-9311c09c2e43', '2a56caac-a999-42ef-abd2-02724417a7ef', 'Cheyenne goes live!', 'record', 'Cheyenne goes live!', '', '[]', '1cae4612-f178-4a0e-b3af-343a88b99638', 'Science', '{"width":720,"height":400,"bitrate":705.72}', '', '991', '2015-10-21 22:20:04.795500+0000', '2015-10-22 18:54:28.973500+0000');
INSERT INTO "neap"."stream"(stream_id, channel_id, title, topic_id, topic, media_info, viewers, created_at, updated_at, ended_at)
    VALUES ('2040b5ba-269c-4a73-8d7b-1269ed76a48f', '828e8323-08d0-4e95-9150-cbffd3bdaa54', 'Come on and have fun with Cheyenne!', 'e9af2f53-d2dd-4e32-9dea-26d6ac21bcb8', 'Astrology', '{"width":1920,"height":1080,"bitrate":2802.42}', 1334, '2015-09-22 02:31:29.615300+0000', '2015-09-22 02:50:54.869100+0000', '2015-09-22 04:38:30.591700+0000');
INSERT INTO "neap"."stream"(stream_id, channel_id, title, topic_id, topic, media_info, viewers, created_at, updated_at, ended_at)
    VALUES ('9552108e-a377-41e3-a5cd-1cf6d263fa38', '828e8323-08d0-4e95-9150-cbffd3bdaa54', 'Come on and have fun with Cheyenne!', 'd4f06d27-2693-4552-bd85-d9875651ce39', 'Biology', '{"width":720,"height":400,"bitrate":594.53}', 179, '2015-09-22 23:50:36.088100+0000', '2015-09-23 05:51:21.806700+0000', '2015-09-23 05:58:48.373600+0000');
INSERT INTO "neap"."video"(video_id, stream_id, title, type, description, status, tags, topic_id, topic, media_info, preview, views, created_at, updated_at)
    VALUES ('92d633f7-5672-4619-8f4f-2e1b52c75748', '9552108e-a377-41e3-a5cd-1cf6d263fa38', 'Come on and have fun with Cheyenne!', 'record', 'Come on and have fun with Cheyenne!', '', '[]', 'd4f06d27-2693-4552-bd85-d9875651ce39', 'Biology', '{"width":720,"height":400,"bitrate":711.04}', '', '15915', '2015-10-03 18:48:21.389500+0000', '2015-10-04 01:35:44.287900+0000');
INSERT INTO "neap"."video"(video_id, stream_id, title, type, description, status, tags, topic_id, topic, media_info, preview, views, created_at, updated_at)
    VALUES ('6fdd932d-b38c-4a66-b11b-b668b5351586', '9552108e-a377-41e3-a5cd-1cf6d263fa38', 'Come on and have fun with Cheyenne!', 'record', 'Come on and have fun with Cheyenne!', '', '[]', 'd4f06d27-2693-4552-bd85-d9875651ce39', 'Biology', '{"width":720,"height":400,"bitrate":585.34}', '', '33359', '2015-10-10 20:42:19.043300+0000', '2015-10-10 22:08:51.322700+0000');
INSERT INTO "neap"."stream"(stream_id, channel_id, title, topic_id, topic, media_info, viewers, created_at, updated_at, ended_at)
    VALUES ('23b5a975-47a4-4284-a0e5-43843f36a978', '828e8323-08d0-4e95-9150-cbffd3bdaa54', 'Come on and have fun with Cheyenne!', '35fa82dc-ed25-47fb-b6cd-58ae8a151f60', 'Philosophy', '{"width":720,"height":400,"bitrate":604.33}', 227, '2015-11-01 06:28:18.186100+0000', '2015-11-01 06:53:49.400600+0000', '2015-11-01 07:43:28.302900+0000');
INSERT INTO "neap"."video"(video_id, stream_id, title, type, description, status, tags, topic_id, topic, media_info, preview, views, created_at, updated_at)
    VALUES ('438e7eb8-c335-49fb-a6b5-2e19452a3a6a', '23b5a975-47a4-4284-a0e5-43843f36a978', 'Come on and have fun with Cheyenne!', 'record', 'Come on and have fun with Cheyenne!', '', '[]', '35fa82dc-ed25-47fb-b6cd-58ae8a151f60', 'Philosophy', '{"width":720,"height":400,"bitrate":762.6}', '', '7314', '2015-11-01 09:59:16.075800+0000', '2015-11-02 10:27:19.291400+0000');
INSERT INTO "neap"."user"(user_id, channel_id, type, username, email, password, display_name, logo, bio, created_at, updated_at)
    VALUES ('fa614ba9-9822-4a0e-8a1d-846ebb3a80b5', '5b845f25-0d0b-4e05-a398-ca0499162af5', 'user', 'avianna', 'avianna@neap.io', '$2y$10$vUn/N9ZHy7NRKmEchgf68.vx27GPUCNdHOitQ8BCaP44dPbxLSx5e', 'Avianna', 'https://gravatar.com/avatar/3e89c6bfd243f0a73db3924d1e3b1198?s=128&d=identicon', null, '2015-03-01 01:59:20.693700+0000', '2015-03-17 14:26:03.984000+0000');
INSERT INTO "neap"."channel"(channel_id, user_id, chat_id, name, display_name, topic, language, views, followers)
    VALUES ('5b845f25-0d0b-4e05-a398-ca0499162af5', 'fa614ba9-9822-4a0e-8a1d-846ebb3a80b5', 'c20d86b9-0687-49fa-bb1a-27516a6fa838', 'avianna', 'Avianna Channel', 'Science', 'en', 75184, 74);
INSERT INTO "neap"."chat"(chat_id, channel_id, name)
    VALUES ('c20d86b9-0687-49fa-bb1a-27516a6fa838', '5b845f25-0d0b-4e05-a398-ca0499162af5', 'avianna');
INSERT INTO "neap"."stream"(stream_id, channel_id, title, topic_id, topic, media_info, viewers, created_at, updated_at, ended_at)
    VALUES ('c1d8c507-7666-45fb-a3e2-fde1dca443a2', '5b845f25-0d0b-4e05-a398-ca0499162af5', 'Fun with Astrology and Avianna', 'e9af2f53-d2dd-4e32-9dea-26d6ac21bcb8', 'Astrology', '{"width":1920,"height":1080,"bitrate":2968.05}', 55788, '2015-03-01 23:34:04.711100+0000', '2015-03-02 00:15:04.998500+0000', '2015-03-02 01:47:46.136600+0000');
INSERT INTO "neap"."video"(video_id, stream_id, title, type, description, status, tags, topic_id, topic, media_info, preview, views, created_at, updated_at)
    VALUES ('9242c705-ec9f-40b6-9d27-54bd62d50a2d', 'c1d8c507-7666-45fb-a3e2-fde1dca443a2', 'Fun with Astrology and Avianna', 'highlight', 'Fun with Astrology and Avianna', '', '[]', 'e9af2f53-d2dd-4e32-9dea-26d6ac21bcb8', 'Astrology', '{"width":1920,"height":1080,"bitrate":2252.97}', '', '20741', '2015-06-29 04:50:31.349000+0000', '2015-06-29 13:29:42.248000+0000');
INSERT INTO "neap"."video"(video_id, stream_id, title, type, description, status, tags, topic_id, topic, media_info, preview, views, created_at, updated_at)
    VALUES ('306121b9-1d15-4131-8663-f1ac564f806d', 'c1d8c507-7666-45fb-a3e2-fde1dca443a2', 'Fun with Astrology and Avianna', 'record', 'Fun with Astrology and Avianna', '', '[]', 'e9af2f53-d2dd-4e32-9dea-26d6ac21bcb8', 'Astrology', '{"width":1920,"height":1080,"bitrate":1748.73}', '', '25122', '2015-04-16 10:05:59.658000+0000', '2015-04-16 11:12:54.184700+0000');
INSERT INTO "neap"."stream"(stream_id, channel_id, title, topic_id, topic, media_info, viewers, created_at, updated_at, ended_at)
    VALUES ('d1dc5e73-7247-44e7-9942-0a8769b78e08', '5b845f25-0d0b-4e05-a398-ca0499162af5', 'Come on and have fun with Avianna!', '48e535f7-dba1-4d59-aac3-4c6cced32d6c', 'Video games', '{"width":1920,"height":1080,"bitrate":2718.73}', 864, '2015-07-06 10:18:47.512800+0000', '2015-07-06 11:06:31.580300+0000', '2015-07-06 11:08:41.039200+0000');
INSERT INTO "neap"."video"(video_id, stream_id, title, type, description, status, tags, topic_id, topic, media_info, preview, views, created_at, updated_at)
    VALUES ('846fcd28-50d6-4029-870c-2af847c2ed2a', 'd1dc5e73-7247-44e7-9942-0a8769b78e08', 'Come on and have fun with Avianna!', 'record', 'Come on and have fun with Avianna!', '', '[]', '48e535f7-dba1-4d59-aac3-4c6cced32d6c', 'Video games', '{"width":1920,"height":1080,"bitrate":2956.68}', '', '39444', '2015-08-06 04:56:24.429900+0000', '2015-08-07 04:48:55.040000+0000');
INSERT INTO "neap"."stream"(stream_id, channel_id, title, topic_id, topic, media_info, viewers, created_at, updated_at, ended_at)
    VALUES ('0833c78b-638a-44c2-933b-ceb2d53ec8a2', '5b845f25-0d0b-4e05-a398-ca0499162af5', 'Avianna goes live!', '35fa82dc-ed25-47fb-b6cd-58ae8a151f60', 'Philosophy', '{"width":1280,"height":720,"bitrate":810.6}', 529, '2015-09-16 03:01:19.357100+0000', '2015-09-16 03:22:43.207900+0000', '2015-09-16 03:23:42.478200+0000');
INSERT INTO "neap"."video"(video_id, stream_id, title, type, description, status, tags, topic_id, topic, media_info, preview, views, created_at, updated_at)
    VALUES ('d5b50aca-a3f5-47f9-8ea1-18ecc1f86730', '0833c78b-638a-44c2-933b-ceb2d53ec8a2', 'Avianna goes live!', 'record', 'Avianna goes live!', '', '[]', '35fa82dc-ed25-47fb-b6cd-58ae8a151f60', 'Philosophy', '{"width":1280,"height":720,"bitrate":1250.93}', '', '9186', '2015-10-25 18:43:22.655900+0000', '2015-10-26 11:18:01.793100+0000');
INSERT INTO "neap"."user"(user_id, channel_id, type, username, email, password, display_name, logo, bio, created_at, updated_at)
    VALUES ('dc9943ec-f7b9-4d07-9204-98dc2a0ff312', '429599a7-5c56-47da-8565-ea51a97ba852', 'user', 'braeden', 'braeden@neap.io', '$2y$10$.K8SPXL8LNfGXp/cTOK6YeFzivhis0A5CC6lqx72z9Jht4tHpESI.', 'Braeden', 'https://gravatar.com/avatar/b4b10ea0bdda9e38bdfd05b2f40351d9?s=128&d=identicon', null, '2015-06-08 18:38:39.846900+0000', '2015-08-18 19:58:50.219000+0000');
INSERT INTO "neap"."channel"(channel_id, user_id, chat_id, name, display_name, topic, language, views, followers)
    VALUES ('429599a7-5c56-47da-8565-ea51a97ba852', 'dc9943ec-f7b9-4d07-9204-98dc2a0ff312', '6f0f9491-1f9b-4158-bc3c-314a965f0456', 'braeden', 'Braeden Channel', 'Theology', 'en', 31617, 132);
INSERT INTO "neap"."chat"(chat_id, channel_id, name)
    VALUES ('6f0f9491-1f9b-4158-bc3c-314a965f0456', '429599a7-5c56-47da-8565-ea51a97ba852', 'braeden');
INSERT INTO "neap"."user"(user_id, channel_id, type, username, email, password, display_name, logo, bio, created_at, updated_at)
    VALUES ('568a55ee-bc8f-4ce2-8d97-3fd090295811', '60679303-e7a6-41ce-bbfa-16ee4426b183', 'user', 'diamond', 'diamond@neap.io', '$2y$10$1ByiOqC7AX/JUASyuIvMUemDtffiCNqqCnTBSrvGyUyNAwuYJkhWu', 'Diamond', 'https://gravatar.com/avatar/cd5c580414642b6ccca1220c094dda80?s=128&d=identicon', null, '2015-10-18 23:51:36.569300+0000', '2015-10-28 12:56:18.413900+0000');
INSERT INTO "neap"."channel"(channel_id, user_id, chat_id, name, display_name, topic, language, views, followers)
    VALUES ('60679303-e7a6-41ce-bbfa-16ee4426b183', '568a55ee-bc8f-4ce2-8d97-3fd090295811', '9dda4694-3446-4757-b7eb-88b28b28d2b4', 'diamond', 'Diamond Channel', 'Astrology', 'en', 67191, 41);
INSERT INTO "neap"."chat"(chat_id, channel_id, name)
    VALUES ('9dda4694-3446-4757-b7eb-88b28b28d2b4', '60679303-e7a6-41ce-bbfa-16ee4426b183', 'diamond');
INSERT INTO "neap"."stream"(stream_id, channel_id, title, topic_id, topic, media_info, viewers, created_at, updated_at, ended_at)
    VALUES ('bf67dd6c-4364-4a40-ac8a-ca04b24f5fe3', '60679303-e7a6-41ce-bbfa-16ee4426b183', 'Diamond goes live!', '5f6c7ec0-84ab-4d8e-a2d7-ff1887b55d6e', 'History', '{"width":720,"height":400,"bitrate":522.56}', 175, '2015-10-30 01:43:50.939900+0000', '2015-10-30 02:01:30.245100+0000', '2015-10-30 02:07:35.952400+0000');
INSERT INTO "neap"."video"(video_id, stream_id, title, type, description, status, tags, topic_id, topic, media_info, preview, views, created_at, updated_at)
    VALUES ('f1a6817c-4244-4c03-acf8-20b094fe0dbf', 'bf67dd6c-4364-4a40-ac8a-ca04b24f5fe3', 'Diamond goes live!', 'record', 'Diamond goes live!', '', '[]', '5f6c7ec0-84ab-4d8e-a2d7-ff1887b55d6e', 'History', '{"width":720,"height":400,"bitrate":763.49}', '', '39805', '2015-10-31 16:42:38.431500+0000', '2015-11-01 02:14:21.771000+0000');
INSERT INTO "neap"."video"(video_id, stream_id, title, type, description, status, tags, topic_id, topic, media_info, preview, views, created_at, updated_at)
    VALUES ('a6d5a5be-a9bc-4d9a-8a48-aa675973109f', 'bf67dd6c-4364-4a40-ac8a-ca04b24f5fe3', 'Diamond goes live!', 'record', 'Diamond goes live!', '', '[]', '5f6c7ec0-84ab-4d8e-a2d7-ff1887b55d6e', 'History', '{"width":720,"height":400,"bitrate":545.92}', '', '30838', '2015-11-01 03:59:12.131200+0000', '2015-11-04 12:00:21.909100+0000');
INSERT INTO "neap"."user"(user_id, channel_id, type, username, email, password, display_name, logo, bio, created_at, updated_at)
    VALUES ('a91f7b05-f54d-4fe4-a5d2-135601b0c916', 'd2399c21-1433-4d73-add2-bd258985d387', 'user', 'ryleigh', 'ryleigh@neap.io', '$2y$10$5SJYu57dQHfZwSyFx75ddeW0011x0tCV.HPGy42kK83Vh89PmYsJ6', 'Ryleigh', 'https://gravatar.com/avatar/90c7a1d51b6e1a708e7b6eeba9a79d90?s=128&d=identicon', null, '2015-01-29 07:02:10.412400+0000', '2015-07-16 09:45:06.434500+0000');
INSERT INTO "neap"."channel"(channel_id, user_id, chat_id, name, display_name, topic, language, views, followers)
    VALUES ('d2399c21-1433-4d73-add2-bd258985d387', 'a91f7b05-f54d-4fe4-a5d2-135601b0c916', '0b42c503-feb3-4fb2-a553-c01e4c53b3f9', 'ryleigh', 'Ryleigh Channel', 'Science', 'en', 26610, 122);
INSERT INTO "neap"."chat"(chat_id, channel_id, name)
    VALUES ('0b42c503-feb3-4fb2-a553-c01e4c53b3f9', 'd2399c21-1433-4d73-add2-bd258985d387', 'ryleigh');
INSERT INTO "neap"."stream"(stream_id, channel_id, title, topic_id, topic, media_info, viewers, created_at, updated_at, ended_at)
    VALUES ('f199a1f3-2b15-4b4a-90a5-b83b6073bbd0', 'd2399c21-1433-4d73-add2-bd258985d387', 'History?? Yeah, History!', '5f6c7ec0-84ab-4d8e-a2d7-ff1887b55d6e', 'History', '{"width":1280,"height":720,"bitrate":1195.32}', 807, '2015-10-28 05:47:23.848500+0000', '2015-10-28 06:50:32.820600+0000', '2015-10-28 06:56:09.754000+0000');
INSERT INTO "neap"."video"(video_id, stream_id, title, type, description, status, tags, topic_id, topic, media_info, preview, views, created_at, updated_at)
    VALUES ('f2077fa4-68e9-4eb8-b78b-2f635148832e', 'f199a1f3-2b15-4b4a-90a5-b83b6073bbd0', 'History?? Yeah, History!', 'record', 'History?? Yeah, History!', '', '[]', '5f6c7ec0-84ab-4d8e-a2d7-ff1887b55d6e', 'History', '{"width":1280,"height":720,"bitrate":946.79}', '', '4628', '2015-11-01 08:24:30.701600+0000', '2015-11-03 06:46:39.811900+0000');
INSERT INTO "neap"."stream"(stream_id, channel_id, title, topic_id, topic, media_info, viewers, created_at, updated_at, ended_at)
    VALUES ('08e335fe-e9dc-4e44-83fa-d0c1935abe87', 'd2399c21-1433-4d73-add2-bd258985d387', 'Relax stream', '48e535f7-dba1-4d59-aac3-4c6cced32d6c', 'Video games', '{"width":1920,"height":1080,"bitrate":1550.33}', 160, '2015-08-07 22:30:45.988700+0000', '2015-08-08 00:27:51.061300+0000', '2015-08-08 00:58:10.564000+0000');
INSERT INTO "neap"."stream"(stream_id, channel_id, title, topic_id, topic, media_info, viewers, created_at, updated_at, ended_at)
    VALUES ('7c2cc2f2-84d2-4d3c-98b9-d16e87e3202a', 'd2399c21-1433-4d73-add2-bd258985d387', 'Mathematics?? Yeah, Mathematics!', '284b3091-455d-4476-ae67-442a19d153d4', 'Mathematics', '{"width":1920,"height":1080,"bitrate":2440.98}', 1333, '2015-09-01 20:14:18.960500+0000', '2015-09-02 00:18:16.542500+0000', '2015-09-02 01:35:28.623200+0000');
INSERT INTO "neap"."stream"(stream_id, channel_id, title, topic_id, topic, media_info, viewers, created_at, updated_at, ended_at)
    VALUES ('94e1dcc9-afb1-4c9d-b167-32425178accf', 'd2399c21-1433-4d73-add2-bd258985d387', 'Come on and have fun with Ryleigh!', 'd4f06d27-2693-4552-bd85-d9875651ce39', 'Biology', '{"width":1280,"height":720,"bitrate":1207.95}', 1425, '2015-03-22 07:47:54.488300+0000', '2015-03-22 12:47:38.916600+0000', '2015-03-22 12:59:30.389300+0000');
INSERT INTO "neap"."video"(video_id, stream_id, title, type, description, status, tags, topic_id, topic, media_info, preview, views, created_at, updated_at)
    VALUES ('f9c8adae-c040-4a82-b55b-ace846358682', '94e1dcc9-afb1-4c9d-b167-32425178accf', 'Come on and have fun with Ryleigh!', 'record', 'Come on and have fun with Ryleigh!', '', '[]', 'd4f06d27-2693-4552-bd85-d9875651ce39', 'Biology', '{"width":1280,"height":720,"bitrate":1240.35}', '', '10885', '2015-04-08 06:12:14.881800+0000', '2015-04-10 21:26:58.333500+0000');
INSERT INTO "neap"."stream"(stream_id, channel_id, title, topic_id, topic, media_info, viewers, created_at, updated_at, ended_at)
    VALUES ('2f4a847a-dced-44d5-88f3-4e9c6876ba7a', 'd2399c21-1433-4d73-add2-bd258985d387', 'Relax stream', 'e9af2f53-d2dd-4e32-9dea-26d6ac21bcb8', 'Astrology', '{"width":720,"height":400,"bitrate":603.28}', 1006, '2015-02-12 02:18:14.817900+0000', '2015-02-12 02:19:40.843800+0000', '2015-02-12 03:05:14.066200+0000');
INSERT INTO "neap"."user"(user_id, channel_id, type, username, email, password, display_name, logo, bio, created_at, updated_at)
    VALUES ('41909f39-a885-43c3-b371-3035894bd284', '97c40aeb-1aa1-481f-adae-b168e2a1f285', 'user', 'rachel', 'rachel@neap.io', '$2y$10$ApRsZiYBZdWk9EBKyRZbou/koay6hTIWoslFTcAGk0GiKqAzhUHf6', 'Rachel', 'https://gravatar.com/avatar/b4457b42b0ea8e1b13784b6fb170b8a1?s=128&d=identicon', null, '2015-09-13 22:18:53.343900+0000', '2015-10-28 16:01:25.290100+0000');
INSERT INTO "neap"."channel"(channel_id, user_id, chat_id, name, display_name, topic, language, views, followers)
    VALUES ('97c40aeb-1aa1-481f-adae-b168e2a1f285', '41909f39-a885-43c3-b371-3035894bd284', 'ad632bf5-91b5-4bd6-bb34-a02f7d483c27', 'rachel', 'Rachel Channel', 'Photography', 'en', 35824, 17);
INSERT INTO "neap"."chat"(chat_id, channel_id, name)
    VALUES ('ad632bf5-91b5-4bd6-bb34-a02f7d483c27', '97c40aeb-1aa1-481f-adae-b168e2a1f285', 'rachel');
INSERT INTO "neap"."stream"(stream_id, channel_id, title, topic_id, topic, media_info, viewers, created_at, updated_at, ended_at)
    VALUES ('aebad768-fb9d-421d-b90e-8e17056653c7', '97c40aeb-1aa1-481f-adae-b168e2a1f285', 'Relax stream', '994391cf-d41e-46f4-b6eb-ce53824e3a0c', 'Litterature', '{"width":720,"height":400,"bitrate":611.59}', 341, '2015-10-31 06:39:05.277800+0000', '2015-10-31 07:55:16.079600+0000', '2015-10-31 08:42:32.034600+0000');
INSERT INTO "neap"."video"(video_id, stream_id, title, type, description, status, tags, topic_id, topic, media_info, preview, views, created_at, updated_at)
    VALUES ('31f7434b-529b-42fc-9a50-97fcff3ebe19', 'aebad768-fb9d-421d-b90e-8e17056653c7', 'Relax stream', 'record', 'Relax stream', '', '[]', '994391cf-d41e-46f4-b6eb-ce53824e3a0c', 'Litterature', '{"width":720,"height":400,"bitrate":505.88}', '', '36167', '2015-11-01 15:38:37.453300+0000', '2015-11-01 15:43:56.904900+0000');
INSERT INTO "neap"."video"(video_id, stream_id, title, type, description, status, tags, topic_id, topic, media_info, preview, views, created_at, updated_at)
    VALUES ('e53c2d85-95f1-4548-a6d8-1b0475a17446', 'aebad768-fb9d-421d-b90e-8e17056653c7', 'Relax stream', 'record', 'Relax stream', '', '[]', '994391cf-d41e-46f4-b6eb-ce53824e3a0c', 'Litterature', '{"width":720,"height":400,"bitrate":645.72}', '', '34599', '2015-10-31 07:24:51.877700+0000', '2015-10-31 15:39:24.292600+0000');
INSERT INTO "neap"."stream"(stream_id, channel_id, title, topic_id, topic, media_info, viewers, created_at, updated_at, ended_at)
    VALUES ('92aaea1f-ec8f-4803-a624-798a8c701147', '97c40aeb-1aa1-481f-adae-b168e2a1f285', 'Fun with Mathematics and Rachel', '284b3091-455d-4476-ae67-442a19d153d4', 'Mathematics', '{"width":1920,"height":1080,"bitrate":1602.27}', 440, '2015-10-04 23:34:31.309100+0000', '2015-10-05 02:07:31.460300+0000', '2015-10-05 02:48:55.738200+0000');
INSERT INTO "neap"."stream"(stream_id, channel_id, title, topic_id, topic, media_info, viewers, created_at, updated_at, ended_at)
    VALUES ('6b538ce0-c044-422e-a4b6-b67f88f7f551', '97c40aeb-1aa1-481f-adae-b168e2a1f285', 'Fun with Mathematics and Rachel', '284b3091-455d-4476-ae67-442a19d153d4', 'Mathematics', '{"width":1920,"height":1080,"bitrate":2437.79}', 1680, '2015-09-21 16:55:30.271600+0000', '2015-09-21 21:27:10.451800+0000', '2015-09-21 22:00:28.112900+0000');
INSERT INTO "neap"."video"(video_id, stream_id, title, type, description, status, tags, topic_id, topic, media_info, preview, views, created_at, updated_at)
    VALUES ('36ed079e-9926-47e2-bcf2-cdbe15a5faab', '6b538ce0-c044-422e-a4b6-b67f88f7f551', 'Fun with Mathematics and Rachel', 'record', 'Fun with Mathematics and Rachel', '', '[]', '284b3091-455d-4476-ae67-442a19d153d4', 'Mathematics', '{"width":1920,"height":1080,"bitrate":3234.65}', '', '653', '2015-10-21 22:22:10.528800+0000', '2015-10-22 08:59:39.617900+0000');
INSERT INTO "neap"."stream"(stream_id, channel_id, title, topic_id, topic, media_info, viewers, created_at, updated_at, ended_at)
    VALUES ('5c7849e7-c4b0-4849-973c-84ca9e10ae72', '97c40aeb-1aa1-481f-adae-b168e2a1f285', 'Fun with Astrology and Rachel', 'e9af2f53-d2dd-4e32-9dea-26d6ac21bcb8', 'Astrology', '{"width":1280,"height":720,"bitrate":915.92}', 1360, '2015-09-17 23:26:39.285900+0000', '2015-09-18 05:17:03.599400+0000', '2015-09-18 05:21:48.020600+0000');
INSERT INTO "neap"."video"(video_id, stream_id, title, type, description, status, tags, topic_id, topic, media_info, preview, views, created_at, updated_at)
    VALUES ('e15e5e37-d6be-4354-965d-1e75b90742d6', '5c7849e7-c4b0-4849-973c-84ca9e10ae72', 'Fun with Astrology and Rachel', 'record', 'Fun with Astrology and Rachel', '', '[]', 'e9af2f53-d2dd-4e32-9dea-26d6ac21bcb8', 'Astrology', '{"width":1280,"height":720,"bitrate":1223.79}', '', '34045', '2015-10-14 13:32:49.168700+0000', '2015-10-18 00:58:08.325200+0000');
INSERT INTO "neap"."video"(video_id, stream_id, title, type, description, status, tags, topic_id, topic, media_info, preview, views, created_at, updated_at)
    VALUES ('71532c0d-032a-4a94-91ae-3f199941551a', '5c7849e7-c4b0-4849-973c-84ca9e10ae72', 'Fun with Astrology and Rachel', 'record', 'Fun with Astrology and Rachel', '', '[]', 'e9af2f53-d2dd-4e32-9dea-26d6ac21bcb8', 'Astrology', '{"width":1280,"height":720,"bitrate":901.58}', '', '20063', '2015-10-05 17:01:59.410400+0000', '2015-10-06 14:14:54.341800+0000');
INSERT INTO "neap"."user"(user_id, channel_id, type, username, email, password, display_name, logo, bio, created_at, updated_at)
    VALUES ('9b9b41de-be85-45b8-aa6f-a896f567e4a6', '94d60e64-67b7-4471-b2f3-e3036b8ef74c', 'user', 'sullivan', 'sullivan@neap.io', '$2y$10$K8mbKmh9S6YVwbDuTxf9.O0POZeBJORJ/hahsAyZrU1xcs3ztKut2', 'Sullivan', 'https://gravatar.com/avatar/90859ad638ceab5422789f142a71ae95?s=128&d=identicon', null, '2015-08-23 22:08:07.791500+0000', '2015-10-20 12:20:54.646700+0000');
INSERT INTO "neap"."channel"(channel_id, user_id, chat_id, name, display_name, topic, language, views, followers)
    VALUES ('94d60e64-67b7-4471-b2f3-e3036b8ef74c', '9b9b41de-be85-45b8-aa6f-a896f567e4a6', '8a50786d-327d-4838-b942-3e4c71a7c713', 'sullivan', 'Sullivan Channel', 'Astrology', 'en', 64871, 148);
INSERT INTO "neap"."chat"(chat_id, channel_id, name)
    VALUES ('8a50786d-327d-4838-b942-3e4c71a7c713', '94d60e64-67b7-4471-b2f3-e3036b8ef74c', 'sullivan');
INSERT INTO "neap"."stream"(stream_id, channel_id, title, topic_id, topic, media_info, viewers, created_at, updated_at, ended_at)
    VALUES ('80b4ecf6-c7d7-49a4-a625-71c323f1495b', '94d60e64-67b7-4471-b2f3-e3036b8ef74c', 'Sullivan goes live!', '35fa82dc-ed25-47fb-b6cd-58ae8a151f60', 'Philosophy', '{"width":1920,"height":1080,"bitrate":3384.51}', 1146, '2015-09-12 06:03:54.421000+0000', '2015-09-12 06:50:51.338200+0000', '2015-09-12 07:49:38.376700+0000');
INSERT INTO "neap"."stream"(stream_id, channel_id, title, topic_id, topic, media_info, viewers, created_at, updated_at, ended_at)
    VALUES ('ef59260d-6835-4cfc-9290-3189610c874f', '94d60e64-67b7-4471-b2f3-e3036b8ef74c', 'The origins of Philosophy', '35fa82dc-ed25-47fb-b6cd-58ae8a151f60', 'Philosophy', '{"width":1280,"height":720,"bitrate":1031.85}', 626, '2015-10-04 00:26:48.576400+0000', '2015-10-04 01:25:44.517400+0000', '2015-10-04 01:56:12.390100+0000');
INSERT INTO "neap"."video"(video_id, stream_id, title, type, description, status, tags, topic_id, topic, media_info, preview, views, created_at, updated_at)
    VALUES ('3db06603-cdd8-4396-96e6-4dc0a03a64db', 'ef59260d-6835-4cfc-9290-3189610c874f', 'The origins of Philosophy', 'record', 'The origins of Philosophy', '', '[]', '35fa82dc-ed25-47fb-b6cd-58ae8a151f60', 'Philosophy', '{"width":1280,"height":720,"bitrate":1030.16}', '', '22863', '2015-10-12 23:01:50.960700+0000', '2015-10-14 16:35:00.874700+0000');
INSERT INTO "neap"."video"(video_id, stream_id, title, type, description, status, tags, topic_id, topic, media_info, preview, views, created_at, updated_at)
    VALUES ('106ecb13-ffb6-4e3e-9e6f-85aa2544d2f3', 'ef59260d-6835-4cfc-9290-3189610c874f', 'The origins of Philosophy', 'record', 'The origins of Philosophy', '', '[]', '35fa82dc-ed25-47fb-b6cd-58ae8a151f60', 'Philosophy', '{"width":1280,"height":720,"bitrate":819.38}', '', '26444', '2015-10-23 06:00:31.826100+0000', '2015-10-26 07:25:45.551100+0000');
INSERT INTO "neap"."stream"(stream_id, channel_id, title, topic_id, topic, media_info, viewers, created_at, updated_at, ended_at)
    VALUES ('89bf5aac-7bf1-4247-87d9-bd73a6eefded', '94d60e64-67b7-4471-b2f3-e3036b8ef74c', 'Litterature?? Yeah, Litterature!', '994391cf-d41e-46f4-b6eb-ce53824e3a0c', 'Litterature', '{"width":1280,"height":720,"bitrate":1423.83}', 1518, '2015-10-22 14:06:45.544300+0000', '2015-10-22 18:04:35.036900+0000', '2015-10-22 19:38:34.040600+0000');
INSERT INTO "neap"."video"(video_id, stream_id, title, type, description, status, tags, topic_id, topic, media_info, preview, views, created_at, updated_at)
    VALUES ('9b560db0-d2f0-4079-a920-39605e9a24b3', '89bf5aac-7bf1-4247-87d9-bd73a6eefded', 'Litterature?? Yeah, Litterature!', 'record', 'Litterature?? Yeah, Litterature!', '', '[]', '994391cf-d41e-46f4-b6eb-ce53824e3a0c', 'Litterature', '{"width":1280,"height":720,"bitrate":826.05}', '', '20791', '2015-10-30 01:47:35.573500+0000', '2015-10-30 14:48:42.497200+0000');
INSERT INTO "neap"."video"(video_id, stream_id, title, type, description, status, tags, topic_id, topic, media_info, preview, views, created_at, updated_at)
    VALUES ('6b7b78cd-3aab-44bb-839b-6c3a5c0693f7', '89bf5aac-7bf1-4247-87d9-bd73a6eefded', 'Litterature?? Yeah, Litterature!', 'record', 'Litterature?? Yeah, Litterature!', '', '[]', '994391cf-d41e-46f4-b6eb-ce53824e3a0c', 'Litterature', '{"width":1280,"height":720,"bitrate":1190.53}', '', '22782', '2015-10-27 14:06:06.281800+0000', '2015-10-29 11:32:14.022600+0000');
INSERT INTO "neap"."stream"(stream_id, channel_id, title, topic_id, topic, media_info, viewers, created_at, updated_at, ended_at)
    VALUES ('480955d6-2feb-49c3-88b1-e1e360d6d1fc', '94d60e64-67b7-4471-b2f3-e3036b8ef74c', 'Sullivan goes live!', '48e535f7-dba1-4d59-aac3-4c6cced32d6c', 'Video games', '{"width":720,"height":400,"bitrate":560.63}', 23605, '2015-10-31 21:25:58.558100+0000', '2015-10-31 23:07:22.609200+0000', '2015-10-31 23:17:04.820200+0000');
INSERT INTO "neap"."video"(video_id, stream_id, title, type, description, status, tags, topic_id, topic, media_info, preview, views, created_at, updated_at)
    VALUES ('f74eea5b-ec98-4f9f-9d07-99476cae51c1', '480955d6-2feb-49c3-88b1-e1e360d6d1fc', 'Sullivan goes live!', 'highlight', 'Sullivan goes live!', '', '[]', '48e535f7-dba1-4d59-aac3-4c6cced32d6c', 'Video games', '{"width":720,"height":400,"bitrate":561.12}', '', '28639', '2015-11-01 02:55:04.483500+0000', '2015-11-02 03:32:34.401500+0000');
INSERT INTO "neap"."video"(video_id, stream_id, title, type, description, status, tags, topic_id, topic, media_info, preview, views, created_at, updated_at)
    VALUES ('d460a5dd-5ce0-4cd1-8880-bb79cf7559ea', '480955d6-2feb-49c3-88b1-e1e360d6d1fc', 'Sullivan goes live!', 'record', 'Sullivan goes live!', '', '[]', '48e535f7-dba1-4d59-aac3-4c6cced32d6c', 'Video games', '{"width":720,"height":400,"bitrate":618.77}', '', '9084', '2015-11-01 03:42:46.484100+0000', '2015-11-03 05:51:26.590100+0000');
INSERT INTO "neap"."stream"(stream_id, channel_id, title, topic_id, topic, media_info, viewers, created_at, updated_at, ended_at)
    VALUES ('8ef9ee95-8be0-447c-9a55-afab8c9fb5d5', '94d60e64-67b7-4471-b2f3-e3036b8ef74c', 'Fun with Photography and Sullivan', 'e496e832-363e-4228-b518-7fe126ccaa04', 'Photography', '{"width":720,"height":400,"bitrate":677.71}', 830, '2015-09-02 17:40:42.034400+0000', '2015-09-02 23:54:25.687700+0000', '2015-09-03 00:14:51.438200+0000');
INSERT INTO "neap"."stream"(stream_id, channel_id, title, topic_id, topic, media_info, viewers, created_at, updated_at, ended_at)
    VALUES ('8a3e8698-559c-470f-a9a8-660f29b1c1b7', '94d60e64-67b7-4471-b2f3-e3036b8ef74c', 'The origins of History', '5f6c7ec0-84ab-4d8e-a2d7-ff1887b55d6e', 'History', '{"width":720,"height":400,"bitrate":714.53}', 1686, '2015-10-01 16:36:45.069000+0000', '2015-10-01 17:50:24.636800+0000', '2015-10-01 18:08:18.310000+0000');
INSERT INTO "neap"."video"(video_id, stream_id, title, type, description, status, tags, topic_id, topic, media_info, preview, views, created_at, updated_at)
    VALUES ('220670a0-f735-4cbf-a1de-fc337a9e383e', '8a3e8698-559c-470f-a9a8-660f29b1c1b7', 'The origins of History', 'highlight', 'The origins of History', '', '[]', '5f6c7ec0-84ab-4d8e-a2d7-ff1887b55d6e', 'History', '{"width":720,"height":400,"bitrate":542.48}', '', '21461', '2015-10-08 09:16:08.874400+0000', '2015-10-11 14:04:35.448200+0000');
INSERT INTO "neap"."user"(user_id, channel_id, type, username, email, password, display_name, logo, bio, created_at, updated_at)
    VALUES ('89e6fcb6-fc23-44ad-a0f5-b5167d151d2d', 'a4f503ed-f5e7-46aa-be69-6afe88a59fe1', 'user', 'camryn', 'camryn@neap.io', '$2y$10$wqzhdE5GxKBN6nScqgAk9e0IAogX7y2ZXVgLDvM8k2DQlAIEK18.y', 'Camryn', 'https://gravatar.com/avatar/0e04e1cb1905279391f552e74b73f05e?s=128&d=identicon', null, '2015-07-15 09:35:31.314600+0000', '2015-09-15 21:13:52.817300+0000');
INSERT INTO "neap"."channel"(channel_id, user_id, chat_id, name, display_name, topic, language, views, followers)
    VALUES ('a4f503ed-f5e7-46aa-be69-6afe88a59fe1', '89e6fcb6-fc23-44ad-a0f5-b5167d151d2d', '2c09be29-8ab0-4523-aacc-2245650d633f', 'camryn', 'Camryn Channel', 'Astrology', 'en', 15932, 60);
INSERT INTO "neap"."chat"(chat_id, channel_id, name)
    VALUES ('2c09be29-8ab0-4523-aacc-2245650d633f', 'a4f503ed-f5e7-46aa-be69-6afe88a59fe1', 'camryn');
INSERT INTO "neap"."stream"(stream_id, channel_id, title, topic_id, topic, media_info, viewers, created_at, updated_at, ended_at)
    VALUES ('a1810abb-2e34-439c-b851-035f3c304eb0', 'a4f503ed-f5e7-46aa-be69-6afe88a59fe1', 'Come on and have fun with Camryn!', 'b369c464-cdea-4356-9d70-1450585652e2', 'Music', '{"width":720,"height":400,"bitrate":747.2}', 69094, '2015-08-28 01:16:25.093100+0000', '2015-08-28 03:52:52.224200+0000', '2015-08-28 04:44:59.043100+0000');
INSERT INTO "neap"."video"(video_id, stream_id, title, type, description, status, tags, topic_id, topic, media_info, preview, views, created_at, updated_at)
    VALUES ('5257725c-211a-45c1-8091-ca94966d9443', 'a1810abb-2e34-439c-b851-035f3c304eb0', 'Come on and have fun with Camryn!', 'record', 'Come on and have fun with Camryn!', '', '[]', 'b369c464-cdea-4356-9d70-1450585652e2', 'Music', '{"width":720,"height":400,"bitrate":792.8}', '', '17575', '2015-10-13 15:34:32.208200+0000', '2015-10-18 19:58:27.517000+0000');
INSERT INTO "neap"."video"(video_id, stream_id, title, type, description, status, tags, topic_id, topic, media_info, preview, views, created_at, updated_at)
    VALUES ('7d8d0a85-d894-4426-b77c-1641d561f982', 'a1810abb-2e34-439c-b851-035f3c304eb0', 'Come on and have fun with Camryn!', 'record', 'Come on and have fun with Camryn!', '', '[]', 'b369c464-cdea-4356-9d70-1450585652e2', 'Music', '{"width":720,"height":400,"bitrate":718.82}', '', '36874', '2015-09-14 01:44:17.059100+0000', '2015-09-16 11:15:59.878200+0000');
INSERT INTO "neap"."stream"(stream_id, channel_id, title, topic_id, topic, media_info, viewers, created_at, updated_at, ended_at)
    VALUES ('0a75b3f0-0a77-462c-8177-3c9b0b107599', 'a4f503ed-f5e7-46aa-be69-6afe88a59fe1', 'Fun with History and Camryn', '5f6c7ec0-84ab-4d8e-a2d7-ff1887b55d6e', 'History', '{"width":720,"height":400,"bitrate":717.61}', 134, '2015-08-02 06:14:11.103700+0000', '2015-08-02 06:36:09.763700+0000', '2015-08-02 07:59:12.886900+0000');
INSERT INTO "neap"."video"(video_id, stream_id, title, type, description, status, tags, topic_id, topic, media_info, preview, views, created_at, updated_at)
    VALUES ('3cc5ee8e-9655-4f1f-9db6-770ed20a6687', '0a75b3f0-0a77-462c-8177-3c9b0b107599', 'Fun with History and Camryn', 'highlight', 'Fun with History and Camryn', '', '[]', '5f6c7ec0-84ab-4d8e-a2d7-ff1887b55d6e', 'History', '{"width":720,"height":400,"bitrate":558.99}', '', '4051', '2015-10-30 07:32:42.741300+0000', '2015-10-30 14:41:39.031800+0000');
INSERT INTO "neap"."video"(video_id, stream_id, title, type, description, status, tags, topic_id, topic, media_info, preview, views, created_at, updated_at)
    VALUES ('b500bd2f-e3cb-40ff-a3a7-6951e00258d6', '0a75b3f0-0a77-462c-8177-3c9b0b107599', 'Fun with History and Camryn', 'record', 'Fun with History and Camryn', '', '[]', '5f6c7ec0-84ab-4d8e-a2d7-ff1887b55d6e', 'History', '{"width":720,"height":400,"bitrate":734.82}', '', '17037', '2015-10-02 12:41:34.857500+0000', '2015-10-06 13:11:34.202600+0000');
INSERT INTO "neap"."user"(user_id, channel_id, type, username, email, password, display_name, logo, bio, created_at, updated_at)
    VALUES ('b02dc2ef-890e-437c-b040-332a7c5be5d3', 'feec4a44-40e5-4fb5-9de5-6529f877aa46', 'user', 'bo', 'bo@neap.io', '$2y$10$PGy9P4saD4Oq8QdTLK1EsejDJ3ETESI2JMo1YbjJnZXJNgelihqUq', 'Bo', 'https://gravatar.com/avatar/f740ca118798e554c343c3c36a38a792?s=128&d=identicon', null, '2015-10-03 21:05:40.024900+0000', '2015-10-28 12:34:41.793900+0000');
INSERT INTO "neap"."channel"(channel_id, user_id, chat_id, name, display_name, topic, language, views, followers)
    VALUES ('feec4a44-40e5-4fb5-9de5-6529f877aa46', 'b02dc2ef-890e-437c-b040-332a7c5be5d3', '353f57ba-b783-479c-b74c-deb6dbc45e50', 'bo', 'Bo Channel', 'Video games', 'en', 45142, 61);
INSERT INTO "neap"."chat"(chat_id, channel_id, name)
    VALUES ('353f57ba-b783-479c-b74c-deb6dbc45e50', 'feec4a44-40e5-4fb5-9de5-6529f877aa46', 'bo');
INSERT INTO "neap"."stream"(stream_id, channel_id, title, topic_id, topic, media_info, viewers, created_at, updated_at, ended_at)
    VALUES ('626615e0-6dc2-42bf-981b-f61053f7197c', 'feec4a44-40e5-4fb5-9de5-6529f877aa46', 'The origins of Litterature', '994391cf-d41e-46f4-b6eb-ce53824e3a0c', 'Litterature', '{"width":720,"height":400,"bitrate":756.93}', 1765, '2015-10-05 18:46:48.297500+0000', '2015-10-05 20:20:27.684100+0000', '2015-10-05 21:18:27.900400+0000');
INSERT INTO "neap"."video"(video_id, stream_id, title, type, description, status, tags, topic_id, topic, media_info, preview, views, created_at, updated_at)
    VALUES ('cb2a4727-cdf5-4334-ac5c-40d5b54c768b', '626615e0-6dc2-42bf-981b-f61053f7197c', 'The origins of Litterature', 'record', 'The origins of Litterature', '', '[]', '994391cf-d41e-46f4-b6eb-ce53824e3a0c', 'Litterature', '{"width":720,"height":400,"bitrate":638.36}', '', '35085', '2015-10-14 03:16:37.612800+0000', '2015-10-14 20:19:12.487400+0000');
INSERT INTO "neap"."stream"(stream_id, channel_id, title, topic_id, topic, media_info, viewers, created_at, updated_at, ended_at)
    VALUES ('1c3112c7-9bfc-4612-8561-2ef851a30b42', 'feec4a44-40e5-4fb5-9de5-6529f877aa46', 'Bo goes live!', '1cae4612-f178-4a0e-b3af-343a88b99638', 'Science', '{"width":1280,"height":720,"bitrate":1064.06}', 1562, '2015-10-29 19:29:44.931400+0000', '2015-10-29 22:44:21.371700+0000', '2015-10-30 00:22:03.185400+0000');
INSERT INTO "neap"."stream"(stream_id, channel_id, title, topic_id, topic, media_info, viewers, created_at, updated_at, ended_at)
    VALUES ('7c10530b-8b09-4e62-8292-0fe2fe307233', 'feec4a44-40e5-4fb5-9de5-6529f877aa46', 'The origins of Philosophy', '35fa82dc-ed25-47fb-b6cd-58ae8a151f60', 'Philosophy', '{"width":1280,"height":720,"bitrate":926.43}', 572, '2015-10-22 09:59:30.450400+0000', '2015-10-22 15:51:48.366400+0000', '2015-10-22 16:00:49.897300+0000');
INSERT INTO "neap"."stream"(stream_id, channel_id, title, topic_id, topic, media_info, viewers, created_at, updated_at, ended_at)
    VALUES ('7b717586-2c33-4ca5-9c35-fa2395e0421e', 'feec4a44-40e5-4fb5-9de5-6529f877aa46', 'Video games?? Yeah, Video games!', '48e535f7-dba1-4d59-aac3-4c6cced32d6c', 'Video games', '{"width":720,"height":400,"bitrate":799.25}', 219, '2015-10-15 01:00:34.364200+0000', '2015-10-15 03:00:42.022800+0000', '2015-10-15 03:05:41.139000+0000');
INSERT INTO "neap"."video"(video_id, stream_id, title, type, description, status, tags, topic_id, topic, media_info, preview, views, created_at, updated_at)
    VALUES ('b09c5646-5869-47d6-a5bd-4cf104485f5c', '7b717586-2c33-4ca5-9c35-fa2395e0421e', 'Video games?? Yeah, Video games!', 'record', 'Video games?? Yeah, Video games!', '', '[]', '48e535f7-dba1-4d59-aac3-4c6cced32d6c', 'Video games', '{"width":720,"height":400,"bitrate":784.88}', '', '36768', '2015-10-22 00:10:10.756300+0000', '2015-10-22 18:46:40.321500+0000');
INSERT INTO "neap"."video"(video_id, stream_id, title, type, description, status, tags, topic_id, topic, media_info, preview, views, created_at, updated_at)
    VALUES ('88ff5392-9e54-4bfc-94e4-a0f36e2d0865', '7b717586-2c33-4ca5-9c35-fa2395e0421e', 'Video games?? Yeah, Video games!', 'record', 'Video games?? Yeah, Video games!', '', '[]', '48e535f7-dba1-4d59-aac3-4c6cced32d6c', 'Video games', '{"width":720,"height":400,"bitrate":633.99}', '', '2983', '2015-10-15 22:31:01.886100+0000', '2015-10-17 02:25:08.739300+0000');
INSERT INTO "neap"."stream"(stream_id, channel_id, title, topic_id, topic, media_info, viewers, created_at, updated_at, ended_at)
    VALUES ('453d8a6d-dbdb-4a34-832d-ab647292867a', 'feec4a44-40e5-4fb5-9de5-6529f877aa46', 'Bo goes live!', '5f6c7ec0-84ab-4d8e-a2d7-ff1887b55d6e', 'History', '{"width":1920,"height":1080,"bitrate":2369.4}', 56219, '2015-10-17 13:06:12.457700+0000', '2015-10-17 15:58:50.990300+0000', '2015-10-17 17:16:26.396300+0000');
INSERT INTO "neap"."video"(video_id, stream_id, title, type, description, status, tags, topic_id, topic, media_info, preview, views, created_at, updated_at)
    VALUES ('e416f220-3404-4252-8c08-dd4980ab8ab9', '453d8a6d-dbdb-4a34-832d-ab647292867a', 'Bo goes live!', 'record', 'Bo goes live!', '', '[]', '5f6c7ec0-84ab-4d8e-a2d7-ff1887b55d6e', 'History', '{"width":1920,"height":1080,"bitrate":2041.33}', '', '24336', '2015-10-24 15:46:12.707600+0000', '2015-10-24 15:47:24.150600+0000');
INSERT INTO "neap"."user"(user_id, channel_id, type, username, email, password, display_name, logo, bio, created_at, updated_at)
    VALUES ('e61730b4-1061-4764-9966-d464238536b8', '5940b5e7-4cae-48cd-b453-53ddc6b2912b', 'user', 'azaria', 'azaria@neap.io', '$2y$10$JfX.FErEqqFayXL/64CEzOVpx2FzVUX.krkVBw8D7cDRE20dQqE3C', 'Azaria', 'https://gravatar.com/avatar/0637c787a1831958a17ec96b7eb778e0?s=128&d=identicon', null, '2015-06-25 15:11:03.519200+0000', '2015-08-11 22:54:55.137200+0000');
INSERT INTO "neap"."channel"(channel_id, user_id, chat_id, name, display_name, topic, language, views, followers)
    VALUES ('5940b5e7-4cae-48cd-b453-53ddc6b2912b', 'e61730b4-1061-4764-9966-d464238536b8', 'e95c6065-dd2b-48b5-b3da-682124ca96cf', 'azaria', 'Azaria Channel', 'Astrology', 'en', 9858, 120);
INSERT INTO "neap"."chat"(chat_id, channel_id, name)
    VALUES ('e95c6065-dd2b-48b5-b3da-682124ca96cf', '5940b5e7-4cae-48cd-b453-53ddc6b2912b', 'azaria');
INSERT INTO "neap"."stream"(stream_id, channel_id, title, topic_id, topic, media_info, viewers, created_at, updated_at, ended_at)
    VALUES ('79997fd0-c5e0-4482-8583-e7aed4eecdbe', '5940b5e7-4cae-48cd-b453-53ddc6b2912b', 'The origins of Music', 'b369c464-cdea-4356-9d70-1450585652e2', 'Music', '{"width":1920,"height":1080,"bitrate":3487.05}', 93, '2015-10-29 17:28:59.652600+0000', '2015-10-29 17:59:49.157600+0000', '2015-10-29 18:05:50.397800+0000');
INSERT INTO "neap"."user"(user_id, channel_id, type, username, email, password, display_name, logo, bio, created_at, updated_at)
    VALUES ('df22310b-711d-40b0-a211-dc922c7821c3', 'e3a411a9-f80e-4b4c-9801-30031264e7d1', 'user', 'boston', 'boston@neap.io', '$2y$10$2e5qM1ytoOudWFxaadk3yea55YYsva0P.amyTHbk9fObn1SnoHf2y', 'Boston', 'https://gravatar.com/avatar/d10f952ea42ab5cdd8f1a03c25cdc6da?s=128&d=identicon', null, '2015-04-14 00:56:12.146900+0000', '2015-05-18 13:27:45.993400+0000');
INSERT INTO "neap"."channel"(channel_id, user_id, chat_id, name, display_name, topic, language, views, followers)
    VALUES ('e3a411a9-f80e-4b4c-9801-30031264e7d1', 'df22310b-711d-40b0-a211-dc922c7821c3', '4e505283-7f75-48c9-8d99-035eb1b93cb1', 'boston', 'Boston Channel', 'Litterature', 'en', 8385, 143);
INSERT INTO "neap"."chat"(chat_id, channel_id, name)
    VALUES ('4e505283-7f75-48c9-8d99-035eb1b93cb1', 'e3a411a9-f80e-4b4c-9801-30031264e7d1', 'boston');
INSERT INTO "neap"."stream"(stream_id, channel_id, title, topic_id, topic, media_info, viewers, created_at, updated_at, ended_at)
    VALUES ('60bdf9aa-eb72-4e73-a54f-eff24aaaf126', 'e3a411a9-f80e-4b4c-9801-30031264e7d1', 'Relax stream', 'e9af2f53-d2dd-4e32-9dea-26d6ac21bcb8', 'Astrology', '{"width":720,"height":400,"bitrate":561.82}', 1122, '2015-08-08 10:40:47.183500+0000', '2015-08-08 17:35:14.794600+0000', '2015-08-08 18:17:42.852400+0000');
INSERT INTO "neap"."video"(video_id, stream_id, title, type, description, status, tags, topic_id, topic, media_info, preview, views, created_at, updated_at)
    VALUES ('bb05a717-8ddc-410f-95ea-868002236ef4', '60bdf9aa-eb72-4e73-a54f-eff24aaaf126', 'Relax stream', 'highlight', 'Relax stream', '', '[]', 'e9af2f53-d2dd-4e32-9dea-26d6ac21bcb8', 'Astrology', '{"width":720,"height":400,"bitrate":503.09}', '', '27287', '2015-09-10 15:58:39.822900+0000', '2015-09-11 03:13:26.384400+0000');
INSERT INTO "neap"."stream"(stream_id, channel_id, title, topic_id, topic, media_info, viewers, created_at, updated_at, ended_at)
    VALUES ('4ddf2db1-9172-400f-afb7-fa7536a96da8', 'e3a411a9-f80e-4b4c-9801-30031264e7d1', 'Boston goes live!', 'e9af2f53-d2dd-4e32-9dea-26d6ac21bcb8', 'Astrology', '{"width":1920,"height":1080,"bitrate":2350.54}', 895, '2015-06-25 17:10:43.173900+0000', '2015-06-25 17:35:10.141100+0000', '2015-06-25 17:47:27.728800+0000');
INSERT INTO "neap"."video"(video_id, stream_id, title, type, description, status, tags, topic_id, topic, media_info, preview, views, created_at, updated_at)
    VALUES ('76d93d9d-6baa-44b4-a95a-844d04598a2a', '4ddf2db1-9172-400f-afb7-fa7536a96da8', 'Boston goes live!', 'record', 'Boston goes live!', '', '[]', 'e9af2f53-d2dd-4e32-9dea-26d6ac21bcb8', 'Astrology', '{"width":1920,"height":1080,"bitrate":1362.08}', '', '30058', '2015-09-21 05:19:54.635300+0000', '2015-09-23 12:36:32.215600+0000');
INSERT INTO "neap"."stream"(stream_id, channel_id, title, topic_id, topic, media_info, viewers, created_at, updated_at, ended_at)
    VALUES ('1efcc291-2be4-4186-998c-b269310d4f07', 'e3a411a9-f80e-4b4c-9801-30031264e7d1', 'Come on and have fun with Boston!', '1cae4612-f178-4a0e-b3af-343a88b99638', 'Science', '{"width":1920,"height":1080,"bitrate":2883.88}', 1772, '2015-07-24 06:18:47.276200+0000', '2015-07-24 06:43:44.939200+0000', '2015-07-24 07:35:13.654000+0000');
INSERT INTO "neap"."video"(video_id, stream_id, title, type, description, status, tags, topic_id, topic, media_info, preview, views, created_at, updated_at)
    VALUES ('5efa6a18-a0bf-4521-a9ca-8b5c6e8c169f', '1efcc291-2be4-4186-998c-b269310d4f07', 'Come on and have fun with Boston!', 'record', 'Come on and have fun with Boston!', '', '[]', '1cae4612-f178-4a0e-b3af-343a88b99638', 'Science', '{"width":1920,"height":1080,"bitrate":1287.26}', '', '27689', '2015-07-29 20:21:34.886400+0000', '2015-07-29 23:04:33.546500+0000');
INSERT INTO "neap"."stream"(stream_id, channel_id, title, topic_id, topic, media_info, viewers, created_at, updated_at, ended_at)
    VALUES ('d3668572-7136-41fc-abb9-7b1a69007bfd', 'e3a411a9-f80e-4b4c-9801-30031264e7d1', 'Come on and have fun with Boston!', '5f6c7ec0-84ab-4d8e-a2d7-ff1887b55d6e', 'History', '{"width":1280,"height":720,"bitrate":950.15}', 1891, '2015-08-23 00:14:58.183000+0000', '2015-08-23 01:42:38.592800+0000', '2015-08-23 03:27:02.573700+0000');
INSERT INTO "neap"."video"(video_id, stream_id, title, type, description, status, tags, topic_id, topic, media_info, preview, views, created_at, updated_at)
    VALUES ('63300c6d-9dbf-4002-a7cf-bb4cd2a6c7f0', 'd3668572-7136-41fc-abb9-7b1a69007bfd', 'Come on and have fun with Boston!', 'record', 'Come on and have fun with Boston!', '', '[]', '5f6c7ec0-84ab-4d8e-a2d7-ff1887b55d6e', 'History', '{"width":1280,"height":720,"bitrate":909.87}', '', '13113', '2015-08-24 12:47:41.818700+0000', '2015-08-29 07:53:37.181800+0000');
INSERT INTO "neap"."video"(video_id, stream_id, title, type, description, status, tags, topic_id, topic, media_info, preview, views, created_at, updated_at)
    VALUES ('30ef40ca-5487-48bb-b749-0b3975f20568', 'd3668572-7136-41fc-abb9-7b1a69007bfd', 'Come on and have fun with Boston!', 'record', 'Come on and have fun with Boston!', '', '[]', '5f6c7ec0-84ab-4d8e-a2d7-ff1887b55d6e', 'History', '{"width":1280,"height":720,"bitrate":859.24}', '', '30979', '2015-10-17 23:00:51.913700+0000', '2015-10-21 03:03:36.539200+0000');
INSERT INTO "neap"."stream"(stream_id, channel_id, title, topic_id, topic, media_info, viewers, created_at, updated_at, ended_at)
    VALUES ('9dca7d75-3cb0-4499-ad24-b1fe2f6c9e16', 'e3a411a9-f80e-4b4c-9801-30031264e7d1', 'Relax stream', '284b3091-455d-4476-ae67-442a19d153d4', 'Mathematics', '{"width":720,"height":400,"bitrate":716.15}', 1397, '2015-07-09 22:23:18.897700+0000', '2015-07-09 23:12:21.007500+0000', '2015-07-09 23:34:09.422300+0000');
INSERT INTO "neap"."video"(video_id, stream_id, title, type, description, status, tags, topic_id, topic, media_info, preview, views, created_at, updated_at)
    VALUES ('072830e2-166c-413f-857e-ed4aba1a7e5f', '9dca7d75-3cb0-4499-ad24-b1fe2f6c9e16', 'Relax stream', 'record', 'Relax stream', '', '[]', '284b3091-455d-4476-ae67-442a19d153d4', 'Mathematics', '{"width":720,"height":400,"bitrate":538.94}', '', '17520', '2015-08-12 04:34:40.328000+0000', '2015-08-12 10:58:50.853400+0000');
INSERT INTO "neap"."stream"(stream_id, channel_id, title, topic_id, topic, media_info, viewers, created_at, updated_at, ended_at)
    VALUES ('873b5218-4a24-43d2-90d0-09e79e303253', 'e3a411a9-f80e-4b4c-9801-30031264e7d1', 'Come on and have fun with Boston!', 'd2ea25fc-eb67-4c63-86d0-58ba2ce51b56', 'Theology', '{"width":720,"height":400,"bitrate":587.44}', 181, '2015-11-01 13:52:44.070200+0000', '2015-11-01 14:55:24.519400+0000', '2015-11-01 15:09:32.967900+0000');
INSERT INTO "neap"."video"(video_id, stream_id, title, type, description, status, tags, topic_id, topic, media_info, preview, views, created_at, updated_at)
    VALUES ('d94d1309-e749-4a8c-838c-96f37f709ad9', '873b5218-4a24-43d2-90d0-09e79e303253', 'Come on and have fun with Boston!', 'record', 'Come on and have fun with Boston!', '', '[]', 'd2ea25fc-eb67-4c63-86d0-58ba2ce51b56', 'Theology', '{"width":720,"height":400,"bitrate":505.25}', '', '16150', '2015-11-01 20:33:36.000600+0000', '2015-11-06 07:36:02.388200+0000');
INSERT INTO "neap"."stream"(stream_id, channel_id, title, topic_id, topic, media_info, viewers, created_at, updated_at, ended_at)
    VALUES ('26214b4d-ddf5-4b18-b76d-a6c383cc8bfe', 'e3a411a9-f80e-4b4c-9801-30031264e7d1', 'The origins of Astrology', 'e9af2f53-d2dd-4e32-9dea-26d6ac21bcb8', 'Astrology', '{"width":1280,"height":720,"bitrate":1153.18}', 1528, '2015-10-05 11:23:47.620200+0000', '2015-10-05 15:49:49.371800+0000', '2015-10-05 16:31:23.256100+0000');
INSERT INTO "neap"."stream"(stream_id, channel_id, title, topic_id, topic, media_info, viewers, created_at, updated_at, ended_at)
    VALUES ('88fda4dd-0e79-413b-a52b-c737b7744292', 'e3a411a9-f80e-4b4c-9801-30031264e7d1', 'Boston goes live!', '35fa82dc-ed25-47fb-b6cd-58ae8a151f60', 'Philosophy', '{"width":1280,"height":720,"bitrate":939.37}', 91, '2015-08-03 13:13:21.801100+0000', '2015-08-03 14:54:06.566800+0000', '2015-08-03 15:47:43.192700+0000');
INSERT INTO "neap"."video"(video_id, stream_id, title, type, description, status, tags, topic_id, topic, media_info, preview, views, created_at, updated_at)
    VALUES ('7ef62c76-b1b8-4843-a617-9d071d39ab48', '88fda4dd-0e79-413b-a52b-c737b7744292', 'Boston goes live!', 'record', 'Boston goes live!', '', '[]', '35fa82dc-ed25-47fb-b6cd-58ae8a151f60', 'Philosophy', '{"width":1280,"height":720,"bitrate":1210.51}', '', '32680', '2015-10-11 14:57:13.506300+0000', '2015-10-11 20:46:41.735200+0000');
INSERT INTO "neap"."stream"(stream_id, channel_id, title, topic_id, topic, media_info, viewers, created_at, updated_at, ended_at)
    VALUES ('1c70e27e-49af-408b-85a6-fd1e81c73ce5', 'e3a411a9-f80e-4b4c-9801-30031264e7d1', 'Today is Biology day', 'd4f06d27-2693-4552-bd85-d9875651ce39', 'Biology', '{"width":720,"height":400,"bitrate":527.27}', 1570, '2015-04-14 07:31:55.458400+0000', '2015-04-14 09:26:22.372900+0000', '2015-04-14 10:15:57.886500+0000');
INSERT INTO "neap"."video"(video_id, stream_id, title, type, description, status, tags, topic_id, topic, media_info, preview, views, created_at, updated_at)
    VALUES ('f3d4f5ec-062d-42a1-9e4c-13ee2719a0e7', '1c70e27e-49af-408b-85a6-fd1e81c73ce5', 'Today is Biology day', 'record', 'Today is Biology day', '', '[]', 'd4f06d27-2693-4552-bd85-d9875651ce39', 'Biology', '{"width":720,"height":400,"bitrate":638.83}', '', '10986', '2015-08-03 15:07:30.445500+0000', '2015-08-08 09:30:51.187200+0000');
INSERT INTO "neap"."stream"(stream_id, channel_id, title, topic_id, topic, media_info, viewers, created_at, updated_at, ended_at)
    VALUES ('1475d098-4eb9-4de8-afd2-7629267e4828', 'e3a411a9-f80e-4b4c-9801-30031264e7d1', 'Come on and have fun with Boston!', '48e535f7-dba1-4d59-aac3-4c6cced32d6c', 'Video games', '{"width":1280,"height":720,"bitrate":952.97}', 903, '2015-10-29 04:10:45.019600+0000', '2015-10-29 05:38:05.969600+0000', '2015-10-29 05:43:30.215700+0000');
INSERT INTO "neap"."user"(user_id, channel_id, type, username, email, password, display_name, logo, bio, created_at, updated_at)
    VALUES ('db688bc5-73ec-4537-9c75-dba4ee986e77', '76404252-753d-45e4-9fb4-f411084fda74', 'user', 'ember', 'ember@neap.io', '$2y$10$sJk5zu4EUmKp25V.EL.vduAGsr7QCYohDQs1Te.24ryMbIZl4JsNG', 'Ember', 'https://gravatar.com/avatar/2f56fe70d14236894a093dc164a571d5?s=128&d=identicon', null, '2015-08-13 00:53:05.655200+0000', '2015-08-27 19:17:18.096000+0000');
INSERT INTO "neap"."channel"(channel_id, user_id, chat_id, name, display_name, topic, language, views, followers)
    VALUES ('76404252-753d-45e4-9fb4-f411084fda74', 'db688bc5-73ec-4537-9c75-dba4ee986e77', 'f5abd655-ab7a-4128-8ac6-e90309da3573', 'ember', 'Ember Channel', 'Photography', 'en', 24962, 149);
INSERT INTO "neap"."chat"(chat_id, channel_id, name)
    VALUES ('f5abd655-ab7a-4128-8ac6-e90309da3573', '76404252-753d-45e4-9fb4-f411084fda74', 'ember');
INSERT INTO "neap"."stream"(stream_id, channel_id, title, topic_id, topic, media_info, viewers, created_at, updated_at, ended_at)
    VALUES ('3691014e-f1c6-4028-90f1-70af7d7f9af6', '76404252-753d-45e4-9fb4-f411084fda74', 'Theology?? Yeah, Theology!', 'd2ea25fc-eb67-4c63-86d0-58ba2ce51b56', 'Theology', '{"width":1920,"height":1080,"bitrate":1437.54}', 1923, '2015-10-16 02:38:19.680100+0000', '2015-10-16 03:55:22.613800+0000', '2015-10-16 04:49:50.381200+0000');
INSERT INTO "neap"."video"(video_id, stream_id, title, type, description, status, tags, topic_id, topic, media_info, preview, views, created_at, updated_at)
    VALUES ('597d2ebf-0c82-4c32-855e-f67432fe6dcf', '3691014e-f1c6-4028-90f1-70af7d7f9af6', 'Theology?? Yeah, Theology!', 'highlight', 'Theology?? Yeah, Theology!', '', '[]', 'd2ea25fc-eb67-4c63-86d0-58ba2ce51b56', 'Theology', '{"width":1920,"height":1080,"bitrate":1331.12}', '', '36696', '2015-10-28 06:35:33.564800+0000', '2015-10-30 05:39:07.842500+0000');
INSERT INTO "neap"."stream"(stream_id, channel_id, title, topic_id, topic, media_info, viewers, created_at, updated_at, ended_at)
    VALUES ('37db5ffa-efa8-4ba5-a513-e747a174fe36', '76404252-753d-45e4-9fb4-f411084fda74', 'Come on and have fun with Ember!', 'd2ea25fc-eb67-4c63-86d0-58ba2ce51b56', 'Theology', '{"width":1280,"height":720,"bitrate":1354.66}', 1910, '2015-08-20 06:35:20.095500+0000', '2015-08-20 09:05:38.399400+0000', '2015-08-20 09:13:37.566000+0000');
INSERT INTO "neap"."video"(video_id, stream_id, title, type, description, status, tags, topic_id, topic, media_info, preview, views, created_at, updated_at)
    VALUES ('41fe7e4b-e669-4d53-8223-389cea3462ca', '37db5ffa-efa8-4ba5-a513-e747a174fe36', 'Come on and have fun with Ember!', 'highlight', 'Come on and have fun with Ember!', '', '[]', 'd2ea25fc-eb67-4c63-86d0-58ba2ce51b56', 'Theology', '{"width":1280,"height":720,"bitrate":759.92}', '', '7554', '2015-09-26 20:31:35.053000+0000', '2015-09-28 21:41:51.353500+0000');
INSERT INTO "neap"."stream"(stream_id, channel_id, title, topic_id, topic, media_info, viewers, created_at, updated_at, ended_at)
    VALUES ('f8735f2f-3780-4a6e-8f4b-533d0e503309', '76404252-753d-45e4-9fb4-f411084fda74', 'Astrology?? Yeah, Astrology!', 'e9af2f53-d2dd-4e32-9dea-26d6ac21bcb8', 'Astrology', '{"width":1280,"height":720,"bitrate":1493.49}', 1634, '2015-09-27 00:31:39.677100+0000', '2015-09-27 03:21:34.337800+0000', '2015-09-27 04:56:22.432200+0000');
INSERT INTO "neap"."video"(video_id, stream_id, title, type, description, status, tags, topic_id, topic, media_info, preview, views, created_at, updated_at)
    VALUES ('862f4a52-4d2f-4e10-a34a-a5ce76db5af5', 'f8735f2f-3780-4a6e-8f4b-533d0e503309', 'Astrology?? Yeah, Astrology!', 'record', 'Astrology?? Yeah, Astrology!', '', '[]', 'e9af2f53-d2dd-4e32-9dea-26d6ac21bcb8', 'Astrology', '{"width":1280,"height":720,"bitrate":935.87}', '', '20964', '2015-09-30 22:03:26.308900+0000', '2015-10-01 02:54:21.625800+0000');
INSERT INTO "neap"."stream"(stream_id, channel_id, title, topic_id, topic, media_info, viewers, created_at, updated_at, ended_at)
    VALUES ('53634d98-4bfc-416d-bd84-76674b73c949', '76404252-753d-45e4-9fb4-f411084fda74', 'Come on and have fun with Ember!', 'b369c464-cdea-4356-9d70-1450585652e2', 'Music', '{"width":1920,"height":1080,"bitrate":2303.53}', 86577, '2015-10-29 13:38:13.545300+0000', '2015-10-29 14:15:54.364900+0000', '2015-10-29 14:30:38.275000+0000');
INSERT INTO "neap"."video"(video_id, stream_id, title, type, description, status, tags, topic_id, topic, media_info, preview, views, created_at, updated_at)
    VALUES ('94aad5af-77cb-409c-baf9-8a3ec0e20699', '53634d98-4bfc-416d-bd84-76674b73c949', 'Come on and have fun with Ember!', 'record', 'Come on and have fun with Ember!', '', '[]', 'b369c464-cdea-4356-9d70-1450585652e2', 'Music', '{"width":1920,"height":1080,"bitrate":1239.86}', '', '24388', '2015-10-31 02:09:08.653000+0000', '2015-11-01 20:24:00.032000+0000');
INSERT INTO "neap"."stream"(stream_id, channel_id, title, topic_id, topic, media_info, viewers, created_at, updated_at, ended_at)
    VALUES ('1251dda0-a0d0-4080-ac16-106c9be2c8ca', '76404252-753d-45e4-9fb4-f411084fda74', 'Today is Mathematics day', '284b3091-455d-4476-ae67-442a19d153d4', 'Mathematics', '{"width":720,"height":400,"bitrate":709.94}', 490, '2015-10-03 18:25:53.881100+0000', '2015-10-03 18:31:18.054900+0000', '2015-10-03 18:31:52.966900+0000');
INSERT INTO "neap"."stream"(stream_id, channel_id, title, topic_id, topic, media_info, viewers, created_at, updated_at, ended_at)
    VALUES ('cb6b3296-4b6a-4a63-9ddc-06d69b8cc1d8', '76404252-753d-45e4-9fb4-f411084fda74', 'The origins of Science', '1cae4612-f178-4a0e-b3af-343a88b99638', 'Science', '{"width":720,"height":400,"bitrate":763.99}', 320, '2015-10-24 01:54:35.082900+0000', '2015-10-24 05:40:39.983000+0000', '2015-10-24 05:41:37.532400+0000');
INSERT INTO "neap"."stream"(stream_id, channel_id, title, topic_id, topic, media_info, viewers, created_at, updated_at, ended_at)
    VALUES ('bce7c352-e249-4689-b230-47fc0a7e0ffd', '76404252-753d-45e4-9fb4-f411084fda74', 'Today is Music day', 'b369c464-cdea-4356-9d70-1450585652e2', 'Music', '{"width":1920,"height":1080,"bitrate":2391.54}', 88498, '2015-10-22 18:31:23.647800+0000', '2015-10-22 19:27:36.625600+0000', '2015-10-22 19:33:48.208900+0000');
INSERT INTO "neap"."video"(video_id, stream_id, title, type, description, status, tags, topic_id, topic, media_info, preview, views, created_at, updated_at)
    VALUES ('6debc3d3-2f7d-4a39-8f9d-274e3bd19918', 'bce7c352-e249-4689-b230-47fc0a7e0ffd', 'Today is Music day', 'record', 'Today is Music day', '', '[]', 'b369c464-cdea-4356-9d70-1450585652e2', 'Music', '{"width":1920,"height":1080,"bitrate":2749.13}', '', '20969', '2015-11-01 21:33:12.797100+0000', '2015-11-02 12:14:32.632000+0000');
INSERT INTO "neap"."video"(video_id, stream_id, title, type, description, status, tags, topic_id, topic, media_info, preview, views, created_at, updated_at)
    VALUES ('5a0d772b-f6da-47cc-b11f-e6ebc12c6c7f', 'bce7c352-e249-4689-b230-47fc0a7e0ffd', 'Today is Music day', 'record', 'Today is Music day', '', '[]', 'b369c464-cdea-4356-9d70-1450585652e2', 'Music', '{"width":1920,"height":1080,"bitrate":3466.37}', '', '38644', '2015-10-28 20:52:53.350500+0000', '2015-10-29 15:58:34.534200+0000');
INSERT INTO "neap"."user"(user_id, channel_id, type, username, email, password, display_name, logo, bio, created_at, updated_at)
    VALUES ('0bf93787-04fa-49fc-bcf8-c3710fc7043a', '2ff4a0ed-9137-4a1b-aee8-8591650dcb63', 'user', 'duke', 'duke@neap.io', '$2y$10$ARwvB7eyAXT.lCP67NbYVOcTT9Pzn7CzF4TPAOZKiSGu2sNLe2MN6', 'Duke', 'https://gravatar.com/avatar/0a587854b3d7f0951ba47a986cf1b6ad?s=128&d=identicon', null, '2015-09-14 20:17:41.928800+0000', '2015-09-17 14:13:04.123700+0000');
INSERT INTO "neap"."channel"(channel_id, user_id, chat_id, name, display_name, topic, language, views, followers)
    VALUES ('2ff4a0ed-9137-4a1b-aee8-8591650dcb63', '0bf93787-04fa-49fc-bcf8-c3710fc7043a', '1333c24b-f8f0-4a25-8cb1-02c72df976c7', 'duke', 'Duke Channel', 'Theology', 'en', 33066, 18);
INSERT INTO "neap"."chat"(chat_id, channel_id, name)
    VALUES ('1333c24b-f8f0-4a25-8cb1-02c72df976c7', '2ff4a0ed-9137-4a1b-aee8-8591650dcb63', 'duke');
INSERT INTO "neap"."stream"(stream_id, channel_id, title, topic_id, topic, media_info, viewers, created_at, updated_at, ended_at)
    VALUES ('c74aeba8-216e-4c15-81d2-f6a7b308b131', '2ff4a0ed-9137-4a1b-aee8-8591650dcb63', 'Duke goes live!', '994391cf-d41e-46f4-b6eb-ce53824e3a0c', 'Litterature', '{"width":1920,"height":1080,"bitrate":3308.1}', 46462, '2015-09-24 07:27:30.916100+0000', '2015-09-24 07:35:02.847400+0000', '2015-09-24 08:31:30.450100+0000');
INSERT INTO "neap"."video"(video_id, stream_id, title, type, description, status, tags, topic_id, topic, media_info, preview, views, created_at, updated_at)
    VALUES ('84530226-d1e7-4313-b7b2-8f8a3ea58d98', 'c74aeba8-216e-4c15-81d2-f6a7b308b131', 'Duke goes live!', 'highlight', 'Duke goes live!', '', '[]', '994391cf-d41e-46f4-b6eb-ce53824e3a0c', 'Litterature', '{"width":1920,"height":1080,"bitrate":2813.32}', '', '17049', '2015-10-23 09:17:44.165400+0000', '2015-10-25 06:17:05.233000+0000');
INSERT INTO "neap"."video"(video_id, stream_id, title, type, description, status, tags, topic_id, topic, media_info, preview, views, created_at, updated_at)
    VALUES ('7c44c4c4-cce4-40ac-bba2-b5f03a5c10df', 'c74aeba8-216e-4c15-81d2-f6a7b308b131', 'Duke goes live!', 'record', 'Duke goes live!', '', '[]', '994391cf-d41e-46f4-b6eb-ce53824e3a0c', 'Litterature', '{"width":1920,"height":1080,"bitrate":3224.13}', '', '31965', '2015-10-30 21:39:12.025200+0000', '2015-11-02 00:15:26.310000+0000');
INSERT INTO "neap"."stream"(stream_id, channel_id, title, topic_id, topic, media_info, viewers, created_at, updated_at, ended_at)
    VALUES ('275d5b2c-a1cf-46dc-b351-28ea4ead4bae', '2ff4a0ed-9137-4a1b-aee8-8591650dcb63', 'Fun with History and Duke', '5f6c7ec0-84ab-4d8e-a2d7-ff1887b55d6e', 'History', '{"width":1280,"height":720,"bitrate":1329.03}', 75091, '2015-09-19 00:02:45.779600+0000', '2015-09-19 03:29:01.815800+0000', '2015-09-19 03:32:43.362000+0000');
INSERT INTO "neap"."user"(user_id, channel_id, type, username, email, password, display_name, logo, bio, created_at, updated_at)
    VALUES ('89409edd-03bb-42c2-9150-138ef4ba0245', '9e38cdcf-4e4e-42bf-bb0f-f5223b99e907', 'user', 'weston', 'weston@neap.io', '$2y$10$UjNqJeVfWXlKW0.auNtZPedNyg0fmqawKaid1a08LeBDCvywgphYS', 'Weston', 'https://gravatar.com/avatar/c041a5e761fc4e412c23f7e9e6bd30ac?s=128&d=identicon', null, '2015-06-25 18:25:43.547700+0000', '2015-07-25 06:50:07.305500+0000');
INSERT INTO "neap"."channel"(channel_id, user_id, chat_id, name, display_name, topic, language, views, followers)
    VALUES ('9e38cdcf-4e4e-42bf-bb0f-f5223b99e907', '89409edd-03bb-42c2-9150-138ef4ba0245', 'b9f7075d-1a2e-4cd4-903c-4006c3078f6b', 'weston', 'Weston Channel', 'Video games', 'en', 10651, 34);
INSERT INTO "neap"."chat"(chat_id, channel_id, name)
    VALUES ('b9f7075d-1a2e-4cd4-903c-4006c3078f6b', '9e38cdcf-4e4e-42bf-bb0f-f5223b99e907', 'weston');
INSERT INTO "neap"."stream"(stream_id, channel_id, title, topic_id, topic, media_info, viewers, created_at, updated_at, ended_at)
    VALUES ('54f22c24-89f3-45f3-add7-ff7c538a948c', '9e38cdcf-4e4e-42bf-bb0f-f5223b99e907', 'Fun with Video games and Weston', '48e535f7-dba1-4d59-aac3-4c6cced32d6c', 'Video games', '{"width":720,"height":400,"bitrate":785.7}', 1371, '2015-08-05 03:41:58.283400+0000', '2015-08-05 07:07:27.831200+0000', '2015-08-05 08:04:28.217200+0000');
INSERT INTO "neap"."video"(video_id, stream_id, title, type, description, status, tags, topic_id, topic, media_info, preview, views, created_at, updated_at)
    VALUES ('9e88aa73-571a-435a-91df-a6384caaf91f', '54f22c24-89f3-45f3-add7-ff7c538a948c', 'Fun with Video games and Weston', 'record', 'Fun with Video games and Weston', '', '[]', '48e535f7-dba1-4d59-aac3-4c6cced32d6c', 'Video games', '{"width":720,"height":400,"bitrate":627.75}', '', '8997', '2015-09-14 03:46:05.268500+0000', '2015-09-14 17:38:13.268800+0000');
INSERT INTO "neap"."stream"(stream_id, channel_id, title, topic_id, topic, media_info, viewers, created_at, updated_at, ended_at)
    VALUES ('bf436e56-d13f-4b5a-962e-1dca1794027d', '9e38cdcf-4e4e-42bf-bb0f-f5223b99e907', 'Today is Theology day', 'd2ea25fc-eb67-4c63-86d0-58ba2ce51b56', 'Theology', '{"width":1920,"height":1080,"bitrate":1191.16}', 81, '2015-10-29 19:10:12.227300+0000', '2015-10-30 01:38:15.271700+0000', '2015-10-30 02:11:44.045200+0000');
INSERT INTO "neap"."stream"(stream_id, channel_id, title, topic_id, topic, media_info, viewers, created_at, updated_at, ended_at)
    VALUES ('51dfe5e9-c243-47f5-8c3b-fd83e5b594b5', '9e38cdcf-4e4e-42bf-bb0f-f5223b99e907', 'Today is Mathematics day', '284b3091-455d-4476-ae67-442a19d153d4', 'Mathematics', '{"width":1280,"height":720,"bitrate":1320.09}', 412, '2015-10-18 14:14:39.697100+0000', '2015-10-18 18:53:14.382700+0000', '2015-10-18 19:21:18.747300+0000');
INSERT INTO "neap"."video"(video_id, stream_id, title, type, description, status, tags, topic_id, topic, media_info, preview, views, created_at, updated_at)
    VALUES ('90f4cda7-3d15-4985-9795-49c2cc38b683', '51dfe5e9-c243-47f5-8c3b-fd83e5b594b5', 'Today is Mathematics day', 'record', 'Today is Mathematics day', '', '[]', '284b3091-455d-4476-ae67-442a19d153d4', 'Mathematics', '{"width":1280,"height":720,"bitrate":1499.31}', '', '37582', '2015-10-26 08:47:35.952100+0000', '2015-10-27 06:31:28.881300+0000');
INSERT INTO "neap"."video"(video_id, stream_id, title, type, description, status, tags, topic_id, topic, media_info, preview, views, created_at, updated_at)
    VALUES ('8a8acfe2-793c-4dc1-a38d-15cd4ab5693f', '51dfe5e9-c243-47f5-8c3b-fd83e5b594b5', 'Today is Mathematics day', 'highlight', 'Today is Mathematics day', '', '[]', '284b3091-455d-4476-ae67-442a19d153d4', 'Mathematics', '{"width":1280,"height":720,"bitrate":1092.77}', '', '24998', '2015-10-19 21:55:41.521800+0000', '2015-10-21 04:48:57.517400+0000');
INSERT INTO "neap"."stream"(stream_id, channel_id, title, topic_id, topic, media_info, viewers, created_at, updated_at, ended_at)
    VALUES ('dd1443a3-50a3-4ff9-8fab-c7cead080bb2', '9e38cdcf-4e4e-42bf-bb0f-f5223b99e907', 'The origins of Science', '1cae4612-f178-4a0e-b3af-343a88b99638', 'Science', '{"width":1920,"height":1080,"bitrate":1071.73}', 1934, '2015-10-20 20:47:58.852900+0000', '2015-10-20 21:35:32.939000+0000', '2015-10-20 21:46:47.159600+0000');
INSERT INTO "neap"."video"(video_id, stream_id, title, type, description, status, tags, topic_id, topic, media_info, preview, views, created_at, updated_at)
    VALUES ('1c3bd259-7fc6-4f6e-b50f-ce8326fea0ec', 'dd1443a3-50a3-4ff9-8fab-c7cead080bb2', 'The origins of Science', 'record', 'The origins of Science', '', '[]', '1cae4612-f178-4a0e-b3af-343a88b99638', 'Science', '{"width":1920,"height":1080,"bitrate":1312.41}', '', '6826', '2015-11-01 14:39:44.337300+0000', '2015-11-04 22:14:10.709900+0000');
INSERT INTO "neap"."video"(video_id, stream_id, title, type, description, status, tags, topic_id, topic, media_info, preview, views, created_at, updated_at)
    VALUES ('36fcd929-5c12-4939-88c2-6b3dd32a421c', 'dd1443a3-50a3-4ff9-8fab-c7cead080bb2', 'The origins of Science', 'record', 'The origins of Science', '', '[]', '1cae4612-f178-4a0e-b3af-343a88b99638', 'Science', '{"width":1920,"height":1080,"bitrate":1773.35}', '', '3062', '2015-10-26 22:22:35.080000+0000', '2015-10-31 14:25:11.225100+0000');
INSERT INTO "neap"."user"(user_id, channel_id, type, username, email, password, display_name, logo, bio, created_at, updated_at)
    VALUES ('e6f93f2f-9e00-4443-a8b7-cf442c3bc9db', 'edbd3cac-453c-495a-b96b-eb8486a84732', 'user', 'bryn', 'bryn@neap.io', '$2y$10$L0GebUVRdt.m0MWnfDG7x.fHEwaUMawu.dF7QJ0FhWcxoawWMVRCC', 'Bryn', 'https://gravatar.com/avatar/b90f49925844539ee9e766377d24b4aa?s=128&d=identicon', null, '2015-03-02 16:17:11.509900+0000', '2015-10-03 06:04:49.570000+0000');
INSERT INTO "neap"."channel"(channel_id, user_id, chat_id, name, display_name, topic, language, views, followers)
    VALUES ('edbd3cac-453c-495a-b96b-eb8486a84732', 'e6f93f2f-9e00-4443-a8b7-cf442c3bc9db', '6eb2a45f-26ad-48e2-aabf-6c7f549fdb71', 'bryn', 'Bryn Channel', 'Litterature', 'en', 25004, 19);
INSERT INTO "neap"."chat"(chat_id, channel_id, name)
    VALUES ('6eb2a45f-26ad-48e2-aabf-6c7f549fdb71', 'edbd3cac-453c-495a-b96b-eb8486a84732', 'bryn');
INSERT INTO "neap"."stream"(stream_id, channel_id, title, topic_id, topic, media_info, viewers, created_at, updated_at, ended_at)
    VALUES ('feb0b043-5680-4341-b793-355aa429a526', 'edbd3cac-453c-495a-b96b-eb8486a84732', 'Fun with Biology and Bryn', 'd4f06d27-2693-4552-bd85-d9875651ce39', 'Biology', '{"width":1280,"height":720,"bitrate":941.43}', 48707, '2015-10-30 07:20:37.128000+0000', '2015-10-30 09:35:42.011600+0000', '2015-10-30 09:39:42.504300+0000');
INSERT INTO "neap"."video"(video_id, stream_id, title, type, description, status, tags, topic_id, topic, media_info, preview, views, created_at, updated_at)
    VALUES ('23450de5-9744-4c7a-b610-039da499f226', 'feb0b043-5680-4341-b793-355aa429a526', 'Fun with Biology and Bryn', 'highlight', 'Fun with Biology and Bryn', '', '[]', 'd4f06d27-2693-4552-bd85-d9875651ce39', 'Biology', '{"width":1280,"height":720,"bitrate":1405.6}', '', '31143', '2015-10-30 22:18:00.958000+0000', '2015-10-31 19:04:28.489100+0000');
INSERT INTO "neap"."video"(video_id, stream_id, title, type, description, status, tags, topic_id, topic, media_info, preview, views, created_at, updated_at)
    VALUES ('53f5672c-cf14-49b7-a74e-5192d542689e', 'feb0b043-5680-4341-b793-355aa429a526', 'Fun with Biology and Bryn', 'record', 'Fun with Biology and Bryn', '', '[]', 'd4f06d27-2693-4552-bd85-d9875651ce39', 'Biology', '{"width":1280,"height":720,"bitrate":1113.74}', '', '30789', '2015-11-01 05:33:56.267600+0000', '2015-11-05 03:10:44.351900+0000');
INSERT INTO "neap"."stream"(stream_id, channel_id, title, topic_id, topic, media_info, viewers, created_at, updated_at, ended_at)
    VALUES ('91cb9572-be31-4ab4-ba5c-93fe323d48cb', 'edbd3cac-453c-495a-b96b-eb8486a84732', 'Today is Photography day', 'e496e832-363e-4228-b518-7fe126ccaa04', 'Photography', '{"width":1280,"height":720,"bitrate":1277.99}', 457, '2015-08-01 14:17:23.879000+0000', '2015-08-01 16:55:49.929700+0000', '2015-08-01 17:28:51.544900+0000');
INSERT INTO "neap"."stream"(stream_id, channel_id, title, topic_id, topic, media_info, viewers, created_at, updated_at, ended_at)
    VALUES ('ee3d7754-021e-4a52-ad85-c1f1708b604f', 'edbd3cac-453c-495a-b96b-eb8486a84732', 'Bryn goes live!', 'e496e832-363e-4228-b518-7fe126ccaa04', 'Photography', '{"width":1920,"height":1080,"bitrate":3222.8}', 260, '2015-08-21 07:18:14.406100+0000', '2015-08-21 09:38:02.693900+0000', '2015-08-21 11:03:05.350600+0000');
INSERT INTO "neap"."stream"(stream_id, channel_id, title, topic_id, topic, media_info, viewers, created_at, updated_at, ended_at)
    VALUES ('e7333006-9493-4c8d-9034-3e503d5502ea', 'edbd3cac-453c-495a-b96b-eb8486a84732', 'Bryn goes live!', '1cae4612-f178-4a0e-b3af-343a88b99638', 'Science', '{"width":1280,"height":720,"bitrate":1302.74}', 398, '2015-10-31 15:53:52.302800+0000', '2015-10-31 15:54:38.566900+0000', '2015-10-31 17:49:23.345700+0000');
INSERT INTO "neap"."stream"(stream_id, channel_id, title, topic_id, topic, media_info, viewers, created_at, updated_at, ended_at)
    VALUES ('81600fdb-5056-4725-a62d-e04f416ee728', 'edbd3cac-453c-495a-b96b-eb8486a84732', 'Relax stream', 'd2ea25fc-eb67-4c63-86d0-58ba2ce51b56', 'Theology', '{"width":720,"height":400,"bitrate":763.22}', 1436, '2015-07-19 22:23:03.167300+0000', '2015-07-20 07:18:32.174800+0000', '2015-07-20 07:54:24.951900+0000');
INSERT INTO "neap"."video"(video_id, stream_id, title, type, description, status, tags, topic_id, topic, media_info, preview, views, created_at, updated_at)
    VALUES ('8959c742-243f-4f87-9148-e2059efadf98', '81600fdb-5056-4725-a62d-e04f416ee728', 'Relax stream', 'highlight', 'Relax stream', '', '[]', 'd2ea25fc-eb67-4c63-86d0-58ba2ce51b56', 'Theology', '{"width":720,"height":400,"bitrate":571.1}', '', '17507', '2015-10-22 02:12:54.262400+0000', '2015-10-24 19:07:16.561900+0000');
INSERT INTO "neap"."user"(user_id, channel_id, type, username, email, password, display_name, logo, bio, created_at, updated_at)
    VALUES ('bdce1394-29e4-481b-b38f-0d67cb2e7447', '5915351a-1b9d-4293-ab1f-3b8b13384b12', 'user', 'enrique', 'enrique@neap.io', '$2y$10$2lhKQKnqG8n8Ft75PGFu1.ubx2gRoq5dwNB3qLABZS.apaIiEYuB6', 'Enrique', 'https://gravatar.com/avatar/be9d64fd2b4eeb7a05816f82aecc7683?s=128&d=identicon', null, '2015-07-31 06:09:12.796500+0000', '2015-10-08 07:32:13.904500+0000');
INSERT INTO "neap"."channel"(channel_id, user_id, chat_id, name, display_name, topic, language, views, followers)
    VALUES ('5915351a-1b9d-4293-ab1f-3b8b13384b12', 'bdce1394-29e4-481b-b38f-0d67cb2e7447', '1a1d6e4f-7b5e-41b9-8083-eb6d0c040bad', 'enrique', 'Enrique Channel', 'Video games', 'en', 22402, 41);
INSERT INTO "neap"."chat"(chat_id, channel_id, name)
    VALUES ('1a1d6e4f-7b5e-41b9-8083-eb6d0c040bad', '5915351a-1b9d-4293-ab1f-3b8b13384b12', 'enrique');
INSERT INTO "neap"."stream"(stream_id, channel_id, title, topic_id, topic, media_info, viewers, created_at, updated_at, ended_at)
    VALUES ('7bebff8f-fac0-450b-8535-09ca9da5badc', '5915351a-1b9d-4293-ab1f-3b8b13384b12', 'Come on and have fun with Enrique!', '35fa82dc-ed25-47fb-b6cd-58ae8a151f60', 'Philosophy', '{"width":1920,"height":1080,"bitrate":1635.53}', 1256, '2015-09-06 12:08:30.904500+0000', '2015-09-06 16:35:15.354200+0000', '2015-09-06 17:06:31.520700+0000');
INSERT INTO "neap"."video"(video_id, stream_id, title, type, description, status, tags, topic_id, topic, media_info, preview, views, created_at, updated_at)
    VALUES ('519e53d1-3dc3-4363-ba53-a3ca3cb9f188', '7bebff8f-fac0-450b-8535-09ca9da5badc', 'Come on and have fun with Enrique!', 'record', 'Come on and have fun with Enrique!', '', '[]', '35fa82dc-ed25-47fb-b6cd-58ae8a151f60', 'Philosophy', '{"width":1920,"height":1080,"bitrate":1166.57}', '', '21423', '2015-10-03 04:35:14.692800+0000', '2015-10-04 21:52:16.621800+0000');
INSERT INTO "neap"."video"(video_id, stream_id, title, type, description, status, tags, topic_id, topic, media_info, preview, views, created_at, updated_at)
    VALUES ('32d4fdea-4977-4e72-b3e8-93b56709e396', '7bebff8f-fac0-450b-8535-09ca9da5badc', 'Come on and have fun with Enrique!', 'record', 'Come on and have fun with Enrique!', '', '[]', '35fa82dc-ed25-47fb-b6cd-58ae8a151f60', 'Philosophy', '{"width":1920,"height":1080,"bitrate":2239.47}', '', '14691', '2015-09-18 15:17:36.666700+0000', '2015-09-21 05:04:19.277400+0000');
INSERT INTO "neap"."stream"(stream_id, channel_id, title, topic_id, topic, media_info, viewers, created_at, updated_at, ended_at)
    VALUES ('1075ab78-eeda-4ef3-a38a-6b5380c37a04', '5915351a-1b9d-4293-ab1f-3b8b13384b12', 'Come on and have fun with Enrique!', '48e535f7-dba1-4d59-aac3-4c6cced32d6c', 'Video games', '{"width":1920,"height":1080,"bitrate":2617.26}', 467, '2015-09-03 13:28:33.654300+0000', '2015-09-03 17:38:10.589700+0000', '2015-09-03 17:48:26.787400+0000');
INSERT INTO "neap"."video"(video_id, stream_id, title, type, description, status, tags, topic_id, topic, media_info, preview, views, created_at, updated_at)
    VALUES ('78db8afc-9c05-446a-81f9-afec49f69ba1', '1075ab78-eeda-4ef3-a38a-6b5380c37a04', 'Come on and have fun with Enrique!', 'record', 'Come on and have fun with Enrique!', '', '[]', '48e535f7-dba1-4d59-aac3-4c6cced32d6c', 'Video games', '{"width":1920,"height":1080,"bitrate":2563.81}', '', '20330', '2015-10-25 01:27:54.729100+0000', '2015-10-25 20:35:29.700100+0000');
INSERT INTO "neap"."stream"(stream_id, channel_id, title, topic_id, topic, media_info, viewers, created_at, updated_at, ended_at)
    VALUES ('3609e451-4bd5-40c8-8185-8ee9b585dd69', '5915351a-1b9d-4293-ab1f-3b8b13384b12', 'Enrique goes live!', '35fa82dc-ed25-47fb-b6cd-58ae8a151f60', 'Philosophy', '{"width":1920,"height":1080,"bitrate":1277.49}', 649, '2015-09-01 08:52:17.535900+0000', '2015-09-01 09:26:23.812000+0000', '2015-09-01 10:22:51.745100+0000');
INSERT INTO "neap"."video"(video_id, stream_id, title, type, description, status, tags, topic_id, topic, media_info, preview, views, created_at, updated_at)
    VALUES ('8658066f-8cc2-4abf-90b8-266d75217ef2', '3609e451-4bd5-40c8-8185-8ee9b585dd69', 'Enrique goes live!', 'record', 'Enrique goes live!', '', '[]', '35fa82dc-ed25-47fb-b6cd-58ae8a151f60', 'Philosophy', '{"width":1920,"height":1080,"bitrate":1652.34}', '', '14916', '2015-10-16 13:39:45.083600+0000', '2015-10-20 05:58:08.372900+0000');
INSERT INTO "neap"."stream"(stream_id, channel_id, title, topic_id, topic, media_info, viewers, created_at, updated_at, ended_at)
    VALUES ('521871e5-5dfd-4814-b79c-5eec419ebc91', '5915351a-1b9d-4293-ab1f-3b8b13384b12', 'Relax stream', '284b3091-455d-4476-ae67-442a19d153d4', 'Mathematics', '{"width":1280,"height":720,"bitrate":974.67}', 412, '2015-08-08 12:06:21.958600+0000', '2015-08-08 13:27:19.399400+0000', '2015-08-08 14:21:00.605700+0000');
INSERT INTO "neap"."video"(video_id, stream_id, title, type, description, status, tags, topic_id, topic, media_info, preview, views, created_at, updated_at)
    VALUES ('645e88b4-9c75-4977-8130-3307ce8f0195', '521871e5-5dfd-4814-b79c-5eec419ebc91', 'Relax stream', 'record', 'Relax stream', '', '[]', '284b3091-455d-4476-ae67-442a19d153d4', 'Mathematics', '{"width":1280,"height":720,"bitrate":866.16}', '', '5927', '2015-09-26 21:56:16.988600+0000', '2015-09-28 14:03:10.386200+0000');
INSERT INTO "neap"."stream"(stream_id, channel_id, title, topic_id, topic, media_info, viewers, created_at, updated_at, ended_at)
    VALUES ('e61ad5e6-2b11-4b33-8bfa-b64ee6c82f55', '5915351a-1b9d-4293-ab1f-3b8b13384b12', 'The origins of Music', 'b369c464-cdea-4356-9d70-1450585652e2', 'Music', '{"width":720,"height":400,"bitrate":698.09}', 1852, '2015-10-24 23:38:36.596100+0000', '2015-10-25 00:40:35.414400+0000', '2015-10-25 01:35:20.252300+0000');
INSERT INTO "neap"."stream"(stream_id, channel_id, title, topic_id, topic, media_info, viewers, created_at, updated_at, ended_at)
    VALUES ('e269d110-990f-41e1-b15c-78814e4e0108', '5915351a-1b9d-4293-ab1f-3b8b13384b12', 'Enrique goes live!', 'e9af2f53-d2dd-4e32-9dea-26d6ac21bcb8', 'Astrology', '{"width":1920,"height":1080,"bitrate":1700.77}', 1975, '2015-08-25 13:45:25.746800+0000', '2015-08-25 13:57:00.257800+0000', '2015-08-25 14:30:07.409200+0000');
INSERT INTO "neap"."video"(video_id, stream_id, title, type, description, status, tags, topic_id, topic, media_info, preview, views, created_at, updated_at)
    VALUES ('9e7a25e2-bfea-4977-90d5-b4fa5262af65', 'e269d110-990f-41e1-b15c-78814e4e0108', 'Enrique goes live!', 'record', 'Enrique goes live!', '', '[]', 'e9af2f53-d2dd-4e32-9dea-26d6ac21bcb8', 'Astrology', '{"width":1920,"height":1080,"bitrate":1932.89}', '', '25371', '2015-09-03 14:39:08.543000+0000', '2015-09-07 12:05:56.448900+0000');
INSERT INTO "neap"."stream"(stream_id, channel_id, title, topic_id, topic, media_info, viewers, created_at, updated_at, ended_at)
    VALUES ('e031ad47-98ad-4bb2-9e2c-839502927165', '5915351a-1b9d-4293-ab1f-3b8b13384b12', 'Relax stream', 'b369c464-cdea-4356-9d70-1450585652e2', 'Music', '{"width":1920,"height":1080,"bitrate":3435.54}', 1952, '2015-09-05 01:30:18.066500+0000', '2015-09-05 08:36:27.112100+0000', '2015-09-05 08:47:32.950200+0000');
INSERT INTO "neap"."video"(video_id, stream_id, title, type, description, status, tags, topic_id, topic, media_info, preview, views, created_at, updated_at)
    VALUES ('1b9bdaa1-8724-49ea-9da5-46efb4c939a2', 'e031ad47-98ad-4bb2-9e2c-839502927165', 'Relax stream', 'record', 'Relax stream', '', '[]', 'b369c464-cdea-4356-9d70-1450585652e2', 'Music', '{"width":1920,"height":1080,"bitrate":2983.03}', '', '24373', '2015-11-01 21:26:39.787400+0000', '2015-11-02 07:57:45.222500+0000');
INSERT INTO "neap"."stream"(stream_id, channel_id, title, topic_id, topic, media_info, viewers, created_at, updated_at, ended_at)
    VALUES ('b21e941d-a305-4d43-828e-245fd915a42a', '5915351a-1b9d-4293-ab1f-3b8b13384b12', 'Today is Science day', '1cae4612-f178-4a0e-b3af-343a88b99638', 'Science', '{"width":1280,"height":720,"bitrate":1113.74}', 1744, '2015-08-13 09:52:26.954000+0000', '2015-08-13 10:09:10.079300+0000', '2015-08-13 10:25:32.465700+0000');
INSERT INTO "neap"."user"(user_id, channel_id, type, username, email, password, display_name, logo, bio, created_at, updated_at)
    VALUES ('f60f4519-6ef9-415e-a591-1eff26ceaf34', '3ef6cc9f-d88e-45d4-9c69-c203d749f3f6', 'user', 'chris', 'chris@neap.io', '$2y$10$prl7QgTB3q4CE.P8166iiuzyDSZIU8zm7eJrzMn7kk0GABmPjad7G', 'Chris', 'https://gravatar.com/avatar/5f1cad226b8c432e313ed9a8d0c8bc2a?s=128&d=identicon', null, '2015-09-23 12:27:22.020400+0000', '2015-10-03 10:11:49.075100+0000');
INSERT INTO "neap"."channel"(channel_id, user_id, chat_id, name, display_name, topic, language, views, followers)
    VALUES ('3ef6cc9f-d88e-45d4-9c69-c203d749f3f6', 'f60f4519-6ef9-415e-a591-1eff26ceaf34', '02c61d09-1cf9-4387-aa92-5afe48ec71c2', 'chris', 'Chris Channel', 'Biology', 'en', 58078, 35);
INSERT INTO "neap"."chat"(chat_id, channel_id, name)
    VALUES ('02c61d09-1cf9-4387-aa92-5afe48ec71c2', '3ef6cc9f-d88e-45d4-9c69-c203d749f3f6', 'chris');
INSERT INTO "neap"."stream"(stream_id, channel_id, title, topic_id, topic, media_info, viewers, created_at, updated_at, ended_at)
    VALUES ('ddf74013-73b9-4f2a-9550-edcb53019062', '3ef6cc9f-d88e-45d4-9c69-c203d749f3f6', 'Today is Litterature day', '994391cf-d41e-46f4-b6eb-ce53824e3a0c', 'Litterature', '{"width":1280,"height":720,"bitrate":1097.5}', 2000, '2015-10-30 19:37:26.091700+0000', '2015-10-30 19:55:46.391400+0000', '2015-10-30 20:03:31.106400+0000');
INSERT INTO "neap"."video"(video_id, stream_id, title, type, description, status, tags, topic_id, topic, media_info, preview, views, created_at, updated_at)
    VALUES ('1a8daaa4-eb99-4bf5-b80b-243c1c8e5566', 'ddf74013-73b9-4f2a-9550-edcb53019062', 'Today is Litterature day', 'record', 'Today is Litterature day', '', '[]', '994391cf-d41e-46f4-b6eb-ce53824e3a0c', 'Litterature', '{"width":1280,"height":720,"bitrate":809.03}', '', '28387', '2015-10-30 19:42:54.121100+0000', '2015-11-01 06:49:31.956000+0000');
INSERT INTO "neap"."stream"(stream_id, channel_id, title, topic_id, topic, media_info, viewers, created_at, updated_at, ended_at)
    VALUES ('f24512d9-06db-4160-8d1d-b3ce0464dcda', '3ef6cc9f-d88e-45d4-9c69-c203d749f3f6', 'Music?? Yeah, Music!', 'b369c464-cdea-4356-9d70-1450585652e2', 'Music', '{"width":1920,"height":1080,"bitrate":2602.88}', 126, '2015-10-02 18:56:54.175000+0000', '2015-10-03 01:01:07.047200+0000', '2015-10-03 01:02:38.601900+0000');
INSERT INTO "neap"."video"(video_id, stream_id, title, type, description, status, tags, topic_id, topic, media_info, preview, views, created_at, updated_at)
    VALUES ('9eee4616-3bd0-4a5c-8801-eceeb32bb43e', 'f24512d9-06db-4160-8d1d-b3ce0464dcda', 'Music?? Yeah, Music!', 'record', 'Music?? Yeah, Music!', '', '[]', 'b369c464-cdea-4356-9d70-1450585652e2', 'Music', '{"width":1920,"height":1080,"bitrate":1483.02}', '', '3877', '2015-10-04 00:13:48.391500+0000', '2015-10-06 06:53:39.068900+0000');
INSERT INTO "neap"."stream"(stream_id, channel_id, title, topic_id, topic, media_info, viewers, created_at, updated_at, ended_at)
    VALUES ('0e6e9f7b-f3b1-446f-a551-9057b2e061ac', '3ef6cc9f-d88e-45d4-9c69-c203d749f3f6', 'History?? Yeah, History!', '5f6c7ec0-84ab-4d8e-a2d7-ff1887b55d6e', 'History', '{"width":720,"height":400,"bitrate":695.43}', 1156, '2015-10-25 19:35:17.353600+0000', '2015-10-25 19:48:26.277600+0000', '2015-10-25 19:58:02.887500+0000');
INSERT INTO "neap"."video"(video_id, stream_id, title, type, description, status, tags, topic_id, topic, media_info, preview, views, created_at, updated_at)
    VALUES ('b057359d-0dd0-415a-9f9f-376baf4b090a', '0e6e9f7b-f3b1-446f-a551-9057b2e061ac', 'History?? Yeah, History!', 'record', 'History?? Yeah, History!', '', '[]', '5f6c7ec0-84ab-4d8e-a2d7-ff1887b55d6e', 'History', '{"width":720,"height":400,"bitrate":577.78}', '', '23069', '2015-11-01 04:17:53.217200+0000', '2015-11-01 11:10:59.130200+0000');
INSERT INTO "neap"."user"(user_id, channel_id, type, username, email, password, display_name, logo, bio, created_at, updated_at)
    VALUES ('1012576d-c462-4992-b117-2f6165ee53c7', '9b9322a2-c215-4213-a70c-53a7da1a62de', 'user', 'quincy', 'quincy@neap.io', '$2y$10$UJ2GdWWeJertDOK0cnrP6.5CUseY/.Tsi2pInHQW4ZZj/ZIO4Qvlm', 'Quincy', 'https://gravatar.com/avatar/29cf6b55fac739012a4100c5b74e7bf3?s=128&d=identicon', null, '2015-02-01 14:33:13.399200+0000', '2015-08-24 02:46:42.844200+0000');
INSERT INTO "neap"."channel"(channel_id, user_id, chat_id, name, display_name, topic, language, views, followers)
    VALUES ('9b9322a2-c215-4213-a70c-53a7da1a62de', '1012576d-c462-4992-b117-2f6165ee53c7', '17416474-a5a6-48c9-90ce-10d176821f63', 'quincy', 'Quincy Channel', 'Science', 'en', 40716, 126);
INSERT INTO "neap"."chat"(chat_id, channel_id, name)
    VALUES ('17416474-a5a6-48c9-90ce-10d176821f63', '9b9322a2-c215-4213-a70c-53a7da1a62de', 'quincy');
INSERT INTO "neap"."stream"(stream_id, channel_id, title, topic_id, topic, media_info, viewers, created_at, updated_at, ended_at)
    VALUES ('26f33fef-ca09-44a2-923f-ccb58c0db4aa', '9b9322a2-c215-4213-a70c-53a7da1a62de', 'The origins of Litterature', '994391cf-d41e-46f4-b6eb-ce53824e3a0c', 'Litterature', '{"width":1280,"height":720,"bitrate":1021.07}', 27794, '2015-05-03 12:14:34.400500+0000', '2015-05-03 12:56:19.795300+0000', '2015-05-03 12:59:16.118500+0000');
INSERT INTO "neap"."stream"(stream_id, channel_id, title, topic_id, topic, media_info, viewers, created_at, updated_at, ended_at)
    VALUES ('9937309a-abcd-42fb-a69f-4932ace270f7', '9b9322a2-c215-4213-a70c-53a7da1a62de', 'Relax stream', 'd2ea25fc-eb67-4c63-86d0-58ba2ce51b56', 'Theology', '{"width":720,"height":400,"bitrate":773.14}', 1757, '2015-10-11 02:36:54.964900+0000', '2015-10-11 03:36:20.449400+0000', '2015-10-11 04:25:11.123500+0000');
INSERT INTO "neap"."video"(video_id, stream_id, title, type, description, status, tags, topic_id, topic, media_info, preview, views, created_at, updated_at)
    VALUES ('ec3c079e-a5d4-46ff-b42d-570986b7333d', '9937309a-abcd-42fb-a69f-4932ace270f7', 'Relax stream', 'record', 'Relax stream', '', '[]', 'd2ea25fc-eb67-4c63-86d0-58ba2ce51b56', 'Theology', '{"width":720,"height":400,"bitrate":758.38}', '', '37201', '2015-10-13 21:17:40.728200+0000', '2015-10-16 04:01:42.454100+0000');
INSERT INTO "neap"."stream"(stream_id, channel_id, title, topic_id, topic, media_info, viewers, created_at, updated_at, ended_at)
    VALUES ('a5894594-bf73-46ab-bde7-2dcc9ee2f532', '9b9322a2-c215-4213-a70c-53a7da1a62de', 'Mathematics?? Yeah, Mathematics!', '284b3091-455d-4476-ae67-442a19d153d4', 'Mathematics', '{"width":1920,"height":1080,"bitrate":1193.35}', 1167, '2015-08-21 13:07:51.839400+0000', '2015-08-21 13:22:06.626700+0000', '2015-08-21 13:29:46.032100+0000');
INSERT INTO "neap"."video"(video_id, stream_id, title, type, description, status, tags, topic_id, topic, media_info, preview, views, created_at, updated_at)
    VALUES ('37346bd7-028c-457e-9f4c-396711afe4e2', 'a5894594-bf73-46ab-bde7-2dcc9ee2f532', 'Mathematics?? Yeah, Mathematics!', 'highlight', 'Mathematics?? Yeah, Mathematics!', '', '[]', '284b3091-455d-4476-ae67-442a19d153d4', 'Mathematics', '{"width":1920,"height":1080,"bitrate":1932.62}', '', '32457', '2015-09-27 19:58:32.782800+0000', '2015-09-28 13:56:42.821800+0000');
INSERT INTO "neap"."stream"(stream_id, channel_id, title, topic_id, topic, media_info, viewers, created_at, updated_at, ended_at)
    VALUES ('83228d39-afad-4d01-9adb-2cd52c7f847e', '9b9322a2-c215-4213-a70c-53a7da1a62de', 'Photography?? Yeah, Photography!', 'e496e832-363e-4228-b518-7fe126ccaa04', 'Photography', '{"width":1280,"height":720,"bitrate":1303.02}', 1054, '2015-10-05 04:58:01.669000+0000', '2015-10-05 05:40:03.551000+0000', '2015-10-05 06:06:06.856900+0000');
INSERT INTO "neap"."stream"(stream_id, channel_id, title, topic_id, topic, media_info, viewers, created_at, updated_at, ended_at)
    VALUES ('c00b6be3-61d5-4f84-93d0-6f271bff07d3', '9b9322a2-c215-4213-a70c-53a7da1a62de', 'Quincy goes live!', '48e535f7-dba1-4d59-aac3-4c6cced32d6c', 'Video games', '{"width":720,"height":400,"bitrate":512.34}', 5, '2015-07-12 01:43:51.105000+0000', '2015-07-12 04:27:41.933400+0000', '2015-07-12 04:36:33.570000+0000');
INSERT INTO "neap"."video"(video_id, stream_id, title, type, description, status, tags, topic_id, topic, media_info, preview, views, created_at, updated_at)
    VALUES ('91b20fbd-727a-4924-82e6-6a63918429bb', 'c00b6be3-61d5-4f84-93d0-6f271bff07d3', 'Quincy goes live!', 'highlight', 'Quincy goes live!', '', '[]', '48e535f7-dba1-4d59-aac3-4c6cced32d6c', 'Video games', '{"width":720,"height":400,"bitrate":787.5}', '', '23320', '2015-08-27 11:17:37.637300+0000', '2015-08-29 14:32:28.112800+0000');
INSERT INTO "neap"."user"(user_id, channel_id, type, username, email, password, display_name, logo, bio, created_at, updated_at)
    VALUES ('a1b1b087-63ed-402e-b4a3-1da60e57c32d', '7b72a55a-c2e5-45ce-af67-a024ae5c8cd0', 'user', 'hallie', 'hallie@neap.io', '$2y$10$LQgQQy9h.it3imBGypF/Ce6Q4RTVVEQJvh0y/Wxsz1ytLF5V8DK8i', 'Hallie', 'https://gravatar.com/avatar/69b109ba668babba88bace3d178be11e?s=128&d=identicon', null, '2015-06-28 02:26:43.189200+0000', '2015-10-03 17:21:20.226500+0000');
INSERT INTO "neap"."channel"(channel_id, user_id, chat_id, name, display_name, topic, language, views, followers)
    VALUES ('7b72a55a-c2e5-45ce-af67-a024ae5c8cd0', 'a1b1b087-63ed-402e-b4a3-1da60e57c32d', 'c50773d3-1360-44cc-84ee-9166b10ba08a', 'hallie', 'Hallie Channel', 'History', 'en', 88708, 63);
INSERT INTO "neap"."chat"(chat_id, channel_id, name)
    VALUES ('c50773d3-1360-44cc-84ee-9166b10ba08a', '7b72a55a-c2e5-45ce-af67-a024ae5c8cd0', 'hallie');
INSERT INTO "neap"."stream"(stream_id, channel_id, title, topic_id, topic, media_info, viewers, created_at, updated_at, ended_at)
    VALUES ('f5bd4251-2737-477c-93f9-110c8401e415', '7b72a55a-c2e5-45ce-af67-a024ae5c8cd0', 'Biology?? Yeah, Biology!', 'd4f06d27-2693-4552-bd85-d9875651ce39', 'Biology', '{"width":720,"height":400,"bitrate":702.79}', 1002, '2015-07-30 23:07:12.579400+0000', '2015-07-31 03:26:20.864500+0000', '2015-07-31 03:41:47.745800+0000');
INSERT INTO "neap"."stream"(stream_id, channel_id, title, topic_id, topic, media_info, viewers, created_at, updated_at, ended_at)
    VALUES ('737f546d-96de-4d46-b29d-3623ad9912ca', '7b72a55a-c2e5-45ce-af67-a024ae5c8cd0', 'Today is Mathematics day', '284b3091-455d-4476-ae67-442a19d153d4', 'Mathematics', '{"width":1280,"height":720,"bitrate":1278.97}', 505, '2015-07-20 00:08:17.594700+0000', '2015-07-20 00:49:15.268800+0000', '2015-07-20 00:51:45.394300+0000');
INSERT INTO "neap"."video"(video_id, stream_id, title, type, description, status, tags, topic_id, topic, media_info, preview, views, created_at, updated_at)
    VALUES ('8a833009-eced-4922-b4bb-dbe79a825b37', '737f546d-96de-4d46-b29d-3623ad9912ca', 'Today is Mathematics day', 'record', 'Today is Mathematics day', '', '[]', '284b3091-455d-4476-ae67-442a19d153d4', 'Mathematics', '{"width":1280,"height":720,"bitrate":935.46}', '', '27450', '2015-08-06 14:38:39.454100+0000', '2015-08-08 11:25:22.006300+0000');
INSERT INTO "neap"."stream"(stream_id, channel_id, title, topic_id, topic, media_info, viewers, created_at, updated_at, ended_at)
    VALUES ('76fab9dd-00e8-4438-b2c0-1d7091753d49', '7b72a55a-c2e5-45ce-af67-a024ae5c8cd0', 'Relax stream', '994391cf-d41e-46f4-b6eb-ce53824e3a0c', 'Litterature', '{"width":1920,"height":1080,"bitrate":2726.86}', 1262, '2015-10-14 07:15:57.228200+0000', '2015-10-14 09:38:08.113200+0000', '2015-10-14 09:57:39.183100+0000');
INSERT INTO "neap"."video"(video_id, stream_id, title, type, description, status, tags, topic_id, topic, media_info, preview, views, created_at, updated_at)
    VALUES ('f0410cdb-c94c-4ac4-8b58-fc6bcb86a4be', '76fab9dd-00e8-4438-b2c0-1d7091753d49', 'Relax stream', 'highlight', 'Relax stream', '', '[]', '994391cf-d41e-46f4-b6eb-ce53824e3a0c', 'Litterature', '{"width":1920,"height":1080,"bitrate":1685.72}', '', '5294', '2015-10-18 09:34:04.735600+0000', '2015-10-20 08:27:48.623400+0000');
INSERT INTO "neap"."stream"(stream_id, channel_id, title, topic_id, topic, media_info, viewers, created_at, updated_at, ended_at)
    VALUES ('4448f328-7962-45d8-a00e-82337e29bba3', '7b72a55a-c2e5-45ce-af67-a024ae5c8cd0', 'Hallie goes live!', '994391cf-d41e-46f4-b6eb-ce53824e3a0c', 'Litterature', '{"width":720,"height":400,"bitrate":512.49}', 617, '2015-09-30 01:22:18.362400+0000', '2015-09-30 04:59:29.100800+0000', '2015-09-30 05:08:19.827700+0000');
INSERT INTO "neap"."stream"(stream_id, channel_id, title, topic_id, topic, media_info, viewers, created_at, updated_at, ended_at)
    VALUES ('78bc3d05-3102-482d-b1bc-b1f9d0ff9056', '7b72a55a-c2e5-45ce-af67-a024ae5c8cd0', 'Fun with Litterature and Hallie', '994391cf-d41e-46f4-b6eb-ce53824e3a0c', 'Litterature', '{"width":720,"height":400,"bitrate":594}', 1592, '2015-07-15 01:04:23.195700+0000', '2015-07-15 04:57:07.275200+0000', '2015-07-15 05:05:40.693400+0000');
INSERT INTO "neap"."video"(video_id, stream_id, title, type, description, status, tags, topic_id, topic, media_info, preview, views, created_at, updated_at)
    VALUES ('f1be64c2-1c2d-416b-b08e-6a59cf087757', '78bc3d05-3102-482d-b1bc-b1f9d0ff9056', 'Fun with Litterature and Hallie', 'record', 'Fun with Litterature and Hallie', '', '[]', '994391cf-d41e-46f4-b6eb-ce53824e3a0c', 'Litterature', '{"width":720,"height":400,"bitrate":504.74}', '', '30819', '2015-10-05 18:10:39.877100+0000', '2015-10-10 20:11:12.887200+0000');
INSERT INTO "neap"."stream"(stream_id, channel_id, title, topic_id, topic, media_info, viewers, created_at, updated_at, ended_at)
    VALUES ('d1d3c56b-bc0b-4427-b236-62051f872545', '7b72a55a-c2e5-45ce-af67-a024ae5c8cd0', 'Biology?? Yeah, Biology!', 'd4f06d27-2693-4552-bd85-d9875651ce39', 'Biology', '{"width":1920,"height":1080,"bitrate":2723.37}', 1123, '2015-08-20 00:15:52.359400+0000', '2015-08-20 01:37:40.735400+0000', '2015-08-20 01:38:11.341400+0000');
INSERT INTO "neap"."video"(video_id, stream_id, title, type, description, status, tags, topic_id, topic, media_info, preview, views, created_at, updated_at)
    VALUES ('1681e901-db61-4159-bea0-52a1841ed689', 'd1d3c56b-bc0b-4427-b236-62051f872545', 'Biology?? Yeah, Biology!', 'highlight', 'Biology?? Yeah, Biology!', '', '[]', 'd4f06d27-2693-4552-bd85-d9875651ce39', 'Biology', '{"width":1920,"height":1080,"bitrate":1579.66}', '', '7656', '2015-10-26 03:05:16.229200+0000', '2015-10-27 15:39:10.402800+0000');
INSERT INTO "neap"."user"(user_id, channel_id, type, username, email, password, display_name, logo, bio, created_at, updated_at)
    VALUES ('cbb81a0b-fc3c-4922-b99c-3cd3ed88e0aa', '36923eef-f970-47be-a52c-1fcd03573ebd', 'user', 'patrick', 'patrick@neap.io', '$2y$10$BFGkL3oOoUCcEWQ/JaZPKOQ.wFu5ivaiBIp9JC2aRmNh/ofw65NaS', 'Patrick', 'https://gravatar.com/avatar/5f1c55a8000fcee095b43cc73e32ecb5?s=128&d=identicon', null, '2015-07-23 08:56:31.350300+0000', '2015-10-17 03:13:59.367700+0000');
INSERT INTO "neap"."channel"(channel_id, user_id, chat_id, name, display_name, topic, language, views, followers)
    VALUES ('36923eef-f970-47be-a52c-1fcd03573ebd', 'cbb81a0b-fc3c-4922-b99c-3cd3ed88e0aa', '774f36ce-210f-4cdb-887d-2718ae1bd23f', 'patrick', 'Patrick Channel', 'Video games', 'en', 86404, 21);
INSERT INTO "neap"."chat"(chat_id, channel_id, name)
    VALUES ('774f36ce-210f-4cdb-887d-2718ae1bd23f', '36923eef-f970-47be-a52c-1fcd03573ebd', 'patrick');
INSERT INTO "neap"."stream"(stream_id, channel_id, title, topic_id, topic, media_info, viewers, created_at, updated_at, ended_at)
    VALUES ('598973d5-95fd-4e5a-9d14-2d3e60b10b77', '36923eef-f970-47be-a52c-1fcd03573ebd', 'Relax stream', '1cae4612-f178-4a0e-b3af-343a88b99638', 'Science', '{"width":720,"height":400,"bitrate":564.87}', 1072, '2015-10-06 21:27:58.157700+0000', '2015-10-06 22:46:13.451400+0000', '2015-10-06 22:48:24.657500+0000');
INSERT INTO "neap"."video"(video_id, stream_id, title, type, description, status, tags, topic_id, topic, media_info, preview, views, created_at, updated_at)
    VALUES ('61fa1285-63b2-4246-98bf-f0920f6f528d', '598973d5-95fd-4e5a-9d14-2d3e60b10b77', 'Relax stream', 'highlight', 'Relax stream', '', '[]', '1cae4612-f178-4a0e-b3af-343a88b99638', 'Science', '{"width":720,"height":400,"bitrate":799.77}', '', '34935', '2015-10-13 20:13:10.874800+0000', '2015-10-14 04:48:32.391600+0000');
INSERT INTO "neap"."stream"(stream_id, channel_id, title, topic_id, topic, media_info, viewers, created_at, updated_at, ended_at)
    VALUES ('2d7a0ea9-b02f-4963-9d78-1ea3cc117167', '36923eef-f970-47be-a52c-1fcd03573ebd', 'Today is Theology day', 'd2ea25fc-eb67-4c63-86d0-58ba2ce51b56', 'Theology', '{"width":1920,"height":1080,"bitrate":3324.42}', 465, '2015-08-11 14:28:11.077700+0000', '2015-08-11 14:41:23.788300+0000', '2015-08-11 14:55:07.559900+0000');
INSERT INTO "neap"."video"(video_id, stream_id, title, type, description, status, tags, topic_id, topic, media_info, preview, views, created_at, updated_at)
    VALUES ('ead3967e-075c-4426-848d-28022b1aea2d', '2d7a0ea9-b02f-4963-9d78-1ea3cc117167', 'Today is Theology day', 'record', 'Today is Theology day', '', '[]', 'd2ea25fc-eb67-4c63-86d0-58ba2ce51b56', 'Theology', '{"width":1920,"height":1080,"bitrate":3367.59}', '', '29611', '2015-10-21 14:29:29.612800+0000', '2015-10-25 17:52:20.652400+0000');
INSERT INTO "neap"."video"(video_id, stream_id, title, type, description, status, tags, topic_id, topic, media_info, preview, views, created_at, updated_at)
    VALUES ('0ca68a99-0a7b-4965-8d17-4ee9eb2ad7d6', '2d7a0ea9-b02f-4963-9d78-1ea3cc117167', 'Today is Theology day', 'record', 'Today is Theology day', '', '[]', 'd2ea25fc-eb67-4c63-86d0-58ba2ce51b56', 'Theology', '{"width":1920,"height":1080,"bitrate":2260.57}', '', '39486', '2015-09-11 17:19:56.725800+0000', '2015-09-13 00:52:44.239500+0000');
INSERT INTO "neap"."stream"(stream_id, channel_id, title, topic_id, topic, media_info, viewers, created_at, updated_at, ended_at)
    VALUES ('742f8f4c-f16b-443a-a184-3cc21e9535fe', '36923eef-f970-47be-a52c-1fcd03573ebd', 'Come on and have fun with Patrick!', 'e496e832-363e-4228-b518-7fe126ccaa04', 'Photography', '{"width":1280,"height":720,"bitrate":1128.75}', 523, '2015-09-05 17:42:48.218800+0000', '2015-09-05 23:53:01.097500+0000', '2015-09-06 00:21:31.505400+0000');
INSERT INTO "neap"."video"(video_id, stream_id, title, type, description, status, tags, topic_id, topic, media_info, preview, views, created_at, updated_at)
    VALUES ('a7fa6fed-b9bf-434d-83b2-5b3dce79624d', '742f8f4c-f16b-443a-a184-3cc21e9535fe', 'Come on and have fun with Patrick!', 'record', 'Come on and have fun with Patrick!', '', '[]', 'e496e832-363e-4228-b518-7fe126ccaa04', 'Photography', '{"width":1280,"height":720,"bitrate":947.22}', '', '9600', '2015-10-25 23:19:15.077700+0000', '2015-10-26 03:07:47.907400+0000');
INSERT INTO "neap"."stream"(stream_id, channel_id, title, topic_id, topic, media_info, viewers, created_at, updated_at, ended_at)
    VALUES ('7e4a5a1b-63fb-4e88-8586-ad220edd79ff', '36923eef-f970-47be-a52c-1fcd03573ebd', 'Relax stream', '1cae4612-f178-4a0e-b3af-343a88b99638', 'Science', '{"width":720,"height":400,"bitrate":643.36}', 795, '2015-09-04 19:31:29.383300+0000', '2015-09-04 19:39:31.739000+0000', '2015-09-04 19:40:15.648800+0000');
INSERT INTO "neap"."stream"(stream_id, channel_id, title, topic_id, topic, media_info, viewers, created_at, updated_at, ended_at)
    VALUES ('422c660a-027d-468c-84dc-811b5ec22d2e', '36923eef-f970-47be-a52c-1fcd03573ebd', 'Fun with History and Patrick', '5f6c7ec0-84ab-4d8e-a2d7-ff1887b55d6e', 'History', '{"width":1280,"height":720,"bitrate":925.4}', 1890, '2015-08-21 07:06:40.250300+0000', '2015-08-21 12:06:03.340400+0000', '2015-08-21 12:52:27.623100+0000');
INSERT INTO "neap"."video"(video_id, stream_id, title, type, description, status, tags, topic_id, topic, media_info, preview, views, created_at, updated_at)
    VALUES ('c5ff759e-e8a8-4e4e-ad14-80359665aed6', '422c660a-027d-468c-84dc-811b5ec22d2e', 'Fun with History and Patrick', 'record', 'Fun with History and Patrick', '', '[]', '5f6c7ec0-84ab-4d8e-a2d7-ff1887b55d6e', 'History', '{"width":1280,"height":720,"bitrate":1482.54}', '', '6312', '2015-10-30 01:56:46.708800+0000', '2015-11-05 04:00:09.344700+0000');
INSERT INTO "neap"."stream"(stream_id, channel_id, title, topic_id, topic, media_info, viewers, created_at, updated_at, ended_at)
    VALUES ('c54dd610-29fa-4c4d-8164-51e178d14cb4', '36923eef-f970-47be-a52c-1fcd03573ebd', 'Relax stream', '35fa82dc-ed25-47fb-b6cd-58ae8a151f60', 'Philosophy', '{"width":1280,"height":720,"bitrate":1109.82}', 102, '2015-10-24 04:52:30.436300+0000', '2015-10-24 04:56:50.301400+0000', '2015-10-24 06:00:26.709800+0000');
INSERT INTO "neap"."stream"(stream_id, channel_id, title, topic_id, topic, media_info, viewers, created_at, updated_at, ended_at)
    VALUES ('3ff8c24c-1a33-417f-acf5-ae3446e7aaf4', '36923eef-f970-47be-a52c-1fcd03573ebd', 'Today is Video games day', '48e535f7-dba1-4d59-aac3-4c6cced32d6c', 'Video games', '{"width":1280,"height":720,"bitrate":943.69}', 1610, '2015-10-14 04:10:01.573700+0000', '2015-10-14 05:51:48.851200+0000', '2015-10-14 06:10:44.649100+0000');
INSERT INTO "neap"."video"(video_id, stream_id, title, type, description, status, tags, topic_id, topic, media_info, preview, views, created_at, updated_at)
    VALUES ('e0f8fd49-9666-4c48-bf18-ab30f90ef84f', '3ff8c24c-1a33-417f-acf5-ae3446e7aaf4', 'Today is Video games day', 'highlight', 'Today is Video games day', '', '[]', '48e535f7-dba1-4d59-aac3-4c6cced32d6c', 'Video games', '{"width":1280,"height":720,"bitrate":1282.56}', '', '28345', '2015-10-25 13:51:50.852400+0000', '2015-10-25 23:54:47.654700+0000');
INSERT INTO "neap"."user"(user_id, channel_id, type, username, email, password, display_name, logo, bio, created_at, updated_at)
    VALUES ('496b4ef1-448d-40c2-97e1-4b14b382ac97', '3b9d71c9-4b0a-42a6-952c-f786215b11c9', 'user', 'karson', 'karson@neap.io', '$2y$10$HUoc9CUU9TKKoRhg6LIyOef.ExM9trXZMOcfAFaNvyaDd06C.5Mx6', 'Karson', 'https://gravatar.com/avatar/d6c68938daf26520229cfe6c46ef8942?s=128&d=identicon', null, '2015-08-12 17:05:14.660100+0000', '2015-08-30 18:40:11.143800+0000');
INSERT INTO "neap"."channel"(channel_id, user_id, chat_id, name, display_name, topic, language, views, followers)
    VALUES ('3b9d71c9-4b0a-42a6-952c-f786215b11c9', '496b4ef1-448d-40c2-97e1-4b14b382ac97', '0b73e4f8-0701-4f60-ac66-b40daf0e8e2d', 'karson', 'Karson Channel', 'Science', 'en', 17893, 138);
INSERT INTO "neap"."chat"(chat_id, channel_id, name)
    VALUES ('0b73e4f8-0701-4f60-ac66-b40daf0e8e2d', '3b9d71c9-4b0a-42a6-952c-f786215b11c9', 'karson');
INSERT INTO "neap"."stream"(stream_id, channel_id, title, topic_id, topic, media_info, viewers, created_at, updated_at, ended_at)
    VALUES ('630c1c4b-e4ab-47d5-aec9-0a95080da3f1', '3b9d71c9-4b0a-42a6-952c-f786215b11c9', 'Relax stream', 'e9af2f53-d2dd-4e32-9dea-26d6ac21bcb8', 'Astrology', '{"width":720,"height":400,"bitrate":673.45}', 43346, '2015-09-03 22:38:49.904800+0000', '2015-09-04 00:27:50.655100+0000', '2015-09-04 00:33:11.327000+0000');
INSERT INTO "neap"."stream"(stream_id, channel_id, title, topic_id, topic, media_info, viewers, created_at, updated_at, ended_at)
    VALUES ('b80fe292-8a01-49f1-82e6-f05bf28a3ba5', '3b9d71c9-4b0a-42a6-952c-f786215b11c9', 'Karson goes live!', '284b3091-455d-4476-ae67-442a19d153d4', 'Mathematics', '{"width":720,"height":400,"bitrate":770.79}', 613, '2015-09-03 12:12:38.674400+0000', '2015-09-03 12:44:49.370500+0000', '2015-09-03 13:12:59.240300+0000');
INSERT INTO "neap"."video"(video_id, stream_id, title, type, description, status, tags, topic_id, topic, media_info, preview, views, created_at, updated_at)
    VALUES ('8a26ba5a-8afe-4d18-a522-1ceb3aca7fef', 'b80fe292-8a01-49f1-82e6-f05bf28a3ba5', 'Karson goes live!', 'highlight', 'Karson goes live!', '', '[]', '284b3091-455d-4476-ae67-442a19d153d4', 'Mathematics', '{"width":720,"height":400,"bitrate":790.14}', '', '4830', '2015-10-23 09:27:35.256200+0000', '2015-10-26 09:45:26.231400+0000');
INSERT INTO "neap"."stream"(stream_id, channel_id, title, topic_id, topic, media_info, viewers, created_at, updated_at, ended_at)
    VALUES ('b5548c89-2adb-47e5-9e4b-1e5fe2bbaf16', '3b9d71c9-4b0a-42a6-952c-f786215b11c9', 'Relax stream', 'e496e832-363e-4228-b518-7fe126ccaa04', 'Photography', '{"width":1280,"height":720,"bitrate":1285.31}', 366, '2015-11-01 07:48:36.853700+0000', '2015-11-01 12:20:43.363600+0000', '2015-11-01 12:22:02.286900+0000');
INSERT INTO "neap"."video"(video_id, stream_id, title, type, description, status, tags, topic_id, topic, media_info, preview, views, created_at, updated_at)
    VALUES ('4dc66d91-df60-4cc0-87d6-a0785327867e', 'b5548c89-2adb-47e5-9e4b-1e5fe2bbaf16', 'Relax stream', 'record', 'Relax stream', '', '[]', 'e496e832-363e-4228-b518-7fe126ccaa04', 'Photography', '{"width":1280,"height":720,"bitrate":955.94}', '', '7669', '2015-11-01 22:29:23.026400+0000', '2015-11-04 08:55:05.585400+0000');
INSERT INTO "neap"."stream"(stream_id, channel_id, title, topic_id, topic, media_info, viewers, created_at, updated_at, ended_at)
    VALUES ('5768e00f-065d-491f-a308-0750f8241e82', '3b9d71c9-4b0a-42a6-952c-f786215b11c9', 'Karson goes live!', 'e496e832-363e-4228-b518-7fe126ccaa04', 'Photography', '{"width":720,"height":400,"bitrate":680.23}', 1268, '2015-09-13 14:55:05.127000+0000', '2015-09-13 19:45:40.811500+0000', '2015-09-13 19:49:39.678300+0000');
INSERT INTO "neap"."video"(video_id, stream_id, title, type, description, status, tags, topic_id, topic, media_info, preview, views, created_at, updated_at)
    VALUES ('dfbe7a7a-a899-46a1-9662-617dff74b9a3', '5768e00f-065d-491f-a308-0750f8241e82', 'Karson goes live!', 'record', 'Karson goes live!', '', '[]', 'e496e832-363e-4228-b518-7fe126ccaa04', 'Photography', '{"width":720,"height":400,"bitrate":631.97}', '', '4401', '2015-09-21 14:47:28.369100+0000', '2015-09-22 08:24:16.530800+0000');
INSERT INTO "neap"."video"(video_id, stream_id, title, type, description, status, tags, topic_id, topic, media_info, preview, views, created_at, updated_at)
    VALUES ('111da357-0d0b-47c8-8e6c-ca3ca53c85d9', '5768e00f-065d-491f-a308-0750f8241e82', 'Karson goes live!', 'record', 'Karson goes live!', '', '[]', 'e496e832-363e-4228-b518-7fe126ccaa04', 'Photography', '{"width":720,"height":400,"bitrate":634.49}', '', '13499', '2015-10-02 10:07:49.539400+0000', '2015-10-02 12:28:58.283700+0000');
INSERT INTO "neap"."stream"(stream_id, channel_id, title, topic_id, topic, media_info, viewers, created_at, updated_at, ended_at)
    VALUES ('29299a16-0887-4214-b771-b542fdc1d764', '3b9d71c9-4b0a-42a6-952c-f786215b11c9', 'Philosophy?? Yeah, Philosophy!', '35fa82dc-ed25-47fb-b6cd-58ae8a151f60', 'Philosophy', '{"width":1920,"height":1080,"bitrate":2367.9}', 828, '2015-09-11 00:58:15.388600+0000', '2015-09-11 01:31:42.421800+0000', '2015-09-11 02:39:48.375400+0000');
INSERT INTO "neap"."video"(video_id, stream_id, title, type, description, status, tags, topic_id, topic, media_info, preview, views, created_at, updated_at)
    VALUES ('fe67d86d-adc1-4180-888c-c0f05c512609', '29299a16-0887-4214-b771-b542fdc1d764', 'Philosophy?? Yeah, Philosophy!', 'record', 'Philosophy?? Yeah, Philosophy!', '', '[]', '35fa82dc-ed25-47fb-b6cd-58ae8a151f60', 'Philosophy', '{"width":1920,"height":1080,"bitrate":2702.8}', '', '16735', '2015-10-18 16:46:33.288400+0000', '2015-10-20 11:46:00.198400+0000');
INSERT INTO "neap"."stream"(stream_id, channel_id, title, topic_id, topic, media_info, viewers, created_at, updated_at, ended_at)
    VALUES ('e50b1d83-0da9-495d-9463-a418538a595b', '3b9d71c9-4b0a-42a6-952c-f786215b11c9', 'The origins of Biology', 'd4f06d27-2693-4552-bd85-d9875651ce39', 'Biology', '{"width":720,"height":400,"bitrate":656.14}', 121, '2015-10-21 10:37:20.245200+0000', '2015-10-21 10:44:25.793200+0000', '2015-10-21 10:59:52.675100+0000');
INSERT INTO "neap"."video"(video_id, stream_id, title, type, description, status, tags, topic_id, topic, media_info, preview, views, created_at, updated_at)
    VALUES ('f95a6f36-acc5-4de8-a71a-6cdc927d9b2f', 'e50b1d83-0da9-495d-9463-a418538a595b', 'The origins of Biology', 'record', 'The origins of Biology', '', '[]', 'd4f06d27-2693-4552-bd85-d9875651ce39', 'Biology', '{"width":720,"height":400,"bitrate":586.39}', '', '8098', '2015-10-25 04:34:00.789200+0000', '2015-10-26 08:47:56.112400+0000');
INSERT INTO "neap"."stream"(stream_id, channel_id, title, topic_id, topic, media_info, viewers, created_at, updated_at, ended_at)
    VALUES ('a62f17ea-c0ae-4073-afad-d4736073a6a3', '3b9d71c9-4b0a-42a6-952c-f786215b11c9', 'Fun with Music and Karson', 'b369c464-cdea-4356-9d70-1450585652e2', 'Music', '{"width":1280,"height":720,"bitrate":965.05}', 806, '2015-09-11 22:55:23.705300+0000', '2015-09-12 05:36:09.149200+0000', '2015-09-12 07:03:45.218100+0000');
INSERT INTO "neap"."video"(video_id, stream_id, title, type, description, status, tags, topic_id, topic, media_info, preview, views, created_at, updated_at)
    VALUES ('d1537ede-acd2-4892-a96b-71a68c806398', 'a62f17ea-c0ae-4073-afad-d4736073a6a3', 'Fun with Music and Karson', 'record', 'Fun with Music and Karson', '', '[]', 'b369c464-cdea-4356-9d70-1450585652e2', 'Music', '{"width":1280,"height":720,"bitrate":1386.66}', '', '1070', '2015-10-31 16:43:40.411900+0000', '2015-11-03 15:06:19.303200+0000');
INSERT INTO "neap"."video"(video_id, stream_id, title, type, description, status, tags, topic_id, topic, media_info, preview, views, created_at, updated_at)
    VALUES ('a4b5c6a3-8c3d-4ce7-91c9-b1feaa555960', 'a62f17ea-c0ae-4073-afad-d4736073a6a3', 'Fun with Music and Karson', 'record', 'Fun with Music and Karson', '', '[]', 'b369c464-cdea-4356-9d70-1450585652e2', 'Music', '{"width":1280,"height":720,"bitrate":1201.51}', '', '20367', '2015-10-07 08:14:36.921400+0000', '2015-10-08 08:41:58.025400+0000');
INSERT INTO "neap"."user"(user_id, channel_id, type, username, email, password, display_name, logo, bio, created_at, updated_at)
    VALUES ('73a82384-b2ea-48a9-89ad-5cb30b82ed33', '51077a4c-f677-4e1f-b276-3c90d2ca0cf4', 'user', 'hannah', 'hannah@neap.io', '$2y$10$u2AltbVwMYsf18ikCImMS.x41UgZHUSWrli73gJ3f19c13NK8ie4y', 'Hannah', 'https://gravatar.com/avatar/f2705f90b309715d193b0cf63f468924?s=128&d=identicon', null, '2015-10-13 15:36:26.484100+0000', '2015-10-17 15:30:39.419900+0000');
INSERT INTO "neap"."channel"(channel_id, user_id, chat_id, name, display_name, topic, language, views, followers)
    VALUES ('51077a4c-f677-4e1f-b276-3c90d2ca0cf4', '73a82384-b2ea-48a9-89ad-5cb30b82ed33', '1a6db734-0f5c-4f10-b4b1-827e7f6a7752', 'hannah', 'Hannah Channel', 'Photography', 'en', 43385, 73);
INSERT INTO "neap"."chat"(chat_id, channel_id, name)
    VALUES ('1a6db734-0f5c-4f10-b4b1-827e7f6a7752', '51077a4c-f677-4e1f-b276-3c90d2ca0cf4', 'hannah');
INSERT INTO "neap"."stream"(stream_id, channel_id, title, topic_id, topic, media_info, viewers, created_at, updated_at, ended_at)
    VALUES ('d3b22625-feef-4940-89bf-4a72b007fba5', '51077a4c-f677-4e1f-b276-3c90d2ca0cf4', 'Hannah goes live!', '48e535f7-dba1-4d59-aac3-4c6cced32d6c', 'Video games', '{"width":1280,"height":720,"bitrate":952.72}', 1989, '2015-10-14 02:23:52.181900+0000', '2015-10-14 08:49:27.161500+0000', '2015-10-14 09:10:19.686000+0000');
INSERT INTO "neap"."video"(video_id, stream_id, title, type, description, status, tags, topic_id, topic, media_info, preview, views, created_at, updated_at)
    VALUES ('ee47e331-4b07-4f11-a042-abd530ee2af6', 'd3b22625-feef-4940-89bf-4a72b007fba5', 'Hannah goes live!', 'record', 'Hannah goes live!', '', '[]', '48e535f7-dba1-4d59-aac3-4c6cced32d6c', 'Video games', '{"width":1280,"height":720,"bitrate":1354.06}', '', '26328', '2015-10-29 12:49:40.097300+0000', '2015-10-31 15:49:27.259900+0000');
INSERT INTO "neap"."video"(video_id, stream_id, title, type, description, status, tags, topic_id, topic, media_info, preview, views, created_at, updated_at)
    VALUES ('283c6a60-7e2b-4fc2-a2c1-15a25d836b02', 'd3b22625-feef-4940-89bf-4a72b007fba5', 'Hannah goes live!', 'record', 'Hannah goes live!', '', '[]', '48e535f7-dba1-4d59-aac3-4c6cced32d6c', 'Video games', '{"width":1280,"height":720,"bitrate":975.48}', '', '8038', '2015-10-18 18:04:04.828500+0000', '2015-10-18 20:37:07.431600+0000');
INSERT INTO "neap"."stream"(stream_id, channel_id, title, topic_id, topic, media_info, viewers, created_at, updated_at, ended_at)
    VALUES ('9081b024-c261-4654-95ec-908bf6c34c06', '51077a4c-f677-4e1f-b276-3c90d2ca0cf4', 'Come on and have fun with Hannah!', '1cae4612-f178-4a0e-b3af-343a88b99638', 'Science', '{"width":1920,"height":1080,"bitrate":3335.82}', 1873, '2015-10-24 00:32:10.752100+0000', '2015-10-24 01:53:22.358100+0000', '2015-10-24 02:47:32.779200+0000');
INSERT INTO "neap"."video"(video_id, stream_id, title, type, description, status, tags, topic_id, topic, media_info, preview, views, created_at, updated_at)
    VALUES ('d573d4f8-282c-43b6-a9b0-686ee32d9cdc', '9081b024-c261-4654-95ec-908bf6c34c06', 'Come on and have fun with Hannah!', 'highlight', 'Come on and have fun with Hannah!', '', '[]', '1cae4612-f178-4a0e-b3af-343a88b99638', 'Science', '{"width":1920,"height":1080,"bitrate":2967.15}', '', '5456', '2015-10-26 12:45:25.650000+0000', '2015-10-29 21:55:07.134200+0000');
INSERT INTO "neap"."stream"(stream_id, channel_id, title, topic_id, topic, media_info, viewers, created_at, updated_at, ended_at)
    VALUES ('36fe059b-0aba-41a3-a84c-a96d7fe52ee9', '51077a4c-f677-4e1f-b276-3c90d2ca0cf4', 'Fun with Science and Hannah', '1cae4612-f178-4a0e-b3af-343a88b99638', 'Science', '{"width":1920,"height":1080,"bitrate":1316.5}', 111, '2015-10-20 18:50:20.636500+0000', '2015-10-20 19:14:04.721800+0000', '2015-10-20 19:14:19.988000+0000');
INSERT INTO "neap"."stream"(stream_id, channel_id, title, topic_id, topic, media_info, viewers, created_at, updated_at, ended_at)
    VALUES ('4cb18fd8-9d4a-4173-8a8c-11c7e8e5f045', '51077a4c-f677-4e1f-b276-3c90d2ca0cf4', 'Hannah goes live!', 'd4f06d27-2693-4552-bd85-d9875651ce39', 'Biology', '{"width":1920,"height":1080,"bitrate":1092.98}', 1402, '2015-10-14 13:54:34.612200+0000', '2015-10-14 17:21:17.953900+0000', '2015-10-14 18:09:33.911600+0000');
INSERT INTO "neap"."stream"(stream_id, channel_id, title, topic_id, topic, media_info, viewers, created_at, updated_at, ended_at)
    VALUES ('9446d7fe-59ba-4ef4-afd9-70873560a119', '51077a4c-f677-4e1f-b276-3c90d2ca0cf4', 'Fun with Litterature and Hannah', '994391cf-d41e-46f4-b6eb-ce53824e3a0c', 'Litterature', '{"width":1280,"height":720,"bitrate":1370.02}', 888, '2015-11-01 16:49:55.592400+0000', '2015-11-01 19:15:02.942800+0000', '2015-11-01 20:12:10.962800+0000');
INSERT INTO "neap"."stream"(stream_id, channel_id, title, topic_id, topic, media_info, viewers, created_at, updated_at, ended_at)
    VALUES ('b6b8c3b5-0c59-4aeb-9f07-52938eaf2897', '51077a4c-f677-4e1f-b276-3c90d2ca0cf4', 'Relax stream', '48e535f7-dba1-4d59-aac3-4c6cced32d6c', 'Video games', '{"width":720,"height":400,"bitrate":544.59}', 1526, '2015-10-19 03:10:56.833200+0000', '2015-10-19 06:40:26.701000+0000', '2015-10-19 07:06:10.555500+0000');
INSERT INTO "neap"."video"(video_id, stream_id, title, type, description, status, tags, topic_id, topic, media_info, preview, views, created_at, updated_at)
    VALUES ('fb8a0397-d411-4197-93dc-910a22869e0b', 'b6b8c3b5-0c59-4aeb-9f07-52938eaf2897', 'Relax stream', 'record', 'Relax stream', '', '[]', '48e535f7-dba1-4d59-aac3-4c6cced32d6c', 'Video games', '{"width":720,"height":400,"bitrate":797.99}', '', '35910', '2015-10-25 03:11:41.895700+0000', '2015-10-25 09:31:47.938600+0000');
INSERT INTO "neap"."video"(video_id, stream_id, title, type, description, status, tags, topic_id, topic, media_info, preview, views, created_at, updated_at)
    VALUES ('f86ddf6a-4902-4919-9ca9-b017a052bf52', 'b6b8c3b5-0c59-4aeb-9f07-52938eaf2897', 'Relax stream', 'record', 'Relax stream', '', '[]', '48e535f7-dba1-4d59-aac3-4c6cced32d6c', 'Video games', '{"width":720,"height":400,"bitrate":768.87}', '', '16649', '2015-10-27 21:03:17.927600+0000', '2015-10-29 02:39:46.620400+0000');
INSERT INTO "neap"."stream"(stream_id, channel_id, title, topic_id, topic, media_info, viewers, created_at, updated_at, ended_at)
    VALUES ('a034ae78-a2b0-46ea-b539-941585aa7e63', '51077a4c-f677-4e1f-b276-3c90d2ca0cf4', 'Come on and have fun with Hannah!', '35fa82dc-ed25-47fb-b6cd-58ae8a151f60', 'Philosophy', '{"width":1920,"height":1080,"bitrate":1280.6}', 918, '2015-10-30 18:40:52.210900+0000', '2015-10-30 20:24:50.060900+0000', '2015-10-30 20:51:48.401600+0000');
INSERT INTO "neap"."stream"(stream_id, channel_id, title, topic_id, topic, media_info, viewers, created_at, updated_at, ended_at)
    VALUES ('67ec5bef-c7cd-4971-815a-10495b1dd2d1', '51077a4c-f677-4e1f-b276-3c90d2ca0cf4', 'Relax stream', 'd2ea25fc-eb67-4c63-86d0-58ba2ce51b56', 'Theology', '{"width":720,"height":400,"bitrate":631.87}', 362, '2015-10-15 21:18:57.341000+0000', '2015-10-15 21:25:21.594200+0000', '2015-10-15 21:34:55.523600+0000');
INSERT INTO "neap"."video"(video_id, stream_id, title, type, description, status, tags, topic_id, topic, media_info, preview, views, created_at, updated_at)
    VALUES ('60736d5f-b2e3-41bb-9b85-6b55905cee20', '67ec5bef-c7cd-4971-815a-10495b1dd2d1', 'Relax stream', 'record', 'Relax stream', '', '[]', 'd2ea25fc-eb67-4c63-86d0-58ba2ce51b56', 'Theology', '{"width":720,"height":400,"bitrate":602.73}', '', '23057', '2015-10-20 13:16:05.794700+0000', '2015-10-20 23:50:09.896100+0000');
INSERT INTO "neap"."video"(video_id, stream_id, title, type, description, status, tags, topic_id, topic, media_info, preview, views, created_at, updated_at)
    VALUES ('824ad5ee-4a1a-45e5-8ab2-c14934684abd', '67ec5bef-c7cd-4971-815a-10495b1dd2d1', 'Relax stream', 'record', 'Relax stream', '', '[]', 'd2ea25fc-eb67-4c63-86d0-58ba2ce51b56', 'Theology', '{"width":720,"height":400,"bitrate":678.94}', '', '22487', '2015-10-18 21:55:34.186900+0000', '2015-10-19 00:59:54.770400+0000');
INSERT INTO "neap"."stream"(stream_id, channel_id, title, topic_id, topic, media_info, viewers, created_at, updated_at, ended_at)
    VALUES ('8c076e10-b32b-4e4a-88f2-32c03b1c34a0', '51077a4c-f677-4e1f-b276-3c90d2ca0cf4', 'Fun with Science and Hannah', '1cae4612-f178-4a0e-b3af-343a88b99638', 'Science', '{"width":720,"height":400,"bitrate":679.28}', 1774, '2015-10-26 01:41:19.809800+0000', '2015-10-26 02:11:49.029500+0000', '2015-10-26 02:32:05.488700+0000');
INSERT INTO "neap"."video"(video_id, stream_id, title, type, description, status, tags, topic_id, topic, media_info, preview, views, created_at, updated_at)
    VALUES ('4219a5ad-65b7-4567-8cbc-c753a8f5c236', '8c076e10-b32b-4e4a-88f2-32c03b1c34a0', 'Fun with Science and Hannah', 'highlight', 'Fun with Science and Hannah', '', '[]', '1cae4612-f178-4a0e-b3af-343a88b99638', 'Science', '{"width":720,"height":400,"bitrate":728.98}', '', '3262', '2015-10-26 22:04:35.771200+0000', '2015-10-27 01:50:23.364600+0000');
INSERT INTO "neap"."stream"(stream_id, channel_id, title, topic_id, topic, media_info, viewers, created_at, updated_at, ended_at)
    VALUES ('86f39bfd-1fc2-47c8-86ee-8e32f70bccf7', '51077a4c-f677-4e1f-b276-3c90d2ca0cf4', 'Science?? Yeah, Science!', '1cae4612-f178-4a0e-b3af-343a88b99638', 'Science', '{"width":1280,"height":720,"bitrate":1196.99}', 327, '2015-10-14 11:26:57.822400+0000', '2015-10-14 11:29:56.556600+0000', '2015-10-14 11:48:56.671100+0000');
INSERT INTO "neap"."video"(video_id, stream_id, title, type, description, status, tags, topic_id, topic, media_info, preview, views, created_at, updated_at)
    VALUES ('1aee2b4c-3149-4631-b12d-8f681764f4ac', '86f39bfd-1fc2-47c8-86ee-8e32f70bccf7', 'Science?? Yeah, Science!', 'record', 'Science?? Yeah, Science!', '', '[]', '1cae4612-f178-4a0e-b3af-343a88b99638', 'Science', '{"width":1280,"height":720,"bitrate":1128.13}', '', '21888', '2015-10-25 04:12:20.670800+0000', '2015-10-25 14:55:16.496400+0000');
INSERT INTO "neap"."user"(user_id, channel_id, type, username, email, password, display_name, logo, bio, created_at, updated_at)
    VALUES ('7d7f7646-0275-49d0-b9b5-4340fe3f32a6', '6fbe6349-b846-4ad1-af25-6ecf4811f45d', 'user', 'marley', 'marley@neap.io', '$2y$10$8XQv8QiHxt.WiHCl.UrML.gVJOWxlQGQXNs2UJ3//OsSwt/qi.vAC', 'Marley', 'https://gravatar.com/avatar/232d20617fb1c670bfa01e8ad5286f14?s=128&d=identicon', null, '2015-10-25 07:44:18.736800+0000', '2015-10-31 11:00:58.893600+0000');
INSERT INTO "neap"."channel"(channel_id, user_id, chat_id, name, display_name, topic, language, views, followers)
    VALUES ('6fbe6349-b846-4ad1-af25-6ecf4811f45d', '7d7f7646-0275-49d0-b9b5-4340fe3f32a6', 'a1bd301e-ca45-4c3c-a6e8-5f99b7c9358b', 'marley', 'Marley Channel', 'Theology', 'en', 1851, 111);
INSERT INTO "neap"."chat"(chat_id, channel_id, name)
    VALUES ('a1bd301e-ca45-4c3c-a6e8-5f99b7c9358b', '6fbe6349-b846-4ad1-af25-6ecf4811f45d', 'marley');
INSERT INTO "neap"."stream"(stream_id, channel_id, title, topic_id, topic, media_info, viewers, created_at, updated_at, ended_at)
    VALUES ('80c2ec3d-3ca4-49ca-8595-bc866b1b2e0d', '6fbe6349-b846-4ad1-af25-6ecf4811f45d', 'Marley goes live!', '35fa82dc-ed25-47fb-b6cd-58ae8a151f60', 'Philosophy', '{"width":720,"height":400,"bitrate":631.52}', 199, '2015-10-26 21:30:19.288700+0000', '2015-10-27 06:06:53.758400+0000', '2015-10-27 06:19:37.203100+0000');
INSERT INTO "neap"."video"(video_id, stream_id, title, type, description, status, tags, topic_id, topic, media_info, preview, views, created_at, updated_at)
    VALUES ('0a966cdf-8ddc-4c80-aa19-9e5a4c3f4b29', '80c2ec3d-3ca4-49ca-8595-bc866b1b2e0d', 'Marley goes live!', 'record', 'Marley goes live!', '', '[]', '35fa82dc-ed25-47fb-b6cd-58ae8a151f60', 'Philosophy', '{"width":720,"height":400,"bitrate":636.35}', '', '26941', '2015-10-27 17:07:52.391700+0000', '2015-10-31 17:51:02.828300+0000');
INSERT INTO "neap"."stream"(stream_id, channel_id, title, topic_id, topic, media_info, viewers, created_at, updated_at, ended_at)
    VALUES ('d3c838f0-400a-4c2d-9c42-9af9ffbcc572', '6fbe6349-b846-4ad1-af25-6ecf4811f45d', 'Astrology?? Yeah, Astrology!', 'e9af2f53-d2dd-4e32-9dea-26d6ac21bcb8', 'Astrology', '{"width":720,"height":400,"bitrate":559.45}', 529, '2015-10-30 12:25:16.337800+0000', '2015-10-30 13:16:44.309100+0000', '2015-10-30 13:52:00.080900+0000');
INSERT INTO "neap"."video"(video_id, stream_id, title, type, description, status, tags, topic_id, topic, media_info, preview, views, created_at, updated_at)
    VALUES ('af0a558c-6fa9-4c25-9d6d-de2675466117', 'd3c838f0-400a-4c2d-9c42-9af9ffbcc572', 'Astrology?? Yeah, Astrology!', 'record', 'Astrology?? Yeah, Astrology!', '', '[]', 'e9af2f53-d2dd-4e32-9dea-26d6ac21bcb8', 'Astrology', '{"width":720,"height":400,"bitrate":707.35}', '', '36695', '2015-10-31 15:47:38.091500+0000', '2015-10-31 23:18:14.766600+0000');
INSERT INTO "neap"."stream"(stream_id, channel_id, title, topic_id, topic, media_info, viewers, created_at, updated_at, ended_at)
    VALUES ('417a27fa-6c46-49e7-a74e-625a26e246d2', '6fbe6349-b846-4ad1-af25-6ecf4811f45d', 'Come on and have fun with Marley!', 'b369c464-cdea-4356-9d70-1450585652e2', 'Music', '{"width":720,"height":400,"bitrate":608.81}', 406, '2015-10-26 11:54:11.939600+0000', '2015-10-26 13:50:56.221500+0000', '2015-10-26 14:05:57.612900+0000');
INSERT INTO "neap"."stream"(stream_id, channel_id, title, topic_id, topic, media_info, viewers, created_at, updated_at, ended_at)
    VALUES ('dbff4d7d-8926-4b82-8352-bce7cdd43032', '6fbe6349-b846-4ad1-af25-6ecf4811f45d', 'Fun with Litterature and Marley', '994391cf-d41e-46f4-b6eb-ce53824e3a0c', 'Litterature', '{"width":1280,"height":720,"bitrate":1059.15}', 1987, '2015-10-26 23:01:13.161900+0000', '2015-10-27 01:40:47.747000+0000', '2015-10-27 02:42:20.573500+0000');
INSERT INTO "neap"."user"(user_id, channel_id, type, username, email, password, display_name, logo, bio, created_at, updated_at)
    VALUES ('51b7812a-0469-49e5-aaf3-3b241fc0d562', '3686c6e9-c731-4b96-8c45-84edbdc4c271', 'user', 'lila', 'lila@neap.io', '$2y$10$C7nOvH/ZDza6ycE.ukbYYeOQ97U7KFsUYjHuBVhkujJE1cQ3kII9y', 'Lila', 'https://gravatar.com/avatar/ef676c50f24d57bebea4baf3bb9a227b?s=128&d=identicon', null, '2015-07-01 12:13:34.141800+0000', '2015-09-15 07:21:45.229100+0000');
INSERT INTO "neap"."channel"(channel_id, user_id, chat_id, name, display_name, topic, language, views, followers)
    VALUES ('3686c6e9-c731-4b96-8c45-84edbdc4c271', '51b7812a-0469-49e5-aaf3-3b241fc0d562', '63a06fee-f041-491c-a128-c33c43c15d0d', 'lila', 'Lila Channel', 'Biology', 'en', 46159, 143);
INSERT INTO "neap"."chat"(chat_id, channel_id, name)
    VALUES ('63a06fee-f041-491c-a128-c33c43c15d0d', '3686c6e9-c731-4b96-8c45-84edbdc4c271', 'lila');
INSERT INTO "neap"."stream"(stream_id, channel_id, title, topic_id, topic, media_info, viewers, created_at, updated_at, ended_at)
    VALUES ('5efeda3d-bfbc-41a5-86b5-938c8f4c0612', '3686c6e9-c731-4b96-8c45-84edbdc4c271', 'Today is Mathematics day', '284b3091-455d-4476-ae67-442a19d153d4', 'Mathematics', '{"width":1920,"height":1080,"bitrate":1503.34}', 409, '2015-08-17 09:50:59.317900+0000', '2015-08-17 11:44:42.278500+0000', '2015-08-17 12:12:42.997700+0000');
INSERT INTO "neap"."video"(video_id, stream_id, title, type, description, status, tags, topic_id, topic, media_info, preview, views, created_at, updated_at)
    VALUES ('ae395b24-08a0-4444-9900-2ab070c6f7ba', '5efeda3d-bfbc-41a5-86b5-938c8f4c0612', 'Today is Mathematics day', 'highlight', 'Today is Mathematics day', '', '[]', '284b3091-455d-4476-ae67-442a19d153d4', 'Mathematics', '{"width":1920,"height":1080,"bitrate":1494.06}', '', '6512', '2015-10-21 11:30:45.046000+0000', '2015-10-22 02:15:38.105200+0000');
INSERT INTO "neap"."stream"(stream_id, channel_id, title, topic_id, topic, media_info, viewers, created_at, updated_at, ended_at)
    VALUES ('7639bde3-f500-4cc8-8245-696597bd76ae', '3686c6e9-c731-4b96-8c45-84edbdc4c271', 'History?? Yeah, History!', '5f6c7ec0-84ab-4d8e-a2d7-ff1887b55d6e', 'History', '{"width":1280,"height":720,"bitrate":1429.02}', 84854, '2015-07-04 03:04:55.462100+0000', '2015-07-04 03:45:36.716300+0000', '2015-07-04 03:45:54.860100+0000');
INSERT INTO "neap"."stream"(stream_id, channel_id, title, topic_id, topic, media_info, viewers, created_at, updated_at, ended_at)
    VALUES ('7cc9182f-164a-4afd-801a-1ed2ac8a083f', '3686c6e9-c731-4b96-8c45-84edbdc4c271', 'Lila goes live!', 'd2ea25fc-eb67-4c63-86d0-58ba2ce51b56', 'Theology', '{"width":1280,"height":720,"bitrate":1071.37}', 1064, '2015-09-06 14:29:47.213500+0000', '2015-09-06 15:51:31.695800+0000', '2015-09-06 16:22:58.081300+0000');
INSERT INTO "neap"."video"(video_id, stream_id, title, type, description, status, tags, topic_id, topic, media_info, preview, views, created_at, updated_at)
    VALUES ('f9703148-d931-41dd-bfaf-f39d415bd40a', '7cc9182f-164a-4afd-801a-1ed2ac8a083f', 'Lila goes live!', 'record', 'Lila goes live!', '', '[]', 'd2ea25fc-eb67-4c63-86d0-58ba2ce51b56', 'Theology', '{"width":1280,"height":720,"bitrate":869.6}', '', '34859', '2015-09-19 15:45:02.362100+0000', '2015-09-20 01:04:39.109000+0000');
INSERT INTO "neap"."stream"(stream_id, channel_id, title, topic_id, topic, media_info, viewers, created_at, updated_at, ended_at)
    VALUES ('cf62a2a2-c297-483e-b33f-d90985b4385f', '3686c6e9-c731-4b96-8c45-84edbdc4c271', 'Theology?? Yeah, Theology!', 'd2ea25fc-eb67-4c63-86d0-58ba2ce51b56', 'Theology', '{"width":720,"height":400,"bitrate":728.76}', 20, '2015-10-18 00:53:14.442800+0000', '2015-10-18 02:07:52.701000+0000', '2015-10-18 02:14:23.937300+0000');
INSERT INTO "neap"."video"(video_id, stream_id, title, type, description, status, tags, topic_id, topic, media_info, preview, views, created_at, updated_at)
    VALUES ('00841a7d-a9ca-4b87-a5f3-4c9eb6213077', 'cf62a2a2-c297-483e-b33f-d90985b4385f', 'Theology?? Yeah, Theology!', 'record', 'Theology?? Yeah, Theology!', '', '[]', 'd2ea25fc-eb67-4c63-86d0-58ba2ce51b56', 'Theology', '{"width":720,"height":400,"bitrate":665.36}', '', '38971', '2015-10-31 03:27:32.547800+0000', '2015-11-01 00:16:21.839600+0000');
INSERT INTO "neap"."user"(user_id, channel_id, type, username, email, password, display_name, logo, bio, created_at, updated_at)
    VALUES ('e0b38eb2-2abd-42ca-8d2d-3bf3c7ab1dc3', '20e89140-79c4-4a60-ac85-fcaddca10770', 'user', 'jolie', 'jolie@neap.io', '$2y$10$eTHEZXJmz7IiY8pAhkhooeapSnkXzpABysBhs84o9WlP/gxR86kS2', 'Jolie', 'https://gravatar.com/avatar/8635cb569635ca76ce58c14662625f0f?s=128&d=identicon', null, '2015-01-02 21:27:22.924900+0000', '2015-09-10 22:02:32.719100+0000');
INSERT INTO "neap"."channel"(channel_id, user_id, chat_id, name, display_name, topic, language, views, followers)
    VALUES ('20e89140-79c4-4a60-ac85-fcaddca10770', 'e0b38eb2-2abd-42ca-8d2d-3bf3c7ab1dc3', '606da35a-9ea0-421e-8791-a55e73402f45', 'jolie', 'Jolie Channel', 'Philosophy', 'en', 29505, 138);
INSERT INTO "neap"."chat"(chat_id, channel_id, name)
    VALUES ('606da35a-9ea0-421e-8791-a55e73402f45', '20e89140-79c4-4a60-ac85-fcaddca10770', 'jolie');
INSERT INTO "neap"."stream"(stream_id, channel_id, title, topic_id, topic, media_info, viewers, created_at, updated_at, ended_at)
    VALUES ('22e320ef-495c-46ec-9b17-5ae106adbcd0', '20e89140-79c4-4a60-ac85-fcaddca10770', 'The origins of Philosophy', '35fa82dc-ed25-47fb-b6cd-58ae8a151f60', 'Philosophy', '{"width":1280,"height":720,"bitrate":1412.69}', 1598, '2015-02-15 07:59:45.782900+0000', '2015-02-15 08:44:17.532600+0000', '2015-02-15 08:57:05.048500+0000');
INSERT INTO "neap"."stream"(stream_id, channel_id, title, topic_id, topic, media_info, viewers, created_at, updated_at, ended_at)
    VALUES ('e4869a27-7a4a-4347-9c30-a1adf611a9d6', '20e89140-79c4-4a60-ac85-fcaddca10770', 'Jolie goes live!', '48e535f7-dba1-4d59-aac3-4c6cced32d6c', 'Video games', '{"width":1280,"height":720,"bitrate":848.22}', 966, '2015-03-29 21:35:18.769600+0000', '2015-03-30 03:17:31.837400+0000', '2015-03-30 03:22:41.904300+0000');
INSERT INTO "neap"."video"(video_id, stream_id, title, type, description, status, tags, topic_id, topic, media_info, preview, views, created_at, updated_at)
    VALUES ('d06b93c0-d355-48bb-9f77-61068ddd6519', 'e4869a27-7a4a-4347-9c30-a1adf611a9d6', 'Jolie goes live!', 'record', 'Jolie goes live!', '', '[]', '48e535f7-dba1-4d59-aac3-4c6cced32d6c', 'Video games', '{"width":1280,"height":720,"bitrate":1374.59}', '', '16368', '2015-10-13 05:46:52.822500+0000', '2015-10-16 20:04:40.072900+0000');
INSERT INTO "neap"."video"(video_id, stream_id, title, type, description, status, tags, topic_id, topic, media_info, preview, views, created_at, updated_at)
    VALUES ('7eddf3fa-e81c-42e4-9faa-78ad6fca40ad', 'e4869a27-7a4a-4347-9c30-a1adf611a9d6', 'Jolie goes live!', 'record', 'Jolie goes live!', '', '[]', '48e535f7-dba1-4d59-aac3-4c6cced32d6c', 'Video games', '{"width":1280,"height":720,"bitrate":1011.27}', '', '28590', '2015-08-30 09:33:02.576900+0000', '2015-09-02 03:47:05.609800+0000');
INSERT INTO "neap"."user"(user_id, channel_id, type, username, email, password, display_name, logo, bio, created_at, updated_at)
    VALUES ('3d09daee-1c89-4308-a970-b3a7d7faa909', '1d6bed89-bf22-4291-ad2d-61b68c68a5e2', 'user', 'emily', 'emily@neap.io', '$2y$10$VHcgQTDMOgXBlKbYzBgWGuOMAyhSlw2fxpnjd.hIGbe5IUdlrpGwG', 'Emily', 'https://gravatar.com/avatar/59e9b97c94ca95cb019a96cdf9ba7c21?s=128&d=identicon', null, '2015-03-02 16:55:57.324500+0000', '2015-05-18 04:52:00.305700+0000');
INSERT INTO "neap"."channel"(channel_id, user_id, chat_id, name, display_name, topic, language, views, followers)
    VALUES ('1d6bed89-bf22-4291-ad2d-61b68c68a5e2', '3d09daee-1c89-4308-a970-b3a7d7faa909', '9d0ea98f-8d05-4e50-b830-e8253e5f683e', 'emily', 'Emily Channel', 'Litterature', 'en', 50011, 114);
INSERT INTO "neap"."chat"(chat_id, channel_id, name)
    VALUES ('9d0ea98f-8d05-4e50-b830-e8253e5f683e', '1d6bed89-bf22-4291-ad2d-61b68c68a5e2', 'emily');
INSERT INTO "neap"."stream"(stream_id, channel_id, title, topic_id, topic, media_info, viewers, created_at, updated_at, ended_at)
    VALUES ('9ecd6ffe-dad7-4f2f-9433-b5e32649c117', '1d6bed89-bf22-4291-ad2d-61b68c68a5e2', 'Litterature?? Yeah, Litterature!', '994391cf-d41e-46f4-b6eb-ce53824e3a0c', 'Litterature', '{"width":720,"height":400,"bitrate":592.34}', 18, '2015-04-21 10:19:09.075600+0000', '2015-04-21 15:54:16.183200+0000', '2015-04-21 15:55:26.087000+0000');
INSERT INTO "neap"."stream"(stream_id, channel_id, title, topic_id, topic, media_info, viewers, created_at, updated_at, ended_at)
    VALUES ('2f9b3789-682b-41f5-8824-f608a1f59583', '1d6bed89-bf22-4291-ad2d-61b68c68a5e2', 'Astrology?? Yeah, Astrology!', 'e9af2f53-d2dd-4e32-9dea-26d6ac21bcb8', 'Astrology', '{"width":1280,"height":720,"bitrate":1087.9}', 1448, '2015-05-22 07:17:57.529300+0000', '2015-05-22 11:50:12.121100+0000', '2015-05-22 12:35:50.379200+0000');
INSERT INTO "neap"."stream"(stream_id, channel_id, title, topic_id, topic, media_info, viewers, created_at, updated_at, ended_at)
    VALUES ('fe2a45ab-278f-400c-b76f-8996f7707700', '1d6bed89-bf22-4291-ad2d-61b68c68a5e2', 'Video games?? Yeah, Video games!', '48e535f7-dba1-4d59-aac3-4c6cced32d6c', 'Video games', '{"width":1920,"height":1080,"bitrate":2381.39}', 606, '2015-04-17 23:22:54.980400+0000', '2015-04-18 07:50:09.898000+0000', '2015-04-18 07:54:38.137700+0000');
INSERT INTO "neap"."stream"(stream_id, channel_id, title, topic_id, topic, media_info, viewers, created_at, updated_at, ended_at)
    VALUES ('9d418e86-3892-4f3a-940f-5782daf1072f', '1d6bed89-bf22-4291-ad2d-61b68c68a5e2', 'Video games?? Yeah, Video games!', '48e535f7-dba1-4d59-aac3-4c6cced32d6c', 'Video games', '{"width":1920,"height":1080,"bitrate":3404.24}', 1099, '2015-05-09 02:22:47.939100+0000', '2015-05-09 02:47:02.597300+0000', '2015-05-09 03:26:18.450600+0000');
INSERT INTO "neap"."video"(video_id, stream_id, title, type, description, status, tags, topic_id, topic, media_info, preview, views, created_at, updated_at)
    VALUES ('e96d3a5a-9de6-4dd1-bdf6-77f1afaffc9e', '9d418e86-3892-4f3a-940f-5782daf1072f', 'Video games?? Yeah, Video games!', 'record', 'Video games?? Yeah, Video games!', '', '[]', '48e535f7-dba1-4d59-aac3-4c6cced32d6c', 'Video games', '{"width":1920,"height":1080,"bitrate":1429.31}', '', '16968', '2015-07-17 23:48:23.473900+0000', '2015-07-20 11:11:04.428000+0000');
INSERT INTO "neap"."stream"(stream_id, channel_id, title, topic_id, topic, media_info, viewers, created_at, updated_at, ended_at)
    VALUES ('99555158-1fb7-48f5-b30d-5b24bf1484df', '1d6bed89-bf22-4291-ad2d-61b68c68a5e2', 'Relax stream', 'd2ea25fc-eb67-4c63-86d0-58ba2ce51b56', 'Theology', '{"width":720,"height":400,"bitrate":562.78}', 216, '2015-10-27 02:58:42.985100+0000', '2015-10-27 06:23:32.124200+0000', '2015-10-27 06:27:06.047300+0000');
INSERT INTO "neap"."stream"(stream_id, channel_id, title, topic_id, topic, media_info, viewers, created_at, updated_at, ended_at)
    VALUES ('375b4a50-9d0e-4e05-85a9-f7769edaa247', '1d6bed89-bf22-4291-ad2d-61b68c68a5e2', 'Come on and have fun with Emily!', '5f6c7ec0-84ab-4d8e-a2d7-ff1887b55d6e', 'History', '{"width":720,"height":400,"bitrate":545.47}', 84243, '2015-05-31 04:15:01.290000+0000', '2015-05-31 04:30:55.595500+0000', '2015-05-31 04:49:48.326400+0000');
INSERT INTO "neap"."stream"(stream_id, channel_id, title, topic_id, topic, media_info, viewers, created_at, updated_at, ended_at)
    VALUES ('f6725717-5611-4ec1-8d97-2c3efbc78d50', '1d6bed89-bf22-4291-ad2d-61b68c68a5e2', 'Emily goes live!', '284b3091-455d-4476-ae67-442a19d153d4', 'Mathematics', '{"width":1280,"height":720,"bitrate":1342.61}', 265, '2015-10-27 06:49:40.967800+0000', '2015-10-27 07:17:02.930400+0000', '2015-10-27 07:21:10.524100+0000');
INSERT INTO "neap"."stream"(stream_id, channel_id, title, topic_id, topic, media_info, viewers, created_at, updated_at, ended_at)
    VALUES ('c8a7ff35-4a20-4bb7-9b36-120fef91e31c', '1d6bed89-bf22-4291-ad2d-61b68c68a5e2', 'Come on and have fun with Emily!', 'e496e832-363e-4228-b518-7fe126ccaa04', 'Photography', '{"width":720,"height":400,"bitrate":775.96}', 14020, '2015-07-03 17:58:51.942200+0000', '2015-07-03 19:27:25.076800+0000', '2015-07-03 19:48:08.533800+0000');
INSERT INTO "neap"."stream"(stream_id, channel_id, title, topic_id, topic, media_info, viewers, created_at, updated_at, ended_at)
    VALUES ('ea0abab6-21d5-4275-8d77-c203e82c44c0', '1d6bed89-bf22-4291-ad2d-61b68c68a5e2', 'Relax stream', '284b3091-455d-4476-ae67-442a19d153d4', 'Mathematics', '{"width":1280,"height":720,"bitrate":1185.66}', 1598, '2015-03-25 01:23:03.266500+0000', '2015-03-25 02:26:24.879400+0000', '2015-03-25 02:27:48.750000+0000');
INSERT INTO "neap"."video"(video_id, stream_id, title, type, description, status, tags, topic_id, topic, media_info, preview, views, created_at, updated_at)
    VALUES ('f7166b30-fe74-479d-9840-b420ea05abcd', 'ea0abab6-21d5-4275-8d77-c203e82c44c0', 'Relax stream', 'record', 'Relax stream', '', '[]', '284b3091-455d-4476-ae67-442a19d153d4', 'Mathematics', '{"width":1280,"height":720,"bitrate":768.74}', '', '15151', '2015-07-02 23:57:13.184900+0000', '2015-07-03 09:10:19.246500+0000');
INSERT INTO "neap"."stream"(stream_id, channel_id, title, topic_id, topic, media_info, viewers, created_at, updated_at, ended_at)
    VALUES ('881f677b-495f-41ee-b127-aa1ccc5cdda8', '1d6bed89-bf22-4291-ad2d-61b68c68a5e2', 'Astrology?? Yeah, Astrology!', 'e9af2f53-d2dd-4e32-9dea-26d6ac21bcb8', 'Astrology', '{"width":1280,"height":720,"bitrate":1265.56}', 429, '2015-07-30 18:27:36.200400+0000', '2015-07-31 00:52:18.284600+0000', '2015-07-31 02:12:43.670500+0000');
INSERT INTO "neap"."video"(video_id, stream_id, title, type, description, status, tags, topic_id, topic, media_info, preview, views, created_at, updated_at)
    VALUES ('b2af3269-4463-4095-8c13-d6433870adfe', '881f677b-495f-41ee-b127-aa1ccc5cdda8', 'Astrology?? Yeah, Astrology!', 'record', 'Astrology?? Yeah, Astrology!', '', '[]', 'e9af2f53-d2dd-4e32-9dea-26d6ac21bcb8', 'Astrology', '{"width":1280,"height":720,"bitrate":1190.57}', '', '36485', '2015-09-30 17:02:42.764600+0000', '2015-10-02 00:06:10.257700+0000');
INSERT INTO "neap"."stream"(stream_id, channel_id, title, topic_id, topic, media_info, viewers, created_at, updated_at, ended_at)
    VALUES ('4afef5b7-a3a8-4968-8a79-99da34a852f6', '1d6bed89-bf22-4291-ad2d-61b68c68a5e2', 'Come on and have fun with Emily!', 'b369c464-cdea-4356-9d70-1450585652e2', 'Music', '{"width":720,"height":400,"bitrate":723.98}', 1983, '2015-08-29 19:37:33.190400+0000', '2015-08-29 19:53:16.811900+0000', '2015-08-29 20:26:45.071400+0000');
INSERT INTO "neap"."video"(video_id, stream_id, title, type, description, status, tags, topic_id, topic, media_info, preview, views, created_at, updated_at)
    VALUES ('acd8fcfe-6904-4840-8012-7443fe07451b', '4afef5b7-a3a8-4968-8a79-99da34a852f6', 'Come on and have fun with Emily!', 'record', 'Come on and have fun with Emily!', '', '[]', 'b369c464-cdea-4356-9d70-1450585652e2', 'Music', '{"width":720,"height":400,"bitrate":668.3}', '', '2217', '2015-09-25 07:23:46.650100+0000', '2015-09-25 10:03:59.556400+0000');
INSERT INTO "neap"."video"(video_id, stream_id, title, type, description, status, tags, topic_id, topic, media_info, preview, views, created_at, updated_at)
    VALUES ('76122a84-8fa9-4195-b06d-7b83f1baf0a7', '4afef5b7-a3a8-4968-8a79-99da34a852f6', 'Come on and have fun with Emily!', 'record', 'Come on and have fun with Emily!', '', '[]', 'b369c464-cdea-4356-9d70-1450585652e2', 'Music', '{"width":720,"height":400,"bitrate":603.41}', '', '4344', '2015-09-01 09:55:29.869900+0000', '2015-09-01 17:41:52.196100+0000');
INSERT INTO "neap"."stream"(stream_id, channel_id, title, topic_id, topic, media_info, viewers, created_at, updated_at, ended_at)
    VALUES ('78048635-e6bd-4409-b9ac-de43b556c5c4', '1d6bed89-bf22-4291-ad2d-61b68c68a5e2', 'Fun with Photography and Emily', 'e496e832-363e-4228-b518-7fe126ccaa04', 'Photography', '{"width":1280,"height":720,"bitrate":1461.38}', 1533, '2015-09-26 14:59:39.282200+0000', '2015-09-26 18:50:14.146500+0000', '2015-09-26 19:12:11.516000+0000');
INSERT INTO "neap"."user"(user_id, channel_id, type, username, email, password, display_name, logo, bio, created_at, updated_at)
    VALUES ('71211c78-8eb9-442a-a11f-cbccdb6a2df0', '525a99b8-2446-4c34-b508-ae03ef815761', 'user', 'koen', 'koen@neap.io', '$2y$10$6axvjQPsH9THYM77H6PAnOyxVFvkpigOZmY70Q8O7/PCx4EEfQ9K6', 'Koen', 'https://gravatar.com/avatar/2e4fd3739c4d639d83683b7d80800a79?s=128&d=identicon', null, '2015-10-15 20:10:20.871100+0000', '2015-10-29 14:02:48.357300+0000');
INSERT INTO "neap"."channel"(channel_id, user_id, chat_id, name, display_name, topic, language, views, followers)
    VALUES ('525a99b8-2446-4c34-b508-ae03ef815761', '71211c78-8eb9-442a-a11f-cbccdb6a2df0', '46f59104-3805-4c61-83e0-1c3314866494', 'koen', 'Koen Channel', 'History', 'en', 50730, 101);
INSERT INTO "neap"."chat"(chat_id, channel_id, name)
    VALUES ('46f59104-3805-4c61-83e0-1c3314866494', '525a99b8-2446-4c34-b508-ae03ef815761', 'koen');
INSERT INTO "neap"."stream"(stream_id, channel_id, title, topic_id, topic, media_info, viewers, created_at, updated_at, ended_at)
    VALUES ('6b9b4585-f72e-4a6b-9f1f-01f09a43fd47', '525a99b8-2446-4c34-b508-ae03ef815761', 'Come on and have fun with Koen!', 'b369c464-cdea-4356-9d70-1450585652e2', 'Music', '{"width":1920,"height":1080,"bitrate":2468.2}', 403, '2015-10-19 01:11:10.589000+0000', '2015-10-19 01:18:33.948300+0000', '2015-10-19 02:10:36.734500+0000');
INSERT INTO "neap"."stream"(stream_id, channel_id, title, topic_id, topic, media_info, viewers, created_at, updated_at, ended_at)
    VALUES ('262532cc-ecf4-4944-be67-9df6cdf73a19', '525a99b8-2446-4c34-b508-ae03ef815761', 'Fun with Litterature and Koen', '994391cf-d41e-46f4-b6eb-ce53824e3a0c', 'Litterature', '{"width":1920,"height":1080,"bitrate":1640.17}', 1978, '2015-10-29 05:24:22.500600+0000', '2015-10-29 06:57:56.395300+0000', '2015-10-29 07:23:36.073100+0000');
INSERT INTO "neap"."video"(video_id, stream_id, title, type, description, status, tags, topic_id, topic, media_info, preview, views, created_at, updated_at)
    VALUES ('2fe6d210-4a69-4dc0-9f6f-c558cf166440', '262532cc-ecf4-4944-be67-9df6cdf73a19', 'Fun with Litterature and Koen', 'record', 'Fun with Litterature and Koen', '', '[]', '994391cf-d41e-46f4-b6eb-ce53824e3a0c', 'Litterature', '{"width":1920,"height":1080,"bitrate":3470.46}', '', '39685', '2015-10-30 21:19:39.595000+0000', '2015-10-30 22:35:30.972900+0000');
INSERT INTO "neap"."stream"(stream_id, channel_id, title, topic_id, topic, media_info, viewers, created_at, updated_at, ended_at)
    VALUES ('22b12330-c1bc-4068-b3a3-fcdb07839b64', '525a99b8-2446-4c34-b508-ae03ef815761', 'Litterature?? Yeah, Litterature!', '994391cf-d41e-46f4-b6eb-ce53824e3a0c', 'Litterature', '{"width":1920,"height":1080,"bitrate":1058.33}', 197, '2015-10-19 04:54:36.198400+0000', '2015-10-19 05:13:33.891900+0000', '2015-10-19 06:36:51.291400+0000');
INSERT INTO "neap"."video"(video_id, stream_id, title, type, description, status, tags, topic_id, topic, media_info, preview, views, created_at, updated_at)
    VALUES ('c0e8986c-172f-46e8-9a34-f4fdf5045981', '22b12330-c1bc-4068-b3a3-fcdb07839b64', 'Litterature?? Yeah, Litterature!', 'record', 'Litterature?? Yeah, Litterature!', '', '[]', '994391cf-d41e-46f4-b6eb-ce53824e3a0c', 'Litterature', '{"width":1920,"height":1080,"bitrate":1529.97}', '', '9518', '2015-11-01 21:01:15.219300+0000', '2015-11-04 16:38:07.226900+0000');
INSERT INTO "neap"."video"(video_id, stream_id, title, type, description, status, tags, topic_id, topic, media_info, preview, views, created_at, updated_at)
    VALUES ('598e76ae-6239-476a-9d44-ea9638c8bfd4', '22b12330-c1bc-4068-b3a3-fcdb07839b64', 'Litterature?? Yeah, Litterature!', 'record', 'Litterature?? Yeah, Litterature!', '', '[]', '994391cf-d41e-46f4-b6eb-ce53824e3a0c', 'Litterature', '{"width":1920,"height":1080,"bitrate":2291.17}', '', '37637', '2015-10-22 17:04:52.554700+0000', '2015-10-25 03:02:25.472900+0000');
INSERT INTO "neap"."stream"(stream_id, channel_id, title, topic_id, topic, media_info, viewers, created_at, updated_at, ended_at)
    VALUES ('7794fbe6-5501-40ef-83d5-a072fff11b50', '525a99b8-2446-4c34-b508-ae03ef815761', 'History?? Yeah, History!', '5f6c7ec0-84ab-4d8e-a2d7-ff1887b55d6e', 'History', '{"width":1280,"height":720,"bitrate":1278.23}', 1441, '2015-10-27 04:27:53.890300+0000', '2015-10-27 05:20:54.921500+0000', '2015-10-27 05:26:01.793100+0000');
INSERT INTO "neap"."video"(video_id, stream_id, title, type, description, status, tags, topic_id, topic, media_info, preview, views, created_at, updated_at)
    VALUES ('d94138d8-70ec-47e4-a0bf-9d983ca343b8', '7794fbe6-5501-40ef-83d5-a072fff11b50', 'History?? Yeah, History!', 'record', 'History?? Yeah, History!', '', '[]', '5f6c7ec0-84ab-4d8e-a2d7-ff1887b55d6e', 'History', '{"width":1280,"height":720,"bitrate":1018.73}', '', '5234', '2015-10-29 16:12:33.795200+0000', '2015-10-31 07:49:08.305600+0000');
INSERT INTO "neap"."video"(video_id, stream_id, title, type, description, status, tags, topic_id, topic, media_info, preview, views, created_at, updated_at)
    VALUES ('9de9c603-7cbf-46ce-847b-48e66df3a553', '7794fbe6-5501-40ef-83d5-a072fff11b50', 'History?? Yeah, History!', 'record', 'History?? Yeah, History!', '', '[]', '5f6c7ec0-84ab-4d8e-a2d7-ff1887b55d6e', 'History', '{"width":1280,"height":720,"bitrate":961}', '', '17292', '2015-10-29 03:05:15.948800+0000', '2015-10-29 09:03:58.508400+0000');
INSERT INTO "neap"."stream"(stream_id, channel_id, title, topic_id, topic, media_info, viewers, created_at, updated_at, ended_at)
    VALUES ('ce4e0d29-f734-4505-8207-6a9e0ba479cb', '525a99b8-2446-4c34-b508-ae03ef815761', 'The origins of Theology', 'd2ea25fc-eb67-4c63-86d0-58ba2ce51b56', 'Theology', '{"width":1920,"height":1080,"bitrate":1964.98}', 601, '2015-10-25 21:05:34.948600+0000', '2015-10-25 21:35:49.645600+0000', '2015-10-25 21:39:29.125200+0000');
INSERT INTO "neap"."video"(video_id, stream_id, title, type, description, status, tags, topic_id, topic, media_info, preview, views, created_at, updated_at)
    VALUES ('42a55917-d1fb-4443-b686-901c324dd18e', 'ce4e0d29-f734-4505-8207-6a9e0ba479cb', 'The origins of Theology', 'record', 'The origins of Theology', '', '[]', 'd2ea25fc-eb67-4c63-86d0-58ba2ce51b56', 'Theology', '{"width":1920,"height":1080,"bitrate":2940.46}', '', '12370', '2015-10-31 03:48:49.909500+0000', '2015-11-02 05:16:23.798400+0000');
INSERT INTO "neap"."user"(user_id, channel_id, type, username, email, password, display_name, logo, bio, created_at, updated_at)
    VALUES ('06bb9735-8004-45db-9563-f2e9dcc863da', 'd0878850-d697-4c66-bc0e-293f0dc046de', 'user', 'kane', 'kane@neap.io', '$2y$10$v0P.lgjHpFyK7fm9Btha7OGOP3YeAm4GTq9lB0ApATkdsK4oorGZW', 'Kane', 'https://gravatar.com/avatar/f1ac4c8f92b036064a6c0176fc23a608?s=128&d=identicon', null, '2015-07-20 13:23:51.475700+0000', '2015-07-23 17:48:20.039000+0000');
INSERT INTO "neap"."channel"(channel_id, user_id, chat_id, name, display_name, topic, language, views, followers)
    VALUES ('d0878850-d697-4c66-bc0e-293f0dc046de', '06bb9735-8004-45db-9563-f2e9dcc863da', 'd2326084-253e-43fa-a4e4-6de30cfe563b', 'kane', 'Kane Channel', 'History', 'en', 61144, 92);
INSERT INTO "neap"."chat"(chat_id, channel_id, name)
    VALUES ('d2326084-253e-43fa-a4e4-6de30cfe563b', 'd0878850-d697-4c66-bc0e-293f0dc046de', 'kane');
INSERT INTO "neap"."stream"(stream_id, channel_id, title, topic_id, topic, media_info, viewers, created_at, updated_at, ended_at)
    VALUES ('983d8bdc-cd37-4848-a5d6-3ae89c3c681c', 'd0878850-d697-4c66-bc0e-293f0dc046de', 'Astrology?? Yeah, Astrology!', 'e9af2f53-d2dd-4e32-9dea-26d6ac21bcb8', 'Astrology', '{"width":720,"height":400,"bitrate":724.34}', 145, '2015-10-14 02:00:06.091900+0000', '2015-10-14 05:17:13.037200+0000', '2015-10-14 06:29:52.616000+0000');
INSERT INTO "neap"."video"(video_id, stream_id, title, type, description, status, tags, topic_id, topic, media_info, preview, views, created_at, updated_at)
    VALUES ('6b7b7ce8-1518-4f46-841c-7f6312509b9b', '983d8bdc-cd37-4848-a5d6-3ae89c3c681c', 'Astrology?? Yeah, Astrology!', 'record', 'Astrology?? Yeah, Astrology!', '', '[]', 'e9af2f53-d2dd-4e32-9dea-26d6ac21bcb8', 'Astrology', '{"width":720,"height":400,"bitrate":613.05}', '', '30217', '2015-10-22 00:37:20.000100+0000', '2015-10-22 00:57:42.403200+0000');
INSERT INTO "neap"."stream"(stream_id, channel_id, title, topic_id, topic, media_info, viewers, created_at, updated_at, ended_at)
    VALUES ('637fa663-c363-4d55-a13a-662ff02e3f76', 'd0878850-d697-4c66-bc0e-293f0dc046de', 'Fun with Theology and Kane', 'd2ea25fc-eb67-4c63-86d0-58ba2ce51b56', 'Theology', '{"width":720,"height":400,"bitrate":741.73}', 517, '2015-07-22 11:00:30.860300+0000', '2015-07-22 12:22:13.901100+0000', '2015-07-22 13:04:07.234600+0000');
INSERT INTO "neap"."stream"(stream_id, channel_id, title, topic_id, topic, media_info, viewers, created_at, updated_at, ended_at)
    VALUES ('793b409b-f6c9-4c89-a509-a68cf46d67cc', 'd0878850-d697-4c66-bc0e-293f0dc046de', 'Kane goes live!', 'e496e832-363e-4228-b518-7fe126ccaa04', 'Photography', '{"width":720,"height":400,"bitrate":564.39}', 245, '2015-09-20 08:07:58.323500+0000', '2015-09-20 10:21:42.520600+0000', '2015-09-20 10:56:15.980800+0000');
INSERT INTO "neap"."stream"(stream_id, channel_id, title, topic_id, topic, media_info, viewers, created_at, updated_at, ended_at)
    VALUES ('cf90afbe-49a3-496d-9819-4b83d82bfc44', 'd0878850-d697-4c66-bc0e-293f0dc046de', 'Music?? Yeah, Music!', 'b369c464-cdea-4356-9d70-1450585652e2', 'Music', '{"width":1280,"height":720,"bitrate":1158.09}', 1511, '2015-09-28 13:14:40.332900+0000', '2015-09-28 18:45:13.892600+0000', '2015-09-28 19:04:23.854800+0000');
INSERT INTO "neap"."user"(user_id, channel_id, type, username, email, password, display_name, logo, bio, created_at, updated_at)
    VALUES ('d97729ab-0526-4218-9f21-5d4989f4cbb0', '74ec57d1-9ad1-4e93-b10d-6839418f4e96', 'user', 'lee', 'lee@neap.io', '$2y$10$qQRFHD..D0pDl8Vnj4/ZLeh.jC6U9aeMf3VRkRGnkrutwgaYZ/1F2', 'Lee', 'https://gravatar.com/avatar/a23dbbd8d26c6ff3ce4ff327071197d1?s=128&d=identicon', null, '2015-04-21 19:40:35.183700+0000', '2015-05-04 09:50:33.043400+0000');
INSERT INTO "neap"."channel"(channel_id, user_id, chat_id, name, display_name, topic, language, views, followers)
    VALUES ('74ec57d1-9ad1-4e93-b10d-6839418f4e96', 'd97729ab-0526-4218-9f21-5d4989f4cbb0', '536b1db8-e705-4f3e-a2bb-4ba15a2a63dd', 'lee', 'Lee Channel', 'Biology', 'en', 47729, 126);
INSERT INTO "neap"."chat"(chat_id, channel_id, name)
    VALUES ('536b1db8-e705-4f3e-a2bb-4ba15a2a63dd', '74ec57d1-9ad1-4e93-b10d-6839418f4e96', 'lee');
INSERT INTO "neap"."stream"(stream_id, channel_id, title, topic_id, topic, media_info, viewers, created_at, updated_at, ended_at)
    VALUES ('f3d743c4-057c-44f3-b141-97cf662105dd', '74ec57d1-9ad1-4e93-b10d-6839418f4e96', 'Fun with Litterature and Lee', '994391cf-d41e-46f4-b6eb-ce53824e3a0c', 'Litterature', '{"width":1280,"height":720,"bitrate":1473.59}', 1460, '2015-10-25 11:31:43.234200+0000', '2015-10-25 13:16:09.623300+0000', '2015-10-25 13:16:23.717700+0000');
INSERT INTO "neap"."video"(video_id, stream_id, title, type, description, status, tags, topic_id, topic, media_info, preview, views, created_at, updated_at)
    VALUES ('addfd6d1-549f-46ef-bb7c-99b5ff86a86c', 'f3d743c4-057c-44f3-b141-97cf662105dd', 'Fun with Litterature and Lee', 'highlight', 'Fun with Litterature and Lee', '', '[]', '994391cf-d41e-46f4-b6eb-ce53824e3a0c', 'Litterature', '{"width":1280,"height":720,"bitrate":1478.41}', '', '4554', '2015-10-30 10:37:17.757300+0000', '2015-10-31 01:23:21.775800+0000');
INSERT INTO "neap"."video"(video_id, stream_id, title, type, description, status, tags, topic_id, topic, media_info, preview, views, created_at, updated_at)
    VALUES ('9763218c-4fc9-4a93-b9bd-fddfe96b4317', 'f3d743c4-057c-44f3-b141-97cf662105dd', 'Fun with Litterature and Lee', 'record', 'Fun with Litterature and Lee', '', '[]', '994391cf-d41e-46f4-b6eb-ce53824e3a0c', 'Litterature', '{"width":1280,"height":720,"bitrate":886.57}', '', '10658', '2015-10-30 22:37:32.876800+0000', '2015-11-02 16:58:13.594200+0000');
INSERT INTO "neap"."stream"(stream_id, channel_id, title, topic_id, topic, media_info, viewers, created_at, updated_at, ended_at)
    VALUES ('22909f63-5965-42af-9b18-d81c99f79d4f', '74ec57d1-9ad1-4e93-b10d-6839418f4e96', 'The origins of Theology', 'd2ea25fc-eb67-4c63-86d0-58ba2ce51b56', 'Theology', '{"width":720,"height":400,"bitrate":522.64}', 1694, '2015-09-22 15:42:43.569700+0000', '2015-09-22 19:44:26.851700+0000', '2015-09-22 20:06:40.865300+0000');
INSERT INTO "neap"."video"(video_id, stream_id, title, type, description, status, tags, topic_id, topic, media_info, preview, views, created_at, updated_at)
    VALUES ('75d23aee-ea49-41c2-b910-b442a3a611f5', '22909f63-5965-42af-9b18-d81c99f79d4f', 'The origins of Theology', 'record', 'The origins of Theology', '', '[]', 'd2ea25fc-eb67-4c63-86d0-58ba2ce51b56', 'Theology', '{"width":720,"height":400,"bitrate":759.71}', '', '38024', '2015-10-28 01:05:23.626800+0000', '2015-11-02 20:20:45.268100+0000');
INSERT INTO "neap"."stream"(stream_id, channel_id, title, topic_id, topic, media_info, viewers, created_at, updated_at, ended_at)
    VALUES ('211a319d-6288-4d19-bca7-4414a94ef19a', '74ec57d1-9ad1-4e93-b10d-6839418f4e96', 'Today is History day', '5f6c7ec0-84ab-4d8e-a2d7-ff1887b55d6e', 'History', '{"width":720,"height":400,"bitrate":511.2}', 479, '2015-07-28 05:28:50.285900+0000', '2015-07-28 05:36:35.453200+0000', '2015-07-28 06:30:08.588000+0000');
INSERT INTO "neap"."video"(video_id, stream_id, title, type, description, status, tags, topic_id, topic, media_info, preview, views, created_at, updated_at)
    VALUES ('f6ec3745-972e-49e4-990f-9754f8bf6055', '211a319d-6288-4d19-bca7-4414a94ef19a', 'Today is History day', 'record', 'Today is History day', '', '[]', '5f6c7ec0-84ab-4d8e-a2d7-ff1887b55d6e', 'History', '{"width":720,"height":400,"bitrate":504.53}', '', '2747', '2015-09-10 18:39:01.404800+0000', '2015-09-10 20:32:29.948100+0000');
INSERT INTO "neap"."stream"(stream_id, channel_id, title, topic_id, topic, media_info, viewers, created_at, updated_at, ended_at)
    VALUES ('5f98a0b5-3521-478e-b9d9-94cad238f25e', '74ec57d1-9ad1-4e93-b10d-6839418f4e96', 'Today is Biology day', 'd4f06d27-2693-4552-bd85-d9875651ce39', 'Biology', '{"width":720,"height":400,"bitrate":608.6}', 705, '2015-07-25 18:49:56.882400+0000', '2015-07-25 19:38:03.448000+0000', '2015-07-25 19:55:09.342000+0000');
INSERT INTO "neap"."stream"(stream_id, channel_id, title, topic_id, topic, media_info, viewers, created_at, updated_at, ended_at)
    VALUES ('f6d1b965-09ab-47c9-b5de-9bfddc672ee0', '74ec57d1-9ad1-4e93-b10d-6839418f4e96', 'Lee goes live!', 'e496e832-363e-4228-b518-7fe126ccaa04', 'Photography', '{"width":1920,"height":1080,"bitrate":2963.6}', 1921, '2015-09-14 02:04:53.010300+0000', '2015-09-14 02:15:23.692300+0000', '2015-09-14 03:04:25.995900+0000');
INSERT INTO "neap"."stream"(stream_id, channel_id, title, topic_id, topic, media_info, viewers, created_at, updated_at, ended_at)
    VALUES ('881280f0-9b11-4e7b-8143-87f2de32ce19', '74ec57d1-9ad1-4e93-b10d-6839418f4e96', 'Lee goes live!', 'e496e832-363e-4228-b518-7fe126ccaa04', 'Photography', '{"width":720,"height":400,"bitrate":597.88}', 1387, '2015-08-20 02:46:54.139300+0000', '2015-08-20 03:34:23.544900+0000', '2015-08-20 03:36:38.903100+0000');
INSERT INTO "neap"."video"(video_id, stream_id, title, type, description, status, tags, topic_id, topic, media_info, preview, views, created_at, updated_at)
    VALUES ('1dced5ed-ae78-4532-9916-3c437e910f84', '881280f0-9b11-4e7b-8143-87f2de32ce19', 'Lee goes live!', 'record', 'Lee goes live!', '', '[]', 'e496e832-363e-4228-b518-7fe126ccaa04', 'Photography', '{"width":720,"height":400,"bitrate":672.28}', '', '25524', '2015-09-29 06:55:15.808800+0000', '2015-09-29 13:03:57.091500+0000');
INSERT INTO "neap"."video"(video_id, stream_id, title, type, description, status, tags, topic_id, topic, media_info, preview, views, created_at, updated_at)
    VALUES ('36bd1c08-2d33-4bca-a460-d465c3fe5dd1', '881280f0-9b11-4e7b-8143-87f2de32ce19', 'Lee goes live!', 'record', 'Lee goes live!', '', '[]', 'e496e832-363e-4228-b518-7fe126ccaa04', 'Photography', '{"width":720,"height":400,"bitrate":506.18}', '', '17107', '2015-10-06 21:16:21.273600+0000', '2015-10-07 06:03:35.785100+0000');
INSERT INTO "neap"."stream"(stream_id, channel_id, title, topic_id, topic, media_info, viewers, created_at, updated_at, ended_at)
    VALUES ('3f7de6af-6a9e-4ce6-a726-f22a592aa30a', '74ec57d1-9ad1-4e93-b10d-6839418f4e96', 'Fun with History and Lee', '5f6c7ec0-84ab-4d8e-a2d7-ff1887b55d6e', 'History', '{"width":1280,"height":720,"bitrate":940.88}', 669, '2015-10-18 13:14:02.668900+0000', '2015-10-18 13:57:50.201500+0000', '2015-10-18 14:01:09.345000+0000');
INSERT INTO "neap"."video"(video_id, stream_id, title, type, description, status, tags, topic_id, topic, media_info, preview, views, created_at, updated_at)
    VALUES ('abedc5f6-4176-4deb-bf02-ec708cb7860d', '3f7de6af-6a9e-4ce6-a726-f22a592aa30a', 'Fun with History and Lee', 'record', 'Fun with History and Lee', '', '[]', '5f6c7ec0-84ab-4d8e-a2d7-ff1887b55d6e', 'History', '{"width":1280,"height":720,"bitrate":846.41}', '', '7444', '2015-10-27 04:13:54.171000+0000', '2015-10-28 02:06:00.483400+0000');
INSERT INTO "neap"."video"(video_id, stream_id, title, type, description, status, tags, topic_id, topic, media_info, preview, views, created_at, updated_at)
    VALUES ('306a4928-2781-48d8-b65c-872f69ac6822', '3f7de6af-6a9e-4ce6-a726-f22a592aa30a', 'Fun with History and Lee', 'record', 'Fun with History and Lee', '', '[]', '5f6c7ec0-84ab-4d8e-a2d7-ff1887b55d6e', 'History', '{"width":1280,"height":720,"bitrate":1074.83}', '', '4716', '2015-11-01 06:41:21.649900+0000', '2015-11-02 11:36:21.601300+0000');
INSERT INTO "neap"."stream"(stream_id, channel_id, title, topic_id, topic, media_info, viewers, created_at, updated_at, ended_at)
    VALUES ('26f060b3-2fe0-4392-924c-2c4d632a4306', '74ec57d1-9ad1-4e93-b10d-6839418f4e96', 'Relax stream', '994391cf-d41e-46f4-b6eb-ce53824e3a0c', 'Litterature', '{"width":1280,"height":720,"bitrate":1185.08}', 1687, '2015-09-20 14:26:10.142100+0000', '2015-09-20 15:40:47.648900+0000', '2015-09-20 15:41:25.191400+0000');
INSERT INTO "neap"."user"(user_id, channel_id, type, username, email, password, display_name, logo, bio, created_at, updated_at)
    VALUES ('54ad9cd0-d621-457b-a542-9a08e7d2d18e', '4d2375d3-1776-4380-8e9e-2d12a6d35bc6', 'user', 'juliet', 'juliet@neap.io', '$2y$10$oDj1eb/AQkNo4Gr1fSpx.e9kB6fia1aBOse3OOv6U6Cb5r7Tdd1X6', 'Juliet', 'https://gravatar.com/avatar/bd06df03d02db471885d0c44610c189d?s=128&d=identicon', null, '2015-05-08 16:36:14.280100+0000', '2015-06-07 17:25:33.427000+0000');
INSERT INTO "neap"."channel"(channel_id, user_id, chat_id, name, display_name, topic, language, views, followers)
    VALUES ('4d2375d3-1776-4380-8e9e-2d12a6d35bc6', '54ad9cd0-d621-457b-a542-9a08e7d2d18e', 'ac9754c7-7ce7-4ea3-98f9-1f0eb8f37215', 'juliet', 'Juliet Channel', 'History', 'en', 91496, 36);
INSERT INTO "neap"."chat"(chat_id, channel_id, name)
    VALUES ('ac9754c7-7ce7-4ea3-98f9-1f0eb8f37215', '4d2375d3-1776-4380-8e9e-2d12a6d35bc6', 'juliet');
INSERT INTO "neap"."stream"(stream_id, channel_id, title, topic_id, topic, media_info, viewers, created_at, updated_at, ended_at)
    VALUES ('9995449f-e0a2-4211-9c74-6abdb2334363', '4d2375d3-1776-4380-8e9e-2d12a6d35bc6', 'Come on and have fun with Juliet!', '994391cf-d41e-46f4-b6eb-ce53824e3a0c', 'Litterature', '{"width":720,"height":400,"bitrate":614.8}', 1600, '2015-10-28 03:33:07.344500+0000', '2015-10-28 03:38:24.707400+0000', '2015-10-28 03:43:32.860000+0000');
INSERT INTO "neap"."video"(video_id, stream_id, title, type, description, status, tags, topic_id, topic, media_info, preview, views, created_at, updated_at)
    VALUES ('1c66d3b8-64ab-490c-a256-97f80f4dd296', '9995449f-e0a2-4211-9c74-6abdb2334363', 'Come on and have fun with Juliet!', 'record', 'Come on and have fun with Juliet!', '', '[]', '994391cf-d41e-46f4-b6eb-ce53824e3a0c', 'Litterature', '{"width":720,"height":400,"bitrate":562.97}', '', '25020', '2015-10-31 17:42:06.033000+0000', '2015-11-02 06:47:21.581500+0000');
INSERT INTO "neap"."stream"(stream_id, channel_id, title, topic_id, topic, media_info, viewers, created_at, updated_at, ended_at)
    VALUES ('130ff458-6e94-4d4e-9ca6-75a9fd2b2e6d', '4d2375d3-1776-4380-8e9e-2d12a6d35bc6', 'Today is Theology day', 'd2ea25fc-eb67-4c63-86d0-58ba2ce51b56', 'Theology', '{"width":1920,"height":1080,"bitrate":2750.72}', 457, '2015-06-30 18:41:50.858500+0000', '2015-06-30 23:53:31.167000+0000', '2015-07-01 00:32:09.887700+0000');
INSERT INTO "neap"."stream"(stream_id, channel_id, title, topic_id, topic, media_info, viewers, created_at, updated_at, ended_at)
    VALUES ('a3934f48-cd63-4513-8ab8-ce010e0749be', '4d2375d3-1776-4380-8e9e-2d12a6d35bc6', 'Come on and have fun with Juliet!', '1cae4612-f178-4a0e-b3af-343a88b99638', 'Science', '{"width":720,"height":400,"bitrate":792.62}', 1139, '2015-10-17 01:12:25.262600+0000', '2015-10-17 07:34:41.652300+0000', '2015-10-17 09:26:23.283800+0000');
INSERT INTO "neap"."video"(video_id, stream_id, title, type, description, status, tags, topic_id, topic, media_info, preview, views, created_at, updated_at)
    VALUES ('412be848-6583-4459-ade5-8c2db54fa983', 'a3934f48-cd63-4513-8ab8-ce010e0749be', 'Come on and have fun with Juliet!', 'record', 'Come on and have fun with Juliet!', '', '[]', '1cae4612-f178-4a0e-b3af-343a88b99638', 'Science', '{"width":720,"height":400,"bitrate":589.22}', '', '10177', '2015-10-30 15:19:01.920500+0000', '2015-10-30 18:23:08.515700+0000');
INSERT INTO "neap"."user"(user_id, channel_id, type, username, email, password, display_name, logo, bio, created_at, updated_at)
    VALUES ('a027252a-7fa1-4a5e-b1df-9e960a9ae232', '3f5b56b8-83f1-4d52-a98a-d1c11f45a94f', 'user', 'francesca', 'francesca@neap.io', '$2y$10$DM2mk6HX/WNMLBG8cSjuLeKMQ09Y5b6ycRZQ0gcOYX7LSuEhcc0bS', 'Francesca', 'https://gravatar.com/avatar/39e6425b85db816b2e2f973fcd303289?s=128&d=identicon', null, '2015-09-17 16:28:25.354900+0000', '2015-10-07 07:28:37.409800+0000');
INSERT INTO "neap"."channel"(channel_id, user_id, chat_id, name, display_name, topic, language, views, followers)
    VALUES ('3f5b56b8-83f1-4d52-a98a-d1c11f45a94f', 'a027252a-7fa1-4a5e-b1df-9e960a9ae232', '652541be-40c9-472d-a438-e2e515a83f34', 'francesca', 'Francesca Channel', 'Mathematics', 'en', 27166, 111);
INSERT INTO "neap"."chat"(chat_id, channel_id, name)
    VALUES ('652541be-40c9-472d-a438-e2e515a83f34', '3f5b56b8-83f1-4d52-a98a-d1c11f45a94f', 'francesca');
INSERT INTO "neap"."stream"(stream_id, channel_id, title, topic_id, topic, media_info, viewers, created_at, updated_at, ended_at)
    VALUES ('9fd41317-9d1b-4b4d-acb4-29ed9b7f63da', '3f5b56b8-83f1-4d52-a98a-d1c11f45a94f', 'Today is Video games day', '48e535f7-dba1-4d59-aac3-4c6cced32d6c', 'Video games', '{"width":720,"height":400,"bitrate":597.49}', 99895, '2015-09-23 16:39:23.151500+0000', '2015-09-23 19:51:23.033500+0000', '2015-09-23 20:32:32.381800+0000');
INSERT INTO "neap"."stream"(stream_id, channel_id, title, topic_id, topic, media_info, viewers, created_at, updated_at, ended_at)
    VALUES ('e96b7867-44c3-43b0-9295-c1c0adbfaaaa', '3f5b56b8-83f1-4d52-a98a-d1c11f45a94f', 'Francesca goes live!', '5f6c7ec0-84ab-4d8e-a2d7-ff1887b55d6e', 'History', '{"width":1920,"height":1080,"bitrate":2909.67}', 1525, '2015-10-08 06:05:25.323900+0000', '2015-10-08 08:00:35.661400+0000', '2015-10-08 08:31:41.065200+0000');
INSERT INTO "neap"."stream"(stream_id, channel_id, title, topic_id, topic, media_info, viewers, created_at, updated_at, ended_at)
    VALUES ('e2fb1627-1ff7-4d21-85a2-f45f1ce8f049', '3f5b56b8-83f1-4d52-a98a-d1c11f45a94f', 'Today is Music day', 'b369c464-cdea-4356-9d70-1450585652e2', 'Music', '{"width":1280,"height":720,"bitrate":909.06}', 669, '2015-10-17 23:01:32.385400+0000', '2015-10-17 23:14:05.265600+0000', '2015-10-18 00:43:21.978200+0000');
INSERT INTO "neap"."stream"(stream_id, channel_id, title, topic_id, topic, media_info, viewers, created_at, updated_at, ended_at)
    VALUES ('0081ed7f-7e03-4521-bea3-c7b73be6daa8', '3f5b56b8-83f1-4d52-a98a-d1c11f45a94f', 'Fun with Philosophy and Francesca', '35fa82dc-ed25-47fb-b6cd-58ae8a151f60', 'Philosophy', '{"width":1920,"height":1080,"bitrate":2056.02}', 1940, '2015-09-23 09:06:46.307000+0000', '2015-09-23 09:25:38.915200+0000', '2015-09-23 10:00:58.724800+0000');
INSERT INTO "neap"."video"(video_id, stream_id, title, type, description, status, tags, topic_id, topic, media_info, preview, views, created_at, updated_at)
    VALUES ('0de84b9b-95d3-468e-9c18-a76a50e6d0e8', '0081ed7f-7e03-4521-bea3-c7b73be6daa8', 'Fun with Philosophy and Francesca', 'record', 'Fun with Philosophy and Francesca', '', '[]', '35fa82dc-ed25-47fb-b6cd-58ae8a151f60', 'Philosophy', '{"width":1920,"height":1080,"bitrate":3205.04}', '', '26808', '2015-10-04 18:32:54.694800+0000', '2015-10-05 11:03:47.676500+0000');
INSERT INTO "neap"."stream"(stream_id, channel_id, title, topic_id, topic, media_info, viewers, created_at, updated_at, ended_at)
    VALUES ('6d716470-cbdc-4d6e-85b2-2f88b959700c', '3f5b56b8-83f1-4d52-a98a-d1c11f45a94f', 'Fun with Biology and Francesca', 'd4f06d27-2693-4552-bd85-d9875651ce39', 'Biology', '{"width":1920,"height":1080,"bitrate":2843.22}', 261, '2015-10-31 01:51:07.884300+0000', '2015-10-31 01:52:22.962800+0000', '2015-10-31 02:55:19.072900+0000');
INSERT INTO "neap"."stream"(stream_id, channel_id, title, topic_id, topic, media_info, viewers, created_at, updated_at, ended_at)
    VALUES ('19f176e9-a9c8-4381-a0d5-f912a146c89c', '3f5b56b8-83f1-4d52-a98a-d1c11f45a94f', 'Astrology?? Yeah, Astrology!', 'e9af2f53-d2dd-4e32-9dea-26d6ac21bcb8', 'Astrology', '{"width":1920,"height":1080,"bitrate":1135.97}', 341, '2015-10-29 01:28:01.677600+0000', '2015-10-29 06:10:21.806000+0000', '2015-10-29 07:15:55.560300+0000');
INSERT INTO "neap"."video"(video_id, stream_id, title, type, description, status, tags, topic_id, topic, media_info, preview, views, created_at, updated_at)
    VALUES ('d8951799-9afd-4ee7-9373-21419239916a', '19f176e9-a9c8-4381-a0d5-f912a146c89c', 'Astrology?? Yeah, Astrology!', 'record', 'Astrology?? Yeah, Astrology!', '', '[]', 'e9af2f53-d2dd-4e32-9dea-26d6ac21bcb8', 'Astrology', '{"width":1920,"height":1080,"bitrate":3144.61}', '', '32425', '2015-10-30 11:31:59.952100+0000', '2015-11-05 00:43:42.589100+0000');
INSERT INTO "neap"."video"(video_id, stream_id, title, type, description, status, tags, topic_id, topic, media_info, preview, views, created_at, updated_at)
    VALUES ('ec62645c-6282-4a2d-9f89-5f211393e21a', '19f176e9-a9c8-4381-a0d5-f912a146c89c', 'Astrology?? Yeah, Astrology!', 'record', 'Astrology?? Yeah, Astrology!', '', '[]', 'e9af2f53-d2dd-4e32-9dea-26d6ac21bcb8', 'Astrology', '{"width":1920,"height":1080,"bitrate":1856.76}', '', '2486', '2015-11-01 22:22:00.815200+0000', '2015-11-03 10:31:06.920700+0000');
INSERT INTO "neap"."user"(user_id, channel_id, type, username, email, password, display_name, logo, bio, created_at, updated_at)
    VALUES ('9e4619cb-99a8-4c6f-bb85-aebf0ab24172', 'df68d3a4-453a-4f9c-a1f0-9a4a05d11294', 'user', 'ronan', 'ronan@neap.io', '$2y$10$51IQi8KS5nZg1W8bJGsNReC2rYWIr9ysWJuyt5/TB6VPjDbPXNpSy', 'Ronan', 'https://gravatar.com/avatar/e0ac70d596b0b3ca5bb81ba9344085cc?s=128&d=identicon', null, '2015-07-27 13:30:47.009500+0000', '2015-08-23 09:52:34.225600+0000');
INSERT INTO "neap"."channel"(channel_id, user_id, chat_id, name, display_name, topic, language, views, followers)
    VALUES ('df68d3a4-453a-4f9c-a1f0-9a4a05d11294', '9e4619cb-99a8-4c6f-bb85-aebf0ab24172', 'a38bf0d6-ee1a-42eb-a961-d4133db206e0', 'ronan', 'Ronan Channel', 'Video games', 'en', 6695, 115);
INSERT INTO "neap"."chat"(chat_id, channel_id, name)
    VALUES ('a38bf0d6-ee1a-42eb-a961-d4133db206e0', 'df68d3a4-453a-4f9c-a1f0-9a4a05d11294', 'ronan');
INSERT INTO "neap"."stream"(stream_id, channel_id, title, topic_id, topic, media_info, viewers, created_at, updated_at, ended_at)
    VALUES ('0aac230d-22b0-444d-b68b-005d39f2a27f', 'df68d3a4-453a-4f9c-a1f0-9a4a05d11294', 'Relax stream', '5f6c7ec0-84ab-4d8e-a2d7-ff1887b55d6e', 'History', '{"width":720,"height":400,"bitrate":571.14}', 476, '2015-10-11 05:00:56.807800+0000', '2015-10-11 07:38:18.160000+0000', '2015-10-11 08:27:42.524000+0000');
INSERT INTO "neap"."stream"(stream_id, channel_id, title, topic_id, topic, media_info, viewers, created_at, updated_at, ended_at)
    VALUES ('a85697ee-7525-4e8d-a611-27f4c7dc1bda', 'df68d3a4-453a-4f9c-a1f0-9a4a05d11294', 'Relax stream', '48e535f7-dba1-4d59-aac3-4c6cced32d6c', 'Video games', '{"width":1280,"height":720,"bitrate":929.53}', 1880, '2015-09-11 21:52:05.020600+0000', '2015-09-12 02:47:21.187900+0000', '2015-09-12 03:13:35.444200+0000');
INSERT INTO "neap"."user"(user_id, channel_id, type, username, email, password, display_name, logo, bio, created_at, updated_at)
    VALUES ('344d1bc9-570f-45fc-a002-6528309e5c2a', 'e19a4fb4-b931-4b34-a5e2-1e0aa1aa7f08', 'user', 'garrett', 'garrett@neap.io', '$2y$10$MdWQvFe472.ceREED5BRyur.0EGUaYfKGb1VFIGy8Ya0AIsALjzjC', 'Garrett', 'https://gravatar.com/avatar/109fc901eba4b0e833cdc7cf80895438?s=128&d=identicon', null, '2015-06-16 15:09:02.825100+0000', '2015-07-01 23:11:16.394300+0000');
INSERT INTO "neap"."channel"(channel_id, user_id, chat_id, name, display_name, topic, language, views, followers)
    VALUES ('e19a4fb4-b931-4b34-a5e2-1e0aa1aa7f08', '344d1bc9-570f-45fc-a002-6528309e5c2a', '64985046-8e05-4c87-aa33-026616ebf392', 'garrett', 'Garrett Channel', 'Video games', 'en', 66973, 125);
INSERT INTO "neap"."chat"(chat_id, channel_id, name)
    VALUES ('64985046-8e05-4c87-aa33-026616ebf392', 'e19a4fb4-b931-4b34-a5e2-1e0aa1aa7f08', 'garrett');
INSERT INTO "neap"."stream"(stream_id, channel_id, title, topic_id, topic, media_info, viewers, created_at, updated_at, ended_at)
    VALUES ('5a1e8489-3022-48a1-b6b7-1a657484e4a1', 'e19a4fb4-b931-4b34-a5e2-1e0aa1aa7f08', 'Fun with Mathematics and Garrett', '284b3091-455d-4476-ae67-442a19d153d4', 'Mathematics', '{"width":1280,"height":720,"bitrate":1016.94}', 1387, '2015-08-24 00:50:42.379200+0000', '2015-08-24 05:26:28.806800+0000', '2015-08-24 05:49:45.018200+0000');
INSERT INTO "neap"."video"(video_id, stream_id, title, type, description, status, tags, topic_id, topic, media_info, preview, views, created_at, updated_at)
    VALUES ('1fb41b2a-b621-406a-ac5e-1e7d2b87cded', '5a1e8489-3022-48a1-b6b7-1a657484e4a1', 'Fun with Mathematics and Garrett', 'highlight', 'Fun with Mathematics and Garrett', '', '[]', '284b3091-455d-4476-ae67-442a19d153d4', 'Mathematics', '{"width":1280,"height":720,"bitrate":811.82}', '', '977', '2015-10-09 01:10:53.977800+0000', '2015-10-12 05:00:09.101000+0000');
INSERT INTO "neap"."video"(video_id, stream_id, title, type, description, status, tags, topic_id, topic, media_info, preview, views, created_at, updated_at)
    VALUES ('13e5da43-d429-49a1-ac9f-6621bff6e1da', '5a1e8489-3022-48a1-b6b7-1a657484e4a1', 'Fun with Mathematics and Garrett', 'record', 'Fun with Mathematics and Garrett', '', '[]', '284b3091-455d-4476-ae67-442a19d153d4', 'Mathematics', '{"width":1280,"height":720,"bitrate":1277.3}', '', '31388', '2015-10-14 10:12:43.956300+0000', '2015-10-16 03:58:00.704800+0000');
INSERT INTO "neap"."stream"(stream_id, channel_id, title, topic_id, topic, media_info, viewers, created_at, updated_at, ended_at)
    VALUES ('eccda1dc-c6af-40b1-95da-3fe1ea929644', 'e19a4fb4-b931-4b34-a5e2-1e0aa1aa7f08', 'The origins of Theology', 'd2ea25fc-eb67-4c63-86d0-58ba2ce51b56', 'Theology', '{"width":720,"height":400,"bitrate":774.12}', 1085, '2015-09-29 18:08:20.311200+0000', '2015-09-29 21:08:23.388400+0000', '2015-09-29 21:14:39.879800+0000');
INSERT INTO "neap"."video"(video_id, stream_id, title, type, description, status, tags, topic_id, topic, media_info, preview, views, created_at, updated_at)
    VALUES ('737a1580-bbda-413a-ba82-f24003200265', 'eccda1dc-c6af-40b1-95da-3fe1ea929644', 'The origins of Theology', 'record', 'The origins of Theology', '', '[]', 'd2ea25fc-eb67-4c63-86d0-58ba2ce51b56', 'Theology', '{"width":720,"height":400,"bitrate":656.94}', '', '15324', '2015-10-14 11:58:22.284800+0000', '2015-10-15 19:38:15.039500+0000');
INSERT INTO "neap"."user"(user_id, channel_id, type, username, email, password, display_name, logo, bio, created_at, updated_at)
    VALUES ('92c8e608-fbf6-40ee-84c0-fe31ba23ce18', 'df9825c5-afb1-4c08-a4aa-007d3b6716dc', 'user', 'charleigh', 'charleigh@neap.io', '$2y$10$g/nddiVGBbnAhRZhfdzl2u03kuMQB1JmNrwlZl98C6oegjyzUKsZ2', 'Charleigh', 'https://gravatar.com/avatar/2315be758859f1e0eb82875f0e306d54?s=128&d=identicon', null, '2015-06-25 17:40:21.324600+0000', '2015-08-28 12:03:01.659400+0000');
INSERT INTO "neap"."channel"(channel_id, user_id, chat_id, name, display_name, topic, language, views, followers)
    VALUES ('df9825c5-afb1-4c08-a4aa-007d3b6716dc', '92c8e608-fbf6-40ee-84c0-fe31ba23ce18', '8da1531e-d091-48b0-832d-06e5ee26997a', 'charleigh', 'Charleigh Channel', 'Music', 'en', 66066, 107);
INSERT INTO "neap"."chat"(chat_id, channel_id, name)
    VALUES ('8da1531e-d091-48b0-832d-06e5ee26997a', 'df9825c5-afb1-4c08-a4aa-007d3b6716dc', 'charleigh');
INSERT INTO "neap"."stream"(stream_id, channel_id, title, topic_id, topic, media_info, viewers, created_at, updated_at, ended_at)
    VALUES ('7f3cbf36-0823-429a-928c-0727cdc394ac', 'df9825c5-afb1-4c08-a4aa-007d3b6716dc', 'Fun with Philosophy and Charleigh', '35fa82dc-ed25-47fb-b6cd-58ae8a151f60', 'Philosophy', '{"width":1280,"height":720,"bitrate":1287.65}', 1391, '2015-09-17 19:41:25.442300+0000', '2015-09-17 22:38:51.934200+0000', '2015-09-17 22:49:47.301200+0000');
INSERT INTO "neap"."stream"(stream_id, channel_id, title, topic_id, topic, media_info, viewers, created_at, updated_at, ended_at)
    VALUES ('36bb3da9-4aa7-431e-892a-ce93331f5466', 'df9825c5-afb1-4c08-a4aa-007d3b6716dc', 'Charleigh goes live!', '1cae4612-f178-4a0e-b3af-343a88b99638', 'Science', '{"width":1920,"height":1080,"bitrate":2719.99}', 1019, '2015-07-15 14:54:33.426800+0000', '2015-07-15 20:16:35.951800+0000', '2015-07-15 20:41:59.952300+0000');
INSERT INTO "neap"."video"(video_id, stream_id, title, type, description, status, tags, topic_id, topic, media_info, preview, views, created_at, updated_at)
    VALUES ('f3d1269a-9aee-48e0-bf5c-04d4613177ce', '36bb3da9-4aa7-431e-892a-ce93331f5466', 'Charleigh goes live!', 'record', 'Charleigh goes live!', '', '[]', '1cae4612-f178-4a0e-b3af-343a88b99638', 'Science', '{"width":1920,"height":1080,"bitrate":2162.48}', '', '5435', '2015-08-09 15:42:01.158700+0000', '2015-08-12 00:12:39.342900+0000');
INSERT INTO "neap"."stream"(stream_id, channel_id, title, topic_id, topic, media_info, viewers, created_at, updated_at, ended_at)
    VALUES ('5b77f33e-9c21-4323-a7ce-c64fd3f5e510', 'df9825c5-afb1-4c08-a4aa-007d3b6716dc', 'Charleigh goes live!', 'e9af2f53-d2dd-4e32-9dea-26d6ac21bcb8', 'Astrology', '{"width":1920,"height":1080,"bitrate":2880}', 1999, '2015-07-02 11:06:46.130100+0000', '2015-07-02 11:11:55.542900+0000', '2015-07-02 12:02:01.010700+0000');
INSERT INTO "neap"."video"(video_id, stream_id, title, type, description, status, tags, topic_id, topic, media_info, preview, views, created_at, updated_at)
    VALUES ('757dbe0b-a7ba-46ee-afb5-ec9cf2f47ded', '5b77f33e-9c21-4323-a7ce-c64fd3f5e510', 'Charleigh goes live!', 'record', 'Charleigh goes live!', '', '[]', 'e9af2f53-d2dd-4e32-9dea-26d6ac21bcb8', 'Astrology', '{"width":1920,"height":1080,"bitrate":1265.68}', '', '15068', '2015-09-11 07:43:51.531300+0000', '2015-09-12 07:32:50.196200+0000');
INSERT INTO "neap"."stream"(stream_id, channel_id, title, topic_id, topic, media_info, viewers, created_at, updated_at, ended_at)
    VALUES ('d8acdff2-022b-49f5-8846-7a29442e89e3', 'df9825c5-afb1-4c08-a4aa-007d3b6716dc', 'Charleigh goes live!', '994391cf-d41e-46f4-b6eb-ce53824e3a0c', 'Litterature', '{"width":1280,"height":720,"bitrate":1478.25}', 1070, '2015-10-24 11:35:33.376600+0000', '2015-10-24 17:30:32.371400+0000', '2015-10-24 18:04:17.317600+0000');
INSERT INTO "neap"."video"(video_id, stream_id, title, type, description, status, tags, topic_id, topic, media_info, preview, views, created_at, updated_at)
    VALUES ('fa6fe061-a1e2-4040-9cef-ccd524eb41f5', 'd8acdff2-022b-49f5-8846-7a29442e89e3', 'Charleigh goes live!', 'record', 'Charleigh goes live!', '', '[]', '994391cf-d41e-46f4-b6eb-ce53824e3a0c', 'Litterature', '{"width":1280,"height":720,"bitrate":1083.32}', '', '19805', '2015-10-31 21:26:35.500500+0000', '2015-11-02 13:47:00.277800+0000');
INSERT INTO "neap"."video"(video_id, stream_id, title, type, description, status, tags, topic_id, topic, media_info, preview, views, created_at, updated_at)
    VALUES ('f4e17bb3-30e9-48c3-9fff-8b44f67b9916', 'd8acdff2-022b-49f5-8846-7a29442e89e3', 'Charleigh goes live!', 'record', 'Charleigh goes live!', '', '[]', '994391cf-d41e-46f4-b6eb-ce53824e3a0c', 'Litterature', '{"width":1280,"height":720,"bitrate":961.66}', '', '36359', '2015-10-30 03:20:43.958200+0000', '2015-10-30 09:19:22.087800+0000');
INSERT INTO "neap"."user"(user_id, channel_id, type, username, email, password, display_name, logo, bio, created_at, updated_at)
    VALUES ('1ddc7baa-5bbc-48ca-b010-7af14a2a0f15', 'db5832cd-c007-469f-bbe8-b9ae96b3c050', 'user', 'erick', 'erick@neap.io', '$2y$10$JMDx0X5TEtv2betlB7YiaumK6ern6w5Id0A2nRhwTk1C1lO.UXWD6', 'Erick', 'https://gravatar.com/avatar/e1c529387ca290f3408a082ec3bd12f4?s=128&d=identicon', null, '2015-01-08 02:41:55.334100+0000', '2015-04-14 21:16:28.676000+0000');
INSERT INTO "neap"."channel"(channel_id, user_id, chat_id, name, display_name, topic, language, views, followers)
    VALUES ('db5832cd-c007-469f-bbe8-b9ae96b3c050', '1ddc7baa-5bbc-48ca-b010-7af14a2a0f15', 'e04c0271-23cb-4cd1-bb37-7ba398cd994f', 'erick', 'Erick Channel', 'Theology', 'en', 15126, 126);
INSERT INTO "neap"."chat"(chat_id, channel_id, name)
    VALUES ('e04c0271-23cb-4cd1-bb37-7ba398cd994f', 'db5832cd-c007-469f-bbe8-b9ae96b3c050', 'erick');
INSERT INTO "neap"."stream"(stream_id, channel_id, title, topic_id, topic, media_info, viewers, created_at, updated_at, ended_at)
    VALUES ('7e3c1ca7-6453-442e-9bb3-0637d66f6cdf', 'db5832cd-c007-469f-bbe8-b9ae96b3c050', 'Today is Astrology day', 'e9af2f53-d2dd-4e32-9dea-26d6ac21bcb8', 'Astrology', '{"width":720,"height":400,"bitrate":769.48}', 1314, '2015-01-31 20:20:09.386700+0000', '2015-01-31 20:58:40.151300+0000', '2015-01-31 21:47:59.134900+0000');
INSERT INTO "neap"."video"(video_id, stream_id, title, type, description, status, tags, topic_id, topic, media_info, preview, views, created_at, updated_at)
    VALUES ('ba88ea5c-3370-43a4-af4f-085630503ff3', '7e3c1ca7-6453-442e-9bb3-0637d66f6cdf', 'Today is Astrology day', 'record', 'Today is Astrology day', '', '[]', 'e9af2f53-d2dd-4e32-9dea-26d6ac21bcb8', 'Astrology', '{"width":720,"height":400,"bitrate":727.69}', '', '24817', '2015-03-14 19:14:46.119100+0000', '2015-03-14 22:28:53.599900+0000');
INSERT INTO "neap"."video"(video_id, stream_id, title, type, description, status, tags, topic_id, topic, media_info, preview, views, created_at, updated_at)
    VALUES ('46b68112-4713-4328-b1e1-7990dd05e3a3', '7e3c1ca7-6453-442e-9bb3-0637d66f6cdf', 'Today is Astrology day', 'record', 'Today is Astrology day', '', '[]', 'e9af2f53-d2dd-4e32-9dea-26d6ac21bcb8', 'Astrology', '{"width":720,"height":400,"bitrate":692.59}', '', '23585', '2015-08-02 07:16:29.250400+0000', '2015-08-03 07:18:46.577200+0000');
INSERT INTO "neap"."stream"(stream_id, channel_id, title, topic_id, topic, media_info, viewers, created_at, updated_at, ended_at)
    VALUES ('afd3b93d-d67d-4b1a-828d-d9e6a3cfcb49', 'db5832cd-c007-469f-bbe8-b9ae96b3c050', 'The origins of Music', 'b369c464-cdea-4356-9d70-1450585652e2', 'Music', '{"width":720,"height":400,"bitrate":758.61}', 415, '2015-05-18 04:34:50.322000+0000', '2015-05-18 04:54:32.166100+0000', '2015-05-18 05:17:14.268600+0000');
INSERT INTO "neap"."video"(video_id, stream_id, title, type, description, status, tags, topic_id, topic, media_info, preview, views, created_at, updated_at)
    VALUES ('4b1bf888-d9d7-46ca-8c60-2f9779967d37', 'afd3b93d-d67d-4b1a-828d-d9e6a3cfcb49', 'The origins of Music', 'record', 'The origins of Music', '', '[]', 'b369c464-cdea-4356-9d70-1450585652e2', 'Music', '{"width":720,"height":400,"bitrate":543.18}', '', '21614', '2015-06-05 12:25:22.939300+0000', '2015-06-08 15:48:35.022400+0000');
INSERT INTO "neap"."video"(video_id, stream_id, title, type, description, status, tags, topic_id, topic, media_info, preview, views, created_at, updated_at)
    VALUES ('9b30dd0e-929c-4739-a1ad-c7602cf085a4', 'afd3b93d-d67d-4b1a-828d-d9e6a3cfcb49', 'The origins of Music', 'record', 'The origins of Music', '', '[]', 'b369c464-cdea-4356-9d70-1450585652e2', 'Music', '{"width":720,"height":400,"bitrate":525.86}', '', '7287', '2015-07-22 04:27:36.068800+0000', '2015-07-22 05:45:02.098600+0000');
INSERT INTO "neap"."stream"(stream_id, channel_id, title, topic_id, topic, media_info, viewers, created_at, updated_at, ended_at)
    VALUES ('d7f5be18-0cd9-459e-bed1-0e9e100f8e95', 'db5832cd-c007-469f-bbe8-b9ae96b3c050', 'Fun with Astrology and Erick', 'e9af2f53-d2dd-4e32-9dea-26d6ac21bcb8', 'Astrology', '{"width":1280,"height":720,"bitrate":1267.47}', 1218, '2015-04-21 09:03:24.803500+0000', '2015-04-21 10:48:09.471900+0000', '2015-04-21 11:18:43.156700+0000');
INSERT INTO "neap"."stream"(stream_id, channel_id, title, topic_id, topic, media_info, viewers, created_at, updated_at, ended_at)
    VALUES ('1c23cf5f-82dd-40fe-97d2-dc3134b65e11', 'db5832cd-c007-469f-bbe8-b9ae96b3c050', 'Today is Mathematics day', '284b3091-455d-4476-ae67-442a19d153d4', 'Mathematics', '{"width":1920,"height":1080,"bitrate":3192.72}', 695, '2015-10-25 08:31:59.408600+0000', '2015-10-25 10:08:46.057400+0000', '2015-10-25 10:28:55.791400+0000');
INSERT INTO "neap"."video"(video_id, stream_id, title, type, description, status, tags, topic_id, topic, media_info, preview, views, created_at, updated_at)
    VALUES ('750c000f-35cb-4387-be0f-d42555c0abd7', '1c23cf5f-82dd-40fe-97d2-dc3134b65e11', 'Today is Mathematics day', 'record', 'Today is Mathematics day', '', '[]', '284b3091-455d-4476-ae67-442a19d153d4', 'Mathematics', '{"width":1920,"height":1080,"bitrate":2799.32}', '', '16999', '2015-10-29 14:46:49.398400+0000', '2015-10-29 17:59:44.262400+0000');
INSERT INTO "neap"."stream"(stream_id, channel_id, title, topic_id, topic, media_info, viewers, created_at, updated_at, ended_at)
    VALUES ('6d840c23-ad79-4f92-9b79-1f9412b3565d', 'db5832cd-c007-469f-bbe8-b9ae96b3c050', 'The origins of Biology', 'd4f06d27-2693-4552-bd85-d9875651ce39', 'Biology', '{"width":1280,"height":720,"bitrate":1373.83}', 570, '2015-03-13 13:15:15.723100+0000', '2015-03-13 13:59:59.059600+0000', '2015-03-13 14:07:51.046300+0000');
INSERT INTO "neap"."video"(video_id, stream_id, title, type, description, status, tags, topic_id, topic, media_info, preview, views, created_at, updated_at)
    VALUES ('17aefe5c-70b4-46f0-a0e7-555e16228811', '6d840c23-ad79-4f92-9b79-1f9412b3565d', 'The origins of Biology', 'record', 'The origins of Biology', '', '[]', 'd4f06d27-2693-4552-bd85-d9875651ce39', 'Biology', '{"width":1280,"height":720,"bitrate":1466.72}', '', '30405', '2015-10-31 19:27:00.481300+0000', '2015-11-06 13:30:00.007700+0000');
INSERT INTO "neap"."stream"(stream_id, channel_id, title, topic_id, topic, media_info, viewers, created_at, updated_at, ended_at)
    VALUES ('7ac4f3af-095b-467e-9154-70806b83e9d3', 'db5832cd-c007-469f-bbe8-b9ae96b3c050', 'Come on and have fun with Erick!', 'e9af2f53-d2dd-4e32-9dea-26d6ac21bcb8', 'Astrology', '{"width":1280,"height":720,"bitrate":909.96}', 654, '2015-10-28 21:00:17.563500+0000', '2015-10-29 03:24:19.673100+0000', '2015-10-29 03:35:05.911400+0000');
INSERT INTO "neap"."video"(video_id, stream_id, title, type, description, status, tags, topic_id, topic, media_info, preview, views, created_at, updated_at)
    VALUES ('26dd9160-d392-435d-b4b2-22c0a8a640ae', '7ac4f3af-095b-467e-9154-70806b83e9d3', 'Come on and have fun with Erick!', 'highlight', 'Come on and have fun with Erick!', '', '[]', 'e9af2f53-d2dd-4e32-9dea-26d6ac21bcb8', 'Astrology', '{"width":1280,"height":720,"bitrate":1155.85}', '', '31423', '2015-10-29 06:04:55.489600+0000', '2015-10-31 05:32:05.200000+0000');
INSERT INTO "neap"."stream"(stream_id, channel_id, title, topic_id, topic, media_info, viewers, created_at, updated_at, ended_at)
    VALUES ('9317a3f9-8537-46c9-801b-974cd5be9d63', 'db5832cd-c007-469f-bbe8-b9ae96b3c050', 'Today is Photography day', 'e496e832-363e-4228-b518-7fe126ccaa04', 'Photography', '{"width":1280,"height":720,"bitrate":1078.99}', 363, '2015-05-14 00:02:34.888900+0000', '2015-05-14 07:18:03.179500+0000', '2015-05-14 07:22:57.514000+0000');
INSERT INTO "neap"."video"(video_id, stream_id, title, type, description, status, tags, topic_id, topic, media_info, preview, views, created_at, updated_at)
    VALUES ('10b43685-e401-4c48-84d7-0e2db431c2b6', '9317a3f9-8537-46c9-801b-974cd5be9d63', 'Today is Photography day', 'record', 'Today is Photography day', '', '[]', 'e496e832-363e-4228-b518-7fe126ccaa04', 'Photography', '{"width":1280,"height":720,"bitrate":1146.24}', '', '23861', '2015-08-24 07:27:23.824900+0000', '2015-08-25 02:07:39.734700+0000');
INSERT INTO "neap"."video"(video_id, stream_id, title, type, description, status, tags, topic_id, topic, media_info, preview, views, created_at, updated_at)
    VALUES ('99c6d848-7d97-4860-831a-33d20e205286', '9317a3f9-8537-46c9-801b-974cd5be9d63', 'Today is Photography day', 'record', 'Today is Photography day', '', '[]', 'e496e832-363e-4228-b518-7fe126ccaa04', 'Photography', '{"width":1280,"height":720,"bitrate":1344.78}', '', '21196', '2015-08-03 12:25:46.812500+0000', '2015-08-04 09:57:19.547200+0000');
INSERT INTO "neap"."user"(user_id, channel_id, type, username, email, password, display_name, logo, bio, created_at, updated_at)
    VALUES ('16752dc5-3f9f-4978-96bb-e4344dff4abc', '25c1eb93-cd32-434e-887f-c5e13d749ddc', 'user', 'landyn', 'landyn@neap.io', '$2y$10$jFh6JiNdLyhJmADJRkyCg.fWLI6PELxGOGWGh6ImigIHgEexIE8vC', 'Landyn', 'https://gravatar.com/avatar/2c33dfa27ab44f8bafab4150aee3f621?s=128&d=identicon', null, '2015-06-18 16:00:43.092900+0000', '2015-08-19 15:35:31.448800+0000');
INSERT INTO "neap"."channel"(channel_id, user_id, chat_id, name, display_name, topic, language, views, followers)
    VALUES ('25c1eb93-cd32-434e-887f-c5e13d749ddc', '16752dc5-3f9f-4978-96bb-e4344dff4abc', '6e5e41c3-2375-44d6-b2de-8ba7968b2000', 'landyn', 'Landyn Channel', 'Philosophy', 'en', 59599, 11);
INSERT INTO "neap"."chat"(chat_id, channel_id, name)
    VALUES ('6e5e41c3-2375-44d6-b2de-8ba7968b2000', '25c1eb93-cd32-434e-887f-c5e13d749ddc', 'landyn');
INSERT INTO "neap"."stream"(stream_id, channel_id, title, topic_id, topic, media_info, viewers, created_at, updated_at, ended_at)
    VALUES ('5cee0f8e-3e4d-496f-8f9f-5b8da11e8437', '25c1eb93-cd32-434e-887f-c5e13d749ddc', 'The origins of Mathematics', '284b3091-455d-4476-ae67-442a19d153d4', 'Mathematics', '{"width":720,"height":400,"bitrate":741.84}', 750, '2015-08-24 10:40:29.491500+0000', '2015-08-24 10:43:04.883700+0000', '2015-08-24 12:06:31.826400+0000');
INSERT INTO "neap"."video"(video_id, stream_id, title, type, description, status, tags, topic_id, topic, media_info, preview, views, created_at, updated_at)
    VALUES ('ede427c7-64c0-4e4d-824f-dc9f01003763', '5cee0f8e-3e4d-496f-8f9f-5b8da11e8437', 'The origins of Mathematics', 'highlight', 'The origins of Mathematics', '', '[]', '284b3091-455d-4476-ae67-442a19d153d4', 'Mathematics', '{"width":720,"height":400,"bitrate":775.14}', '', '18780', '2015-10-07 00:13:01.866000+0000', '2015-10-07 21:37:46.654100+0000');
INSERT INTO "neap"."video"(video_id, stream_id, title, type, description, status, tags, topic_id, topic, media_info, preview, views, created_at, updated_at)
    VALUES ('66f5078e-b2a3-4783-8291-1619e1a02336', '5cee0f8e-3e4d-496f-8f9f-5b8da11e8437', 'The origins of Mathematics', 'record', 'The origins of Mathematics', '', '[]', '284b3091-455d-4476-ae67-442a19d153d4', 'Mathematics', '{"width":720,"height":400,"bitrate":629.56}', '', '13842', '2015-09-13 10:49:23.639200+0000', '2015-09-13 18:25:18.875300+0000');
INSERT INTO "neap"."stream"(stream_id, channel_id, title, topic_id, topic, media_info, viewers, created_at, updated_at, ended_at)
    VALUES ('c41f8ecb-8a1e-424f-9eba-7eabbaa3e801', '25c1eb93-cd32-434e-887f-c5e13d749ddc', 'Today is History day', '5f6c7ec0-84ab-4d8e-a2d7-ff1887b55d6e', 'History', '{"width":720,"height":400,"bitrate":736.88}', 1266, '2015-08-19 00:21:49.515000+0000', '2015-08-19 05:00:32.558100+0000', '2015-08-19 05:01:15.363400+0000');
INSERT INTO "neap"."video"(video_id, stream_id, title, type, description, status, tags, topic_id, topic, media_info, preview, views, created_at, updated_at)
    VALUES ('487155e8-0694-42b7-84bc-6db24b6a352d', 'c41f8ecb-8a1e-424f-9eba-7eabbaa3e801', 'Today is History day', 'record', 'Today is History day', '', '[]', '5f6c7ec0-84ab-4d8e-a2d7-ff1887b55d6e', 'History', '{"width":720,"height":400,"bitrate":636.01}', '', '19250', '2015-09-23 06:53:24.447000+0000', '2015-09-25 01:40:34.994700+0000');
INSERT INTO "neap"."stream"(stream_id, channel_id, title, topic_id, topic, media_info, viewers, created_at, updated_at, ended_at)
    VALUES ('2ea6533e-9b1e-4815-8f98-230404d36be6', '25c1eb93-cd32-434e-887f-c5e13d749ddc', 'Science?? Yeah, Science!', '1cae4612-f178-4a0e-b3af-343a88b99638', 'Science', '{"width":720,"height":400,"bitrate":538.22}', 595, '2015-08-13 13:59:41.425000+0000', '2015-08-13 14:27:15.983400+0000', '2015-08-13 14:43:09.619700+0000');
INSERT INTO "neap"."stream"(stream_id, channel_id, title, topic_id, topic, media_info, viewers, created_at, updated_at, ended_at)
    VALUES ('04a0cfa0-9d49-4edb-98c3-48791f89d93c', '25c1eb93-cd32-434e-887f-c5e13d749ddc', 'The origins of Photography', 'e496e832-363e-4228-b518-7fe126ccaa04', 'Photography', '{"width":720,"height":400,"bitrate":720.12}', 609, '2015-06-22 00:04:00.758900+0000', '2015-06-22 05:40:48.130700+0000', '2015-06-22 06:12:10.959700+0000');
INSERT INTO "neap"."user"(user_id, channel_id, type, username, email, password, display_name, logo, bio, created_at, updated_at)
    VALUES ('fa7e86ce-d90e-4d5d-b278-e105aa5e3eac', '8079114c-30a4-4d0c-837c-7ed48e77b496', 'user', 'kaiden', 'kaiden@neap.io', '$2y$10$F9KOGYQgu47cPBpYuWyTCujkAt6oCMa6Dm6TrOiV.ywcOFepNvObO', 'Kaiden', 'https://gravatar.com/avatar/17a22070d827a2fa77115daa6f264ba7?s=128&d=identicon', null, '2015-02-19 20:11:29.861300+0000', '2015-04-10 22:04:25.328800+0000');
INSERT INTO "neap"."channel"(channel_id, user_id, chat_id, name, display_name, topic, language, views, followers)
    VALUES ('8079114c-30a4-4d0c-837c-7ed48e77b496', 'fa7e86ce-d90e-4d5d-b278-e105aa5e3eac', 'd7615a84-e084-4dfb-921c-dbd930ca1f96', 'kaiden', 'Kaiden Channel', 'Video games', 'en', 77529, 69);
INSERT INTO "neap"."chat"(chat_id, channel_id, name)
    VALUES ('d7615a84-e084-4dfb-921c-dbd930ca1f96', '8079114c-30a4-4d0c-837c-7ed48e77b496', 'kaiden');
INSERT INTO "neap"."stream"(stream_id, channel_id, title, topic_id, topic, media_info, viewers, created_at, updated_at, ended_at)
    VALUES ('ecc51080-28d2-4cdc-99c4-c4f8092213d1', '8079114c-30a4-4d0c-837c-7ed48e77b496', 'Fun with Biology and Kaiden', 'd4f06d27-2693-4552-bd85-d9875651ce39', 'Biology', '{"width":720,"height":400,"bitrate":798.61}', 1397, '2015-10-21 11:51:45.045300+0000', '2015-10-21 18:19:42.821100+0000', '2015-10-21 18:37:24.115300+0000');
INSERT INTO "neap"."video"(video_id, stream_id, title, type, description, status, tags, topic_id, topic, media_info, preview, views, created_at, updated_at)
    VALUES ('471264bd-60bc-4295-be4a-f2f0d3764bf3', 'ecc51080-28d2-4cdc-99c4-c4f8092213d1', 'Fun with Biology and Kaiden', 'highlight', 'Fun with Biology and Kaiden', '', '[]', 'd4f06d27-2693-4552-bd85-d9875651ce39', 'Biology', '{"width":720,"height":400,"bitrate":683.44}', '', '21634', '2015-10-23 00:29:39.146500+0000', '2015-10-24 00:30:41.307000+0000');
INSERT INTO "neap"."user"(user_id, channel_id, type, username, email, password, display_name, logo, bio, created_at, updated_at)
    VALUES ('e4033dfd-467e-49f0-bbc6-0298756eb4f7', 'e1ab2d2f-d7a0-4e55-acfe-e0e945f8dab8', 'user', 'reyansh', 'reyansh@neap.io', '$2y$10$ZyJgIz9dcfuVrlg/EGAOpumZ6uzy0ZhOA05VyKPjP8SZHCixNY2bG', 'Reyansh', 'https://gravatar.com/avatar/fcdfe1631bea74120f4af0ca12b911ec?s=128&d=identicon', null, '2015-02-25 20:10:25.944200+0000', '2015-04-15 05:30:52.638600+0000');
INSERT INTO "neap"."channel"(channel_id, user_id, chat_id, name, display_name, topic, language, views, followers)
    VALUES ('e1ab2d2f-d7a0-4e55-acfe-e0e945f8dab8', 'e4033dfd-467e-49f0-bbc6-0298756eb4f7', 'e363d983-9ae8-4496-9214-d4ad0ae7740e', 'reyansh', 'Reyansh Channel', 'Video games', 'en', 90828, 98);
INSERT INTO "neap"."chat"(chat_id, channel_id, name)
    VALUES ('e363d983-9ae8-4496-9214-d4ad0ae7740e', 'e1ab2d2f-d7a0-4e55-acfe-e0e945f8dab8', 'reyansh');
INSERT INTO "neap"."stream"(stream_id, channel_id, title, topic_id, topic, media_info, viewers, created_at, updated_at, ended_at)
    VALUES ('38a4a376-641f-49e6-b567-5701235ca48d', 'e1ab2d2f-d7a0-4e55-acfe-e0e945f8dab8', 'The origins of Music', 'b369c464-cdea-4356-9d70-1450585652e2', 'Music', '{"width":1280,"height":720,"bitrate":1313.43}', 1515, '2015-03-13 23:05:13.003700+0000', '2015-03-14 02:49:11.319700+0000', '2015-03-14 03:15:47.188900+0000');
INSERT INTO "neap"."video"(video_id, stream_id, title, type, description, status, tags, topic_id, topic, media_info, preview, views, created_at, updated_at)
    VALUES ('e06ee1d9-6422-4545-adfe-1cb14794df8c', '38a4a376-641f-49e6-b567-5701235ca48d', 'The origins of Music', 'record', 'The origins of Music', '', '[]', 'b369c464-cdea-4356-9d70-1450585652e2', 'Music', '{"width":1280,"height":720,"bitrate":1142.76}', '', '6128', '2015-09-28 01:35:22.401200+0000', '2015-09-28 19:19:42.992300+0000');
INSERT INTO "neap"."user"(user_id, channel_id, type, username, email, password, display_name, logo, bio, created_at, updated_at)
    VALUES ('b76734c5-6791-4e1c-ad02-9e0181daaf31', 'bcd297a3-54cb-4059-b597-e894919746f4', 'user', 'zeke', 'zeke@neap.io', '$2y$10$DgtMczNg6eYtQMifwabro.QA0FdAsBA1iXyLhCDne3IXmUsMiqwGC', 'Zeke', 'https://gravatar.com/avatar/247ef15b9fbcd2cbffdd7727b49df081?s=128&d=identicon', null, '2015-05-13 07:11:49.783700+0000', '2015-06-03 11:07:11.172200+0000');
INSERT INTO "neap"."channel"(channel_id, user_id, chat_id, name, display_name, topic, language, views, followers)
    VALUES ('bcd297a3-54cb-4059-b597-e894919746f4', 'b76734c5-6791-4e1c-ad02-9e0181daaf31', '0747841e-3388-45de-8fef-f480a63b0961', 'zeke', 'Zeke Channel', 'Photography', 'en', 98746, 1);
INSERT INTO "neap"."chat"(chat_id, channel_id, name)
    VALUES ('0747841e-3388-45de-8fef-f480a63b0961', 'bcd297a3-54cb-4059-b597-e894919746f4', 'zeke');
INSERT INTO "neap"."stream"(stream_id, channel_id, title, topic_id, topic, media_info, viewers, created_at, updated_at, ended_at)
    VALUES ('57980e20-fb4f-4982-ba8f-54a94970d443', 'bcd297a3-54cb-4059-b597-e894919746f4', 'Fun with Science and Zeke', '1cae4612-f178-4a0e-b3af-343a88b99638', 'Science', '{"width":1920,"height":1080,"bitrate":1208.09}', 824, '2015-07-26 11:00:02.733800+0000', '2015-07-26 14:43:46.527600+0000', '2015-07-26 14:59:04.845200+0000');
INSERT INTO "neap"."video"(video_id, stream_id, title, type, description, status, tags, topic_id, topic, media_info, preview, views, created_at, updated_at)
    VALUES ('82fa5083-4936-4851-b45e-fe229d2ade82', '57980e20-fb4f-4982-ba8f-54a94970d443', 'Fun with Science and Zeke', 'record', 'Fun with Science and Zeke', '', '[]', '1cae4612-f178-4a0e-b3af-343a88b99638', 'Science', '{"width":1920,"height":1080,"bitrate":3357.15}', '', '28803', '2015-10-04 18:27:46.356000+0000', '2015-10-07 04:16:40.023200+0000');
INSERT INTO "neap"."stream"(stream_id, channel_id, title, topic_id, topic, media_info, viewers, created_at, updated_at, ended_at)
    VALUES ('d28f7679-a85b-47ab-a3c4-c4882b31eea0', 'bcd297a3-54cb-4059-b597-e894919746f4', 'Come on and have fun with Zeke!', '1cae4612-f178-4a0e-b3af-343a88b99638', 'Science', '{"width":1280,"height":720,"bitrate":1153.24}', 798, '2015-07-21 04:07:32.285200+0000', '2015-07-21 06:39:38.461000+0000', '2015-07-21 07:33:22.998400+0000');
INSERT INTO "neap"."video"(video_id, stream_id, title, type, description, status, tags, topic_id, topic, media_info, preview, views, created_at, updated_at)
    VALUES ('81768b19-1ea7-4ea8-a408-5e07cc5daf96', 'd28f7679-a85b-47ab-a3c4-c4882b31eea0', 'Come on and have fun with Zeke!', 'record', 'Come on and have fun with Zeke!', '', '[]', '1cae4612-f178-4a0e-b3af-343a88b99638', 'Science', '{"width":1280,"height":720,"bitrate":1416.8}', '', '11173', '2015-08-31 16:15:27.010400+0000', '2015-09-03 02:24:19.433400+0000');
INSERT INTO "neap"."stream"(stream_id, channel_id, title, topic_id, topic, media_info, viewers, created_at, updated_at, ended_at)
    VALUES ('a758146c-e78a-43ab-846b-232bcc5b8195', 'bcd297a3-54cb-4059-b597-e894919746f4', 'Zeke goes live!', '35fa82dc-ed25-47fb-b6cd-58ae8a151f60', 'Philosophy', '{"width":1920,"height":1080,"bitrate":2864.94}', 465, '2015-09-19 06:50:50.301500+0000', '2015-09-19 15:25:04.733400+0000', '2015-09-19 16:12:05.369500+0000');
INSERT INTO "neap"."stream"(stream_id, channel_id, title, topic_id, topic, media_info, viewers, created_at, updated_at, ended_at)
    VALUES ('524939ba-4b81-4142-826e-2c5cfd667ff1', 'bcd297a3-54cb-4059-b597-e894919746f4', 'Zeke goes live!', 'e496e832-363e-4228-b518-7fe126ccaa04', 'Photography', '{"width":1920,"height":1080,"bitrate":1184.77}', 41, '2015-05-29 11:45:22.178900+0000', '2015-05-29 12:07:03.026400+0000', '2015-05-29 12:21:14.710700+0000');
INSERT INTO "neap"."video"(video_id, stream_id, title, type, description, status, tags, topic_id, topic, media_info, preview, views, created_at, updated_at)
    VALUES ('093e46cb-9f7e-4268-a927-a488f6f5e41c', '524939ba-4b81-4142-826e-2c5cfd667ff1', 'Zeke goes live!', 'record', 'Zeke goes live!', '', '[]', 'e496e832-363e-4228-b518-7fe126ccaa04', 'Photography', '{"width":1920,"height":1080,"bitrate":1329.25}', '', '30067', '2015-08-20 20:18:14.768400+0000', '2015-08-26 14:03:17.395400+0000');
INSERT INTO "neap"."stream"(stream_id, channel_id, title, topic_id, topic, media_info, viewers, created_at, updated_at, ended_at)
    VALUES ('03c5150b-42e9-4ae5-b751-a64a5d9cf1ba', 'bcd297a3-54cb-4059-b597-e894919746f4', 'Today is Litterature day', '994391cf-d41e-46f4-b6eb-ce53824e3a0c', 'Litterature', '{"width":1280,"height":720,"bitrate":779.62}', 1556, '2015-06-14 23:15:17.677800+0000', '2015-06-15 01:53:47.332000+0000', '2015-06-15 03:04:27.431600+0000');
INSERT INTO "neap"."video"(video_id, stream_id, title, type, description, status, tags, topic_id, topic, media_info, preview, views, created_at, updated_at)
    VALUES ('a9df2eaf-4ee7-443b-9d01-67d75fec3cd8', '03c5150b-42e9-4ae5-b751-a64a5d9cf1ba', 'Today is Litterature day', 'record', 'Today is Litterature day', '', '[]', '994391cf-d41e-46f4-b6eb-ce53824e3a0c', 'Litterature', '{"width":1280,"height":720,"bitrate":794.49}', '', '21711', '2015-10-19 11:53:20.237300+0000', '2015-10-19 14:07:26.304000+0000');
INSERT INTO "neap"."stream"(stream_id, channel_id, title, topic_id, topic, media_info, viewers, created_at, updated_at, ended_at)
    VALUES ('70d032d2-5f63-4f5b-90f3-b5b33461f3b0', 'bcd297a3-54cb-4059-b597-e894919746f4', 'The origins of Music', 'b369c464-cdea-4356-9d70-1450585652e2', 'Music', '{"width":1280,"height":720,"bitrate":1402.99}', 764, '2015-07-17 21:02:48.769900+0000', '2015-07-17 21:56:24.939400+0000', '2015-07-17 21:58:43.769300+0000');
INSERT INTO "neap"."video"(video_id, stream_id, title, type, description, status, tags, topic_id, topic, media_info, preview, views, created_at, updated_at)
    VALUES ('6a63dd39-de19-48cd-92e0-c45bbbef71d0', '70d032d2-5f63-4f5b-90f3-b5b33461f3b0', 'The origins of Music', 'record', 'The origins of Music', '', '[]', 'b369c464-cdea-4356-9d70-1450585652e2', 'Music', '{"width":1280,"height":720,"bitrate":1039.41}', '', '7182', '2015-08-30 17:04:50.243500+0000', '2015-08-30 18:30:29.525400+0000');
INSERT INTO "neap"."user"(user_id, channel_id, type, username, email, password, display_name, logo, bio, created_at, updated_at)
    VALUES ('8b567b28-a7e8-4837-8b64-764d20e31b73', '036adf0b-fafe-42cf-8dd0-c400d60e88c0', 'user', 'chaya', 'chaya@neap.io', '$2y$10$mY49iseLA1haJ2iY7gTBx.mv892xGzkg.WK6t3/kriobRYNbYsmpa', 'Chaya', 'https://gravatar.com/avatar/fd108d7a187d732feedd8d10b504738e?s=128&d=identicon', null, '2015-03-26 07:35:42.144700+0000', '2015-05-27 13:03:46.682400+0000');
INSERT INTO "neap"."channel"(channel_id, user_id, chat_id, name, display_name, topic, language, views, followers)
    VALUES ('036adf0b-fafe-42cf-8dd0-c400d60e88c0', '8b567b28-a7e8-4837-8b64-764d20e31b73', 'adc229bf-9308-4380-803f-45d7e6206d04', 'chaya', 'Chaya Channel', 'Music', 'en', 4225, 106);
INSERT INTO "neap"."chat"(chat_id, channel_id, name)
    VALUES ('adc229bf-9308-4380-803f-45d7e6206d04', '036adf0b-fafe-42cf-8dd0-c400d60e88c0', 'chaya');
INSERT INTO "neap"."stream"(stream_id, channel_id, title, topic_id, topic, media_info, viewers, created_at, updated_at, ended_at)
    VALUES ('a83cadf9-e056-4942-8419-d1f7603012e7', '036adf0b-fafe-42cf-8dd0-c400d60e88c0', 'Come on and have fun with Chaya!', 'd2ea25fc-eb67-4c63-86d0-58ba2ce51b56', 'Theology', '{"width":1920,"height":1080,"bitrate":1196.43}', 712, '2015-05-24 02:05:04.953900+0000', '2015-05-24 04:09:48.855500+0000', '2015-05-24 04:22:58.590500+0000');
INSERT INTO "neap"."video"(video_id, stream_id, title, type, description, status, tags, topic_id, topic, media_info, preview, views, created_at, updated_at)
    VALUES ('3a2ff36a-8546-428c-acfb-ce549e366a1c', 'a83cadf9-e056-4942-8419-d1f7603012e7', 'Come on and have fun with Chaya!', 'record', 'Come on and have fun with Chaya!', '', '[]', 'd2ea25fc-eb67-4c63-86d0-58ba2ce51b56', 'Theology', '{"width":1920,"height":1080,"bitrate":1389.85}', '', '18158', '2015-06-19 19:09:19.408800+0000', '2015-06-20 04:05:22.035200+0000');
INSERT INTO "neap"."video"(video_id, stream_id, title, type, description, status, tags, topic_id, topic, media_info, preview, views, created_at, updated_at)
    VALUES ('f0910d46-380a-463c-8ada-3aa069e2cf1f', 'a83cadf9-e056-4942-8419-d1f7603012e7', 'Come on and have fun with Chaya!', 'record', 'Come on and have fun with Chaya!', '', '[]', 'd2ea25fc-eb67-4c63-86d0-58ba2ce51b56', 'Theology', '{"width":1920,"height":1080,"bitrate":1275.76}', '', '33644', '2015-10-30 01:31:22.758300+0000', '2015-10-30 13:40:41.672700+0000');
INSERT INTO "neap"."stream"(stream_id, channel_id, title, topic_id, topic, media_info, viewers, created_at, updated_at, ended_at)
    VALUES ('d7320160-6423-4351-84d8-4798e1c695ac', '036adf0b-fafe-42cf-8dd0-c400d60e88c0', 'Relax stream', '994391cf-d41e-46f4-b6eb-ce53824e3a0c', 'Litterature', '{"width":1280,"height":720,"bitrate":1401.64}', 8771, '2015-04-29 10:02:51.065300+0000', '2015-04-29 10:57:08.239200+0000', '2015-04-29 11:11:35.132600+0000');
INSERT INTO "neap"."video"(video_id, stream_id, title, type, description, status, tags, topic_id, topic, media_info, preview, views, created_at, updated_at)
    VALUES ('092dec1a-614c-47cc-8dc0-8f1d64ea10ac', 'd7320160-6423-4351-84d8-4798e1c695ac', 'Relax stream', 'record', 'Relax stream', '', '[]', '994391cf-d41e-46f4-b6eb-ce53824e3a0c', 'Litterature', '{"width":1280,"height":720,"bitrate":918.81}', '', '3097', '2015-07-14 21:14:42.646900+0000', '2015-07-19 00:41:20.565700+0000');
INSERT INTO "neap"."video"(video_id, stream_id, title, type, description, status, tags, topic_id, topic, media_info, preview, views, created_at, updated_at)
    VALUES ('d1b490d1-c87c-4250-988e-d5bf7bcb44ee', 'd7320160-6423-4351-84d8-4798e1c695ac', 'Relax stream', 'highlight', 'Relax stream', '', '[]', '994391cf-d41e-46f4-b6eb-ce53824e3a0c', 'Litterature', '{"width":1280,"height":720,"bitrate":936.8}', '', '39595', '2015-05-25 10:09:47.620700+0000', '2015-05-25 13:31:42.409100+0000');
INSERT INTO "neap"."stream"(stream_id, channel_id, title, topic_id, topic, media_info, viewers, created_at, updated_at, ended_at)
    VALUES ('1f952ef0-9ef1-4b40-bc1b-e4419108d3b5', '036adf0b-fafe-42cf-8dd0-c400d60e88c0', 'Fun with Philosophy and Chaya', '35fa82dc-ed25-47fb-b6cd-58ae8a151f60', 'Philosophy', '{"width":1280,"height":720,"bitrate":1450.96}', 363, '2015-05-02 00:02:32.833000+0000', '2015-05-02 03:12:45.740200+0000', '2015-05-02 04:20:32.140900+0000');
INSERT INTO "neap"."video"(video_id, stream_id, title, type, description, status, tags, topic_id, topic, media_info, preview, views, created_at, updated_at)
    VALUES ('8deef5b5-9da5-4022-9ada-d4a1fb6d2653', '1f952ef0-9ef1-4b40-bc1b-e4419108d3b5', 'Fun with Philosophy and Chaya', 'record', 'Fun with Philosophy and Chaya', '', '[]', '35fa82dc-ed25-47fb-b6cd-58ae8a151f60', 'Philosophy', '{"width":1280,"height":720,"bitrate":1206.62}', '', '2265', '2015-10-12 05:05:50.405500+0000', '2015-10-15 18:42:16.109000+0000');
INSERT INTO "neap"."user"(user_id, channel_id, type, username, email, password, display_name, logo, bio, created_at, updated_at)
    VALUES ('41bf2a25-5f72-46b5-9cb7-5e95bd9a6c3d', '7f585c88-982a-45ba-b4d2-b5f53bea04b0', 'user', 'ruth', 'ruth@neap.io', '$2y$10$b4umXJnva8JAoKffLCfa2.gklGKlxuyXMR9lwqciNJbxt5tYrCCUy', 'Ruth', 'https://gravatar.com/avatar/69b65ceea9f4ad9bb200d4c25261b47f?s=128&d=identicon', null, '2015-09-11 14:33:04.417300+0000', '2015-10-18 14:40:01.037600+0000');
INSERT INTO "neap"."channel"(channel_id, user_id, chat_id, name, display_name, topic, language, views, followers)
    VALUES ('7f585c88-982a-45ba-b4d2-b5f53bea04b0', '41bf2a25-5f72-46b5-9cb7-5e95bd9a6c3d', '3eb6994c-4681-4b16-873f-25a107965324', 'ruth', 'Ruth Channel', 'Video games', 'en', 42717, 149);
INSERT INTO "neap"."chat"(chat_id, channel_id, name)
    VALUES ('3eb6994c-4681-4b16-873f-25a107965324', '7f585c88-982a-45ba-b4d2-b5f53bea04b0', 'ruth');
INSERT INTO "neap"."stream"(stream_id, channel_id, title, topic_id, topic, media_info, viewers, created_at, updated_at, ended_at)
    VALUES ('5edc955c-8002-4a07-b1d1-66c93ce2f4d7', '7f585c88-982a-45ba-b4d2-b5f53bea04b0', 'Music?? Yeah, Music!', 'b369c464-cdea-4356-9d70-1450585652e2', 'Music', '{"width":1920,"height":1080,"bitrate":2538.07}', 675, '2015-10-23 17:48:32.063700+0000', '2015-10-23 17:49:14.780300+0000', '2015-10-23 18:34:10.666200+0000');
INSERT INTO "neap"."video"(video_id, stream_id, title, type, description, status, tags, topic_id, topic, media_info, preview, views, created_at, updated_at)
    VALUES ('90ce9106-9868-420b-a948-e51155c3d586', '5edc955c-8002-4a07-b1d1-66c93ce2f4d7', 'Music?? Yeah, Music!', 'highlight', 'Music?? Yeah, Music!', '', '[]', 'b369c464-cdea-4356-9d70-1450585652e2', 'Music', '{"width":1920,"height":1080,"bitrate":2018.17}', '', '10048', '2015-11-01 17:21:00.309600+0000', '2015-11-01 22:08:03.562500+0000');
INSERT INTO "neap"."stream"(stream_id, channel_id, title, topic_id, topic, media_info, viewers, created_at, updated_at, ended_at)
    VALUES ('fd9786c0-dae6-4446-8a95-28b673aca1dd', '7f585c88-982a-45ba-b4d2-b5f53bea04b0', 'Today is Science day', '1cae4612-f178-4a0e-b3af-343a88b99638', 'Science', '{"width":1280,"height":720,"bitrate":1462.63}', 48843, '2015-10-19 23:00:40.510700+0000', '2015-10-20 01:03:40.449900+0000', '2015-10-20 01:11:12.665400+0000');
INSERT INTO "neap"."video"(video_id, stream_id, title, type, description, status, tags, topic_id, topic, media_info, preview, views, created_at, updated_at)
    VALUES ('46c76ceb-af5f-4666-bbbf-3b5a6d0783f8', 'fd9786c0-dae6-4446-8a95-28b673aca1dd', 'Today is Science day', 'record', 'Today is Science day', '', '[]', '1cae4612-f178-4a0e-b3af-343a88b99638', 'Science', '{"width":1280,"height":720,"bitrate":1368.66}', '', '28517', '2015-10-30 17:52:40.251300+0000', '2015-10-31 13:59:13.199100+0000');
INSERT INTO "neap"."stream"(stream_id, channel_id, title, topic_id, topic, media_info, viewers, created_at, updated_at, ended_at)
    VALUES ('1017416b-33f4-442a-9377-906704152733', '7f585c88-982a-45ba-b4d2-b5f53bea04b0', 'Come on and have fun with Ruth!', 'b369c464-cdea-4356-9d70-1450585652e2', 'Music', '{"width":1280,"height":720,"bitrate":1391.54}', 475, '2015-10-20 12:11:23.626900+0000', '2015-10-20 13:11:48.495800+0000', '2015-10-20 13:22:25.174900+0000');
INSERT INTO "neap"."stream"(stream_id, channel_id, title, topic_id, topic, media_info, viewers, created_at, updated_at, ended_at)
    VALUES ('12d08b8d-6d12-4c32-89c9-096245199840', '7f585c88-982a-45ba-b4d2-b5f53bea04b0', 'Come on and have fun with Ruth!', 'e9af2f53-d2dd-4e32-9dea-26d6ac21bcb8', 'Astrology', '{"width":720,"height":400,"bitrate":782.05}', 655, '2015-09-28 18:32:05.339100+0000', '2015-09-28 21:13:45.671000+0000', '2015-09-28 21:25:32.504900+0000');
INSERT INTO "neap"."stream"(stream_id, channel_id, title, topic_id, topic, media_info, viewers, created_at, updated_at, ended_at)
    VALUES ('45c06579-8ed6-449e-8760-fb981e042daf', '7f585c88-982a-45ba-b4d2-b5f53bea04b0', 'Biology?? Yeah, Biology!', 'd4f06d27-2693-4552-bd85-d9875651ce39', 'Biology', '{"width":720,"height":400,"bitrate":723.54}', 145, '2015-10-23 01:48:03.742000+0000', '2015-10-23 05:18:40.459200+0000', '2015-10-23 05:44:02.538100+0000');
INSERT INTO "neap"."stream"(stream_id, channel_id, title, topic_id, topic, media_info, viewers, created_at, updated_at, ended_at)
    VALUES ('2e39c29d-1473-40fb-89b0-6c4505de59f6', '7f585c88-982a-45ba-b4d2-b5f53bea04b0', 'Ruth goes live!', '5f6c7ec0-84ab-4d8e-a2d7-ff1887b55d6e', 'History', '{"width":1280,"height":720,"bitrate":1440.3}', 840, '2015-10-25 20:00:35.139700+0000', '2015-10-26 00:00:40.654600+0000', '2015-10-26 00:40:00.692700+0000');
INSERT INTO "neap"."video"(video_id, stream_id, title, type, description, status, tags, topic_id, topic, media_info, preview, views, created_at, updated_at)
    VALUES ('b0d79837-07ff-49c0-98a0-efcad4cc4a51', '2e39c29d-1473-40fb-89b0-6c4505de59f6', 'Ruth goes live!', 'record', 'Ruth goes live!', '', '[]', '5f6c7ec0-84ab-4d8e-a2d7-ff1887b55d6e', 'History', '{"width":1280,"height":720,"bitrate":960.17}', '', '9397', '2015-10-29 20:34:20.501500+0000', '2015-10-29 20:42:35.021300+0000');
INSERT INTO "neap"."stream"(stream_id, channel_id, title, topic_id, topic, media_info, viewers, created_at, updated_at, ended_at)
    VALUES ('91377bc1-7e84-4aff-ac77-cce3a50b0bbc', '7f585c88-982a-45ba-b4d2-b5f53bea04b0', 'The origins of Music', 'b369c464-cdea-4356-9d70-1450585652e2', 'Music', '{"width":1920,"height":1080,"bitrate":3215.6}', 58, '2015-09-15 07:46:03.519400+0000', '2015-09-15 11:23:53.070400+0000', '2015-09-15 11:35:54.743400+0000');
INSERT INTO "neap"."video"(video_id, stream_id, title, type, description, status, tags, topic_id, topic, media_info, preview, views, created_at, updated_at)
    VALUES ('5ab27420-bfa0-4755-af63-bed78e5808e6', '91377bc1-7e84-4aff-ac77-cce3a50b0bbc', 'The origins of Music', 'highlight', 'The origins of Music', '', '[]', 'b369c464-cdea-4356-9d70-1450585652e2', 'Music', '{"width":1920,"height":1080,"bitrate":2766.07}', '', '1680', '2015-09-19 14:16:14.160300+0000', '2015-09-20 05:18:05.453300+0000');
INSERT INTO "neap"."video"(video_id, stream_id, title, type, description, status, tags, topic_id, topic, media_info, preview, views, created_at, updated_at)
    VALUES ('0bee04d6-3ffd-4153-b9e0-f1ec9bb09288', '91377bc1-7e84-4aff-ac77-cce3a50b0bbc', 'The origins of Music', 'record', 'The origins of Music', '', '[]', 'b369c464-cdea-4356-9d70-1450585652e2', 'Music', '{"width":1920,"height":1080,"bitrate":2516.74}', '', '1664', '2015-10-05 16:43:17.251100+0000', '2015-10-09 12:52:40.573500+0000');
INSERT INTO "neap"."stream"(stream_id, channel_id, title, topic_id, topic, media_info, viewers, created_at, updated_at, ended_at)
    VALUES ('9350267e-0953-46c4-b551-5fae707cddcd', '7f585c88-982a-45ba-b4d2-b5f53bea04b0', 'Relax stream', '284b3091-455d-4476-ae67-442a19d153d4', 'Mathematics', '{"width":720,"height":400,"bitrate":520.91}', 298, '2015-10-21 11:40:13.084100+0000', '2015-10-21 14:45:13.952000+0000', '2015-10-21 14:46:23.967600+0000');
INSERT INTO "neap"."video"(video_id, stream_id, title, type, description, status, tags, topic_id, topic, media_info, preview, views, created_at, updated_at)
    VALUES ('28b0b3c5-6803-407a-b1e9-526f6d8a20c4', '9350267e-0953-46c4-b551-5fae707cddcd', 'Relax stream', 'record', 'Relax stream', '', '[]', '284b3091-455d-4476-ae67-442a19d153d4', 'Mathematics', '{"width":720,"height":400,"bitrate":677.86}', '', '3204', '2015-10-23 21:19:42.626800+0000', '2015-10-26 22:51:38.900600+0000');
INSERT INTO "neap"."video"(video_id, stream_id, title, type, description, status, tags, topic_id, topic, media_info, preview, views, created_at, updated_at)
    VALUES ('3fe0c793-4a63-4bf5-95e3-f5d5289f77a7', '9350267e-0953-46c4-b551-5fae707cddcd', 'Relax stream', 'record', 'Relax stream', '', '[]', '284b3091-455d-4476-ae67-442a19d153d4', 'Mathematics', '{"width":720,"height":400,"bitrate":659.19}', '', '33524', '2015-10-30 18:40:16.671800+0000', '2015-11-04 00:55:20.631100+0000');
INSERT INTO "neap"."stream"(stream_id, channel_id, title, topic_id, topic, media_info, viewers, created_at, updated_at, ended_at)
    VALUES ('f576ce0f-d911-4fde-abdc-f3a3bdddc6ae', '7f585c88-982a-45ba-b4d2-b5f53bea04b0', 'Today is Mathematics day', '284b3091-455d-4476-ae67-442a19d153d4', 'Mathematics', '{"width":720,"height":400,"bitrate":534.47}', 1168, '2015-10-20 13:53:10.375500+0000', '2015-10-20 18:46:38.991800+0000', '2015-10-20 18:46:43.596500+0000');
INSERT INTO "neap"."video"(video_id, stream_id, title, type, description, status, tags, topic_id, topic, media_info, preview, views, created_at, updated_at)
    VALUES ('57692310-0e5d-45bc-b3c1-54303015c6ee', 'f576ce0f-d911-4fde-abdc-f3a3bdddc6ae', 'Today is Mathematics day', 'record', 'Today is Mathematics day', '', '[]', '284b3091-455d-4476-ae67-442a19d153d4', 'Mathematics', '{"width":720,"height":400,"bitrate":543.69}', '', '28952', '2015-11-01 03:13:44.036500+0000', '2015-11-01 04:12:19.187900+0000');
INSERT INTO "neap"."user"(user_id, channel_id, type, username, email, password, display_name, logo, bio, created_at, updated_at)
    VALUES ('d32e980d-2211-4c05-b72c-8a7d9008a35c', 'c06fb080-2186-4418-92d4-f082e0889df5', 'user', 'ramon', 'ramon@neap.io', '$2y$10$0eCWbIiGCdS62fXmdbNfUeytF9N9rBeSozd5IdmdlG8ISxQgeEfzO', 'Ramon', 'https://gravatar.com/avatar/9fd36d1e32e61e1e5b7983346d53727a?s=128&d=identicon', null, '2015-05-19 01:40:12.613500+0000', '2015-08-25 22:59:14.640700+0000');
INSERT INTO "neap"."channel"(channel_id, user_id, chat_id, name, display_name, topic, language, views, followers)
    VALUES ('c06fb080-2186-4418-92d4-f082e0889df5', 'd32e980d-2211-4c05-b72c-8a7d9008a35c', '1a9226ef-e12e-4ff7-b640-2a3367dd4e69', 'ramon', 'Ramon Channel', 'Theology', 'en', 42252, 142);
INSERT INTO "neap"."chat"(chat_id, channel_id, name)
    VALUES ('1a9226ef-e12e-4ff7-b640-2a3367dd4e69', 'c06fb080-2186-4418-92d4-f082e0889df5', 'ramon');
INSERT INTO "neap"."stream"(stream_id, channel_id, title, topic_id, topic, media_info, viewers, created_at, updated_at, ended_at)
    VALUES ('dff3180c-590c-4c67-a60e-f1b0d6276f9b', 'c06fb080-2186-4418-92d4-f082e0889df5', 'Fun with Video games and Ramon', '48e535f7-dba1-4d59-aac3-4c6cced32d6c', 'Video games', '{"width":1920,"height":1080,"bitrate":1218.79}', 1398, '2015-09-28 03:36:08.944300+0000', '2015-09-28 09:24:15.463000+0000', '2015-09-28 09:44:59.033700+0000');
INSERT INTO "neap"."stream"(stream_id, channel_id, title, topic_id, topic, media_info, viewers, created_at, updated_at, ended_at)
    VALUES ('531e6381-b82c-43d0-937e-73f5cc9c54c8', 'c06fb080-2186-4418-92d4-f082e0889df5', 'Today is Philosophy day', '35fa82dc-ed25-47fb-b6cd-58ae8a151f60', 'Philosophy', '{"width":1920,"height":1080,"bitrate":1879.64}', 1670, '2015-09-23 23:36:32.257100+0000', '2015-09-24 08:50:29.223300+0000', '2015-09-24 09:27:10.966000+0000');
INSERT INTO "neap"."video"(video_id, stream_id, title, type, description, status, tags, topic_id, topic, media_info, preview, views, created_at, updated_at)
    VALUES ('9fbd43d3-ac33-4c07-b5e8-c4ffc08ca105', '531e6381-b82c-43d0-937e-73f5cc9c54c8', 'Today is Philosophy day', 'highlight', 'Today is Philosophy day', '', '[]', '35fa82dc-ed25-47fb-b6cd-58ae8a151f60', 'Philosophy', '{"width":1920,"height":1080,"bitrate":2049}', '', '12201', '2015-10-31 22:49:02.637100+0000', '2015-11-02 01:53:59.851600+0000');
INSERT INTO "neap"."stream"(stream_id, channel_id, title, topic_id, topic, media_info, viewers, created_at, updated_at, ended_at)
    VALUES ('7c878776-bb12-45be-9c39-e7667785245c', 'c06fb080-2186-4418-92d4-f082e0889df5', 'Fun with Philosophy and Ramon', '35fa82dc-ed25-47fb-b6cd-58ae8a151f60', 'Philosophy', '{"width":1280,"height":720,"bitrate":1121.04}', 1397, '2015-08-31 22:33:10.606400+0000', '2015-08-31 22:37:34.151600+0000', '2015-08-31 22:49:55.314900+0000');
INSERT INTO "neap"."stream"(stream_id, channel_id, title, topic_id, topic, media_info, viewers, created_at, updated_at, ended_at)
    VALUES ('d1572b81-d6af-440b-b358-af7e898ebd6e', 'c06fb080-2186-4418-92d4-f082e0889df5', 'Relax stream', '1cae4612-f178-4a0e-b3af-343a88b99638', 'Science', '{"width":720,"height":400,"bitrate":593.3}', 408, '2015-08-14 06:13:57.275900+0000', '2015-08-14 08:49:52.415700+0000', '2015-08-14 08:53:23.885800+0000');
INSERT INTO "neap"."video"(video_id, stream_id, title, type, description, status, tags, topic_id, topic, media_info, preview, views, created_at, updated_at)
    VALUES ('d7f74af6-96c0-4bdd-aa60-57c0d5d54789', 'd1572b81-d6af-440b-b358-af7e898ebd6e', 'Relax stream', 'record', 'Relax stream', '', '[]', '1cae4612-f178-4a0e-b3af-343a88b99638', 'Science', '{"width":720,"height":400,"bitrate":682}', '', '23828', '2015-09-18 21:25:56.339400+0000', '2015-09-19 00:28:18.177600+0000');
INSERT INTO "neap"."stream"(stream_id, channel_id, title, topic_id, topic, media_info, viewers, created_at, updated_at, ended_at)
    VALUES ('67b103ad-8977-4960-bdae-64287dc12c78', 'c06fb080-2186-4418-92d4-f082e0889df5', 'Astrology?? Yeah, Astrology!', 'e9af2f53-d2dd-4e32-9dea-26d6ac21bcb8', 'Astrology', '{"width":1280,"height":720,"bitrate":1349.74}', 633, '2015-06-19 06:58:57.407600+0000', '2015-06-19 08:37:51.858100+0000', '2015-06-19 08:55:38.536000+0000');
INSERT INTO "neap"."stream"(stream_id, channel_id, title, topic_id, topic, media_info, viewers, created_at, updated_at, ended_at)
    VALUES ('bfa947c0-c7fe-4c2f-88a8-2cc3d533cddf', 'c06fb080-2186-4418-92d4-f082e0889df5', 'Mathematics?? Yeah, Mathematics!', '284b3091-455d-4476-ae67-442a19d153d4', 'Mathematics', '{"width":1280,"height":720,"bitrate":1304.69}', 105, '2015-05-20 13:57:44.142900+0000', '2015-05-20 15:03:22.086800+0000', '2015-05-20 15:42:01.266500+0000');
INSERT INTO "neap"."video"(video_id, stream_id, title, type, description, status, tags, topic_id, topic, media_info, preview, views, created_at, updated_at)
    VALUES ('a2fee0bc-4ac5-4357-932b-fd23e7d5ea7a', 'bfa947c0-c7fe-4c2f-88a8-2cc3d533cddf', 'Mathematics?? Yeah, Mathematics!', 'record', 'Mathematics?? Yeah, Mathematics!', '', '[]', '284b3091-455d-4476-ae67-442a19d153d4', 'Mathematics', '{"width":1280,"height":720,"bitrate":1399.17}', '', '24584', '2015-06-03 16:38:07.766300+0000', '2015-06-03 21:43:06.676900+0000');
INSERT INTO "neap"."video"(video_id, stream_id, title, type, description, status, tags, topic_id, topic, media_info, preview, views, created_at, updated_at)
    VALUES ('b3473970-7840-4e60-be90-81a52eaad672', 'bfa947c0-c7fe-4c2f-88a8-2cc3d533cddf', 'Mathematics?? Yeah, Mathematics!', 'record', 'Mathematics?? Yeah, Mathematics!', '', '[]', '284b3091-455d-4476-ae67-442a19d153d4', 'Mathematics', '{"width":1280,"height":720,"bitrate":777.38}', '', '8358', '2015-10-09 03:44:30.857300+0000', '2015-10-09 09:21:20.197500+0000');
INSERT INTO "neap"."stream"(stream_id, channel_id, title, topic_id, topic, media_info, viewers, created_at, updated_at, ended_at)
    VALUES ('77c41e34-b2dd-412a-9e72-6801297b7af4', 'c06fb080-2186-4418-92d4-f082e0889df5', 'Today is Theology day', 'd2ea25fc-eb67-4c63-86d0-58ba2ce51b56', 'Theology', '{"width":1280,"height":720,"bitrate":1268.33}', 886, '2015-08-11 23:26:25.777800+0000', '2015-08-12 00:47:57.546100+0000', '2015-08-12 01:44:59.069400+0000');
INSERT INTO "neap"."video"(video_id, stream_id, title, type, description, status, tags, topic_id, topic, media_info, preview, views, created_at, updated_at)
    VALUES ('9ccfa0f9-f86d-49ae-9cc7-87d9b7d1372d', '77c41e34-b2dd-412a-9e72-6801297b7af4', 'Today is Theology day', 'record', 'Today is Theology day', '', '[]', 'd2ea25fc-eb67-4c63-86d0-58ba2ce51b56', 'Theology', '{"width":1280,"height":720,"bitrate":930.78}', '', '11827', '2015-09-03 16:58:38.672900+0000', '2015-09-03 22:45:20.222000+0000');
INSERT INTO "neap"."user"(user_id, channel_id, type, username, email, password, display_name, logo, bio, created_at, updated_at)
    VALUES ('4ae4a1c4-ae02-4c7d-b48a-8af9a813d26a', '49673329-c4a3-4009-bb08-a0046e7551dc', 'user', 'kason', 'kason@neap.io', '$2y$10$OWQc2ih8xouDebOB9pFXielsWz9g7msyEUeaneclsga2GeMv6liBG', 'Kason', 'https://gravatar.com/avatar/979f99bccb8ce3d45caf77914375ffe6?s=128&d=identicon', null, '2015-06-23 08:41:55.427600+0000', '2015-11-01 05:53:40.587000+0000');
INSERT INTO "neap"."channel"(channel_id, user_id, chat_id, name, display_name, topic, language, views, followers)
    VALUES ('49673329-c4a3-4009-bb08-a0046e7551dc', '4ae4a1c4-ae02-4c7d-b48a-8af9a813d26a', '21720cba-168c-40ba-bbc0-9e0f5fa13815', 'kason', 'Kason Channel', 'Theology', 'en', 77660, 13);
INSERT INTO "neap"."chat"(chat_id, channel_id, name)
    VALUES ('21720cba-168c-40ba-bbc0-9e0f5fa13815', '49673329-c4a3-4009-bb08-a0046e7551dc', 'kason');
INSERT INTO "neap"."stream"(stream_id, channel_id, title, topic_id, topic, media_info, viewers, created_at, updated_at, ended_at)
    VALUES ('4f0a1b5b-3328-478c-b691-784e7dd43bce', '49673329-c4a3-4009-bb08-a0046e7551dc', 'The origins of History', '5f6c7ec0-84ab-4d8e-a2d7-ff1887b55d6e', 'History', '{"width":720,"height":400,"bitrate":541.82}', 1429, '2015-07-13 17:40:33.097200+0000', '2015-07-14 00:10:45.863300+0000', '2015-07-14 00:17:32.240500+0000');
INSERT INTO "neap"."stream"(stream_id, channel_id, title, topic_id, topic, media_info, viewers, created_at, updated_at, ended_at)
    VALUES ('7f1a197d-bd4b-4e4d-a7b1-f7c8f994a4a1', '49673329-c4a3-4009-bb08-a0046e7551dc', 'Theology?? Yeah, Theology!', 'd2ea25fc-eb67-4c63-86d0-58ba2ce51b56', 'Theology', '{"width":1920,"height":1080,"bitrate":1809.49}', 1724, '2015-08-29 23:11:56.643100+0000', '2015-08-29 23:20:36.993600+0000', '2015-08-29 23:24:40.438400+0000');
INSERT INTO "neap"."stream"(stream_id, channel_id, title, topic_id, topic, media_info, viewers, created_at, updated_at, ended_at)
    VALUES ('502ed3b2-96bc-4d8a-9646-a5aeaf51d71c', '49673329-c4a3-4009-bb08-a0046e7551dc', 'Philosophy?? Yeah, Philosophy!', '35fa82dc-ed25-47fb-b6cd-58ae8a151f60', 'Philosophy', '{"width":1280,"height":720,"bitrate":1427.32}', 74, '2015-09-04 14:09:56.503100+0000', '2015-09-04 15:46:47.029500+0000', '2015-09-04 16:26:58.253700+0000');
INSERT INTO "neap"."stream"(stream_id, channel_id, title, topic_id, topic, media_info, viewers, created_at, updated_at, ended_at)
    VALUES ('6fd00bbc-18cf-4907-83fa-a6e81ff49c3c', '49673329-c4a3-4009-bb08-a0046e7551dc', 'Come on and have fun with Kason!', 'e9af2f53-d2dd-4e32-9dea-26d6ac21bcb8', 'Astrology', '{"width":1920,"height":1080,"bitrate":3221.41}', 1736, '2015-09-04 18:50:36.326800+0000', '2015-09-04 18:59:38.749800+0000', '2015-09-04 19:32:37.621900+0000');
INSERT INTO "neap"."stream"(stream_id, channel_id, title, topic_id, topic, media_info, viewers, created_at, updated_at, ended_at)
    VALUES ('4d6101dc-10fe-4070-91e1-47a2f54ba8a3', '49673329-c4a3-4009-bb08-a0046e7551dc', 'Science?? Yeah, Science!', '1cae4612-f178-4a0e-b3af-343a88b99638', 'Science', '{"width":720,"height":400,"bitrate":677.24}', 962, '2015-09-24 03:33:38.904500+0000', '2015-09-24 07:13:47.773800+0000', '2015-09-24 08:16:17.251500+0000');
INSERT INTO "neap"."stream"(stream_id, channel_id, title, topic_id, topic, media_info, viewers, created_at, updated_at, ended_at)
    VALUES ('f2aefcf4-31bb-473d-b500-92629c199492', '49673329-c4a3-4009-bb08-a0046e7551dc', 'Relax stream', '1cae4612-f178-4a0e-b3af-343a88b99638', 'Science', '{"width":1280,"height":720,"bitrate":965.77}', 116, '2015-10-25 03:16:52.128100+0000', '2015-10-25 03:20:50.970900+0000', '2015-10-25 03:46:38.952400+0000');
INSERT INTO "neap"."video"(video_id, stream_id, title, type, description, status, tags, topic_id, topic, media_info, preview, views, created_at, updated_at)
    VALUES ('fb594faf-7cb3-4d1f-b061-355ac9bca724', 'f2aefcf4-31bb-473d-b500-92629c199492', 'Relax stream', 'record', 'Relax stream', '', '[]', '1cae4612-f178-4a0e-b3af-343a88b99638', 'Science', '{"width":1280,"height":720,"bitrate":988.78}', '', '38291', '2015-11-01 20:14:51.614400+0000', '2015-11-05 04:12:39.777800+0000');
INSERT INTO "neap"."video"(video_id, stream_id, title, type, description, status, tags, topic_id, topic, media_info, preview, views, created_at, updated_at)
    VALUES ('8556b8ec-2822-4cf0-ade7-c4b61d5eb83e', 'f2aefcf4-31bb-473d-b500-92629c199492', 'Relax stream', 'record', 'Relax stream', '', '[]', '1cae4612-f178-4a0e-b3af-343a88b99638', 'Science', '{"width":1280,"height":720,"bitrate":1043.43}', '', '29094', '2015-10-27 15:13:13.039300+0000', '2015-10-31 17:45:15.069200+0000');
INSERT INTO "neap"."stream"(stream_id, channel_id, title, topic_id, topic, media_info, viewers, created_at, updated_at, ended_at)
    VALUES ('48d6b1b4-be0b-4891-91ca-fab5b30d84f3', '49673329-c4a3-4009-bb08-a0046e7551dc', 'Relax stream', 'b369c464-cdea-4356-9d70-1450585652e2', 'Music', '{"width":1920,"height":1080,"bitrate":2922.7}', 1894, '2015-10-06 16:15:03.876800+0000', '2015-10-06 18:14:31.486500+0000', '2015-10-06 18:32:56.857400+0000');
INSERT INTO "neap"."video"(video_id, stream_id, title, type, description, status, tags, topic_id, topic, media_info, preview, views, created_at, updated_at)
    VALUES ('06f37e16-b67b-4144-857a-b17dd47eb80e', '48d6b1b4-be0b-4891-91ca-fab5b30d84f3', 'Relax stream', 'highlight', 'Relax stream', '', '[]', 'b369c464-cdea-4356-9d70-1450585652e2', 'Music', '{"width":1920,"height":1080,"bitrate":2027.01}', '', '87', '2015-10-12 20:39:21.138200+0000', '2015-10-14 23:12:59.799500+0000');
INSERT INTO "neap"."stream"(stream_id, channel_id, title, topic_id, topic, media_info, viewers, created_at, updated_at, ended_at)
    VALUES ('6f881b38-e29c-4ca6-860c-efff5ff45a42', '49673329-c4a3-4009-bb08-a0046e7551dc', 'The origins of Philosophy', '35fa82dc-ed25-47fb-b6cd-58ae8a151f60', 'Philosophy', '{"width":1920,"height":1080,"bitrate":2225.65}', 1192, '2015-07-03 09:03:23.633700+0000', '2015-07-03 10:52:20.429900+0000', '2015-07-03 11:14:14.125300+0000');
INSERT INTO "neap"."video"(video_id, stream_id, title, type, description, status, tags, topic_id, topic, media_info, preview, views, created_at, updated_at)
    VALUES ('5ed15a60-9e0a-4c2d-94b8-88242ca936f4', '6f881b38-e29c-4ca6-860c-efff5ff45a42', 'The origins of Philosophy', 'highlight', 'The origins of Philosophy', '', '[]', '35fa82dc-ed25-47fb-b6cd-58ae8a151f60', 'Philosophy', '{"width":1920,"height":1080,"bitrate":1231.17}', '', '11455', '2015-07-13 22:34:17.146300+0000', '2015-07-16 11:27:34.224800+0000');
INSERT INTO "neap"."stream"(stream_id, channel_id, title, topic_id, topic, media_info, viewers, created_at, updated_at, ended_at)
    VALUES ('10421d19-4dc3-425a-8c61-7dc3f7d4b11a', '49673329-c4a3-4009-bb08-a0046e7551dc', 'History?? Yeah, History!', '5f6c7ec0-84ab-4d8e-a2d7-ff1887b55d6e', 'History', '{"width":1280,"height":720,"bitrate":854.59}', 1216, '2015-08-23 17:19:27.919900+0000', '2015-08-23 22:16:54.163000+0000', '2015-08-23 23:09:28.017600+0000');
INSERT INTO "neap"."video"(video_id, stream_id, title, type, description, status, tags, topic_id, topic, media_info, preview, views, created_at, updated_at)
    VALUES ('6cb8f0c3-23d0-4607-977a-6268318be465', '10421d19-4dc3-425a-8c61-7dc3f7d4b11a', 'History?? Yeah, History!', 'record', 'History?? Yeah, History!', '', '[]', '5f6c7ec0-84ab-4d8e-a2d7-ff1887b55d6e', 'History', '{"width":1280,"height":720,"bitrate":1303.84}', '', '16759', '2015-10-08 04:36:25.724800+0000', '2015-10-09 22:05:26.122000+0000');
INSERT INTO "neap"."user"(user_id, channel_id, type, username, email, password, display_name, logo, bio, created_at, updated_at)
    VALUES ('d756f66e-e752-472d-afcc-f91ad79b7a61', '644a3135-cbf3-4a39-9aa4-24a73424abe7', 'user', 'tobias', 'tobias@neap.io', '$2y$10$XnGhdFIVoRsrdwp32mha2.B2BoliCqlRilqi8um6Nd441jwEz5IQm', 'Tobias', 'https://gravatar.com/avatar/83ddcfd25228527c76c489d1e1f15b32?s=128&d=identicon', null, '2015-03-10 07:57:31.531600+0000', '2015-08-14 20:01:47.873900+0000');
INSERT INTO "neap"."channel"(channel_id, user_id, chat_id, name, display_name, topic, language, views, followers)
    VALUES ('644a3135-cbf3-4a39-9aa4-24a73424abe7', 'd756f66e-e752-472d-afcc-f91ad79b7a61', '9fffd6b9-46d8-4bc8-9475-7b4efc4d9886', 'tobias', 'Tobias Channel', 'Science', 'en', 77460, 19);
INSERT INTO "neap"."chat"(chat_id, channel_id, name)
    VALUES ('9fffd6b9-46d8-4bc8-9475-7b4efc4d9886', '644a3135-cbf3-4a39-9aa4-24a73424abe7', 'tobias');
INSERT INTO "neap"."user"(user_id, channel_id, type, username, email, password, display_name, logo, bio, created_at, updated_at)
    VALUES ('d5cf8dec-6fc9-4d66-a9e9-9e0bdc6a5e27', '653fd424-f120-4394-af36-f8dd4f18875e', 'user', 'madden', 'madden@neap.io', '$2y$10$qTMPg0blb.qnlXY0PdbDcOr4Yy7v2w70mEMVexwGSuNxa3.43jXIy', 'Madden', 'https://gravatar.com/avatar/e0600f3337f76290f65844410e1f277e?s=128&d=identicon', null, '2015-06-21 09:50:39.582100+0000', '2015-09-23 18:26:06.889800+0000');
INSERT INTO "neap"."channel"(channel_id, user_id, chat_id, name, display_name, topic, language, views, followers)
    VALUES ('653fd424-f120-4394-af36-f8dd4f18875e', 'd5cf8dec-6fc9-4d66-a9e9-9e0bdc6a5e27', 'aaff9a91-5284-4469-be24-4a9acfc842dc', 'madden', 'Madden Channel', 'Photography', 'en', 55203, 12);
INSERT INTO "neap"."chat"(chat_id, channel_id, name)
    VALUES ('aaff9a91-5284-4469-be24-4a9acfc842dc', '653fd424-f120-4394-af36-f8dd4f18875e', 'madden');
INSERT INTO "neap"."stream"(stream_id, channel_id, title, topic_id, topic, media_info, viewers, created_at, updated_at, ended_at)
    VALUES ('8c643c8d-fa39-47f5-95ab-99b02930ea2f', '653fd424-f120-4394-af36-f8dd4f18875e', 'Fun with Biology and Madden', 'd4f06d27-2693-4552-bd85-d9875651ce39', 'Biology', '{"width":1920,"height":1080,"bitrate":1696.92}', 1653, '2015-10-29 19:07:49.201300+0000', '2015-10-29 22:17:33.611100+0000', '2015-10-29 22:36:13.296600+0000');
INSERT INTO "neap"."stream"(stream_id, channel_id, title, topic_id, topic, media_info, viewers, created_at, updated_at, ended_at)
    VALUES ('e32c9156-f352-499b-bc32-8361712b1fd1', '653fd424-f120-4394-af36-f8dd4f18875e', 'Today is Biology day', 'd4f06d27-2693-4552-bd85-d9875651ce39', 'Biology', '{"width":720,"height":400,"bitrate":654.91}', 23, '2015-07-13 19:23:56.552200+0000', '2015-07-14 03:16:11.964000+0000', '2015-07-14 03:18:52.890700+0000');
INSERT INTO "neap"."video"(video_id, stream_id, title, type, description, status, tags, topic_id, topic, media_info, preview, views, created_at, updated_at)
    VALUES ('689e0b0d-4c64-4c8e-be13-00b4cc708969', 'e32c9156-f352-499b-bc32-8361712b1fd1', 'Today is Biology day', 'highlight', 'Today is Biology day', '', '[]', 'd4f06d27-2693-4552-bd85-d9875651ce39', 'Biology', '{"width":720,"height":400,"bitrate":790.64}', '', '19119', '2015-08-22 00:10:41.187800+0000', '2015-08-23 20:51:30.664300+0000');
INSERT INTO "neap"."stream"(stream_id, channel_id, title, topic_id, topic, media_info, viewers, created_at, updated_at, ended_at)
    VALUES ('a7d8613a-fa0b-4f19-9b87-e779f643ec43', '653fd424-f120-4394-af36-f8dd4f18875e', 'Mathematics?? Yeah, Mathematics!', '284b3091-455d-4476-ae67-442a19d153d4', 'Mathematics', '{"width":1920,"height":1080,"bitrate":1350.29}', 1244, '2015-08-09 02:49:53.037600+0000', '2015-08-09 04:48:47.471400+0000', '2015-08-09 05:30:14.660700+0000');
INSERT INTO "neap"."video"(video_id, stream_id, title, type, description, status, tags, topic_id, topic, media_info, preview, views, created_at, updated_at)
    VALUES ('baeda7d3-02ec-4ca4-b23b-97da58f768c1', 'a7d8613a-fa0b-4f19-9b87-e779f643ec43', 'Mathematics?? Yeah, Mathematics!', 'record', 'Mathematics?? Yeah, Mathematics!', '', '[]', '284b3091-455d-4476-ae67-442a19d153d4', 'Mathematics', '{"width":1920,"height":1080,"bitrate":1708.14}', '', '38437', '2015-10-07 21:16:25.661400+0000', '2015-10-07 22:57:42.803900+0000');
INSERT INTO "neap"."stream"(stream_id, channel_id, title, topic_id, topic, media_info, viewers, created_at, updated_at, ended_at)
    VALUES ('546c147d-2a4b-451a-9637-3ce026563a7c', '653fd424-f120-4394-af36-f8dd4f18875e', 'Relax stream', 'd2ea25fc-eb67-4c63-86d0-58ba2ce51b56', 'Theology', '{"width":1920,"height":1080,"bitrate":1083.11}', 1468, '2015-09-20 21:54:36.312600+0000', '2015-09-20 23:08:18.340100+0000', '2015-09-20 23:19:33.162400+0000');
INSERT INTO "neap"."video"(video_id, stream_id, title, type, description, status, tags, topic_id, topic, media_info, preview, views, created_at, updated_at)
    VALUES ('25c70339-1d27-47c8-b37e-a449575f6ab5', '546c147d-2a4b-451a-9637-3ce026563a7c', 'Relax stream', 'record', 'Relax stream', '', '[]', 'd2ea25fc-eb67-4c63-86d0-58ba2ce51b56', 'Theology', '{"width":1920,"height":1080,"bitrate":2891.47}', '', '29738', '2015-10-03 19:21:43.119900+0000', '2015-10-04 23:41:47.039800+0000');
INSERT INTO "neap"."video"(video_id, stream_id, title, type, description, status, tags, topic_id, topic, media_info, preview, views, created_at, updated_at)
    VALUES ('37df5a0b-cd83-43e3-b8c3-37c4d05491bf', '546c147d-2a4b-451a-9637-3ce026563a7c', 'Relax stream', 'highlight', 'Relax stream', '', '[]', 'd2ea25fc-eb67-4c63-86d0-58ba2ce51b56', 'Theology', '{"width":1920,"height":1080,"bitrate":2478.47}', '', '20782', '2015-10-11 01:41:53.313100+0000', '2015-10-15 02:08:15.418500+0000');
INSERT INTO "neap"."stream"(stream_id, channel_id, title, topic_id, topic, media_info, viewers, created_at, updated_at, ended_at)
    VALUES ('2dfd4854-5544-4ffb-8d19-24ed7b2114e1', '653fd424-f120-4394-af36-f8dd4f18875e', 'Relax stream', '994391cf-d41e-46f4-b6eb-ce53824e3a0c', 'Litterature', '{"width":720,"height":400,"bitrate":652.06}', 1343, '2015-06-25 20:13:15.476000+0000', '2015-06-26 00:46:57.356200+0000', '2015-06-26 01:09:51.562500+0000');
INSERT INTO "neap"."user"(user_id, channel_id, type, username, email, password, display_name, logo, bio, created_at, updated_at)
    VALUES ('b723d689-61ab-49ad-9b8e-2bdb0aec5920', 'c322536c-16a4-4ec4-b710-52b1b3ad55cc', 'user', 'andrew', 'andrew@neap.io', '$2y$10$eYL1VmHHu6.WpDYySu2xM.FvACTAbHEGr5e9WZtZU4yWwp1M01hem', 'Andrew', 'https://gravatar.com/avatar/2c8d2127d86f53b89b0a0cbb288d356e?s=128&d=identicon', null, '2015-01-03 20:38:21.693900+0000', '2015-07-21 02:13:39.713000+0000');
INSERT INTO "neap"."channel"(channel_id, user_id, chat_id, name, display_name, topic, language, views, followers)
    VALUES ('c322536c-16a4-4ec4-b710-52b1b3ad55cc', 'b723d689-61ab-49ad-9b8e-2bdb0aec5920', 'e1f9d8ba-54e1-461e-a0ff-de1a7a7e157e', 'andrew', 'Andrew Channel', 'Astrology', 'en', 31053, 114);
INSERT INTO "neap"."chat"(chat_id, channel_id, name)
    VALUES ('e1f9d8ba-54e1-461e-a0ff-de1a7a7e157e', 'c322536c-16a4-4ec4-b710-52b1b3ad55cc', 'andrew');
INSERT INTO "neap"."stream"(stream_id, channel_id, title, topic_id, topic, media_info, viewers, created_at, updated_at, ended_at)
    VALUES ('37ce1b86-6db8-41bd-bfe6-154ade572071', 'c322536c-16a4-4ec4-b710-52b1b3ad55cc', 'Come on and have fun with Andrew!', '5f6c7ec0-84ab-4d8e-a2d7-ff1887b55d6e', 'History', '{"width":1280,"height":720,"bitrate":930.95}', 563, '2015-06-23 13:39:18.994800+0000', '2015-06-23 22:03:36.129600+0000', '2015-06-23 22:35:05.652900+0000');
INSERT INTO "neap"."video"(video_id, stream_id, title, type, description, status, tags, topic_id, topic, media_info, preview, views, created_at, updated_at)
    VALUES ('2e09ff82-11fe-457a-98b7-98e87734e67a', '37ce1b86-6db8-41bd-bfe6-154ade572071', 'Come on and have fun with Andrew!', 'record', 'Come on and have fun with Andrew!', '', '[]', '5f6c7ec0-84ab-4d8e-a2d7-ff1887b55d6e', 'History', '{"width":1280,"height":720,"bitrate":905.17}', '', '33603', '2015-08-19 21:43:59.384900+0000', '2015-08-24 10:51:49.680500+0000');
INSERT INTO "neap"."stream"(stream_id, channel_id, title, topic_id, topic, media_info, viewers, created_at, updated_at, ended_at)
    VALUES ('d4e5ba18-252f-4733-9f04-0f2e322baf4e', 'c322536c-16a4-4ec4-b710-52b1b3ad55cc', 'Come on and have fun with Andrew!', '284b3091-455d-4476-ae67-442a19d153d4', 'Mathematics', '{"width":1280,"height":720,"bitrate":1356.22}', 226, '2015-10-11 06:51:14.572300+0000', '2015-10-11 08:33:26.874800+0000', '2015-10-11 08:48:25.032000+0000');
INSERT INTO "neap"."stream"(stream_id, channel_id, title, topic_id, topic, media_info, viewers, created_at, updated_at, ended_at)
    VALUES ('51b618f5-c262-4a29-8308-3bb684a68b86', 'c322536c-16a4-4ec4-b710-52b1b3ad55cc', 'Fun with Video games and Andrew', '48e535f7-dba1-4d59-aac3-4c6cced32d6c', 'Video games', '{"width":720,"height":400,"bitrate":736.75}', 1864, '2015-10-30 00:09:05.106100+0000', '2015-10-30 00:34:36.858200+0000', '2015-10-30 01:38:05.230400+0000');
INSERT INTO "neap"."stream"(stream_id, channel_id, title, topic_id, topic, media_info, viewers, created_at, updated_at, ended_at)
    VALUES ('7a3cf582-0a22-44d0-b110-068dcced8ac4', 'c322536c-16a4-4ec4-b710-52b1b3ad55cc', 'Litterature?? Yeah, Litterature!', '994391cf-d41e-46f4-b6eb-ce53824e3a0c', 'Litterature', '{"width":1920,"height":1080,"bitrate":1914.72}', 159, '2015-10-09 06:49:17.507000+0000', '2015-10-09 07:50:37.978900+0000', '2015-10-09 08:36:09.192000+0000');
INSERT INTO "neap"."video"(video_id, stream_id, title, type, description, status, tags, topic_id, topic, media_info, preview, views, created_at, updated_at)
    VALUES ('0ce85115-51e6-4693-bea3-05da5a046945', '7a3cf582-0a22-44d0-b110-068dcced8ac4', 'Litterature?? Yeah, Litterature!', 'record', 'Litterature?? Yeah, Litterature!', '', '[]', '994391cf-d41e-46f4-b6eb-ce53824e3a0c', 'Litterature', '{"width":1920,"height":1080,"bitrate":3108.53}', '', '22515', '2015-10-26 12:47:32.812100+0000', '2015-10-26 16:34:55.640600+0000');
INSERT INTO "neap"."video"(video_id, stream_id, title, type, description, status, tags, topic_id, topic, media_info, preview, views, created_at, updated_at)
    VALUES ('904dd547-3f30-4c8f-a28d-13d133a5934b', '7a3cf582-0a22-44d0-b110-068dcced8ac4', 'Litterature?? Yeah, Litterature!', 'record', 'Litterature?? Yeah, Litterature!', '', '[]', '994391cf-d41e-46f4-b6eb-ce53824e3a0c', 'Litterature', '{"width":1920,"height":1080,"bitrate":2633.66}', '', '31617', '2015-11-01 00:18:31.024300+0000', '2015-11-01 00:59:39.667800+0000');
INSERT INTO "neap"."stream"(stream_id, channel_id, title, topic_id, topic, media_info, viewers, created_at, updated_at, ended_at)
    VALUES ('7586fe0a-9c2d-4527-8a16-d97ed740feec', 'c322536c-16a4-4ec4-b710-52b1b3ad55cc', 'Relax stream', '5f6c7ec0-84ab-4d8e-a2d7-ff1887b55d6e', 'History', '{"width":720,"height":400,"bitrate":555.88}', 1459, '2015-06-18 19:59:48.051800+0000', '2015-06-18 23:14:08.340100+0000', '2015-06-18 23:59:56.411300+0000');
INSERT INTO "neap"."stream"(stream_id, channel_id, title, topic_id, topic, media_info, viewers, created_at, updated_at, ended_at)
    VALUES ('31ae0ce9-b080-4586-9f10-108b2d2dd240', 'c322536c-16a4-4ec4-b710-52b1b3ad55cc', 'Come on and have fun with Andrew!', '5f6c7ec0-84ab-4d8e-a2d7-ff1887b55d6e', 'History', '{"width":1920,"height":1080,"bitrate":1284.41}', 66, '2015-03-19 06:03:35.457000+0000', '2015-03-19 06:25:50.363400+0000', '2015-03-19 06:27:40.770400+0000');
INSERT INTO "neap"."video"(video_id, stream_id, title, type, description, status, tags, topic_id, topic, media_info, preview, views, created_at, updated_at)
    VALUES ('057d59e6-2603-4bbe-9556-78158fa577ba', '31ae0ce9-b080-4586-9f10-108b2d2dd240', 'Come on and have fun with Andrew!', 'record', 'Come on and have fun with Andrew!', '', '[]', '5f6c7ec0-84ab-4d8e-a2d7-ff1887b55d6e', 'History', '{"width":1920,"height":1080,"bitrate":2633.05}', '', '18948', '2015-03-30 00:19:57.546200+0000', '2015-03-31 02:48:45.228400+0000');
INSERT INTO "neap"."stream"(stream_id, channel_id, title, topic_id, topic, media_info, viewers, created_at, updated_at, ended_at)
    VALUES ('258b9f2c-ae81-4364-a9b2-56d93769c5b4', 'c322536c-16a4-4ec4-b710-52b1b3ad55cc', 'The origins of Music', 'b369c464-cdea-4356-9d70-1450585652e2', 'Music', '{"width":1920,"height":1080,"bitrate":1759.76}', 252, '2015-04-29 19:15:28.716800+0000', '2015-04-29 22:03:04.615000+0000', '2015-04-29 22:35:44.763200+0000');
INSERT INTO "neap"."video"(video_id, stream_id, title, type, description, status, tags, topic_id, topic, media_info, preview, views, created_at, updated_at)
    VALUES ('3e6b5693-8175-4d33-9b45-98d16d606116', '258b9f2c-ae81-4364-a9b2-56d93769c5b4', 'The origins of Music', 'record', 'The origins of Music', '', '[]', 'b369c464-cdea-4356-9d70-1450585652e2', 'Music', '{"width":1920,"height":1080,"bitrate":3036.66}', '', '35108', '2015-08-31 00:36:08.891600+0000', '2015-09-01 09:56:05.748800+0000');
INSERT INTO "neap"."stream"(stream_id, channel_id, title, topic_id, topic, media_info, viewers, created_at, updated_at, ended_at)
    VALUES ('f02067c0-e131-46b5-b341-629c3dbc0ec0', 'c322536c-16a4-4ec4-b710-52b1b3ad55cc', 'The origins of Photography', 'e496e832-363e-4228-b518-7fe126ccaa04', 'Photography', '{"width":1280,"height":720,"bitrate":1173.47}', 50610, '2015-04-17 21:29:28.395200+0000', '2015-04-18 03:09:40.946800+0000', '2015-04-18 03:16:13.499300+0000');
INSERT INTO "neap"."video"(video_id, stream_id, title, type, description, status, tags, topic_id, topic, media_info, preview, views, created_at, updated_at)
    VALUES ('559f7154-db1f-4df0-b43f-c294967e497c', 'f02067c0-e131-46b5-b341-629c3dbc0ec0', 'The origins of Photography', 'highlight', 'The origins of Photography', '', '[]', 'e496e832-363e-4228-b518-7fe126ccaa04', 'Photography', '{"width":1280,"height":720,"bitrate":877.96}', '', '31436', '2015-04-21 04:59:46.006800+0000', '2015-04-23 23:15:56.431100+0000');
INSERT INTO "neap"."video"(video_id, stream_id, title, type, description, status, tags, topic_id, topic, media_info, preview, views, created_at, updated_at)
    VALUES ('1cf86db8-7311-407d-a3a7-73c2bfb8b3fa', 'f02067c0-e131-46b5-b341-629c3dbc0ec0', 'The origins of Photography', 'record', 'The origins of Photography', '', '[]', 'e496e832-363e-4228-b518-7fe126ccaa04', 'Photography', '{"width":1280,"height":720,"bitrate":1104.43}', '', '26191', '2015-10-21 11:05:49.633100+0000', '2015-10-23 15:01:32.956900+0000');
INSERT INTO "neap"."stream"(stream_id, channel_id, title, topic_id, topic, media_info, viewers, created_at, updated_at, ended_at)
    VALUES ('326428ef-5a16-416b-9ab5-b42c32e96f58', 'c322536c-16a4-4ec4-b710-52b1b3ad55cc', 'Come on and have fun with Andrew!', '284b3091-455d-4476-ae67-442a19d153d4', 'Mathematics', '{"width":720,"height":400,"bitrate":642.13}', 377, '2015-02-18 14:42:26.325000+0000', '2015-02-18 18:15:00.636900+0000', '2015-02-18 18:22:34.456600+0000');
INSERT INTO "neap"."video"(video_id, stream_id, title, type, description, status, tags, topic_id, topic, media_info, preview, views, created_at, updated_at)
    VALUES ('f0a2193c-1370-496b-968c-c53e028782cb', '326428ef-5a16-416b-9ab5-b42c32e96f58', 'Come on and have fun with Andrew!', 'record', 'Come on and have fun with Andrew!', '', '[]', '284b3091-455d-4476-ae67-442a19d153d4', 'Mathematics', '{"width":720,"height":400,"bitrate":516.26}', '', '14773', '2015-09-15 07:43:47.075800+0000', '2015-09-17 03:00:51.182400+0000');
INSERT INTO "neap"."stream"(stream_id, channel_id, title, topic_id, topic, media_info, viewers, created_at, updated_at, ended_at)
    VALUES ('497fe443-13d0-4a41-9af3-cbba5ad0ea12', 'c322536c-16a4-4ec4-b710-52b1b3ad55cc', 'The origins of Video games', '48e535f7-dba1-4d59-aac3-4c6cced32d6c', 'Video games', '{"width":1280,"height":720,"bitrate":1384.25}', 20466, '2015-08-13 20:14:15.484200+0000', '2015-08-14 01:04:06.371400+0000', '2015-08-14 01:13:24.126300+0000');
INSERT INTO "neap"."stream"(stream_id, channel_id, title, topic_id, topic, media_info, viewers, created_at, updated_at, ended_at)
    VALUES ('987997a5-ad26-48ce-9400-ecca19377e6d', 'c322536c-16a4-4ec4-b710-52b1b3ad55cc', 'Fun with Music and Andrew', 'b369c464-cdea-4356-9d70-1450585652e2', 'Music', '{"width":1920,"height":1080,"bitrate":3195.38}', 343, '2015-08-29 03:24:02.764600+0000', '2015-08-29 10:38:15.904200+0000', '2015-08-29 11:14:04.013800+0000');
INSERT INTO "neap"."video"(video_id, stream_id, title, type, description, status, tags, topic_id, topic, media_info, preview, views, created_at, updated_at)
    VALUES ('53e75f5e-c20e-47f6-9ab4-5ca0383a4382', '987997a5-ad26-48ce-9400-ecca19377e6d', 'Fun with Music and Andrew', 'record', 'Fun with Music and Andrew', '', '[]', 'b369c464-cdea-4356-9d70-1450585652e2', 'Music', '{"width":1920,"height":1080,"bitrate":1778.63}', '', '3014', '2015-10-01 17:10:59.711100+0000', '2015-10-06 21:16:17.711300+0000');
INSERT INTO "neap"."stream"(stream_id, channel_id, title, topic_id, topic, media_info, viewers, created_at, updated_at, ended_at)
    VALUES ('f2cd1876-c7a5-4f27-8a44-52c73096fb5f', 'c322536c-16a4-4ec4-b710-52b1b3ad55cc', 'Litterature?? Yeah, Litterature!', '994391cf-d41e-46f4-b6eb-ce53824e3a0c', 'Litterature', '{"width":1920,"height":1080,"bitrate":3208.11}', 615, '2015-04-18 22:35:08.261400+0000', '2015-04-19 01:35:19.368400+0000', '2015-04-19 02:22:42.873500+0000');
INSERT INTO "neap"."video"(video_id, stream_id, title, type, description, status, tags, topic_id, topic, media_info, preview, views, created_at, updated_at)
    VALUES ('78b3853d-42ae-417f-8649-50d39a4d6ffe', 'f2cd1876-c7a5-4f27-8a44-52c73096fb5f', 'Litterature?? Yeah, Litterature!', 'record', 'Litterature?? Yeah, Litterature!', '', '[]', '994391cf-d41e-46f4-b6eb-ce53824e3a0c', 'Litterature', '{"width":1920,"height":1080,"bitrate":2675.73}', '', '24719', '2015-07-06 19:27:49.424700+0000', '2015-07-08 10:49:32.329200+0000');
INSERT INTO "neap"."video"(video_id, stream_id, title, type, description, status, tags, topic_id, topic, media_info, preview, views, created_at, updated_at)
    VALUES ('0191ddb8-7dc3-450b-9481-b5ae6a023632', 'f2cd1876-c7a5-4f27-8a44-52c73096fb5f', 'Litterature?? Yeah, Litterature!', 'record', 'Litterature?? Yeah, Litterature!', '', '[]', '994391cf-d41e-46f4-b6eb-ce53824e3a0c', 'Litterature', '{"width":1920,"height":1080,"bitrate":1665.09}', '', '13819', '2015-07-26 14:21:47.931400+0000', '2015-07-29 09:23:16.487900+0000');
INSERT INTO "neap"."user"(user_id, channel_id, type, username, email, password, display_name, logo, bio, created_at, updated_at)
    VALUES ('679126ba-223f-4068-a21f-39229f721d23', '63e2a95d-ed2d-4974-b877-0b9da999d252', 'user', 'roland', 'roland@neap.io', '$2y$10$WOmi6RnzuNqoQm9SiCu3IuzOwXxtkNVG/OoBLe7TP9j/gyt6mbvPa', 'Roland', 'https://gravatar.com/avatar/bb31d0702c675d3516dd1e3ab5e76416?s=128&d=identicon', null, '2015-03-10 01:41:28.313100+0000', '2015-08-02 04:40:50.348300+0000');
INSERT INTO "neap"."channel"(channel_id, user_id, chat_id, name, display_name, topic, language, views, followers)
    VALUES ('63e2a95d-ed2d-4974-b877-0b9da999d252', '679126ba-223f-4068-a21f-39229f721d23', '7b7913e1-497c-4cee-805f-935c960fd6e6', 'roland', 'Roland Channel', 'Astrology', 'en', 65162, 34);
INSERT INTO "neap"."chat"(chat_id, channel_id, name)
    VALUES ('7b7913e1-497c-4cee-805f-935c960fd6e6', '63e2a95d-ed2d-4974-b877-0b9da999d252', 'roland');
INSERT INTO "neap"."user"(user_id, channel_id, type, username, email, password, display_name, logo, bio, created_at, updated_at)
    VALUES ('0158db8c-2f98-4803-a918-73bcfd69113c', 'ac08b446-c3f1-4ded-8168-18cf07e082a3', 'user', 'rosalyn', 'rosalyn@neap.io', '$2y$10$l9WGLAQjn3jSZnw3Jl82TOdfW53w9Qbph7e5bCGQ6BcTz.SUevtmW', 'Rosalyn', 'https://gravatar.com/avatar/c7b3063f3ee29e17bfc5b14bad423529?s=128&d=identicon', null, '2015-04-23 14:51:11.565400+0000', '2015-10-13 14:08:20.846600+0000');
INSERT INTO "neap"."channel"(channel_id, user_id, chat_id, name, display_name, topic, language, views, followers)
    VALUES ('ac08b446-c3f1-4ded-8168-18cf07e082a3', '0158db8c-2f98-4803-a918-73bcfd69113c', '72c1439d-dc2c-496f-8e38-a2270cd63488', 'rosalyn', 'Rosalyn Channel', 'Philosophy', 'en', 49959, 138);
INSERT INTO "neap"."chat"(chat_id, channel_id, name)
    VALUES ('72c1439d-dc2c-496f-8e38-a2270cd63488', 'ac08b446-c3f1-4ded-8168-18cf07e082a3', 'rosalyn');
INSERT INTO "neap"."stream"(stream_id, channel_id, title, topic_id, topic, media_info, viewers, created_at, updated_at, ended_at)
    VALUES ('5678c1d5-574a-4589-8a8a-0d2def2205a3', 'ac08b446-c3f1-4ded-8168-18cf07e082a3', 'Music?? Yeah, Music!', 'b369c464-cdea-4356-9d70-1450585652e2', 'Music', '{"width":1280,"height":720,"bitrate":974.74}', 1991, '2015-06-26 07:21:56.511600+0000', '2015-06-26 15:37:18.348500+0000', '2015-06-26 15:53:52.963700+0000');
INSERT INTO "neap"."stream"(stream_id, channel_id, title, topic_id, topic, media_info, viewers, created_at, updated_at, ended_at)
    VALUES ('92c144a4-110f-46c0-83cc-5d2d6db5c79e', 'ac08b446-c3f1-4ded-8168-18cf07e082a3', 'Music?? Yeah, Music!', 'b369c464-cdea-4356-9d70-1450585652e2', 'Music', '{"width":720,"height":400,"bitrate":675.81}', 1516, '2015-08-17 13:41:34.787600+0000', '2015-08-17 16:13:34.655800+0000', '2015-08-17 16:15:28.662000+0000');
INSERT INTO "neap"."video"(video_id, stream_id, title, type, description, status, tags, topic_id, topic, media_info, preview, views, created_at, updated_at)
    VALUES ('e4bff0e8-0083-433e-8a4f-ce8310130c4b', '92c144a4-110f-46c0-83cc-5d2d6db5c79e', 'Music?? Yeah, Music!', 'record', 'Music?? Yeah, Music!', '', '[]', 'b369c464-cdea-4356-9d70-1450585652e2', 'Music', '{"width":720,"height":400,"bitrate":649.98}', '', '5100', '2015-09-29 22:32:55.004900+0000', '2015-09-30 08:27:12.204400+0000');
INSERT INTO "neap"."stream"(stream_id, channel_id, title, topic_id, topic, media_info, viewers, created_at, updated_at, ended_at)
    VALUES ('9c7ac097-7425-4e42-ac42-43b3c8d47167', 'ac08b446-c3f1-4ded-8168-18cf07e082a3', 'Relax stream', '5f6c7ec0-84ab-4d8e-a2d7-ff1887b55d6e', 'History', '{"width":720,"height":400,"bitrate":701.3}', 1041, '2015-08-17 01:10:57.943500+0000', '2015-08-17 03:01:01.027500+0000', '2015-08-17 03:40:47.662800+0000');
INSERT INTO "neap"."video"(video_id, stream_id, title, type, description, status, tags, topic_id, topic, media_info, preview, views, created_at, updated_at)
    VALUES ('d42107ef-397a-4103-9254-30b5eeada354', '9c7ac097-7425-4e42-ac42-43b3c8d47167', 'Relax stream', 'record', 'Relax stream', '', '[]', '5f6c7ec0-84ab-4d8e-a2d7-ff1887b55d6e', 'History', '{"width":720,"height":400,"bitrate":551.24}', '', '5710', '2015-08-30 08:55:50.678100+0000', '2015-08-30 09:58:08.822800+0000');
INSERT INTO "neap"."stream"(stream_id, channel_id, title, topic_id, topic, media_info, viewers, created_at, updated_at, ended_at)
    VALUES ('c97f201b-00ad-4c1f-8378-2175e17fc2f2', 'ac08b446-c3f1-4ded-8168-18cf07e082a3', 'Today is History day', '5f6c7ec0-84ab-4d8e-a2d7-ff1887b55d6e', 'History', '{"width":1280,"height":720,"bitrate":1016.94}', 834, '2015-06-16 07:26:14.546900+0000', '2015-06-16 09:57:12.751600+0000', '2015-06-16 10:17:20.167800+0000');
INSERT INTO "neap"."stream"(stream_id, channel_id, title, topic_id, topic, media_info, viewers, created_at, updated_at, ended_at)
    VALUES ('7895b5ba-c030-4d0c-bd78-e740974b45e1', 'ac08b446-c3f1-4ded-8168-18cf07e082a3', 'The origins of Biology', 'd4f06d27-2693-4552-bd85-d9875651ce39', 'Biology', '{"width":1280,"height":720,"bitrate":1036.76}', 857, '2015-07-26 12:36:44.453600+0000', '2015-07-26 15:05:31.169400+0000', '2015-07-26 15:13:56.644600+0000');
INSERT INTO "neap"."stream"(stream_id, channel_id, title, topic_id, topic, media_info, viewers, created_at, updated_at, ended_at)
    VALUES ('a1c19413-2147-46fd-973c-080ef92df78c', 'ac08b446-c3f1-4ded-8168-18cf07e082a3', 'Come on and have fun with Rosalyn!', '5f6c7ec0-84ab-4d8e-a2d7-ff1887b55d6e', 'History', '{"width":1920,"height":1080,"bitrate":1844.78}', 1287, '2015-09-09 03:00:46.018900+0000', '2015-09-09 03:40:53.160100+0000', '2015-09-09 04:07:20.457700+0000');
INSERT INTO "neap"."video"(video_id, stream_id, title, type, description, status, tags, topic_id, topic, media_info, preview, views, created_at, updated_at)
    VALUES ('086ce510-656e-488a-83ee-b3ecb920ed8a', 'a1c19413-2147-46fd-973c-080ef92df78c', 'Come on and have fun with Rosalyn!', 'record', 'Come on and have fun with Rosalyn!', '', '[]', '5f6c7ec0-84ab-4d8e-a2d7-ff1887b55d6e', 'History', '{"width":1920,"height":1080,"bitrate":2433.46}', '', '35745', '2015-09-24 06:01:34.738400+0000', '2015-09-26 22:01:45.381800+0000');
INSERT INTO "neap"."stream"(stream_id, channel_id, title, topic_id, topic, media_info, viewers, created_at, updated_at, ended_at)
    VALUES ('1161fa10-6e2a-493f-a970-53b930e5570e', 'ac08b446-c3f1-4ded-8168-18cf07e082a3', 'Relax stream', '35fa82dc-ed25-47fb-b6cd-58ae8a151f60', 'Philosophy', '{"width":720,"height":400,"bitrate":712.52}', 337, '2015-04-30 06:51:21.424000+0000', '2015-04-30 08:36:32.816000+0000', '2015-04-30 08:45:05.438700+0000');
INSERT INTO "neap"."video"(video_id, stream_id, title, type, description, status, tags, topic_id, topic, media_info, preview, views, created_at, updated_at)
    VALUES ('7cf02a30-9eb1-4766-8aae-e49f7deb1ad6', '1161fa10-6e2a-493f-a970-53b930e5570e', 'Relax stream', 'record', 'Relax stream', '', '[]', '35fa82dc-ed25-47fb-b6cd-58ae8a151f60', 'Philosophy', '{"width":720,"height":400,"bitrate":595.28}', '', '28788', '2015-10-30 21:03:26.318600+0000', '2015-10-31 22:20:35.943700+0000');
INSERT INTO "neap"."video"(video_id, stream_id, title, type, description, status, tags, topic_id, topic, media_info, preview, views, created_at, updated_at)
    VALUES ('dd206600-cbf3-481a-91b8-47a375e8628e', '1161fa10-6e2a-493f-a970-53b930e5570e', 'Relax stream', 'record', 'Relax stream', '', '[]', '35fa82dc-ed25-47fb-b6cd-58ae8a151f60', 'Philosophy', '{"width":720,"height":400,"bitrate":653.68}', '', '33587', '2015-06-18 17:58:55.357300+0000', '2015-06-19 12:06:57.213800+0000');
INSERT INTO "neap"."user"(user_id, channel_id, type, username, email, password, display_name, logo, bio, created_at, updated_at)
    VALUES ('add7d44a-75bb-4c63-bb97-86d4abc3ac27', 'de82918b-81c8-4c40-9fdb-774ab5c7c966', 'user', 'taylor', 'taylor@neap.io', '$2y$10$FfIZZvylDpIDS0KNqNppj.P18fG1.ONgLVVtvWueZ2QfDk8nLLIe2', 'Taylor', 'https://gravatar.com/avatar/0bfc1dc5bf290523897f07244abd839b?s=128&d=identicon', null, '2015-08-03 19:31:46.902200+0000', '2015-10-21 19:59:41.898100+0000');
INSERT INTO "neap"."channel"(channel_id, user_id, chat_id, name, display_name, topic, language, views, followers)
    VALUES ('de82918b-81c8-4c40-9fdb-774ab5c7c966', 'add7d44a-75bb-4c63-bb97-86d4abc3ac27', '56df388f-fef8-4914-a9bc-f3823036f1b5', 'taylor', 'Taylor Channel', 'History', 'en', 32522, 139);
INSERT INTO "neap"."chat"(chat_id, channel_id, name)
    VALUES ('56df388f-fef8-4914-a9bc-f3823036f1b5', 'de82918b-81c8-4c40-9fdb-774ab5c7c966', 'taylor');
INSERT INTO "neap"."stream"(stream_id, channel_id, title, topic_id, topic, media_info, viewers, created_at, updated_at, ended_at)
    VALUES ('06cdf79e-e9e7-469e-82dc-e773718c9919', 'de82918b-81c8-4c40-9fdb-774ab5c7c966', 'Come on and have fun with Taylor!', '5f6c7ec0-84ab-4d8e-a2d7-ff1887b55d6e', 'History', '{"width":720,"height":400,"bitrate":743.7}', 413, '2015-08-23 10:05:21.659700+0000', '2015-08-23 11:10:14.949300+0000', '2015-08-23 11:28:09.590200+0000');
INSERT INTO "neap"."stream"(stream_id, channel_id, title, topic_id, topic, media_info, viewers, created_at, updated_at, ended_at)
    VALUES ('cab5246a-a0d2-473b-9370-3c4cff66e2e6', 'de82918b-81c8-4c40-9fdb-774ab5c7c966', 'Science?? Yeah, Science!', '1cae4612-f178-4a0e-b3af-343a88b99638', 'Science', '{"width":1280,"height":720,"bitrate":996.81}', 1725, '2015-10-24 19:56:50.827700+0000', '2015-10-24 20:44:48.158000+0000', '2015-10-24 21:31:18.565000+0000');
INSERT INTO "neap"."stream"(stream_id, channel_id, title, topic_id, topic, media_info, viewers, created_at, updated_at, ended_at)
    VALUES ('c6b5e097-c756-4fb8-9ac7-a2f094bfbb68', 'de82918b-81c8-4c40-9fdb-774ab5c7c966', 'Taylor goes live!', '48e535f7-dba1-4d59-aac3-4c6cced32d6c', 'Video games', '{"width":1280,"height":720,"bitrate":1407.18}', 117, '2015-08-12 13:24:30.265100+0000', '2015-08-12 14:24:07.856300+0000', '2015-08-12 15:17:56.182600+0000');
INSERT INTO "neap"."video"(video_id, stream_id, title, type, description, status, tags, topic_id, topic, media_info, preview, views, created_at, updated_at)
    VALUES ('36e29e3a-042c-4c06-b9b4-26b10ae4b5ca', 'c6b5e097-c756-4fb8-9ac7-a2f094bfbb68', 'Taylor goes live!', 'record', 'Taylor goes live!', '', '[]', '48e535f7-dba1-4d59-aac3-4c6cced32d6c', 'Video games', '{"width":1280,"height":720,"bitrate":1411.71}', '', '2192', '2015-10-18 23:51:24.450300+0000', '2015-10-19 05:51:26.663500+0000');
INSERT INTO "neap"."stream"(stream_id, channel_id, title, topic_id, topic, media_info, viewers, created_at, updated_at, ended_at)
    VALUES ('5bcceff0-1e5d-4b60-a405-44a2a069cee2', 'de82918b-81c8-4c40-9fdb-774ab5c7c966', 'Today is Mathematics day', '284b3091-455d-4476-ae67-442a19d153d4', 'Mathematics', '{"width":1280,"height":720,"bitrate":899.67}', 1041, '2015-09-04 16:09:55.019900+0000', '2015-09-04 16:39:25.280000+0000', '2015-09-04 17:06:58.653100+0000');
INSERT INTO "neap"."video"(video_id, stream_id, title, type, description, status, tags, topic_id, topic, media_info, preview, views, created_at, updated_at)
    VALUES ('dfc75913-6d7a-43a4-be2c-6e943194672b', '5bcceff0-1e5d-4b60-a405-44a2a069cee2', 'Today is Mathematics day', 'record', 'Today is Mathematics day', '', '[]', '284b3091-455d-4476-ae67-442a19d153d4', 'Mathematics', '{"width":1280,"height":720,"bitrate":1414.34}', '', '39916', '2015-09-28 05:24:09.638000+0000', '2015-09-28 12:34:36.181300+0000');
INSERT INTO "neap"."video"(video_id, stream_id, title, type, description, status, tags, topic_id, topic, media_info, preview, views, created_at, updated_at)
    VALUES ('14e854cb-2ff4-42ef-ba43-47b208961eb6', '5bcceff0-1e5d-4b60-a405-44a2a069cee2', 'Today is Mathematics day', 'record', 'Today is Mathematics day', '', '[]', '284b3091-455d-4476-ae67-442a19d153d4', 'Mathematics', '{"width":1280,"height":720,"bitrate":875.84}', '', '35084', '2015-10-22 06:23:11.992600+0000', '2015-10-22 09:58:19.032400+0000');
INSERT INTO "neap"."stream"(stream_id, channel_id, title, topic_id, topic, media_info, viewers, created_at, updated_at, ended_at)
    VALUES ('08767761-bb10-452e-8dee-8388eae69e97', 'de82918b-81c8-4c40-9fdb-774ab5c7c966', 'The origins of Video games', '48e535f7-dba1-4d59-aac3-4c6cced32d6c', 'Video games', '{"width":1280,"height":720,"bitrate":817.88}', 1870, '2015-09-05 17:05:36.802300+0000', '2015-09-05 17:19:26.783600+0000', '2015-09-05 18:28:52.479600+0000');
INSERT INTO "neap"."video"(video_id, stream_id, title, type, description, status, tags, topic_id, topic, media_info, preview, views, created_at, updated_at)
    VALUES ('113ea937-48f1-4d74-ba8e-4a590556aec2', '08767761-bb10-452e-8dee-8388eae69e97', 'The origins of Video games', 'record', 'The origins of Video games', '', '[]', '48e535f7-dba1-4d59-aac3-4c6cced32d6c', 'Video games', '{"width":1280,"height":720,"bitrate":1119.2}', '', '10467', '2015-10-17 13:15:16.931400+0000', '2015-10-21 09:58:33.700800+0000');
INSERT INTO "neap"."stream"(stream_id, channel_id, title, topic_id, topic, media_info, viewers, created_at, updated_at, ended_at)
    VALUES ('ed07a695-a391-446c-856e-330a190ed52a', 'de82918b-81c8-4c40-9fdb-774ab5c7c966', 'Today is Biology day', 'd4f06d27-2693-4552-bd85-d9875651ce39', 'Biology', '{"width":720,"height":400,"bitrate":506}', 1289, '2015-08-20 23:00:35.834400+0000', '2015-08-20 23:00:36.649900+0000', '2015-08-20 23:01:29.187000+0000');
INSERT INTO "neap"."video"(video_id, stream_id, title, type, description, status, tags, topic_id, topic, media_info, preview, views, created_at, updated_at)
    VALUES ('79ff948a-d02b-41be-b952-74f2509ced3d', 'ed07a695-a391-446c-856e-330a190ed52a', 'Today is Biology day', 'record', 'Today is Biology day', '', '[]', 'd4f06d27-2693-4552-bd85-d9875651ce39', 'Biology', '{"width":720,"height":400,"bitrate":637.24}', '', '39024', '2015-08-26 14:58:58.848200+0000', '2015-08-27 20:09:31.210800+0000');
INSERT INTO "neap"."stream"(stream_id, channel_id, title, topic_id, topic, media_info, viewers, created_at, updated_at, ended_at)
    VALUES ('156c5ac7-9f8a-46b6-927a-59a75e76a52d', 'de82918b-81c8-4c40-9fdb-774ab5c7c966', 'Taylor goes live!', '48e535f7-dba1-4d59-aac3-4c6cced32d6c', 'Video games', '{"width":720,"height":400,"bitrate":763.75}', 1078, '2015-10-30 15:30:58.030200+0000', '2015-10-30 22:13:33.470800+0000', '2015-10-30 22:27:11.991300+0000');
INSERT INTO "neap"."stream"(stream_id, channel_id, title, topic_id, topic, media_info, viewers, created_at, updated_at, ended_at)
    VALUES ('d8cdb453-4e53-4acc-910e-409370a0b78a', 'de82918b-81c8-4c40-9fdb-774ab5c7c966', 'The origins of Biology', 'd4f06d27-2693-4552-bd85-d9875651ce39', 'Biology', '{"width":1280,"height":720,"bitrate":970.13}', 1722, '2015-10-05 00:44:05.241800+0000', '2015-10-05 02:19:23.064500+0000', '2015-10-05 02:20:44.745500+0000');
INSERT INTO "neap"."video"(video_id, stream_id, title, type, description, status, tags, topic_id, topic, media_info, preview, views, created_at, updated_at)
    VALUES ('975a2b49-2ec4-4548-acd9-2c24b86c299c', 'd8cdb453-4e53-4acc-910e-409370a0b78a', 'The origins of Biology', 'highlight', 'The origins of Biology', '', '[]', 'd4f06d27-2693-4552-bd85-d9875651ce39', 'Biology', '{"width":1280,"height":720,"bitrate":1069.53}', '', '14385', '2015-10-12 15:09:41.147900+0000', '2015-10-13 20:23:38.152100+0000');
INSERT INTO "neap"."video"(video_id, stream_id, title, type, description, status, tags, topic_id, topic, media_info, preview, views, created_at, updated_at)
    VALUES ('db05c045-9753-4df8-b1fd-48175991c709', 'd8cdb453-4e53-4acc-910e-409370a0b78a', 'The origins of Biology', 'record', 'The origins of Biology', '', '[]', 'd4f06d27-2693-4552-bd85-d9875651ce39', 'Biology', '{"width":1280,"height":720,"bitrate":1329.41}', '', '2075', '2015-10-06 10:08:17.402400+0000', '2015-10-10 08:28:40.537100+0000');
INSERT INTO "neap"."stream"(stream_id, channel_id, title, topic_id, topic, media_info, viewers, created_at, updated_at, ended_at)
    VALUES ('0c074b30-1ecf-4d5f-a4ef-b52c2273fcdc', 'de82918b-81c8-4c40-9fdb-774ab5c7c966', 'Philosophy?? Yeah, Philosophy!', '35fa82dc-ed25-47fb-b6cd-58ae8a151f60', 'Philosophy', '{"width":1920,"height":1080,"bitrate":2525.12}', 1381, '2015-10-20 21:01:35.238600+0000', '2015-10-20 21:21:33.228100+0000', '2015-10-20 21:29:11.677800+0000');
INSERT INTO "neap"."video"(video_id, stream_id, title, type, description, status, tags, topic_id, topic, media_info, preview, views, created_at, updated_at)
    VALUES ('8a4a733c-33e6-49e7-af07-446724268f72', '0c074b30-1ecf-4d5f-a4ef-b52c2273fcdc', 'Philosophy?? Yeah, Philosophy!', 'record', 'Philosophy?? Yeah, Philosophy!', '', '[]', '35fa82dc-ed25-47fb-b6cd-58ae8a151f60', 'Philosophy', '{"width":1920,"height":1080,"bitrate":2444.05}', '', '32495', '2015-10-26 10:16:47.090100+0000', '2015-10-27 14:11:59.090300+0000');
INSERT INTO "neap"."stream"(stream_id, channel_id, title, topic_id, topic, media_info, viewers, created_at, updated_at, ended_at)
    VALUES ('df0b021b-76f9-4b2e-a5c2-446848091cfe', 'de82918b-81c8-4c40-9fdb-774ab5c7c966', 'Relax stream', 'd2ea25fc-eb67-4c63-86d0-58ba2ce51b56', 'Theology', '{"width":1280,"height":720,"bitrate":1137.53}', 84771, '2015-10-09 05:32:06.274000+0000', '2015-10-09 05:33:52.117500+0000', '2015-10-09 05:35:21.155200+0000');
INSERT INTO "neap"."user"(user_id, channel_id, type, username, email, password, display_name, logo, bio, created_at, updated_at)
    VALUES ('1998d1da-8787-42a9-a408-8c492fbaf111', '6da65476-368a-41eb-8497-3767a1ec2348', 'user', 'nadia', 'nadia@neap.io', '$2y$10$NB7SLXRiK6XjWRZZywTkPOZg0TzmluXujo4IIPi1.VdesoxXV4MiS', 'Nadia', 'https://gravatar.com/avatar/609036e6bc24342857c6dc15b91ebd26?s=128&d=identicon', null, '2015-05-02 01:58:45.506800+0000', '2015-07-18 16:11:17.049200+0000');
INSERT INTO "neap"."channel"(channel_id, user_id, chat_id, name, display_name, topic, language, views, followers)
    VALUES ('6da65476-368a-41eb-8497-3767a1ec2348', '1998d1da-8787-42a9-a408-8c492fbaf111', '2d026d0e-f22f-4a2c-bdf1-1cc69a5fa599', 'nadia', 'Nadia Channel', 'Mathematics', 'en', 92961, 130);
INSERT INTO "neap"."chat"(chat_id, channel_id, name)
    VALUES ('2d026d0e-f22f-4a2c-bdf1-1cc69a5fa599', '6da65476-368a-41eb-8497-3767a1ec2348', 'nadia');
INSERT INTO "neap"."stream"(stream_id, channel_id, title, topic_id, topic, media_info, viewers, created_at, updated_at, ended_at)
    VALUES ('9299d510-b2e3-4815-b94f-37587d13d003', '6da65476-368a-41eb-8497-3767a1ec2348', 'Today is Video games day', '48e535f7-dba1-4d59-aac3-4c6cced32d6c', 'Video games', '{"width":1920,"height":1080,"bitrate":2637.9}', 561, '2015-10-13 15:06:50.483500+0000', '2015-10-13 15:33:29.006200+0000', '2015-10-13 16:57:57.513600+0000');
INSERT INTO "neap"."video"(video_id, stream_id, title, type, description, status, tags, topic_id, topic, media_info, preview, views, created_at, updated_at)
    VALUES ('9bf914a9-82d1-46d0-b197-9822e72a6a5e', '9299d510-b2e3-4815-b94f-37587d13d003', 'Today is Video games day', 'record', 'Today is Video games day', '', '[]', '48e535f7-dba1-4d59-aac3-4c6cced32d6c', 'Video games', '{"width":1920,"height":1080,"bitrate":2573.1}', '', '18291', '2015-10-18 17:48:56.335900+0000', '2015-10-19 03:56:02.255400+0000');
INSERT INTO "neap"."stream"(stream_id, channel_id, title, topic_id, topic, media_info, viewers, created_at, updated_at, ended_at)
    VALUES ('e2cb85e7-88b0-4ee1-91db-e6a719548ed6', '6da65476-368a-41eb-8497-3767a1ec2348', 'Fun with Photography and Nadia', 'e496e832-363e-4228-b518-7fe126ccaa04', 'Photography', '{"width":720,"height":400,"bitrate":633.28}', 1992, '2015-05-20 13:51:39.369300+0000', '2015-05-20 13:55:49.528200+0000', '2015-05-20 14:22:42.440000+0000');
INSERT INTO "neap"."video"(video_id, stream_id, title, type, description, status, tags, topic_id, topic, media_info, preview, views, created_at, updated_at)
    VALUES ('703542e5-c2fc-452c-b5b6-0dd510e0b2c0', 'e2cb85e7-88b0-4ee1-91db-e6a719548ed6', 'Fun with Photography and Nadia', 'record', 'Fun with Photography and Nadia', '', '[]', 'e496e832-363e-4228-b518-7fe126ccaa04', 'Photography', '{"width":720,"height":400,"bitrate":513.75}', '', '25839', '2015-09-21 01:16:35.967300+0000', '2015-09-22 13:03:25.339100+0000');
INSERT INTO "neap"."stream"(stream_id, channel_id, title, topic_id, topic, media_info, viewers, created_at, updated_at, ended_at)
    VALUES ('c49ce100-9204-4990-8e7e-479c47b1fa94', '6da65476-368a-41eb-8497-3767a1ec2348', 'Today is Biology day', 'd4f06d27-2693-4552-bd85-d9875651ce39', 'Biology', '{"width":1280,"height":720,"bitrate":971.47}', 1055, '2015-07-22 08:21:25.068300+0000', '2015-07-22 09:18:16.955700+0000', '2015-07-22 09:28:02.227300+0000');
INSERT INTO "neap"."video"(video_id, stream_id, title, type, description, status, tags, topic_id, topic, media_info, preview, views, created_at, updated_at)
    VALUES ('dcfebebe-abc6-44c1-94e9-0cba22c4a1d8', 'c49ce100-9204-4990-8e7e-479c47b1fa94', 'Today is Biology day', 'highlight', 'Today is Biology day', '', '[]', 'd4f06d27-2693-4552-bd85-d9875651ce39', 'Biology', '{"width":1280,"height":720,"bitrate":1283.8}', '', '12849', '2015-10-19 14:05:45.392900+0000', '2015-10-21 21:55:01.766100+0000');
INSERT INTO "neap"."video"(video_id, stream_id, title, type, description, status, tags, topic_id, topic, media_info, preview, views, created_at, updated_at)
    VALUES ('75d09214-8fd2-4cf3-9056-19907651ba2a', 'c49ce100-9204-4990-8e7e-479c47b1fa94', 'Today is Biology day', 'record', 'Today is Biology day', '', '[]', 'd4f06d27-2693-4552-bd85-d9875651ce39', 'Biology', '{"width":1280,"height":720,"bitrate":1094.27}', '', '38555', '2015-10-05 06:47:03.507400+0000', '2015-10-06 17:47:51.430100+0000');
INSERT INTO "neap"."user"(user_id, channel_id, type, username, email, password, display_name, logo, bio, created_at, updated_at)
    VALUES ('6b842aab-8615-4e2a-ae8e-01e415833434', '0d5bf306-14eb-4406-9b1a-902cc9cc69a9', 'user', 'maisie', 'maisie@neap.io', '$2y$10$kakurSDCNBX7lQmPPCZ3BOe2.psI2Q2977JcS1swEvR4HVFWmjUm2', 'Maisie', 'https://gravatar.com/avatar/ae296505224e17a51aefe4c33b8a80ff?s=128&d=identicon', null, '2015-06-19 15:49:03.140800+0000', '2015-10-08 14:49:36.784400+0000');
INSERT INTO "neap"."channel"(channel_id, user_id, chat_id, name, display_name, topic, language, views, followers)
    VALUES ('0d5bf306-14eb-4406-9b1a-902cc9cc69a9', '6b842aab-8615-4e2a-ae8e-01e415833434', 'bf5e0cfc-1734-4dc8-9635-5fe2f2ba75a0', 'maisie', 'Maisie Channel', 'Theology', 'en', 4895, 87);
INSERT INTO "neap"."chat"(chat_id, channel_id, name)
    VALUES ('bf5e0cfc-1734-4dc8-9635-5fe2f2ba75a0', '0d5bf306-14eb-4406-9b1a-902cc9cc69a9', 'maisie');
INSERT INTO "neap"."stream"(stream_id, channel_id, title, topic_id, topic, media_info, viewers, created_at, updated_at, ended_at)
    VALUES ('da247d96-42dd-470e-84b3-8afd443b33e9', '0d5bf306-14eb-4406-9b1a-902cc9cc69a9', 'Fun with Biology and Maisie', 'd4f06d27-2693-4552-bd85-d9875651ce39', 'Biology', '{"width":1280,"height":720,"bitrate":885.8}', 1261, '2015-08-03 03:45:10.857600+0000', '2015-08-03 07:09:38.912200+0000', '2015-08-03 07:18:54.679300+0000');
INSERT INTO "neap"."video"(video_id, stream_id, title, type, description, status, tags, topic_id, topic, media_info, preview, views, created_at, updated_at)
    VALUES ('daac93f9-4c49-4b86-a630-75fa5f1849f6', 'da247d96-42dd-470e-84b3-8afd443b33e9', 'Fun with Biology and Maisie', 'record', 'Fun with Biology and Maisie', '', '[]', 'd4f06d27-2693-4552-bd85-d9875651ce39', 'Biology', '{"width":1280,"height":720,"bitrate":1231.04}', '', '26511', '2015-10-22 01:46:59.060900+0000', '2015-10-22 11:19:03.709400+0000');
INSERT INTO "neap"."stream"(stream_id, channel_id, title, topic_id, topic, media_info, viewers, created_at, updated_at, ended_at)
    VALUES ('e2d05454-76c1-4b82-ac5d-56071ef5dd87', '0d5bf306-14eb-4406-9b1a-902cc9cc69a9', 'Relax stream', '284b3091-455d-4476-ae67-442a19d153d4', 'Mathematics', '{"width":1920,"height":1080,"bitrate":3101.59}', 542, '2015-08-09 07:24:24.602700+0000', '2015-08-09 10:44:17.644000+0000', '2015-08-09 10:59:49.508200+0000');
INSERT INTO "neap"."stream"(stream_id, channel_id, title, topic_id, topic, media_info, viewers, created_at, updated_at, ended_at)
    VALUES ('0d4b382f-1cce-4b7f-8cc1-68862b024a24', '0d5bf306-14eb-4406-9b1a-902cc9cc69a9', 'Come on and have fun with Maisie!', 'e9af2f53-d2dd-4e32-9dea-26d6ac21bcb8', 'Astrology', '{"width":1920,"height":1080,"bitrate":3267.21}', 23887, '2015-10-27 22:59:48.854000+0000', '2015-10-28 02:33:30.588000+0000', '2015-10-28 03:01:32.239100+0000');
INSERT INTO "neap"."video"(video_id, stream_id, title, type, description, status, tags, topic_id, topic, media_info, preview, views, created_at, updated_at)
    VALUES ('f7499632-31f2-4d87-b694-3ffcf7c2fac5', '0d4b382f-1cce-4b7f-8cc1-68862b024a24', 'Come on and have fun with Maisie!', 'record', 'Come on and have fun with Maisie!', '', '[]', 'e9af2f53-d2dd-4e32-9dea-26d6ac21bcb8', 'Astrology', '{"width":1920,"height":1080,"bitrate":3088.55}', '', '31941', '2015-10-31 04:11:58.669900+0000', '2015-10-31 10:09:30.075600+0000');
INSERT INTO "neap"."stream"(stream_id, channel_id, title, topic_id, topic, media_info, viewers, created_at, updated_at, ended_at)
    VALUES ('5c4fa962-9c9d-40ea-a86a-f43b02fcf2f8', '0d5bf306-14eb-4406-9b1a-902cc9cc69a9', 'Today is Video games day', '48e535f7-dba1-4d59-aac3-4c6cced32d6c', 'Video games', '{"width":720,"height":400,"bitrate":554.79}', 432, '2015-06-22 07:56:50.955600+0000', '2015-06-22 08:07:25.630200+0000', '2015-06-22 08:10:28.905500+0000');
INSERT INTO "neap"."video"(video_id, stream_id, title, type, description, status, tags, topic_id, topic, media_info, preview, views, created_at, updated_at)
    VALUES ('059a6526-75a3-43ac-ba56-689506d3b82e', '5c4fa962-9c9d-40ea-a86a-f43b02fcf2f8', 'Today is Video games day', 'record', 'Today is Video games day', '', '[]', '48e535f7-dba1-4d59-aac3-4c6cced32d6c', 'Video games', '{"width":720,"height":400,"bitrate":649.66}', '', '9327', '2015-07-02 03:08:19.652300+0000', '2015-07-04 00:53:55.491600+0000');
INSERT INTO "neap"."stream"(stream_id, channel_id, title, topic_id, topic, media_info, viewers, created_at, updated_at, ended_at)
    VALUES ('d0cefbdc-79aa-4075-98d0-729f87c3afe3', '0d5bf306-14eb-4406-9b1a-902cc9cc69a9', 'Maisie goes live!', '284b3091-455d-4476-ae67-442a19d153d4', 'Mathematics', '{"width":1280,"height":720,"bitrate":1362.31}', 62, '2015-10-13 19:03:19.614400+0000', '2015-10-13 20:08:53.245000+0000', '2015-10-13 20:21:51.611200+0000');
INSERT INTO "neap"."user"(user_id, channel_id, type, username, email, password, display_name, logo, bio, created_at, updated_at)
    VALUES ('f5e4eb87-fdc3-4218-b63a-6adc968adc52', '763ba8a8-a6f9-4d3a-9f65-140b5ca69ed9', 'user', 'micheal', 'micheal@neap.io', '$2y$10$b16k.hgu8ewx2EJyNwyjM.4gkAFh5goofZ4Nz0LuRdDrusQFp8sN2', 'Micheal', 'https://gravatar.com/avatar/ae470358ba386120bcba61182b584632?s=128&d=identicon', null, '2015-07-19 01:42:35.046700+0000', '2015-09-18 10:53:04.109900+0000');
INSERT INTO "neap"."channel"(channel_id, user_id, chat_id, name, display_name, topic, language, views, followers)
    VALUES ('763ba8a8-a6f9-4d3a-9f65-140b5ca69ed9', 'f5e4eb87-fdc3-4218-b63a-6adc968adc52', '1c07ee89-b8cf-4f68-846a-8fea90703a30', 'micheal', 'Micheal Channel', 'History', 'en', 28822, 132);
INSERT INTO "neap"."chat"(chat_id, channel_id, name)
    VALUES ('1c07ee89-b8cf-4f68-846a-8fea90703a30', '763ba8a8-a6f9-4d3a-9f65-140b5ca69ed9', 'micheal');
INSERT INTO "neap"."stream"(stream_id, channel_id, title, topic_id, topic, media_info, viewers, created_at, updated_at, ended_at)
    VALUES ('2c7c2c0d-4720-42d1-b509-4c3f4e937f8c', '763ba8a8-a6f9-4d3a-9f65-140b5ca69ed9', 'Relax stream', '1cae4612-f178-4a0e-b3af-343a88b99638', 'Science', '{"width":720,"height":400,"bitrate":667.28}', 904, '2015-09-17 22:49:08.027200+0000', '2015-09-18 02:58:30.182900+0000', '2015-09-18 03:08:34.061300+0000');
INSERT INTO "neap"."video"(video_id, stream_id, title, type, description, status, tags, topic_id, topic, media_info, preview, views, created_at, updated_at)
    VALUES ('4c903285-7428-4f9a-b342-addb749baf08', '2c7c2c0d-4720-42d1-b509-4c3f4e937f8c', 'Relax stream', 'record', 'Relax stream', '', '[]', '1cae4612-f178-4a0e-b3af-343a88b99638', 'Science', '{"width":720,"height":400,"bitrate":638.34}', '', '32433', '2015-10-15 08:28:30.412900+0000', '2015-10-17 20:18:47.346800+0000');
INSERT INTO "neap"."video"(video_id, stream_id, title, type, description, status, tags, topic_id, topic, media_info, preview, views, created_at, updated_at)
    VALUES ('7c59f7dd-6be3-4d56-b984-184e95d87236', '2c7c2c0d-4720-42d1-b509-4c3f4e937f8c', 'Relax stream', 'record', 'Relax stream', '', '[]', '1cae4612-f178-4a0e-b3af-343a88b99638', 'Science', '{"width":720,"height":400,"bitrate":636.41}', '', '30410', '2015-10-30 16:55:28.290100+0000', '2015-11-01 01:43:25.512900+0000');
INSERT INTO "neap"."stream"(stream_id, channel_id, title, topic_id, topic, media_info, viewers, created_at, updated_at, ended_at)
    VALUES ('036866dc-4b0c-43bd-a8a7-e465c66fb206', '763ba8a8-a6f9-4d3a-9f65-140b5ca69ed9', 'Fun with History and Micheal', '5f6c7ec0-84ab-4d8e-a2d7-ff1887b55d6e', 'History', '{"width":1280,"height":720,"bitrate":762.62}', 1654, '2015-10-01 00:28:51.802900+0000', '2015-10-01 05:27:09.328100+0000', '2015-10-01 06:06:23.860300+0000');
INSERT INTO "neap"."video"(video_id, stream_id, title, type, description, status, tags, topic_id, topic, media_info, preview, views, created_at, updated_at)
    VALUES ('61a4f26e-743f-41e7-bb21-62fa383ca802', '036866dc-4b0c-43bd-a8a7-e465c66fb206', 'Fun with History and Micheal', 'record', 'Fun with History and Micheal', '', '[]', '5f6c7ec0-84ab-4d8e-a2d7-ff1887b55d6e', 'History', '{"width":1280,"height":720,"bitrate":1435.27}', '', '14338', '2015-10-05 02:45:28.728800+0000', '2015-10-05 22:51:46.563500+0000');
INSERT INTO "neap"."user"(user_id, channel_id, type, username, email, password, display_name, logo, bio, created_at, updated_at)
    VALUES ('10427921-afa9-48ab-b37a-43bd1f3dbf47', '5e7211d6-4f08-4412-bb83-8fbf0f7615ff', 'user', 'wesley', 'wesley@neap.io', '$2y$10$UUfBFSPeG/J6awECoc8XreN8k9XWrrbgv9iAQ9SB8.W8QyBvy.m2y', 'Wesley', 'https://gravatar.com/avatar/5b45d2779edffcecd2eff4469ce3a839?s=128&d=identicon', null, '2015-09-09 03:52:14.315700+0000', '2015-11-01 00:47:08.735300+0000');
INSERT INTO "neap"."channel"(channel_id, user_id, chat_id, name, display_name, topic, language, views, followers)
    VALUES ('5e7211d6-4f08-4412-bb83-8fbf0f7615ff', '10427921-afa9-48ab-b37a-43bd1f3dbf47', '93c0c6ee-40f2-486e-af79-71e8396a66f2', 'wesley', 'Wesley Channel', 'Astrology', 'en', 35472, 61);
INSERT INTO "neap"."chat"(chat_id, channel_id, name)
    VALUES ('93c0c6ee-40f2-486e-af79-71e8396a66f2', '5e7211d6-4f08-4412-bb83-8fbf0f7615ff', 'wesley');
INSERT INTO "neap"."stream"(stream_id, channel_id, title, topic_id, topic, media_info, viewers, created_at, updated_at, ended_at)
    VALUES ('75fef98f-80bf-440b-8751-6989b42bf28d', '5e7211d6-4f08-4412-bb83-8fbf0f7615ff', 'Today is Biology day', 'd4f06d27-2693-4552-bd85-d9875651ce39', 'Biology', '{"width":1280,"height":720,"bitrate":810.47}', 491, '2015-09-18 12:44:32.008100+0000', '2015-09-18 13:47:45.745600+0000', '2015-09-18 14:16:32.288100+0000');
INSERT INTO "neap"."video"(video_id, stream_id, title, type, description, status, tags, topic_id, topic, media_info, preview, views, created_at, updated_at)
    VALUES ('9f58d53e-a857-4808-928f-96972c4cfaa1', '75fef98f-80bf-440b-8751-6989b42bf28d', 'Today is Biology day', 'record', 'Today is Biology day', '', '[]', 'd4f06d27-2693-4552-bd85-d9875651ce39', 'Biology', '{"width":1280,"height":720,"bitrate":910.09}', '', '15431', '2015-10-13 04:06:15.671300+0000', '2015-10-13 04:33:58.488600+0000');
INSERT INTO "neap"."stream"(stream_id, channel_id, title, topic_id, topic, media_info, viewers, created_at, updated_at, ended_at)
    VALUES ('19975030-8b25-4897-ae83-cba377486ef8', '5e7211d6-4f08-4412-bb83-8fbf0f7615ff', 'Relax stream', '48e535f7-dba1-4d59-aac3-4c6cced32d6c', 'Video games', '{"width":1280,"height":720,"bitrate":942.62}', 1265, '2015-09-29 03:00:49.782100+0000', '2015-09-29 10:00:08.062600+0000', '2015-09-29 10:46:21.132000+0000');
INSERT INTO "neap"."video"(video_id, stream_id, title, type, description, status, tags, topic_id, topic, media_info, preview, views, created_at, updated_at)
    VALUES ('8a805d2e-c264-4e1d-9323-679029b44891', '19975030-8b25-4897-ae83-cba377486ef8', 'Relax stream', 'record', 'Relax stream', '', '[]', '48e535f7-dba1-4d59-aac3-4c6cced32d6c', 'Video games', '{"width":1280,"height":720,"bitrate":1328.88}', '', '29170', '2015-10-26 19:44:51.192500+0000', '2015-10-27 11:59:25.893000+0000');
INSERT INTO "neap"."stream"(stream_id, channel_id, title, topic_id, topic, media_info, viewers, created_at, updated_at, ended_at)
    VALUES ('0a132f7b-251d-4729-9b84-b4adfd3b8b66', '5e7211d6-4f08-4412-bb83-8fbf0f7615ff', 'Today is Music day', 'b369c464-cdea-4356-9d70-1450585652e2', 'Music', '{"width":1920,"height":1080,"bitrate":2936.86}', 165, '2015-10-22 04:22:33.363700+0000', '2015-10-22 12:06:17.624300+0000', '2015-10-22 12:12:55.713300+0000');
INSERT INTO "neap"."video"(video_id, stream_id, title, type, description, status, tags, topic_id, topic, media_info, preview, views, created_at, updated_at)
    VALUES ('9f5b2898-21e4-4599-acd9-246fd479ffda', '0a132f7b-251d-4729-9b84-b4adfd3b8b66', 'Today is Music day', 'highlight', 'Today is Music day', '', '[]', 'b369c464-cdea-4356-9d70-1450585652e2', 'Music', '{"width":1920,"height":1080,"bitrate":1331.49}', '', '20215', '2015-10-29 07:18:41.239300+0000', '2015-11-01 22:59:40.438600+0000');
INSERT INTO "neap"."video"(video_id, stream_id, title, type, description, status, tags, topic_id, topic, media_info, preview, views, created_at, updated_at)
    VALUES ('f680bc58-09cb-4c06-b34f-a045f5058905', '0a132f7b-251d-4729-9b84-b4adfd3b8b66', 'Today is Music day', 'highlight', 'Today is Music day', '', '[]', 'b369c464-cdea-4356-9d70-1450585652e2', 'Music', '{"width":1920,"height":1080,"bitrate":1551.05}', '', '11860', '2015-10-23 17:44:47.498100+0000', '2015-10-24 18:44:08.430500+0000');
INSERT INTO "neap"."stream"(stream_id, channel_id, title, topic_id, topic, media_info, viewers, created_at, updated_at, ended_at)
    VALUES ('00097dd7-bf81-477d-ac5f-8957b3408a73', '5e7211d6-4f08-4412-bb83-8fbf0f7615ff', 'Litterature?? Yeah, Litterature!', '994391cf-d41e-46f4-b6eb-ce53824e3a0c', 'Litterature', '{"width":720,"height":400,"bitrate":689.64}', 131, '2015-10-08 09:29:36.804800+0000', '2015-10-08 15:25:52.674600+0000', '2015-10-08 15:42:57.900300+0000');
INSERT INTO "neap"."video"(video_id, stream_id, title, type, description, status, tags, topic_id, topic, media_info, preview, views, created_at, updated_at)
    VALUES ('be4c517b-3e26-4a96-b5ea-621d9df69e1e', '00097dd7-bf81-477d-ac5f-8957b3408a73', 'Litterature?? Yeah, Litterature!', 'record', 'Litterature?? Yeah, Litterature!', '', '[]', '994391cf-d41e-46f4-b6eb-ce53824e3a0c', 'Litterature', '{"width":720,"height":400,"bitrate":565.1}', '', '3539', '2015-10-30 05:46:58.000600+0000', '2015-11-01 10:19:54.563300+0000');
INSERT INTO "neap"."video"(video_id, stream_id, title, type, description, status, tags, topic_id, topic, media_info, preview, views, created_at, updated_at)
    VALUES ('9c9e3d1a-274a-4e1e-8ad7-c95c82fa50e7', '00097dd7-bf81-477d-ac5f-8957b3408a73', 'Litterature?? Yeah, Litterature!', 'highlight', 'Litterature?? Yeah, Litterature!', '', '[]', '994391cf-d41e-46f4-b6eb-ce53824e3a0c', 'Litterature', '{"width":720,"height":400,"bitrate":674.58}', '', '21112', '2015-10-11 07:44:41.362400+0000', '2015-10-11 08:09:49.483500+0000');
INSERT INTO "neap"."stream"(stream_id, channel_id, title, topic_id, topic, media_info, viewers, created_at, updated_at, ended_at)
    VALUES ('976ccec2-d47c-4c0f-ac33-880a03977d21', '5e7211d6-4f08-4412-bb83-8fbf0f7615ff', 'Fun with History and Wesley', '5f6c7ec0-84ab-4d8e-a2d7-ff1887b55d6e', 'History', '{"width":1280,"height":720,"bitrate":1323.86}', 44, '2015-10-04 13:32:33.270300+0000', '2015-10-04 13:47:27.071200+0000', '2015-10-04 14:00:14.923300+0000');
INSERT INTO "neap"."video"(video_id, stream_id, title, type, description, status, tags, topic_id, topic, media_info, preview, views, created_at, updated_at)
    VALUES ('f76e1001-1ee8-4348-8ea9-aacea9976731', '976ccec2-d47c-4c0f-ac33-880a03977d21', 'Fun with History and Wesley', 'record', 'Fun with History and Wesley', '', '[]', '5f6c7ec0-84ab-4d8e-a2d7-ff1887b55d6e', 'History', '{"width":1280,"height":720,"bitrate":1106.85}', '', '29513', '2015-10-27 08:32:13.982800+0000', '2015-10-29 00:00:13.995600+0000');
INSERT INTO "neap"."stream"(stream_id, channel_id, title, topic_id, topic, media_info, viewers, created_at, updated_at, ended_at)
    VALUES ('734a6e26-6713-4edb-b8de-bfeda9bbedfd', '5e7211d6-4f08-4412-bb83-8fbf0f7615ff', 'Today is Music day', 'b369c464-cdea-4356-9d70-1450585652e2', 'Music', '{"width":720,"height":400,"bitrate":506.85}', 1467, '2015-10-12 20:52:21.867100+0000', '2015-10-13 06:19:42.534600+0000', '2015-10-13 06:22:22.191300+0000');
INSERT INTO "neap"."video"(video_id, stream_id, title, type, description, status, tags, topic_id, topic, media_info, preview, views, created_at, updated_at)
    VALUES ('1b6a66d1-3a87-4f9e-8805-2aa114f6d7e3', '734a6e26-6713-4edb-b8de-bfeda9bbedfd', 'Today is Music day', 'record', 'Today is Music day', '', '[]', 'b369c464-cdea-4356-9d70-1450585652e2', 'Music', '{"width":720,"height":400,"bitrate":674.87}', '', '2720', '2015-10-14 22:40:14.769900+0000', '2015-10-16 03:31:12.526600+0000');
INSERT INTO "neap"."video"(video_id, stream_id, title, type, description, status, tags, topic_id, topic, media_info, preview, views, created_at, updated_at)
    VALUES ('5623db2b-134a-4d07-84ba-ab2f353a268e', '734a6e26-6713-4edb-b8de-bfeda9bbedfd', 'Today is Music day', 'record', 'Today is Music day', '', '[]', 'b369c464-cdea-4356-9d70-1450585652e2', 'Music', '{"width":720,"height":400,"bitrate":740.68}', '', '31228', '2015-10-23 00:34:36.110200+0000', '2015-10-23 07:50:43.839800+0000');
INSERT INTO "neap"."stream"(stream_id, channel_id, title, topic_id, topic, media_info, viewers, created_at, updated_at, ended_at)
    VALUES ('64e390d8-64cc-4432-96ca-b082c8117a96', '5e7211d6-4f08-4412-bb83-8fbf0f7615ff', 'Wesley goes live!', 'e496e832-363e-4228-b518-7fe126ccaa04', 'Photography', '{"width":1280,"height":720,"bitrate":1156}', 1648, '2015-10-06 23:08:41.541400+0000', '2015-10-07 00:26:01.897400+0000', '2015-10-07 00:26:26.592600+0000');
INSERT INTO "neap"."video"(video_id, stream_id, title, type, description, status, tags, topic_id, topic, media_info, preview, views, created_at, updated_at)
    VALUES ('e294114a-5f13-4cfc-864b-fe00e49d45ff', '64e390d8-64cc-4432-96ca-b082c8117a96', 'Wesley goes live!', 'record', 'Wesley goes live!', '', '[]', 'e496e832-363e-4228-b518-7fe126ccaa04', 'Photography', '{"width":1280,"height":720,"bitrate":886.56}', '', '26936', '2015-11-01 18:01:47.946600+0000', '2015-11-02 02:33:42.187900+0000');
INSERT INTO "neap"."video"(video_id, stream_id, title, type, description, status, tags, topic_id, topic, media_info, preview, views, created_at, updated_at)
    VALUES ('bb926619-b5d0-4df9-8ca5-e96104764d94', '64e390d8-64cc-4432-96ca-b082c8117a96', 'Wesley goes live!', 'record', 'Wesley goes live!', '', '[]', 'e496e832-363e-4228-b518-7fe126ccaa04', 'Photography', '{"width":1280,"height":720,"bitrate":1333.22}', '', '37393', '2015-10-19 15:20:04.200200+0000', '2015-10-20 11:58:18.874800+0000');
INSERT INTO "neap"."stream"(stream_id, channel_id, title, topic_id, topic, media_info, viewers, created_at, updated_at, ended_at)
    VALUES ('15274bee-a862-4efa-a680-e25a7dd3c15f', '5e7211d6-4f08-4412-bb83-8fbf0f7615ff', 'Wesley goes live!', '5f6c7ec0-84ab-4d8e-a2d7-ff1887b55d6e', 'History', '{"width":1920,"height":1080,"bitrate":1279.45}', 867, '2015-10-28 04:43:19.882300+0000', '2015-10-28 08:43:53.600200+0000', '2015-10-28 10:05:20.554200+0000');
INSERT INTO "neap"."stream"(stream_id, channel_id, title, topic_id, topic, media_info, viewers, created_at, updated_at, ended_at)
    VALUES ('d67dffed-084f-446c-b7ec-d48e8be9f4ed', '5e7211d6-4f08-4412-bb83-8fbf0f7615ff', 'Today is Science day', '1cae4612-f178-4a0e-b3af-343a88b99638', 'Science', '{"width":720,"height":400,"bitrate":579.2}', 605, '2015-09-29 02:40:48.704600+0000', '2015-09-29 07:34:08.657400+0000', '2015-09-29 07:49:19.279600+0000');
INSERT INTO "neap"."user"(user_id, channel_id, type, username, email, password, display_name, logo, bio, created_at, updated_at)
    VALUES ('8640a212-e6e9-473e-9465-ea2689ae4696', '11f6f098-a4ec-47ed-981f-a1e89c10ed5d', 'user', 'irene', 'irene@neap.io', '$2y$10$X82sM/7jZxqnPZcMkkbaIeExYmwdXh2cTnwW1wy.yPAwxM1wkFgG6', 'Irene', 'https://gravatar.com/avatar/bbddba5b052fea079efea18f6ca92b36?s=128&d=identicon', null, '2015-09-11 10:03:00.652500+0000', '2015-09-30 15:48:22.539700+0000');
INSERT INTO "neap"."channel"(channel_id, user_id, chat_id, name, display_name, topic, language, views, followers)
    VALUES ('11f6f098-a4ec-47ed-981f-a1e89c10ed5d', '8640a212-e6e9-473e-9465-ea2689ae4696', '914bdb2a-b153-4929-831b-6cace4a5ed7b', 'irene', 'Irene Channel', 'Science', 'en', 95441, 52);
INSERT INTO "neap"."chat"(chat_id, channel_id, name)
    VALUES ('914bdb2a-b153-4929-831b-6cace4a5ed7b', '11f6f098-a4ec-47ed-981f-a1e89c10ed5d', 'irene');
INSERT INTO "neap"."stream"(stream_id, channel_id, title, topic_id, topic, media_info, viewers, created_at, updated_at, ended_at)
    VALUES ('a6a50fed-3cac-4987-8f4b-2fb05443c4bd', '11f6f098-a4ec-47ed-981f-a1e89c10ed5d', 'The origins of Biology', 'd4f06d27-2693-4552-bd85-d9875651ce39', 'Biology', '{"width":720,"height":400,"bitrate":625.9}', 289, '2015-09-18 17:32:44.103700+0000', '2015-09-18 19:46:50.643300+0000', '2015-09-18 20:51:31.847600+0000');
INSERT INTO "neap"."stream"(stream_id, channel_id, title, topic_id, topic, media_info, viewers, created_at, updated_at, ended_at)
    VALUES ('c135e55d-12fd-4d57-87d3-9b08c59075dd', '11f6f098-a4ec-47ed-981f-a1e89c10ed5d', 'Relax stream', '35fa82dc-ed25-47fb-b6cd-58ae8a151f60', 'Philosophy', '{"width":1280,"height":720,"bitrate":1364.8}', 1208, '2015-10-25 22:09:56.525800+0000', '2015-10-26 01:09:00.658300+0000', '2015-10-26 01:15:12.549600+0000');
INSERT INTO "neap"."video"(video_id, stream_id, title, type, description, status, tags, topic_id, topic, media_info, preview, views, created_at, updated_at)
    VALUES ('33f03b64-2c0c-4499-94fc-773604508502', 'c135e55d-12fd-4d57-87d3-9b08c59075dd', 'Relax stream', 'record', 'Relax stream', '', '[]', '35fa82dc-ed25-47fb-b6cd-58ae8a151f60', 'Philosophy', '{"width":1280,"height":720,"bitrate":1225.01}', '', '26770', '2015-10-31 17:51:29.737200+0000', '2015-11-02 09:09:22.541100+0000');
INSERT INTO "neap"."video"(video_id, stream_id, title, type, description, status, tags, topic_id, topic, media_info, preview, views, created_at, updated_at)
    VALUES ('836343af-d733-4d69-8c7b-550f637f31f8', 'c135e55d-12fd-4d57-87d3-9b08c59075dd', 'Relax stream', 'record', 'Relax stream', '', '[]', '35fa82dc-ed25-47fb-b6cd-58ae8a151f60', 'Philosophy', '{"width":1280,"height":720,"bitrate":1361.36}', '', '21027', '2015-10-31 03:56:07.595300+0000', '2015-11-04 00:57:25.649300+0000');
INSERT INTO "neap"."stream"(stream_id, channel_id, title, topic_id, topic, media_info, viewers, created_at, updated_at, ended_at)
    VALUES ('c1a96b70-fac9-4599-9d62-6b3b2f6a4bc2', '11f6f098-a4ec-47ed-981f-a1e89c10ed5d', 'Irene goes live!', '48e535f7-dba1-4d59-aac3-4c6cced32d6c', 'Video games', '{"width":720,"height":400,"bitrate":744.92}', 214, '2015-10-15 22:37:48.007500+0000', '2015-10-16 04:17:55.691400+0000', '2015-10-16 05:12:05.531100+0000');
INSERT INTO "neap"."video"(video_id, stream_id, title, type, description, status, tags, topic_id, topic, media_info, preview, views, created_at, updated_at)
    VALUES ('1ecb4eeb-4e4e-4dfc-b76c-71f09443f667', 'c1a96b70-fac9-4599-9d62-6b3b2f6a4bc2', 'Irene goes live!', 'record', 'Irene goes live!', '', '[]', '48e535f7-dba1-4d59-aac3-4c6cced32d6c', 'Video games', '{"width":720,"height":400,"bitrate":703.8}', '', '2368', '2015-10-27 21:21:02.812300+0000', '2015-10-29 01:01:11.579400+0000');
INSERT INTO "neap"."video"(video_id, stream_id, title, type, description, status, tags, topic_id, topic, media_info, preview, views, created_at, updated_at)
    VALUES ('3d654d65-bd2c-4289-a01f-dff6f7a74934', 'c1a96b70-fac9-4599-9d62-6b3b2f6a4bc2', 'Irene goes live!', 'record', 'Irene goes live!', '', '[]', '48e535f7-dba1-4d59-aac3-4c6cced32d6c', 'Video games', '{"width":720,"height":400,"bitrate":711.64}', '', '34415', '2015-10-24 15:11:26.931900+0000', '2015-10-24 18:22:31.397200+0000');
INSERT INTO "neap"."stream"(stream_id, channel_id, title, topic_id, topic, media_info, viewers, created_at, updated_at, ended_at)
    VALUES ('eff648c6-8d84-4724-8642-cde19d58842a', '11f6f098-a4ec-47ed-981f-a1e89c10ed5d', 'Relax stream', 'd2ea25fc-eb67-4c63-86d0-58ba2ce51b56', 'Theology', '{"width":1280,"height":720,"bitrate":1412.75}', 1846, '2015-09-23 15:34:53.444700+0000', '2015-09-23 15:50:41.273600+0000', '2015-09-23 16:02:41.568900+0000');
INSERT INTO "neap"."stream"(stream_id, channel_id, title, topic_id, topic, media_info, viewers, created_at, updated_at, ended_at)
    VALUES ('33dd384e-f458-4245-89f4-0ed175c8b4f2', '11f6f098-a4ec-47ed-981f-a1e89c10ed5d', 'Irene goes live!', '284b3091-455d-4476-ae67-442a19d153d4', 'Mathematics', '{"width":1280,"height":720,"bitrate":1336.88}', 717, '2015-09-28 02:45:03.975300+0000', '2015-09-28 02:56:27.130800+0000', '2015-09-28 03:02:45.219100+0000');
INSERT INTO "neap"."video"(video_id, stream_id, title, type, description, status, tags, topic_id, topic, media_info, preview, views, created_at, updated_at)
    VALUES ('b80fdcbd-0d76-4001-8a9b-0c58dde87cd4', '33dd384e-f458-4245-89f4-0ed175c8b4f2', 'Irene goes live!', 'record', 'Irene goes live!', '', '[]', '284b3091-455d-4476-ae67-442a19d153d4', 'Mathematics', '{"width":1280,"height":720,"bitrate":854.57}', '', '9722', '2015-10-28 00:59:48.213000+0000', '2015-10-28 01:03:08.730200+0000');
INSERT INTO "neap"."video"(video_id, stream_id, title, type, description, status, tags, topic_id, topic, media_info, preview, views, created_at, updated_at)
    VALUES ('e1e0dad0-0bba-491a-b89e-029f60c23406', '33dd384e-f458-4245-89f4-0ed175c8b4f2', 'Irene goes live!', 'record', 'Irene goes live!', '', '[]', '284b3091-455d-4476-ae67-442a19d153d4', 'Mathematics', '{"width":1280,"height":720,"bitrate":1385.93}', '', '31500', '2015-10-10 12:07:41.974000+0000', '2015-10-10 23:02:53.575500+0000');
INSERT INTO "neap"."stream"(stream_id, channel_id, title, topic_id, topic, media_info, viewers, created_at, updated_at, ended_at)
    VALUES ('52778dd9-e610-4604-80ed-794031085455', '11f6f098-a4ec-47ed-981f-a1e89c10ed5d', 'Today is Science day', '1cae4612-f178-4a0e-b3af-343a88b99638', 'Science', '{"width":720,"height":400,"bitrate":668.52}', 1255, '2015-10-19 10:04:50.735600+0000', '2015-10-19 13:18:45.090900+0000', '2015-10-19 13:55:53.560700+0000');
INSERT INTO "neap"."video"(video_id, stream_id, title, type, description, status, tags, topic_id, topic, media_info, preview, views, created_at, updated_at)
    VALUES ('b3449f37-52e7-4fe1-b1b0-a200deca194d', '52778dd9-e610-4604-80ed-794031085455', 'Today is Science day', 'record', 'Today is Science day', '', '[]', '1cae4612-f178-4a0e-b3af-343a88b99638', 'Science', '{"width":720,"height":400,"bitrate":773.4}', '', '37450', '2015-10-22 13:43:34.693500+0000', '2015-10-27 03:58:25.459800+0000');
INSERT INTO "neap"."video"(video_id, stream_id, title, type, description, status, tags, topic_id, topic, media_info, preview, views, created_at, updated_at)
    VALUES ('ffa2b00a-a370-4fbc-8f0a-4a93bad25460', '52778dd9-e610-4604-80ed-794031085455', 'Today is Science day', 'record', 'Today is Science day', '', '[]', '1cae4612-f178-4a0e-b3af-343a88b99638', 'Science', '{"width":720,"height":400,"bitrate":711.2}', '', '35274', '2015-10-25 18:55:06.901100+0000', '2015-10-26 14:42:17.550200+0000');
INSERT INTO "neap"."user"(user_id, channel_id, type, username, email, password, display_name, logo, bio, created_at, updated_at)
    VALUES ('2bb1844d-a230-4c21-aeaf-e7565acf15dd', '4642afc4-f948-484c-9f81-85a49237acb9', 'user', 'brooklynn', 'brooklynn@neap.io', '$2y$10$Qdl6Z/fB7YnSiBCmFxJqD.d9Hi.gxJhNmthyYETJACM1XZjVylwn2', 'Brooklynn', 'https://gravatar.com/avatar/822942a7621e5c78b63a8029e05c0c60?s=128&d=identicon', null, '2015-07-31 02:50:40.279800+0000', '2015-08-15 07:58:01.492900+0000');
INSERT INTO "neap"."channel"(channel_id, user_id, chat_id, name, display_name, topic, language, views, followers)
    VALUES ('4642afc4-f948-484c-9f81-85a49237acb9', '2bb1844d-a230-4c21-aeaf-e7565acf15dd', '82ed3e34-22b3-4463-bbae-98e9bd2d8fce', 'brooklynn', 'Brooklynn Channel', 'Astrology', 'en', 44499, 145);
INSERT INTO "neap"."chat"(chat_id, channel_id, name)
    VALUES ('82ed3e34-22b3-4463-bbae-98e9bd2d8fce', '4642afc4-f948-484c-9f81-85a49237acb9', 'brooklynn');
INSERT INTO "neap"."user"(user_id, channel_id, type, username, email, password, display_name, logo, bio, created_at, updated_at)
    VALUES ('577de30b-f181-40b2-a403-4acd2d239906', 'bd4bbd83-5df2-42aa-ad62-39f4b5bfd0ea', 'user', 'lucille', 'lucille@neap.io', '$2y$10$agR9I000g./vULMvlIPGR.5.9jGCRUFoaxKAXBlMOyUHgNonCI28O', 'Lucille', 'https://gravatar.com/avatar/c11ea7791a8ec5fa1ffac60990cd0026?s=128&d=identicon', null, '2015-04-26 15:56:36.444500+0000', '2015-08-03 04:42:12.126700+0000');
INSERT INTO "neap"."channel"(channel_id, user_id, chat_id, name, display_name, topic, language, views, followers)
    VALUES ('bd4bbd83-5df2-42aa-ad62-39f4b5bfd0ea', '577de30b-f181-40b2-a403-4acd2d239906', '69d6f6bf-d21a-4404-bd97-f9728c9b55f4', 'lucille', 'Lucille Channel', 'History', 'en', 61330, 127);
INSERT INTO "neap"."chat"(chat_id, channel_id, name)
    VALUES ('69d6f6bf-d21a-4404-bd97-f9728c9b55f4', 'bd4bbd83-5df2-42aa-ad62-39f4b5bfd0ea', 'lucille');
INSERT INTO "neap"."stream"(stream_id, channel_id, title, topic_id, topic, media_info, viewers, created_at, updated_at, ended_at)
    VALUES ('1ef7dab2-c7ab-42f1-b811-8c7ceefd3329', 'bd4bbd83-5df2-42aa-ad62-39f4b5bfd0ea', 'Lucille goes live!', '284b3091-455d-4476-ae67-442a19d153d4', 'Mathematics', '{"width":720,"height":400,"bitrate":630.94}', 1712, '2015-05-03 13:09:10.954000+0000', '2015-05-03 13:09:47.697800+0000', '2015-05-03 13:35:48.414000+0000');
INSERT INTO "neap"."video"(video_id, stream_id, title, type, description, status, tags, topic_id, topic, media_info, preview, views, created_at, updated_at)
    VALUES ('05ffb93c-1a53-4086-b219-ecfb72de6a17', '1ef7dab2-c7ab-42f1-b811-8c7ceefd3329', 'Lucille goes live!', 'record', 'Lucille goes live!', '', '[]', '284b3091-455d-4476-ae67-442a19d153d4', 'Mathematics', '{"width":720,"height":400,"bitrate":606.18}', '', '23004', '2015-07-05 07:27:26.502200+0000', '2015-07-06 23:09:21.775700+0000');
INSERT INTO "neap"."video"(video_id, stream_id, title, type, description, status, tags, topic_id, topic, media_info, preview, views, created_at, updated_at)
    VALUES ('f12fe41b-b842-497d-9a50-f26c9a8901ec', '1ef7dab2-c7ab-42f1-b811-8c7ceefd3329', 'Lucille goes live!', 'record', 'Lucille goes live!', '', '[]', '284b3091-455d-4476-ae67-442a19d153d4', 'Mathematics', '{"width":720,"height":400,"bitrate":699.21}', '', '4671', '2015-09-25 06:40:02.550400+0000', '2015-09-25 16:29:21.607800+0000');
INSERT INTO "neap"."stream"(stream_id, channel_id, title, topic_id, topic, media_info, viewers, created_at, updated_at, ended_at)
    VALUES ('b61dceeb-f21d-42b1-a1d6-897e1f673beb', 'bd4bbd83-5df2-42aa-ad62-39f4b5bfd0ea', 'The origins of History', '5f6c7ec0-84ab-4d8e-a2d7-ff1887b55d6e', 'History', '{"width":720,"height":400,"bitrate":565.59}', 1574, '2015-06-29 20:49:41.443800+0000', '2015-06-29 22:52:11.215000+0000', '2015-06-29 23:13:51.469300+0000');
INSERT INTO "neap"."video"(video_id, stream_id, title, type, description, status, tags, topic_id, topic, media_info, preview, views, created_at, updated_at)
    VALUES ('831dcf19-e62f-422c-969f-25cf3bb46417', 'b61dceeb-f21d-42b1-a1d6-897e1f673beb', 'The origins of History', 'record', 'The origins of History', '', '[]', '5f6c7ec0-84ab-4d8e-a2d7-ff1887b55d6e', 'History', '{"width":720,"height":400,"bitrate":534.93}', '', '7110', '2015-10-04 13:55:24.281900+0000', '2015-10-06 21:32:39.324100+0000');
INSERT INTO "neap"."stream"(stream_id, channel_id, title, topic_id, topic, media_info, viewers, created_at, updated_at, ended_at)
    VALUES ('cf16d90a-7497-48dd-8abd-a896572904ab', 'bd4bbd83-5df2-42aa-ad62-39f4b5bfd0ea', 'Relax stream', 'e9af2f53-d2dd-4e32-9dea-26d6ac21bcb8', 'Astrology', '{"width":1920,"height":1080,"bitrate":1234.38}', 1339, '2015-07-18 16:51:28.664100+0000', '2015-07-18 23:48:28.221000+0000', '2015-07-19 00:13:13.879000+0000');
INSERT INTO "neap"."video"(video_id, stream_id, title, type, description, status, tags, topic_id, topic, media_info, preview, views, created_at, updated_at)
    VALUES ('aa0f9e36-209a-4866-acf5-39fb38d155d3', 'cf16d90a-7497-48dd-8abd-a896572904ab', 'Relax stream', 'record', 'Relax stream', '', '[]', 'e9af2f53-d2dd-4e32-9dea-26d6ac21bcb8', 'Astrology', '{"width":1920,"height":1080,"bitrate":2881.57}', '', '36411', '2015-08-19 22:39:08.655800+0000', '2015-08-21 02:54:00.446900+0000');
INSERT INTO "neap"."stream"(stream_id, channel_id, title, topic_id, topic, media_info, viewers, created_at, updated_at, ended_at)
    VALUES ('45738abe-cd5f-461d-87c9-fbd20eff2727', 'bd4bbd83-5df2-42aa-ad62-39f4b5bfd0ea', 'Fun with Astrology and Lucille', 'e9af2f53-d2dd-4e32-9dea-26d6ac21bcb8', 'Astrology', '{"width":720,"height":400,"bitrate":618.03}', 1841, '2015-08-14 14:20:33.162600+0000', '2015-08-14 15:37:16.558400+0000', '2015-08-14 17:26:41.613700+0000');
INSERT INTO "neap"."video"(video_id, stream_id, title, type, description, status, tags, topic_id, topic, media_info, preview, views, created_at, updated_at)
    VALUES ('514ab7dc-75c8-49f5-86c6-fed75913466b', '45738abe-cd5f-461d-87c9-fbd20eff2727', 'Fun with Astrology and Lucille', 'record', 'Fun with Astrology and Lucille', '', '[]', 'e9af2f53-d2dd-4e32-9dea-26d6ac21bcb8', 'Astrology', '{"width":720,"height":400,"bitrate":695.45}', '', '28969', '2015-10-05 20:27:24.033800+0000', '2015-10-08 12:24:47.429900+0000');
INSERT INTO "neap"."user"(user_id, channel_id, type, username, email, password, display_name, logo, bio, created_at, updated_at)
    VALUES ('1b586775-3fba-4d1e-b4cd-ff9abcfac888', '91baab1b-1527-4efa-b9d6-86070b9e0622', 'user', 'uriel', 'uriel@neap.io', '$2y$10$IXylofNHb3szzLtre2wjPOXcL5yJ6lM601h9vx4BXGmndqr6S9pmu', 'Uriel', 'https://gravatar.com/avatar/816c95c04a6f79c56988de9374fa47b1?s=128&d=identicon', null, '2015-09-19 06:35:17.639600+0000', '2015-10-07 04:32:43.354900+0000');
INSERT INTO "neap"."channel"(channel_id, user_id, chat_id, name, display_name, topic, language, views, followers)
    VALUES ('91baab1b-1527-4efa-b9d6-86070b9e0622', '1b586775-3fba-4d1e-b4cd-ff9abcfac888', 'd6c3192d-12b4-4b27-9cac-541d4ef80ede', 'uriel', 'Uriel Channel', 'Biology', 'en', 68791, 21);
INSERT INTO "neap"."chat"(chat_id, channel_id, name)
    VALUES ('d6c3192d-12b4-4b27-9cac-541d4ef80ede', '91baab1b-1527-4efa-b9d6-86070b9e0622', 'uriel');
INSERT INTO "neap"."stream"(stream_id, channel_id, title, topic_id, topic, media_info, viewers, created_at, updated_at, ended_at)
    VALUES ('a1eafe32-2633-4f7b-bc62-de79bc5f6b01', '91baab1b-1527-4efa-b9d6-86070b9e0622', 'Uriel goes live!', '5f6c7ec0-84ab-4d8e-a2d7-ff1887b55d6e', 'History', '{"width":1280,"height":720,"bitrate":940.91}', 1581, '2015-10-18 20:23:36.643100+0000', '2015-10-19 00:53:18.139500+0000', '2015-10-19 01:42:08.635800+0000');
INSERT INTO "neap"."stream"(stream_id, channel_id, title, topic_id, topic, media_info, viewers, created_at, updated_at, ended_at)
    VALUES ('cd47df63-4ccf-4ce8-8dd7-dab820d42cca', '91baab1b-1527-4efa-b9d6-86070b9e0622', 'Today is History day', '5f6c7ec0-84ab-4d8e-a2d7-ff1887b55d6e', 'History', '{"width":720,"height":400,"bitrate":746.75}', 1369, '2015-10-21 06:41:03.291300+0000', '2015-10-21 12:08:27.909800+0000', '2015-10-21 12:28:52.290400+0000');
INSERT INTO "neap"."video"(video_id, stream_id, title, type, description, status, tags, topic_id, topic, media_info, preview, views, created_at, updated_at)
    VALUES ('a0436e09-d704-4eed-ace4-104a9eaa108a', 'cd47df63-4ccf-4ce8-8dd7-dab820d42cca', 'Today is History day', 'record', 'Today is History day', '', '[]', '5f6c7ec0-84ab-4d8e-a2d7-ff1887b55d6e', 'History', '{"width":720,"height":400,"bitrate":504.21}', '', '24361', '2015-11-01 16:58:43.251600+0000', '2015-11-03 08:36:33.164300+0000');
INSERT INTO "neap"."stream"(stream_id, channel_id, title, topic_id, topic, media_info, viewers, created_at, updated_at, ended_at)
    VALUES ('381c1f66-c255-4d43-bdfe-f272d4bbc618', '91baab1b-1527-4efa-b9d6-86070b9e0622', 'Relax stream', '994391cf-d41e-46f4-b6eb-ce53824e3a0c', 'Litterature', '{"width":1280,"height":720,"bitrate":1212.13}', 120, '2015-10-04 17:57:59.714800+0000', '2015-10-04 22:42:07.850600+0000', '2015-10-04 22:54:22.328900+0000');
INSERT INTO "neap"."stream"(stream_id, channel_id, title, topic_id, topic, media_info, viewers, created_at, updated_at, ended_at)
    VALUES ('1b99c23b-7a99-4055-b8b6-f13c5a7958fd', '91baab1b-1527-4efa-b9d6-86070b9e0622', 'Music?? Yeah, Music!', 'b369c464-cdea-4356-9d70-1450585652e2', 'Music', '{"width":1920,"height":1080,"bitrate":2699.6}', 336, '2015-10-26 04:08:56.674200+0000', '2015-10-26 06:43:34.326200+0000', '2015-10-26 07:14:24.158500+0000');
INSERT INTO "neap"."video"(video_id, stream_id, title, type, description, status, tags, topic_id, topic, media_info, preview, views, created_at, updated_at)
    VALUES ('13bf0b30-a02d-498e-9172-3d0935be04bf', '1b99c23b-7a99-4055-b8b6-f13c5a7958fd', 'Music?? Yeah, Music!', 'record', 'Music?? Yeah, Music!', '', '[]', 'b369c464-cdea-4356-9d70-1450585652e2', 'Music', '{"width":1920,"height":1080,"bitrate":2383.84}', '', '17588', '2015-10-30 23:22:48.833400+0000', '2015-11-02 18:54:35.837500+0000');
INSERT INTO "neap"."stream"(stream_id, channel_id, title, topic_id, topic, media_info, viewers, created_at, updated_at, ended_at)
    VALUES ('028d01fb-eba4-427c-84f6-248671d76597', '91baab1b-1527-4efa-b9d6-86070b9e0622', 'Come on and have fun with Uriel!', '284b3091-455d-4476-ae67-442a19d153d4', 'Mathematics', '{"width":720,"height":400,"bitrate":675.55}', 634, '2015-09-25 07:23:41.542700+0000', '2015-09-25 13:52:51.715400+0000', '2015-09-25 14:15:23.454000+0000');
INSERT INTO "neap"."video"(video_id, stream_id, title, type, description, status, tags, topic_id, topic, media_info, preview, views, created_at, updated_at)
    VALUES ('f5fd66e5-ff70-4f54-8cee-d13e34253c57', '028d01fb-eba4-427c-84f6-248671d76597', 'Come on and have fun with Uriel!', 'record', 'Come on and have fun with Uriel!', '', '[]', '284b3091-455d-4476-ae67-442a19d153d4', 'Mathematics', '{"width":720,"height":400,"bitrate":780.97}', '', '34032', '2015-10-28 14:40:03.701600+0000', '2015-11-01 20:32:33.832200+0000');
INSERT INTO "neap"."stream"(stream_id, channel_id, title, topic_id, topic, media_info, viewers, created_at, updated_at, ended_at)
    VALUES ('1002d6f3-7d6f-4610-87cd-4481102ccc2f', '91baab1b-1527-4efa-b9d6-86070b9e0622', 'Today is Philosophy day', '35fa82dc-ed25-47fb-b6cd-58ae8a151f60', 'Philosophy', '{"width":1280,"height":720,"bitrate":906.18}', 1775, '2015-10-29 02:45:41.008300+0000', '2015-10-29 03:49:25.592700+0000', '2015-10-29 03:53:43.139100+0000');
INSERT INTO "neap"."video"(video_id, stream_id, title, type, description, status, tags, topic_id, topic, media_info, preview, views, created_at, updated_at)
    VALUES ('0b38d3f4-4869-4609-8c12-7fa4c6062a53', '1002d6f3-7d6f-4610-87cd-4481102ccc2f', 'Today is Philosophy day', 'record', 'Today is Philosophy day', '', '[]', '35fa82dc-ed25-47fb-b6cd-58ae8a151f60', 'Philosophy', '{"width":1280,"height":720,"bitrate":1084.53}', '', '35531', '2015-11-01 11:02:43.502100+0000', '2015-11-04 02:42:18.166500+0000');
INSERT INTO "neap"."stream"(stream_id, channel_id, title, topic_id, topic, media_info, viewers, created_at, updated_at, ended_at)
    VALUES ('bfc4a43d-fe32-4229-b771-a3bda69948dd', '91baab1b-1527-4efa-b9d6-86070b9e0622', 'The origins of Video games', '48e535f7-dba1-4d59-aac3-4c6cced32d6c', 'Video games', '{"width":1920,"height":1080,"bitrate":3314.94}', 61987, '2015-10-10 00:26:52.924300+0000', '2015-10-10 06:21:17.758400+0000', '2015-10-10 06:30:33.712300+0000');
INSERT INTO "neap"."video"(video_id, stream_id, title, type, description, status, tags, topic_id, topic, media_info, preview, views, created_at, updated_at)
    VALUES ('c3ef9322-d017-4b74-add3-dc5b9259d99f', 'bfc4a43d-fe32-4229-b771-a3bda69948dd', 'The origins of Video games', 'record', 'The origins of Video games', '', '[]', '48e535f7-dba1-4d59-aac3-4c6cced32d6c', 'Video games', '{"width":1920,"height":1080,"bitrate":2593.75}', '', '33416', '2015-10-18 08:15:06.213200+0000', '2015-10-19 01:19:23.896200+0000');
INSERT INTO "neap"."user"(user_id, channel_id, type, username, email, password, display_name, logo, bio, created_at, updated_at)
    VALUES ('3bf22164-a0ae-4830-b99b-c2abddfbcbbe', '6e34f90c-2c3c-4872-9692-dcd180d55510', 'user', 'kasen', 'kasen@neap.io', '$2y$10$pZmMcmCz1P6490M9wI4Yre0XrGdYwFcE87GGAMmeBEtHYKDB2RIay', 'Kasen', 'https://gravatar.com/avatar/89c3dbeb463bb42c0b1b636f7f83e805?s=128&d=identicon', null, '2015-09-04 05:21:52.592800+0000', '2015-10-16 16:37:18.369900+0000');
INSERT INTO "neap"."channel"(channel_id, user_id, chat_id, name, display_name, topic, language, views, followers)
    VALUES ('6e34f90c-2c3c-4872-9692-dcd180d55510', '3bf22164-a0ae-4830-b99b-c2abddfbcbbe', 'e2b2e03d-846e-401b-9b6d-386003c75918', 'kasen', 'Kasen Channel', 'Biology', 'en', 39354, 71);
INSERT INTO "neap"."chat"(chat_id, channel_id, name)
    VALUES ('e2b2e03d-846e-401b-9b6d-386003c75918', '6e34f90c-2c3c-4872-9692-dcd180d55510', 'kasen');
INSERT INTO "neap"."stream"(stream_id, channel_id, title, topic_id, topic, media_info, viewers, created_at, updated_at, ended_at)
    VALUES ('ba33a5c4-6d34-4605-927d-80360296c18c', '6e34f90c-2c3c-4872-9692-dcd180d55510', 'Kasen goes live!', '5f6c7ec0-84ab-4d8e-a2d7-ff1887b55d6e', 'History', '{"width":720,"height":400,"bitrate":672.31}', 1570, '2015-10-15 04:25:50.648800+0000', '2015-10-15 05:42:51.018100+0000', '2015-10-15 07:01:04.373800+0000');
INSERT INTO "neap"."video"(video_id, stream_id, title, type, description, status, tags, topic_id, topic, media_info, preview, views, created_at, updated_at)
    VALUES ('494dc4b9-9606-4136-9138-ca9b1547f8f9', 'ba33a5c4-6d34-4605-927d-80360296c18c', 'Kasen goes live!', 'record', 'Kasen goes live!', '', '[]', '5f6c7ec0-84ab-4d8e-a2d7-ff1887b55d6e', 'History', '{"width":720,"height":400,"bitrate":542.38}', '', '1928', '2015-10-26 17:03:59.887100+0000', '2015-10-28 22:21:45.712700+0000');
INSERT INTO "neap"."video"(video_id, stream_id, title, type, description, status, tags, topic_id, topic, media_info, preview, views, created_at, updated_at)
    VALUES ('1b2054e7-4e2b-4622-b601-9da076852994', 'ba33a5c4-6d34-4605-927d-80360296c18c', 'Kasen goes live!', 'record', 'Kasen goes live!', '', '[]', '5f6c7ec0-84ab-4d8e-a2d7-ff1887b55d6e', 'History', '{"width":720,"height":400,"bitrate":553.11}', '', '570', '2015-10-26 08:23:19.962600+0000', '2015-10-27 20:35:55.605600+0000');
INSERT INTO "neap"."stream"(stream_id, channel_id, title, topic_id, topic, media_info, viewers, created_at, updated_at, ended_at)
    VALUES ('cd801e02-9f55-47fa-a7de-8230a27e4058', '6e34f90c-2c3c-4872-9692-dcd180d55510', 'Today is Music day', 'b369c464-cdea-4356-9d70-1450585652e2', 'Music', '{"width":1920,"height":1080,"bitrate":1494.25}', 455, '2015-09-25 02:00:17.479700+0000', '2015-09-25 04:05:34.258000+0000', '2015-09-25 04:15:15.270500+0000');
INSERT INTO "neap"."video"(video_id, stream_id, title, type, description, status, tags, topic_id, topic, media_info, preview, views, created_at, updated_at)
    VALUES ('35d65a16-f3d5-4c82-a13f-20f3c994f1bb', 'cd801e02-9f55-47fa-a7de-8230a27e4058', 'Today is Music day', 'record', 'Today is Music day', '', '[]', 'b369c464-cdea-4356-9d70-1450585652e2', 'Music', '{"width":1920,"height":1080,"bitrate":3293.14}', '', '29154', '2015-09-28 18:36:24.356000+0000', '2015-09-28 20:32:28.932100+0000');
INSERT INTO "neap"."stream"(stream_id, channel_id, title, topic_id, topic, media_info, viewers, created_at, updated_at, ended_at)
    VALUES ('cb3dda55-6287-4dcd-ad0a-adaba956b341', '6e34f90c-2c3c-4872-9692-dcd180d55510', 'Today is Astrology day', 'e9af2f53-d2dd-4e32-9dea-26d6ac21bcb8', 'Astrology', '{"width":720,"height":400,"bitrate":722}', 1139, '2015-09-04 22:59:23.276500+0000', '2015-09-04 23:18:22.838700+0000', '2015-09-04 23:32:34.554400+0000');
INSERT INTO "neap"."user"(user_id, channel_id, type, username, email, password, display_name, logo, bio, created_at, updated_at)
    VALUES ('18916844-4483-4c74-a475-0e8e0a48e2da', '2cf0ff47-6fe2-4665-bfee-e56228d6b7ea', 'user', 'addisyn', 'addisyn@neap.io', '$2y$10$TwlrxnWecjSkUdJUWS9siuq9n6dI1hSPAWhQk3u6qe2lwgrdu1oSy', 'Addisyn', 'https://gravatar.com/avatar/629d4f34eb05cee3d391a51dc5ee1400?s=128&d=identicon', null, '2015-10-20 11:38:31.143500+0000', '2015-10-23 00:35:14.089500+0000');
INSERT INTO "neap"."channel"(channel_id, user_id, chat_id, name, display_name, topic, language, views, followers)
    VALUES ('2cf0ff47-6fe2-4665-bfee-e56228d6b7ea', '18916844-4483-4c74-a475-0e8e0a48e2da', 'b5ad2a99-05ab-4393-bc64-30ec307c0f7f', 'addisyn', 'Addisyn Channel', 'Philosophy', 'en', 71419, 130);
INSERT INTO "neap"."chat"(chat_id, channel_id, name)
    VALUES ('b5ad2a99-05ab-4393-bc64-30ec307c0f7f', '2cf0ff47-6fe2-4665-bfee-e56228d6b7ea', 'addisyn');
INSERT INTO "neap"."stream"(stream_id, channel_id, title, topic_id, topic, media_info, viewers, created_at, updated_at, ended_at)
    VALUES ('8fd12b6c-b932-4181-a840-9f5a883c1408', '2cf0ff47-6fe2-4665-bfee-e56228d6b7ea', 'Relax stream', '284b3091-455d-4476-ae67-442a19d153d4', 'Mathematics', '{"width":720,"height":400,"bitrate":606.18}', 1666, '2015-10-29 19:55:07.549400+0000', '2015-10-30 00:51:14.362600+0000', '2015-10-30 01:48:53.996400+0000');
INSERT INTO "neap"."stream"(stream_id, channel_id, title, topic_id, topic, media_info, viewers, created_at, updated_at, ended_at)
    VALUES ('fb228947-47fa-45e5-b6b5-df8f2c3d034c', '2cf0ff47-6fe2-4665-bfee-e56228d6b7ea', 'Music?? Yeah, Music!', 'b369c464-cdea-4356-9d70-1450585652e2', 'Music', '{"width":1920,"height":1080,"bitrate":1018.08}', 111, '2015-10-25 21:26:29.799300+0000', '2015-10-26 01:14:03.290000+0000', '2015-10-26 01:42:34.059300+0000');
INSERT INTO "neap"."video"(video_id, stream_id, title, type, description, status, tags, topic_id, topic, media_info, preview, views, created_at, updated_at)
    VALUES ('7607fb1f-d5ca-4b53-8198-89fbced0ad49', 'fb228947-47fa-45e5-b6b5-df8f2c3d034c', 'Music?? Yeah, Music!', 'record', 'Music?? Yeah, Music!', '', '[]', 'b369c464-cdea-4356-9d70-1450585652e2', 'Music', '{"width":1920,"height":1080,"bitrate":1398.17}', '', '21453', '2015-10-30 04:37:43.685000+0000', '2015-10-31 06:20:24.797500+0000');
INSERT INTO "neap"."video"(video_id, stream_id, title, type, description, status, tags, topic_id, topic, media_info, preview, views, created_at, updated_at)
    VALUES ('845c711d-d7cf-4715-9dfd-f2501bfe1c8a', 'fb228947-47fa-45e5-b6b5-df8f2c3d034c', 'Music?? Yeah, Music!', 'record', 'Music?? Yeah, Music!', '', '[]', 'b369c464-cdea-4356-9d70-1450585652e2', 'Music', '{"width":1920,"height":1080,"bitrate":2682.82}', '', '27737', '2015-10-30 21:48:48.164500+0000', '2015-11-01 23:19:34.190700+0000');
INSERT INTO "neap"."stream"(stream_id, channel_id, title, topic_id, topic, media_info, viewers, created_at, updated_at, ended_at)
    VALUES ('1710d537-1a62-4348-94e9-7dabe11b9608', '2cf0ff47-6fe2-4665-bfee-e56228d6b7ea', 'The origins of Theology', 'd2ea25fc-eb67-4c63-86d0-58ba2ce51b56', 'Theology', '{"width":1920,"height":1080,"bitrate":1396.88}', 84521, '2015-10-27 19:23:19.625200+0000', '2015-10-27 21:28:56.807600+0000', '2015-10-27 22:10:21.279200+0000');
INSERT INTO "neap"."stream"(stream_id, channel_id, title, topic_id, topic, media_info, viewers, created_at, updated_at, ended_at)
    VALUES ('5f1adbbe-ce9b-4f3f-aafa-50246ba73003', '2cf0ff47-6fe2-4665-bfee-e56228d6b7ea', 'Addisyn goes live!', 'e496e832-363e-4228-b518-7fe126ccaa04', 'Photography', '{"width":720,"height":400,"bitrate":678.02}', 720, '2015-10-25 19:06:53.356400+0000', '2015-10-26 01:54:01.537300+0000', '2015-10-26 02:21:27.522600+0000');
INSERT INTO "neap"."video"(video_id, stream_id, title, type, description, status, tags, topic_id, topic, media_info, preview, views, created_at, updated_at)
    VALUES ('c004b6c1-25b6-4256-b6e4-d4b9f4e6fd25', '5f1adbbe-ce9b-4f3f-aafa-50246ba73003', 'Addisyn goes live!', 'record', 'Addisyn goes live!', '', '[]', 'e496e832-363e-4228-b518-7fe126ccaa04', 'Photography', '{"width":720,"height":400,"bitrate":587.19}', '', '17969', '2015-10-28 09:10:25.924500+0000', '2015-10-28 21:48:25.542700+0000');
INSERT INTO "neap"."stream"(stream_id, channel_id, title, topic_id, topic, media_info, viewers, created_at, updated_at, ended_at)
    VALUES ('3ceef2dd-114d-422d-9cad-2ad5d5e86684', '2cf0ff47-6fe2-4665-bfee-e56228d6b7ea', 'Relax stream', '48e535f7-dba1-4d59-aac3-4c6cced32d6c', 'Video games', '{"width":1920,"height":1080,"bitrate":1609.93}', 68337, '2015-10-31 14:29:58.328100+0000', '2015-10-31 17:05:56.731600+0000', '2015-10-31 18:10:04.668800+0000');
INSERT INTO "neap"."video"(video_id, stream_id, title, type, description, status, tags, topic_id, topic, media_info, preview, views, created_at, updated_at)
    VALUES ('199ee0a7-729e-40c7-8fe1-f525ec7a40f1', '3ceef2dd-114d-422d-9cad-2ad5d5e86684', 'Relax stream', 'record', 'Relax stream', '', '[]', '48e535f7-dba1-4d59-aac3-4c6cced32d6c', 'Video games', '{"width":1920,"height":1080,"bitrate":2350.34}', '', '19919', '2015-11-01 06:46:01.762300+0000', '2015-11-02 12:39:58.655200+0000');
INSERT INTO "neap"."video"(video_id, stream_id, title, type, description, status, tags, topic_id, topic, media_info, preview, views, created_at, updated_at)
    VALUES ('4f27ec17-8ab6-4a5a-b3b5-ed8687fe4f38', '3ceef2dd-114d-422d-9cad-2ad5d5e86684', 'Relax stream', 'record', 'Relax stream', '', '[]', '48e535f7-dba1-4d59-aac3-4c6cced32d6c', 'Video games', '{"width":1920,"height":1080,"bitrate":3268.21}', '', '18112', '2015-11-01 10:06:54.346000+0000', '2015-11-01 13:25:51.132700+0000');
INSERT INTO "neap"."user"(user_id, channel_id, type, username, email, password, display_name, logo, bio, created_at, updated_at)
    VALUES ('bcb0d191-688f-4af1-81ea-1d1f1d846cc4', 'e6ecfa9c-a227-4e50-b122-70cca4cd0403', 'user', 'kaison', 'kaison@neap.io', '$2y$10$CFfVnyLWBKTlGJdEKBug..xrjOxy3X/EsKpvS.u8PF0ugLYs/tTWq', 'Kaison', 'https://gravatar.com/avatar/a789b5569297220872b1c023b29630ce?s=128&d=identicon', null, '2015-03-10 07:50:17.986700+0000', '2015-07-13 09:39:18.265800+0000');
INSERT INTO "neap"."channel"(channel_id, user_id, chat_id, name, display_name, topic, language, views, followers)
    VALUES ('e6ecfa9c-a227-4e50-b122-70cca4cd0403', 'bcb0d191-688f-4af1-81ea-1d1f1d846cc4', 'b4c21089-389d-4c26-85dc-1dfd73cfdde9', 'kaison', 'Kaison Channel', 'Litterature', 'en', 79697, 119);
INSERT INTO "neap"."chat"(chat_id, channel_id, name)
    VALUES ('b4c21089-389d-4c26-85dc-1dfd73cfdde9', 'e6ecfa9c-a227-4e50-b122-70cca4cd0403', 'kaison');
INSERT INTO "neap"."stream"(stream_id, channel_id, title, topic_id, topic, media_info, viewers, created_at, updated_at, ended_at)
    VALUES ('80ccefa2-913b-49c0-8faa-a7ad7cf09210', 'e6ecfa9c-a227-4e50-b122-70cca4cd0403', 'Come on and have fun with Kaison!', '994391cf-d41e-46f4-b6eb-ce53824e3a0c', 'Litterature', '{"width":1920,"height":1080,"bitrate":3176.25}', 522, '2015-04-30 08:17:38.495100+0000', '2015-04-30 13:14:44.960200+0000', '2015-04-30 13:30:50.228900+0000');
INSERT INTO "neap"."video"(video_id, stream_id, title, type, description, status, tags, topic_id, topic, media_info, preview, views, created_at, updated_at)
    VALUES ('4de571fe-f723-40c8-b018-8c47cd363d54', '80ccefa2-913b-49c0-8faa-a7ad7cf09210', 'Come on and have fun with Kaison!', 'record', 'Come on and have fun with Kaison!', '', '[]', '994391cf-d41e-46f4-b6eb-ce53824e3a0c', 'Litterature', '{"width":1920,"height":1080,"bitrate":2550.86}', '', '23818', '2015-08-20 06:52:18.931000+0000', '2015-08-20 19:01:18.362700+0000');
INSERT INTO "neap"."stream"(stream_id, channel_id, title, topic_id, topic, media_info, viewers, created_at, updated_at, ended_at)
    VALUES ('64256e15-8a77-4eef-98ef-7b5df78de304', 'e6ecfa9c-a227-4e50-b122-70cca4cd0403', 'Relax stream', '35fa82dc-ed25-47fb-b6cd-58ae8a151f60', 'Philosophy', '{"width":1280,"height":720,"bitrate":1287.78}', 1381, '2015-09-07 08:23:44.200800+0000', '2015-09-07 10:50:38.138000+0000', '2015-09-07 10:55:00.936600+0000');
INSERT INTO "neap"."video"(video_id, stream_id, title, type, description, status, tags, topic_id, topic, media_info, preview, views, created_at, updated_at)
    VALUES ('d4bfffce-bb76-4ded-8fc5-0b840e4a0894', '64256e15-8a77-4eef-98ef-7b5df78de304', 'Relax stream', 'record', 'Relax stream', '', '[]', '35fa82dc-ed25-47fb-b6cd-58ae8a151f60', 'Philosophy', '{"width":1280,"height":720,"bitrate":1251.44}', '', '18194', '2015-10-18 11:56:47.384900+0000', '2015-10-23 01:13:09.665000+0000');
INSERT INTO "neap"."stream"(stream_id, channel_id, title, topic_id, topic, media_info, viewers, created_at, updated_at, ended_at)
    VALUES ('47eb444e-7789-405b-ab49-b7486416924e', 'e6ecfa9c-a227-4e50-b122-70cca4cd0403', 'Fun with Music and Kaison', 'b369c464-cdea-4356-9d70-1450585652e2', 'Music', '{"width":720,"height":400,"bitrate":530.07}', 5, '2015-09-03 23:17:48.910700+0000', '2015-09-04 06:55:14.052000+0000', '2015-09-04 07:06:28.079000+0000');
INSERT INTO "neap"."video"(video_id, stream_id, title, type, description, status, tags, topic_id, topic, media_info, preview, views, created_at, updated_at)
    VALUES ('14a738f8-11a6-44bd-995f-1e540f164f9d', '47eb444e-7789-405b-ab49-b7486416924e', 'Fun with Music and Kaison', 'record', 'Fun with Music and Kaison', '', '[]', 'b369c464-cdea-4356-9d70-1450585652e2', 'Music', '{"width":720,"height":400,"bitrate":583.03}', '', '39399', '2015-10-30 12:38:09.596300+0000', '2015-11-01 11:48:25.272300+0000');
INSERT INTO "neap"."stream"(stream_id, channel_id, title, topic_id, topic, media_info, viewers, created_at, updated_at, ended_at)
    VALUES ('a54ebadc-1c20-47d6-8e24-f78d6f72efcf', 'e6ecfa9c-a227-4e50-b122-70cca4cd0403', 'The origins of Philosophy', '35fa82dc-ed25-47fb-b6cd-58ae8a151f60', 'Philosophy', '{"width":1920,"height":1080,"bitrate":1328.37}', 1322, '2015-10-21 08:17:51.042400+0000', '2015-10-21 10:06:04.573700+0000', '2015-10-21 10:21:06.714300+0000');
INSERT INTO "neap"."stream"(stream_id, channel_id, title, topic_id, topic, media_info, viewers, created_at, updated_at, ended_at)
    VALUES ('5c1bbfd6-e4af-422c-b52b-e36b7510eafd', 'e6ecfa9c-a227-4e50-b122-70cca4cd0403', 'Come on and have fun with Kaison!', 'e9af2f53-d2dd-4e32-9dea-26d6ac21bcb8', 'Astrology', '{"width":1280,"height":720,"bitrate":786.34}', 82, '2015-06-30 14:51:07.841200+0000', '2015-06-30 23:18:02.402700+0000', '2015-06-30 23:28:52.869600+0000');
INSERT INTO "neap"."video"(video_id, stream_id, title, type, description, status, tags, topic_id, topic, media_info, preview, views, created_at, updated_at)
    VALUES ('464e92c6-b750-4282-8435-e1adae326816', '5c1bbfd6-e4af-422c-b52b-e36b7510eafd', 'Come on and have fun with Kaison!', 'record', 'Come on and have fun with Kaison!', '', '[]', 'e9af2f53-d2dd-4e32-9dea-26d6ac21bcb8', 'Astrology', '{"width":1280,"height":720,"bitrate":886.22}', '', '23246', '2015-07-06 08:50:28.865900+0000', '2015-07-08 02:04:59.496600+0000');
INSERT INTO "neap"."video"(video_id, stream_id, title, type, description, status, tags, topic_id, topic, media_info, preview, views, created_at, updated_at)
    VALUES ('2a8cc38c-2b5f-4dee-912d-a8939dc6d176', '5c1bbfd6-e4af-422c-b52b-e36b7510eafd', 'Come on and have fun with Kaison!', 'record', 'Come on and have fun with Kaison!', '', '[]', 'e9af2f53-d2dd-4e32-9dea-26d6ac21bcb8', 'Astrology', '{"width":1280,"height":720,"bitrate":1343.11}', '', '20748', '2015-07-08 12:50:05.910500+0000', '2015-07-09 16:27:01.055900+0000');
INSERT INTO "neap"."stream"(stream_id, channel_id, title, topic_id, topic, media_info, viewers, created_at, updated_at, ended_at)
    VALUES ('14a2a9f7-0e06-48bb-beda-5e110a21698a', 'e6ecfa9c-a227-4e50-b122-70cca4cd0403', 'The origins of Biology', 'd4f06d27-2693-4552-bd85-d9875651ce39', 'Biology', '{"width":1920,"height":1080,"bitrate":2838.44}', 136, '2015-06-07 09:17:54.990900+0000', '2015-06-07 16:30:32.563600+0000', '2015-06-07 16:41:51.951400+0000');
INSERT INTO "neap"."video"(video_id, stream_id, title, type, description, status, tags, topic_id, topic, media_info, preview, views, created_at, updated_at)
    VALUES ('35493806-bd91-4043-b4b6-894040faee76', '14a2a9f7-0e06-48bb-beda-5e110a21698a', 'The origins of Biology', 'record', 'The origins of Biology', '', '[]', 'd4f06d27-2693-4552-bd85-d9875651ce39', 'Biology', '{"width":1920,"height":1080,"bitrate":2064.52}', '', '6424', '2015-08-24 12:59:16.587000+0000', '2015-08-24 14:29:15.520700+0000');
INSERT INTO "neap"."user"(user_id, channel_id, type, username, email, password, display_name, logo, bio, created_at, updated_at)
    VALUES ('ff97522c-740a-4a31-a605-962581f7fb4d', '110732ab-6248-4aa7-9f1f-7199dd912aa4', 'user', 'felicity', 'felicity@neap.io', '$2y$10$8VV2maDxe9FutfpCQtMbA.5jIOiWUaxjguvA1Nt.g7N6jL88n3EGy', 'Felicity', 'https://gravatar.com/avatar/72b914215e998ed1440e9a8c0712c3bb?s=128&d=identicon', null, '2015-02-12 03:07:39.484500+0000', '2015-08-01 10:04:08.709900+0000');
INSERT INTO "neap"."channel"(channel_id, user_id, chat_id, name, display_name, topic, language, views, followers)
    VALUES ('110732ab-6248-4aa7-9f1f-7199dd912aa4', 'ff97522c-740a-4a31-a605-962581f7fb4d', 'ef7f6f46-efa2-471a-a164-831c50a43d37', 'felicity', 'Felicity Channel', 'Astrology', 'en', 85617, 62);
INSERT INTO "neap"."chat"(chat_id, channel_id, name)
    VALUES ('ef7f6f46-efa2-471a-a164-831c50a43d37', '110732ab-6248-4aa7-9f1f-7199dd912aa4', 'felicity');
INSERT INTO "neap"."stream"(stream_id, channel_id, title, topic_id, topic, media_info, viewers, created_at, updated_at, ended_at)
    VALUES ('b2112efc-216b-467a-b6c6-4ff795fe6422', '110732ab-6248-4aa7-9f1f-7199dd912aa4', 'Mathematics?? Yeah, Mathematics!', '284b3091-455d-4476-ae67-442a19d153d4', 'Mathematics', '{"width":1920,"height":1080,"bitrate":1790.74}', 517, '2015-05-11 01:09:04.355000+0000', '2015-05-11 02:03:58.349300+0000', '2015-05-11 03:16:45.361800+0000');
INSERT INTO "neap"."video"(video_id, stream_id, title, type, description, status, tags, topic_id, topic, media_info, preview, views, created_at, updated_at)
    VALUES ('01641f45-93b3-4d51-8d71-9f137475a225', 'b2112efc-216b-467a-b6c6-4ff795fe6422', 'Mathematics?? Yeah, Mathematics!', 'record', 'Mathematics?? Yeah, Mathematics!', '', '[]', '284b3091-455d-4476-ae67-442a19d153d4', 'Mathematics', '{"width":1920,"height":1080,"bitrate":1647.72}', '', '26507', '2015-09-08 09:33:54.856700+0000', '2015-09-11 23:47:29.761100+0000');
INSERT INTO "neap"."video"(video_id, stream_id, title, type, description, status, tags, topic_id, topic, media_info, preview, views, created_at, updated_at)
    VALUES ('925f893c-9133-4df2-baff-5e269ee81fb3', 'b2112efc-216b-467a-b6c6-4ff795fe6422', 'Mathematics?? Yeah, Mathematics!', 'record', 'Mathematics?? Yeah, Mathematics!', '', '[]', '284b3091-455d-4476-ae67-442a19d153d4', 'Mathematics', '{"width":1920,"height":1080,"bitrate":2088.35}', '', '34877', '2015-07-07 18:46:51.718400+0000', '2015-07-14 08:08:12.816000+0000');
INSERT INTO "neap"."stream"(stream_id, channel_id, title, topic_id, topic, media_info, viewers, created_at, updated_at, ended_at)
    VALUES ('5d527094-74f4-4ae9-9e18-ccf9be1da2b0', '110732ab-6248-4aa7-9f1f-7199dd912aa4', 'Relax stream', 'd4f06d27-2693-4552-bd85-d9875651ce39', 'Biology', '{"width":1280,"height":720,"bitrate":1254.93}', 1617, '2015-06-09 00:20:33.618200+0000', '2015-06-09 05:25:06.691900+0000', '2015-06-09 06:01:35.980300+0000');
INSERT INTO "neap"."video"(video_id, stream_id, title, type, description, status, tags, topic_id, topic, media_info, preview, views, created_at, updated_at)
    VALUES ('6d205d53-0aa6-4cb6-a3e9-58b4ded624cf', '5d527094-74f4-4ae9-9e18-ccf9be1da2b0', 'Relax stream', 'highlight', 'Relax stream', '', '[]', 'd4f06d27-2693-4552-bd85-d9875651ce39', 'Biology', '{"width":1280,"height":720,"bitrate":1390.35}', '', '14981', '2015-06-29 02:04:08.112100+0000', '2015-07-04 12:04:05.823100+0000');
INSERT INTO "neap"."video"(video_id, stream_id, title, type, description, status, tags, topic_id, topic, media_info, preview, views, created_at, updated_at)
    VALUES ('44e1dfea-ff6d-462b-a21b-b40af6cbce81', '5d527094-74f4-4ae9-9e18-ccf9be1da2b0', 'Relax stream', 'record', 'Relax stream', '', '[]', 'd4f06d27-2693-4552-bd85-d9875651ce39', 'Biology', '{"width":1280,"height":720,"bitrate":936.02}', '', '24264', '2015-07-14 07:22:14.069800+0000', '2015-07-14 17:28:18.135200+0000');
INSERT INTO "neap"."user"(user_id, channel_id, type, username, email, password, display_name, logo, bio, created_at, updated_at)
    VALUES ('2eebe2e9-0227-4418-b28b-6190be7ac624', '2d1fc41b-f4ca-49db-ba8e-f8fff1b917b3', 'user', 'camden', 'camden@neap.io', '$2y$10$E7.UzSHwr3KToSRgIqlbbOcEr.Va02ssT12tQRQIEpuQ8Yb5WwmQi', 'Camden', 'https://gravatar.com/avatar/22c0887e1f6382fa40a54fc6efefa2ea?s=128&d=identicon', null, '2015-02-23 12:13:43.050200+0000', '2015-04-02 22:11:53.465300+0000');
INSERT INTO "neap"."channel"(channel_id, user_id, chat_id, name, display_name, topic, language, views, followers)
    VALUES ('2d1fc41b-f4ca-49db-ba8e-f8fff1b917b3', '2eebe2e9-0227-4418-b28b-6190be7ac624', 'c2484311-1d9e-425e-81ca-e4fc0ac54105', 'camden', 'Camden Channel', 'Science', 'en', 7317, 82);
INSERT INTO "neap"."chat"(chat_id, channel_id, name)
    VALUES ('c2484311-1d9e-425e-81ca-e4fc0ac54105', '2d1fc41b-f4ca-49db-ba8e-f8fff1b917b3', 'camden');
INSERT INTO "neap"."stream"(stream_id, channel_id, title, topic_id, topic, media_info, viewers, created_at, updated_at, ended_at)
    VALUES ('e96be0d8-c928-4aef-8080-229c7ab7b9d5', '2d1fc41b-f4ca-49db-ba8e-f8fff1b917b3', 'History?? Yeah, History!', '5f6c7ec0-84ab-4d8e-a2d7-ff1887b55d6e', 'History', '{"width":720,"height":400,"bitrate":623.48}', 1758, '2015-05-26 02:20:43.212300+0000', '2015-05-26 04:09:18.836900+0000', '2015-05-26 04:16:56.085000+0000');
INSERT INTO "neap"."stream"(stream_id, channel_id, title, topic_id, topic, media_info, viewers, created_at, updated_at, ended_at)
    VALUES ('cf386b4e-b918-4f18-80f2-183ec05d8abd', '2d1fc41b-f4ca-49db-ba8e-f8fff1b917b3', 'Relax stream', '994391cf-d41e-46f4-b6eb-ce53824e3a0c', 'Litterature', '{"width":720,"height":400,"bitrate":741.93}', 1000, '2015-05-10 08:10:59.605500+0000', '2015-05-10 08:25:27.807700+0000', '2015-05-10 09:47:20.386000+0000');
INSERT INTO "neap"."video"(video_id, stream_id, title, type, description, status, tags, topic_id, topic, media_info, preview, views, created_at, updated_at)
    VALUES ('a74d0a26-c183-4cb9-b2d1-8fe892cf942e', 'cf386b4e-b918-4f18-80f2-183ec05d8abd', 'Relax stream', 'record', 'Relax stream', '', '[]', '994391cf-d41e-46f4-b6eb-ce53824e3a0c', 'Litterature', '{"width":720,"height":400,"bitrate":639.59}', '', '12', '2015-06-21 08:31:52.758500+0000', '2015-06-21 20:17:49.697100+0000');
INSERT INTO "neap"."stream"(stream_id, channel_id, title, topic_id, topic, media_info, viewers, created_at, updated_at, ended_at)
    VALUES ('227229ee-39ba-4ff0-99c7-cd5f05743975', '2d1fc41b-f4ca-49db-ba8e-f8fff1b917b3', 'Come on and have fun with Camden!', 'e496e832-363e-4228-b518-7fe126ccaa04', 'Photography', '{"width":720,"height":400,"bitrate":776.03}', 956, '2015-08-10 20:38:03.335500+0000', '2015-08-10 21:16:39.303200+0000', '2015-08-10 21:48:57.319000+0000');
INSERT INTO "neap"."stream"(stream_id, channel_id, title, topic_id, topic, media_info, viewers, created_at, updated_at, ended_at)
    VALUES ('dfe3311e-bfe6-47aa-8a7e-b969edebfd4f', '2d1fc41b-f4ca-49db-ba8e-f8fff1b917b3', 'Fun with Biology and Camden', 'd4f06d27-2693-4552-bd85-d9875651ce39', 'Biology', '{"width":1920,"height":1080,"bitrate":1197.88}', 1517, '2015-07-08 15:29:56.709400+0000', '2015-07-08 17:24:47.500700+0000', '2015-07-08 19:01:10.577200+0000');
INSERT INTO "neap"."video"(video_id, stream_id, title, type, description, status, tags, topic_id, topic, media_info, preview, views, created_at, updated_at)
    VALUES ('a3c516bd-9b78-4f74-849f-9c77c15ffd5a', 'dfe3311e-bfe6-47aa-8a7e-b969edebfd4f', 'Fun with Biology and Camden', 'record', 'Fun with Biology and Camden', '', '[]', 'd4f06d27-2693-4552-bd85-d9875651ce39', 'Biology', '{"width":1920,"height":1080,"bitrate":1009.68}', '', '31896', '2015-10-14 02:29:33.247100+0000', '2015-10-15 15:05:29.970400+0000');
INSERT INTO "neap"."stream"(stream_id, channel_id, title, topic_id, topic, media_info, viewers, created_at, updated_at, ended_at)
    VALUES ('8c83b259-e319-498f-a166-607e73035f68', '2d1fc41b-f4ca-49db-ba8e-f8fff1b917b3', 'Camden goes live!', 'e496e832-363e-4228-b518-7fe126ccaa04', 'Photography', '{"width":1920,"height":1080,"bitrate":2294.77}', 1230, '2015-08-28 09:20:31.680300+0000', '2015-08-28 10:54:20.753600+0000', '2015-08-28 12:11:20.875600+0000');
INSERT INTO "neap"."video"(video_id, stream_id, title, type, description, status, tags, topic_id, topic, media_info, preview, views, created_at, updated_at)
    VALUES ('a83690d5-bdce-4af9-8002-93ab0c57b6ef', '8c83b259-e319-498f-a166-607e73035f68', 'Camden goes live!', 'record', 'Camden goes live!', '', '[]', 'e496e832-363e-4228-b518-7fe126ccaa04', 'Photography', '{"width":1920,"height":1080,"bitrate":3432.45}', '', '10439', '2015-10-22 09:34:17.372800+0000', '2015-10-24 20:15:12.557100+0000');
INSERT INTO "neap"."user"(user_id, channel_id, type, username, email, password, display_name, logo, bio, created_at, updated_at)
    VALUES ('ff9b773a-817a-4396-94db-c9a37ad7301d', '9a305273-565a-43ce-884c-569bc4a5fc88', 'user', 'roger', 'roger@neap.io', '$2y$10$PYAo0s64nP7rntEG9lhVjuzsT2s6chaMgkwlL8QI49j8ox9k/q1na', 'Roger', 'https://gravatar.com/avatar/6ec5aa0cac62e79789e8843dacba3594?s=128&d=identicon', null, '2015-04-12 18:41:38.839800+0000', '2015-09-06 04:46:23.734300+0000');
INSERT INTO "neap"."channel"(channel_id, user_id, chat_id, name, display_name, topic, language, views, followers)
    VALUES ('9a305273-565a-43ce-884c-569bc4a5fc88', 'ff9b773a-817a-4396-94db-c9a37ad7301d', '10d01f97-4154-4f48-80a3-710730599e9c', 'roger', 'Roger Channel', 'History', 'en', 43768, 8);
INSERT INTO "neap"."chat"(chat_id, channel_id, name)
    VALUES ('10d01f97-4154-4f48-80a3-710730599e9c', '9a305273-565a-43ce-884c-569bc4a5fc88', 'roger');
INSERT INTO "neap"."stream"(stream_id, channel_id, title, topic_id, topic, media_info, viewers, created_at, updated_at, ended_at)
    VALUES ('97d9ceaa-0e99-4568-8c35-559102f6607d', '9a305273-565a-43ce-884c-569bc4a5fc88', 'The origins of History', '5f6c7ec0-84ab-4d8e-a2d7-ff1887b55d6e', 'History', '{"width":1920,"height":1080,"bitrate":3211.2}', 26, '2015-04-24 15:32:16.078000+0000', '2015-04-24 15:40:43.708600+0000', '2015-04-24 17:10:21.582500+0000');
INSERT INTO "neap"."video"(video_id, stream_id, title, type, description, status, tags, topic_id, topic, media_info, preview, views, created_at, updated_at)
    VALUES ('5835b788-8e91-45eb-805c-184015416864', '97d9ceaa-0e99-4568-8c35-559102f6607d', 'The origins of History', 'record', 'The origins of History', '', '[]', '5f6c7ec0-84ab-4d8e-a2d7-ff1887b55d6e', 'History', '{"width":1920,"height":1080,"bitrate":2573.01}', '', '1556', '2015-08-15 23:04:26.011800+0000', '2015-08-19 11:02:50.665300+0000');
INSERT INTO "neap"."stream"(stream_id, channel_id, title, topic_id, topic, media_info, viewers, created_at, updated_at, ended_at)
    VALUES ('9d6fd184-4a01-4c77-bba7-c507fb9da6fe', '9a305273-565a-43ce-884c-569bc4a5fc88', 'Roger goes live!', '994391cf-d41e-46f4-b6eb-ce53824e3a0c', 'Litterature', '{"width":720,"height":400,"bitrate":797.94}', 1185, '2015-09-01 00:20:25.694200+0000', '2015-09-01 00:38:09.706300+0000', '2015-09-01 01:58:36.769600+0000');
INSERT INTO "neap"."video"(video_id, stream_id, title, type, description, status, tags, topic_id, topic, media_info, preview, views, created_at, updated_at)
    VALUES ('8787bd12-dc3c-40e1-bfc1-870cdbfff685', '9d6fd184-4a01-4c77-bba7-c507fb9da6fe', 'Roger goes live!', 'record', 'Roger goes live!', '', '[]', '994391cf-d41e-46f4-b6eb-ce53824e3a0c', 'Litterature', '{"width":720,"height":400,"bitrate":615.07}', '', '22030', '2015-10-10 04:03:54.096200+0000', '2015-10-12 05:26:43.976700+0000');
INSERT INTO "neap"."video"(video_id, stream_id, title, type, description, status, tags, topic_id, topic, media_info, preview, views, created_at, updated_at)
    VALUES ('abe224fb-f727-40cd-ac5c-91082f89d175', '9d6fd184-4a01-4c77-bba7-c507fb9da6fe', 'Roger goes live!', 'highlight', 'Roger goes live!', '', '[]', '994391cf-d41e-46f4-b6eb-ce53824e3a0c', 'Litterature', '{"width":720,"height":400,"bitrate":661.56}', '', '26051', '2015-10-10 22:18:39.136300+0000', '2015-10-11 12:30:42.964300+0000');
INSERT INTO "neap"."stream"(stream_id, channel_id, title, topic_id, topic, media_info, viewers, created_at, updated_at, ended_at)
    VALUES ('56adfb62-481f-45a4-8bea-fdff5da99ef8', '9a305273-565a-43ce-884c-569bc4a5fc88', 'History?? Yeah, History!', '5f6c7ec0-84ab-4d8e-a2d7-ff1887b55d6e', 'History', '{"width":1920,"height":1080,"bitrate":1850.73}', 901, '2015-04-27 01:03:14.607000+0000', '2015-04-27 05:31:22.299600+0000', '2015-04-27 05:54:04.990800+0000');
INSERT INTO "neap"."video"(video_id, stream_id, title, type, description, status, tags, topic_id, topic, media_info, preview, views, created_at, updated_at)
    VALUES ('075e8698-58f5-4aa6-b6a9-132eb88985db', '56adfb62-481f-45a4-8bea-fdff5da99ef8', 'History?? Yeah, History!', 'highlight', 'History?? Yeah, History!', '', '[]', '5f6c7ec0-84ab-4d8e-a2d7-ff1887b55d6e', 'History', '{"width":1920,"height":1080,"bitrate":3220.11}', '', '1576', '2015-06-11 03:46:51.382300+0000', '2015-06-13 02:33:18.477600+0000');
INSERT INTO "neap"."video"(video_id, stream_id, title, type, description, status, tags, topic_id, topic, media_info, preview, views, created_at, updated_at)
    VALUES ('64dde7da-bcf1-4726-94c2-30314416d85f', '56adfb62-481f-45a4-8bea-fdff5da99ef8', 'History?? Yeah, History!', 'record', 'History?? Yeah, History!', '', '[]', '5f6c7ec0-84ab-4d8e-a2d7-ff1887b55d6e', 'History', '{"width":1920,"height":1080,"bitrate":2456.54}', '', '26273', '2015-05-26 07:36:33.526800+0000', '2015-05-30 22:21:31.347500+0000');
INSERT INTO "neap"."stream"(stream_id, channel_id, title, topic_id, topic, media_info, viewers, created_at, updated_at, ended_at)
    VALUES ('50e6bed7-9ae8-4d4c-90a7-d34ada1b70ba', '9a305273-565a-43ce-884c-569bc4a5fc88', 'Today is Philosophy day', '35fa82dc-ed25-47fb-b6cd-58ae8a151f60', 'Philosophy', '{"width":1920,"height":1080,"bitrate":3488.03}', 1662, '2015-06-20 06:45:42.470900+0000', '2015-06-20 08:35:41.997800+0000', '2015-06-20 08:36:13.980300+0000');
INSERT INTO "neap"."stream"(stream_id, channel_id, title, topic_id, topic, media_info, viewers, created_at, updated_at, ended_at)
    VALUES ('6ee90e6e-4fc5-4d06-84a7-d4497744d199', '9a305273-565a-43ce-884c-569bc4a5fc88', 'Video games?? Yeah, Video games!', '48e535f7-dba1-4d59-aac3-4c6cced32d6c', 'Video games', '{"width":1280,"height":720,"bitrate":946.8}', 410, '2015-06-18 07:09:13.302700+0000', '2015-06-18 08:02:27.183700+0000', '2015-06-18 08:15:35.900400+0000');
INSERT INTO "neap"."stream"(stream_id, channel_id, title, topic_id, topic, media_info, viewers, created_at, updated_at, ended_at)
    VALUES ('b801f19a-c0d6-413b-a9be-e55e10503d6f', '9a305273-565a-43ce-884c-569bc4a5fc88', 'The origins of Music', 'b369c464-cdea-4356-9d70-1450585652e2', 'Music', '{"width":720,"height":400,"bitrate":581.24}', 1238, '2015-06-18 23:53:25.701000+0000', '2015-06-19 06:12:21.224800+0000', '2015-06-19 06:37:07.316100+0000');
INSERT INTO "neap"."video"(video_id, stream_id, title, type, description, status, tags, topic_id, topic, media_info, preview, views, created_at, updated_at)
    VALUES ('0964ebbf-7f62-4af7-91bd-1fcf7eaeea9f', 'b801f19a-c0d6-413b-a9be-e55e10503d6f', 'The origins of Music', 'record', 'The origins of Music', '', '[]', 'b369c464-cdea-4356-9d70-1450585652e2', 'Music', '{"width":720,"height":400,"bitrate":693.05}', '', '10341', '2015-07-14 21:56:01.580800+0000', '2015-07-17 08:15:30.241900+0000');
INSERT INTO "neap"."stream"(stream_id, channel_id, title, topic_id, topic, media_info, viewers, created_at, updated_at, ended_at)
    VALUES ('5fb2f34c-40d0-42d6-95ca-8c693a33102c', '9a305273-565a-43ce-884c-569bc4a5fc88', 'The origins of Litterature', '994391cf-d41e-46f4-b6eb-ce53824e3a0c', 'Litterature', '{"width":1920,"height":1080,"bitrate":1098.34}', 553, '2015-08-09 15:27:40.020500+0000', '2015-08-09 19:48:01.032800+0000', '2015-08-09 20:54:40.142000+0000');
INSERT INTO "neap"."video"(video_id, stream_id, title, type, description, status, tags, topic_id, topic, media_info, preview, views, created_at, updated_at)
    VALUES ('417173f0-645b-4fb5-ac7e-eb959929b553', '5fb2f34c-40d0-42d6-95ca-8c693a33102c', 'The origins of Litterature', 'record', 'The origins of Litterature', '', '[]', '994391cf-d41e-46f4-b6eb-ce53824e3a0c', 'Litterature', '{"width":1920,"height":1080,"bitrate":3046.3}', '', '2942', '2015-10-15 08:38:17.888500+0000', '2015-10-18 05:37:05.225000+0000');
INSERT INTO "neap"."user"(user_id, channel_id, type, username, email, password, display_name, logo, bio, created_at, updated_at)
    VALUES ('b374a4ad-6955-461f-844c-f92012fd34fd', '4ca9b128-4657-4f48-ac13-3d1559b00a7a', 'user', 'nayeli', 'nayeli@neap.io', '$2y$10$ve/DCvwBmB6OSYYlsigKMeBY/mHqlJyitwzPIQzAOE7szET1XDUrm', 'Nayeli', 'https://gravatar.com/avatar/a2f98242a8422fd082a48ea3f1392aad?s=128&d=identicon', null, '2015-03-05 03:26:26.462100+0000', '2015-05-24 23:33:08.966400+0000');
INSERT INTO "neap"."channel"(channel_id, user_id, chat_id, name, display_name, topic, language, views, followers)
    VALUES ('4ca9b128-4657-4f48-ac13-3d1559b00a7a', 'b374a4ad-6955-461f-844c-f92012fd34fd', '5a227cc1-4f81-47a7-a774-59a1f45b69ef', 'nayeli', 'Nayeli Channel', 'Science', 'en', 26387, 44);
INSERT INTO "neap"."chat"(chat_id, channel_id, name)
    VALUES ('5a227cc1-4f81-47a7-a774-59a1f45b69ef', '4ca9b128-4657-4f48-ac13-3d1559b00a7a', 'nayeli');
INSERT INTO "neap"."stream"(stream_id, channel_id, title, topic_id, topic, media_info, viewers, created_at, updated_at, ended_at)
    VALUES ('a76d8894-4d5a-490b-95e2-f9d56e612835', '4ca9b128-4657-4f48-ac13-3d1559b00a7a', 'Today is Biology day', 'd4f06d27-2693-4552-bd85-d9875651ce39', 'Biology', '{"width":1920,"height":1080,"bitrate":2169.7}', 246, '2015-10-31 22:55:24.429800+0000', '2015-10-31 23:35:57.803700+0000', '2015-11-01 00:55:47.749800+0000');
INSERT INTO "neap"."video"(video_id, stream_id, title, type, description, status, tags, topic_id, topic, media_info, preview, views, created_at, updated_at)
    VALUES ('a3ebad48-3b41-4753-bac8-93193d6b1b17', 'a76d8894-4d5a-490b-95e2-f9d56e612835', 'Today is Biology day', 'record', 'Today is Biology day', '', '[]', 'd4f06d27-2693-4552-bd85-d9875651ce39', 'Biology', '{"width":1920,"height":1080,"bitrate":1032.07}', '', '22981', '2015-11-01 09:33:53.944200+0000', '2015-11-03 15:59:30.388400+0000');
INSERT INTO "neap"."user"(user_id, channel_id, type, username, email, password, display_name, logo, bio, created_at, updated_at)
    VALUES ('0ce9c01b-d525-45db-8ba9-00742a32ae83', '3ded7923-5fca-48f8-9575-d4e0f034a2db', 'user', 'jordy', 'jordy@neap.io', '$2y$10$mxLZU9PamaqkwVZdFDbyzOlP4PPjsaGLMDRcUgmh/cFY/q21J0Kpi', 'Jordy', 'https://gravatar.com/avatar/4b024b3fc0f0a4cc170f33472f27775e?s=128&d=identicon', null, '2015-05-23 22:23:47.676900+0000', '2015-10-23 15:10:24.713000+0000');
INSERT INTO "neap"."channel"(channel_id, user_id, chat_id, name, display_name, topic, language, views, followers)
    VALUES ('3ded7923-5fca-48f8-9575-d4e0f034a2db', '0ce9c01b-d525-45db-8ba9-00742a32ae83', 'dbcccc4a-3b57-4ed4-a814-f8ffe18a9149', 'jordy', 'Jordy Channel', 'Theology', 'en', 56333, 40);
INSERT INTO "neap"."chat"(chat_id, channel_id, name)
    VALUES ('dbcccc4a-3b57-4ed4-a814-f8ffe18a9149', '3ded7923-5fca-48f8-9575-d4e0f034a2db', 'jordy');
INSERT INTO "neap"."stream"(stream_id, channel_id, title, topic_id, topic, media_info, viewers, created_at, updated_at, ended_at)
    VALUES ('47ff268c-0331-47e3-9a25-e175ac6ab1e2', '3ded7923-5fca-48f8-9575-d4e0f034a2db', 'Fun with Science and Jordy', '1cae4612-f178-4a0e-b3af-343a88b99638', 'Science', '{"width":1280,"height":720,"bitrate":986.89}', 1818, '2015-09-27 17:50:29.240200+0000', '2015-09-27 19:56:15.132800+0000', '2015-09-27 20:32:20.738000+0000');
INSERT INTO "neap"."video"(video_id, stream_id, title, type, description, status, tags, topic_id, topic, media_info, preview, views, created_at, updated_at)
    VALUES ('113d8f1a-e31d-4c21-94b5-4489af457f40', '47ff268c-0331-47e3-9a25-e175ac6ab1e2', 'Fun with Science and Jordy', 'record', 'Fun with Science and Jordy', '', '[]', '1cae4612-f178-4a0e-b3af-343a88b99638', 'Science', '{"width":1280,"height":720,"bitrate":779.48}', '', '27364', '2015-10-01 09:41:34.630900+0000', '2015-10-04 01:22:17.645300+0000');
INSERT INTO "neap"."stream"(stream_id, channel_id, title, topic_id, topic, media_info, viewers, created_at, updated_at, ended_at)
    VALUES ('417314ac-026f-440c-8d46-91afdab8ecb4', '3ded7923-5fca-48f8-9575-d4e0f034a2db', 'Jordy goes live!', 'd2ea25fc-eb67-4c63-86d0-58ba2ce51b56', 'Theology', '{"width":1920,"height":1080,"bitrate":3043.29}', 732, '2015-08-18 01:14:12.896000+0000', '2015-08-18 06:01:54.187700+0000', '2015-08-18 06:29:15.434700+0000');
INSERT INTO "neap"."video"(video_id, stream_id, title, type, description, status, tags, topic_id, topic, media_info, preview, views, created_at, updated_at)
    VALUES ('dcaa2626-0fad-4fd1-90af-4ffa2016704a', '417314ac-026f-440c-8d46-91afdab8ecb4', 'Jordy goes live!', 'record', 'Jordy goes live!', '', '[]', 'd2ea25fc-eb67-4c63-86d0-58ba2ce51b56', 'Theology', '{"width":1920,"height":1080,"bitrate":2038.97}', '', '38828', '2015-10-11 20:14:03.291000+0000', '2015-10-12 09:19:51.546400+0000');
INSERT INTO "neap"."video"(video_id, stream_id, title, type, description, status, tags, topic_id, topic, media_info, preview, views, created_at, updated_at)
    VALUES ('70469df0-7908-490c-a5b4-76f53595214b', '417314ac-026f-440c-8d46-91afdab8ecb4', 'Jordy goes live!', 'record', 'Jordy goes live!', '', '[]', 'd2ea25fc-eb67-4c63-86d0-58ba2ce51b56', 'Theology', '{"width":1920,"height":1080,"bitrate":2530.36}', '', '37625', '2015-10-19 09:20:24.589300+0000', '2015-10-20 09:19:38.253300+0000');
INSERT INTO "neap"."stream"(stream_id, channel_id, title, topic_id, topic, media_info, viewers, created_at, updated_at, ended_at)
    VALUES ('fad4ff97-30c5-4ae3-8106-ab92f11d3077', '3ded7923-5fca-48f8-9575-d4e0f034a2db', 'Theology?? Yeah, Theology!', 'd2ea25fc-eb67-4c63-86d0-58ba2ce51b56', 'Theology', '{"width":720,"height":400,"bitrate":786.88}', 1445, '2015-07-10 11:44:04.352500+0000', '2015-07-10 12:21:55.796800+0000', '2015-07-10 12:26:10.987800+0000');
INSERT INTO "neap"."video"(video_id, stream_id, title, type, description, status, tags, topic_id, topic, media_info, preview, views, created_at, updated_at)
    VALUES ('9b0e950b-39da-4c3a-89c6-ea41ad4c2783', 'fad4ff97-30c5-4ae3-8106-ab92f11d3077', 'Theology?? Yeah, Theology!', 'record', 'Theology?? Yeah, Theology!', '', '[]', 'd2ea25fc-eb67-4c63-86d0-58ba2ce51b56', 'Theology', '{"width":720,"height":400,"bitrate":766.65}', '', '37876', '2015-09-21 07:41:16.300300+0000', '2015-09-23 06:11:39.251000+0000');
INSERT INTO "neap"."stream"(stream_id, channel_id, title, topic_id, topic, media_info, viewers, created_at, updated_at, ended_at)
    VALUES ('9832356f-dafe-4938-b96d-9bd45c412a0a', '3ded7923-5fca-48f8-9575-d4e0f034a2db', 'Today is Photography day', 'e496e832-363e-4228-b518-7fe126ccaa04', 'Photography', '{"width":1280,"height":720,"bitrate":1193.59}', 1566, '2015-09-13 18:07:42.929300+0000', '2015-09-13 18:25:34.307700+0000', '2015-09-13 18:31:38.671400+0000');
INSERT INTO "neap"."video"(video_id, stream_id, title, type, description, status, tags, topic_id, topic, media_info, preview, views, created_at, updated_at)
    VALUES ('1d154449-ede8-4c2c-813c-c9d253111e1a', '9832356f-dafe-4938-b96d-9bd45c412a0a', 'Today is Photography day', 'record', 'Today is Photography day', '', '[]', 'e496e832-363e-4228-b518-7fe126ccaa04', 'Photography', '{"width":1280,"height":720,"bitrate":787.76}', '', '34999', '2015-10-01 23:13:01.604200+0000', '2015-10-08 05:19:20.702400+0000');
INSERT INTO "neap"."stream"(stream_id, channel_id, title, topic_id, topic, media_info, viewers, created_at, updated_at, ended_at)
    VALUES ('28dae052-41dc-48c6-baa1-79061531a526', '3ded7923-5fca-48f8-9575-d4e0f034a2db', 'Relax stream', '5f6c7ec0-84ab-4d8e-a2d7-ff1887b55d6e', 'History', '{"width":1280,"height":720,"bitrate":1333.95}', 34275, '2015-10-24 23:53:44.798700+0000', '2015-10-25 02:45:37.315200+0000', '2015-10-25 02:53:38.387100+0000');
INSERT INTO "neap"."video"(video_id, stream_id, title, type, description, status, tags, topic_id, topic, media_info, preview, views, created_at, updated_at)
    VALUES ('bddbb7b6-fe5b-4a52-b840-ffa6f99b9ec2', '28dae052-41dc-48c6-baa1-79061531a526', 'Relax stream', 'highlight', 'Relax stream', '', '[]', '5f6c7ec0-84ab-4d8e-a2d7-ff1887b55d6e', 'History', '{"width":1280,"height":720,"bitrate":1120.84}', '', '508', '2015-10-30 06:22:32.053200+0000', '2015-11-02 05:54:37.554900+0000');
INSERT INTO "neap"."stream"(stream_id, channel_id, title, topic_id, topic, media_info, viewers, created_at, updated_at, ended_at)
    VALUES ('61a29140-6e36-4b39-a634-e08089134a30', '3ded7923-5fca-48f8-9575-d4e0f034a2db', 'Come on and have fun with Jordy!', 'e496e832-363e-4228-b518-7fe126ccaa04', 'Photography', '{"width":1920,"height":1080,"bitrate":1768.99}', 1901, '2015-05-31 01:35:50.885300+0000', '2015-05-31 05:24:18.836400+0000', '2015-05-31 06:32:02.032100+0000');
INSERT INTO "neap"."stream"(stream_id, channel_id, title, topic_id, topic, media_info, viewers, created_at, updated_at, ended_at)
    VALUES ('04f47f6d-1ac6-41f0-8bd7-a70f12591c01', '3ded7923-5fca-48f8-9575-d4e0f034a2db', 'Photography?? Yeah, Photography!', 'e496e832-363e-4228-b518-7fe126ccaa04', 'Photography', '{"width":1280,"height":720,"bitrate":1492.25}', 273, '2015-07-31 20:41:38.179200+0000', '2015-08-01 00:47:16.769400+0000', '2015-08-01 00:54:18.970100+0000');
INSERT INTO "neap"."stream"(stream_id, channel_id, title, topic_id, topic, media_info, viewers, created_at, updated_at, ended_at)
    VALUES ('a9560c2d-131f-4660-9308-3c942fb4bd65', '3ded7923-5fca-48f8-9575-d4e0f034a2db', 'Mathematics?? Yeah, Mathematics!', '284b3091-455d-4476-ae67-442a19d153d4', 'Mathematics', '{"width":1920,"height":1080,"bitrate":2253.16}', 30063, '2015-06-13 11:17:27.627200+0000', '2015-06-13 12:34:10.287800+0000', '2015-06-13 12:40:20.909900+0000');
INSERT INTO "neap"."video"(video_id, stream_id, title, type, description, status, tags, topic_id, topic, media_info, preview, views, created_at, updated_at)
    VALUES ('7ac9e63f-c82f-44e0-88f9-02b2c4c637a2', 'a9560c2d-131f-4660-9308-3c942fb4bd65', 'Mathematics?? Yeah, Mathematics!', 'record', 'Mathematics?? Yeah, Mathematics!', '', '[]', '284b3091-455d-4476-ae67-442a19d153d4', 'Mathematics', '{"width":1920,"height":1080,"bitrate":2363.57}', '', '11009', '2015-11-01 11:41:38.764800+0000', '2015-11-01 22:56:52.991800+0000');
INSERT INTO "neap"."user"(user_id, channel_id, type, username, email, password, display_name, logo, bio, created_at, updated_at)
    VALUES ('fd0bab6c-de11-41c9-9fec-5d13c5b9daa6', '3193b444-9ecd-477a-9c57-57dfa1f11f1b', 'user', 'robert', 'robert@neap.io', '$2y$10$e35VKyGr0ihmyWc5yzkuuu453tfTPq554NY.Ynltw7M3cdduq2d9y', 'Robert', 'https://gravatar.com/avatar/7fc5d0687823ac85e2dd7a7c74a16b25?s=128&d=identicon', null, '2015-05-13 05:59:43.620400+0000', '2015-08-22 12:12:00.434900+0000');
INSERT INTO "neap"."channel"(channel_id, user_id, chat_id, name, display_name, topic, language, views, followers)
    VALUES ('3193b444-9ecd-477a-9c57-57dfa1f11f1b', 'fd0bab6c-de11-41c9-9fec-5d13c5b9daa6', 'd7780a78-b166-4686-9c88-87cd02cb0e04', 'robert', 'Robert Channel', 'Philosophy', 'en', 83229, 139);
INSERT INTO "neap"."chat"(chat_id, channel_id, name)
    VALUES ('d7780a78-b166-4686-9c88-87cd02cb0e04', '3193b444-9ecd-477a-9c57-57dfa1f11f1b', 'robert');
INSERT INTO "neap"."stream"(stream_id, channel_id, title, topic_id, topic, media_info, viewers, created_at, updated_at, ended_at)
    VALUES ('f5c55436-6d25-4a6e-b1b0-ba90a046cc42', '3193b444-9ecd-477a-9c57-57dfa1f11f1b', 'Robert goes live!', '284b3091-455d-4476-ae67-442a19d153d4', 'Mathematics', '{"width":1280,"height":720,"bitrate":1170.37}', 417, '2015-10-10 09:25:38.370600+0000', '2015-10-10 12:50:49.174700+0000', '2015-10-10 14:31:50.766800+0000');
INSERT INTO "neap"."video"(video_id, stream_id, title, type, description, status, tags, topic_id, topic, media_info, preview, views, created_at, updated_at)
    VALUES ('7059409c-e5c7-45d1-87eb-4809488ca655', 'f5c55436-6d25-4a6e-b1b0-ba90a046cc42', 'Robert goes live!', 'record', 'Robert goes live!', '', '[]', '284b3091-455d-4476-ae67-442a19d153d4', 'Mathematics', '{"width":1280,"height":720,"bitrate":1189.44}', '', '30705', '2015-10-30 08:53:52.239400+0000', '2015-10-31 07:32:42.354400+0000');
INSERT INTO "neap"."video"(video_id, stream_id, title, type, description, status, tags, topic_id, topic, media_info, preview, views, created_at, updated_at)
    VALUES ('857722d3-ea4f-4d20-a833-25c5ba032c60', 'f5c55436-6d25-4a6e-b1b0-ba90a046cc42', 'Robert goes live!', 'record', 'Robert goes live!', '', '[]', '284b3091-455d-4476-ae67-442a19d153d4', 'Mathematics', '{"width":1280,"height":720,"bitrate":1429.32}', '', '20617', '2015-10-29 23:38:02.045200+0000', '2015-10-30 15:35:14.841100+0000');
INSERT INTO "neap"."stream"(stream_id, channel_id, title, topic_id, topic, media_info, viewers, created_at, updated_at, ended_at)
    VALUES ('c5093135-e2b8-405d-b027-e27206872ad7', '3193b444-9ecd-477a-9c57-57dfa1f11f1b', 'Today is Music day', 'b369c464-cdea-4356-9d70-1450585652e2', 'Music', '{"width":1280,"height":720,"bitrate":1475.21}', 1179, '2015-09-26 07:42:12.800800+0000', '2015-09-26 07:54:50.857700+0000', '2015-09-26 07:56:12.588500+0000');
INSERT INTO "neap"."video"(video_id, stream_id, title, type, description, status, tags, topic_id, topic, media_info, preview, views, created_at, updated_at)
    VALUES ('9f5e904c-a518-4ad5-9a37-c031bdb94a50', 'c5093135-e2b8-405d-b027-e27206872ad7', 'Today is Music day', 'record', 'Today is Music day', '', '[]', 'b369c464-cdea-4356-9d70-1450585652e2', 'Music', '{"width":1280,"height":720,"bitrate":1402.95}', '', '25822', '2015-10-10 08:35:36.291400+0000', '2015-10-10 20:26:01.361200+0000');
INSERT INTO "neap"."video"(video_id, stream_id, title, type, description, status, tags, topic_id, topic, media_info, preview, views, created_at, updated_at)
    VALUES ('8297cb25-2fe3-4b20-945e-06533dbc7e4e', 'c5093135-e2b8-405d-b027-e27206872ad7', 'Today is Music day', 'record', 'Today is Music day', '', '[]', 'b369c464-cdea-4356-9d70-1450585652e2', 'Music', '{"width":1280,"height":720,"bitrate":1340.49}', '', '25306', '2015-10-13 10:43:05.564300+0000', '2015-10-13 22:59:27.634300+0000');
INSERT INTO "neap"."stream"(stream_id, channel_id, title, topic_id, topic, media_info, viewers, created_at, updated_at, ended_at)
    VALUES ('0f645615-c01d-4413-b7d3-91fbd7b29e5e', '3193b444-9ecd-477a-9c57-57dfa1f11f1b', 'The origins of Biology', 'd4f06d27-2693-4552-bd85-d9875651ce39', 'Biology', '{"width":1920,"height":1080,"bitrate":1542.7}', 102, '2015-09-06 12:48:14.257200+0000', '2015-09-06 13:18:36.051300+0000', '2015-09-06 13:44:21.681000+0000');
INSERT INTO "neap"."stream"(stream_id, channel_id, title, topic_id, topic, media_info, viewers, created_at, updated_at, ended_at)
    VALUES ('6c9b1246-f126-44ca-a051-a2d4be2fa5e2', '3193b444-9ecd-477a-9c57-57dfa1f11f1b', 'Come on and have fun with Robert!', '284b3091-455d-4476-ae67-442a19d153d4', 'Mathematics', '{"width":1280,"height":720,"bitrate":1086.07}', 1737, '2015-06-01 06:44:41.431000+0000', '2015-06-01 12:06:38.295700+0000', '2015-06-01 13:31:31.289200+0000');
INSERT INTO "neap"."video"(video_id, stream_id, title, type, description, status, tags, topic_id, topic, media_info, preview, views, created_at, updated_at)
    VALUES ('f03dabaa-36c8-4edf-82cd-ee8083b7d422', '6c9b1246-f126-44ca-a051-a2d4be2fa5e2', 'Come on and have fun with Robert!', 'record', 'Come on and have fun with Robert!', '', '[]', '284b3091-455d-4476-ae67-442a19d153d4', 'Mathematics', '{"width":1280,"height":720,"bitrate":1322.34}', '', '10145', '2015-10-19 22:50:31.582200+0000', '2015-10-20 10:23:49.527700+0000');
INSERT INTO "neap"."video"(video_id, stream_id, title, type, description, status, tags, topic_id, topic, media_info, preview, views, created_at, updated_at)
    VALUES ('e99e5ec0-3e38-4a11-8192-4e0d68c65fcf', '6c9b1246-f126-44ca-a051-a2d4be2fa5e2', 'Come on and have fun with Robert!', 'record', 'Come on and have fun with Robert!', '', '[]', '284b3091-455d-4476-ae67-442a19d153d4', 'Mathematics', '{"width":1280,"height":720,"bitrate":1369.09}', '', '8610', '2015-06-14 13:58:20.981200+0000', '2015-06-16 05:13:28.860800+0000');
INSERT INTO "neap"."stream"(stream_id, channel_id, title, topic_id, topic, media_info, viewers, created_at, updated_at, ended_at)
    VALUES ('d1d93b95-ab8e-4f87-b3da-6768c3d5639c', '3193b444-9ecd-477a-9c57-57dfa1f11f1b', 'Fun with Litterature and Robert', '994391cf-d41e-46f4-b6eb-ce53824e3a0c', 'Litterature', '{"width":1920,"height":1080,"bitrate":2647.35}', 1384, '2015-05-26 16:24:35.445500+0000', '2015-05-26 16:31:38.173400+0000', '2015-05-26 16:57:07.196700+0000');
INSERT INTO "neap"."video"(video_id, stream_id, title, type, description, status, tags, topic_id, topic, media_info, preview, views, created_at, updated_at)
    VALUES ('4fb9e0e9-7ad0-4120-9eda-7b6c10604c35', 'd1d93b95-ab8e-4f87-b3da-6768c3d5639c', 'Fun with Litterature and Robert', 'record', 'Fun with Litterature and Robert', '', '[]', '994391cf-d41e-46f4-b6eb-ce53824e3a0c', 'Litterature', '{"width":1920,"height":1080,"bitrate":2283.7}', '', '17599', '2015-08-10 08:56:46.344600+0000', '2015-08-11 23:34:25.910400+0000');
INSERT INTO "neap"."stream"(stream_id, channel_id, title, topic_id, topic, media_info, viewers, created_at, updated_at, ended_at)
    VALUES ('303cf83b-60c6-467b-b116-f532c4e8c1a1', '3193b444-9ecd-477a-9c57-57dfa1f11f1b', 'Relax stream', '5f6c7ec0-84ab-4d8e-a2d7-ff1887b55d6e', 'History', '{"width":720,"height":400,"bitrate":566.23}', 901, '2015-07-12 02:11:31.197800+0000', '2015-07-12 05:10:10.659800+0000', '2015-07-12 05:54:03.665700+0000');
INSERT INTO "neap"."stream"(stream_id, channel_id, title, topic_id, topic, media_info, viewers, created_at, updated_at, ended_at)
    VALUES ('9b6e327e-f171-4dc5-beed-8f93069ea8fd', '3193b444-9ecd-477a-9c57-57dfa1f11f1b', 'Today is History day', '5f6c7ec0-84ab-4d8e-a2d7-ff1887b55d6e', 'History', '{"width":1920,"height":1080,"bitrate":3058.1}', 1255, '2015-05-20 20:16:36.560000+0000', '2015-05-20 21:09:24.025200+0000', '2015-05-20 22:08:30.147100+0000');
INSERT INTO "neap"."video"(video_id, stream_id, title, type, description, status, tags, topic_id, topic, media_info, preview, views, created_at, updated_at)
    VALUES ('5345d46d-cef1-4dcb-bb11-ab101cf52057', '9b6e327e-f171-4dc5-beed-8f93069ea8fd', 'Today is History day', 'record', 'Today is History day', '', '[]', '5f6c7ec0-84ab-4d8e-a2d7-ff1887b55d6e', 'History', '{"width":1920,"height":1080,"bitrate":3313.59}', '', '9875', '2015-06-05 02:55:22.373300+0000', '2015-06-06 18:27:14.316400+0000');
INSERT INTO "neap"."stream"(stream_id, channel_id, title, topic_id, topic, media_info, viewers, created_at, updated_at, ended_at)
    VALUES ('8bc7c8ef-26ec-418b-aa81-0adc0a91d334', '3193b444-9ecd-477a-9c57-57dfa1f11f1b', 'Relax stream', 'd4f06d27-2693-4552-bd85-d9875651ce39', 'Biology', '{"width":1920,"height":1080,"bitrate":2333.42}', 911, '2015-07-24 20:04:41.102400+0000', '2015-07-24 22:31:12.157400+0000', '2015-07-24 23:17:58.150000+0000');
INSERT INTO "neap"."video"(video_id, stream_id, title, type, description, status, tags, topic_id, topic, media_info, preview, views, created_at, updated_at)
    VALUES ('0810b8e2-920d-4434-981e-06cbdd022ca5', '8bc7c8ef-26ec-418b-aa81-0adc0a91d334', 'Relax stream', 'record', 'Relax stream', '', '[]', 'd4f06d27-2693-4552-bd85-d9875651ce39', 'Biology', '{"width":1920,"height":1080,"bitrate":1540.36}', '', '24498', '2015-10-03 06:29:14.805800+0000', '2015-10-04 10:01:31.624500+0000');
INSERT INTO "neap"."user"(user_id, channel_id, type, username, email, password, display_name, logo, bio, created_at, updated_at)
    VALUES ('54de59e4-4e34-4ee1-88c7-6fa017634c1a', '0897381f-6034-4905-8a77-0a29f426d798', 'user', 'madeleine', 'madeleine@neap.io', '$2y$10$as8fFePUyBlHNiDVefOfAOq0mz0UzAm6/im7b5Zkpqok6n6TItvMe', 'Madeleine', 'https://gravatar.com/avatar/cb734836a762038e7b1e756c58c1d43e?s=128&d=identicon', null, '2015-02-15 19:21:06.289500+0000', '2015-05-15 00:22:51.796900+0000');
INSERT INTO "neap"."channel"(channel_id, user_id, chat_id, name, display_name, topic, language, views, followers)
    VALUES ('0897381f-6034-4905-8a77-0a29f426d798', '54de59e4-4e34-4ee1-88c7-6fa017634c1a', '5c0c22e9-cb4f-4d36-80ce-6c35831212a4', 'madeleine', 'Madeleine Channel', 'Music', 'en', 41473, 10);
INSERT INTO "neap"."chat"(chat_id, channel_id, name)
    VALUES ('5c0c22e9-cb4f-4d36-80ce-6c35831212a4', '0897381f-6034-4905-8a77-0a29f426d798', 'madeleine');
INSERT INTO "neap"."stream"(stream_id, channel_id, title, topic_id, topic, media_info, viewers, created_at, updated_at, ended_at)
    VALUES ('15a5b178-3aa7-401e-8408-b2febc28cb08', '0897381f-6034-4905-8a77-0a29f426d798', 'Philosophy?? Yeah, Philosophy!', '35fa82dc-ed25-47fb-b6cd-58ae8a151f60', 'Philosophy', '{"width":1280,"height":720,"bitrate":1200.64}', 89256, '2015-03-07 15:02:38.468800+0000', '2015-03-07 17:16:01.458700+0000', '2015-03-07 18:06:10.782400+0000');
INSERT INTO "neap"."video"(video_id, stream_id, title, type, description, status, tags, topic_id, topic, media_info, preview, views, created_at, updated_at)
    VALUES ('b8c3ad0d-2e39-4030-a0be-5f0fe4b08d34', '15a5b178-3aa7-401e-8408-b2febc28cb08', 'Philosophy?? Yeah, Philosophy!', 'record', 'Philosophy?? Yeah, Philosophy!', '', '[]', '35fa82dc-ed25-47fb-b6cd-58ae8a151f60', 'Philosophy', '{"width":1280,"height":720,"bitrate":843.1}', '', '8005', '2015-06-21 10:39:10.374300+0000', '2015-06-21 17:00:39.411500+0000');
INSERT INTO "neap"."video"(video_id, stream_id, title, type, description, status, tags, topic_id, topic, media_info, preview, views, created_at, updated_at)
    VALUES ('dbcb4574-a37b-4649-8964-86e2472b1276', '15a5b178-3aa7-401e-8408-b2febc28cb08', 'Philosophy?? Yeah, Philosophy!', 'record', 'Philosophy?? Yeah, Philosophy!', '', '[]', '35fa82dc-ed25-47fb-b6cd-58ae8a151f60', 'Philosophy', '{"width":1280,"height":720,"bitrate":786.86}', '', '29335', '2015-04-07 16:28:38.340900+0000', '2015-04-08 16:07:10.060000+0000');
INSERT INTO "neap"."stream"(stream_id, channel_id, title, topic_id, topic, media_info, viewers, created_at, updated_at, ended_at)
    VALUES ('8cd8e9f5-bf09-45de-8dd9-81c0f1135167', '0897381f-6034-4905-8a77-0a29f426d798', 'Today is Theology day', 'd2ea25fc-eb67-4c63-86d0-58ba2ce51b56', 'Theology', '{"width":720,"height":400,"bitrate":725.92}', 1958, '2015-02-20 18:59:32.754400+0000', '2015-02-20 19:14:17.288800+0000', '2015-02-20 19:28:54.851400+0000');
INSERT INTO "neap"."stream"(stream_id, channel_id, title, topic_id, topic, media_info, viewers, created_at, updated_at, ended_at)
    VALUES ('b5be6fe9-5f8a-4690-9073-e04d4a160e77', '0897381f-6034-4905-8a77-0a29f426d798', 'Come on and have fun with Madeleine!', '1cae4612-f178-4a0e-b3af-343a88b99638', 'Science', '{"width":720,"height":400,"bitrate":542.13}', 211, '2015-10-22 01:23:44.806300+0000', '2015-10-22 04:27:40.323700+0000', '2015-10-22 05:04:53.076400+0000');
INSERT INTO "neap"."stream"(stream_id, channel_id, title, topic_id, topic, media_info, viewers, created_at, updated_at, ended_at)
    VALUES ('b7ac81c4-1114-4192-b140-390d3da43262', '0897381f-6034-4905-8a77-0a29f426d798', 'Fun with Video games and Madeleine', '48e535f7-dba1-4d59-aac3-4c6cced32d6c', 'Video games', '{"width":1280,"height":720,"bitrate":1368.04}', 1765, '2015-04-08 04:22:43.907400+0000', '2015-04-08 06:56:40.714200+0000', '2015-04-08 08:39:20.383700+0000');
INSERT INTO "neap"."video"(video_id, stream_id, title, type, description, status, tags, topic_id, topic, media_info, preview, views, created_at, updated_at)
    VALUES ('7b09599e-518b-4584-a0d1-3f5d4e186d28', 'b7ac81c4-1114-4192-b140-390d3da43262', 'Fun with Video games and Madeleine', 'record', 'Fun with Video games and Madeleine', '', '[]', '48e535f7-dba1-4d59-aac3-4c6cced32d6c', 'Video games', '{"width":1280,"height":720,"bitrate":1172.93}', '', '14755', '2015-10-22 04:22:11.446100+0000', '2015-10-22 04:27:14.333500+0000');
INSERT INTO "neap"."stream"(stream_id, channel_id, title, topic_id, topic, media_info, viewers, created_at, updated_at, ended_at)
    VALUES ('80bccb7a-5932-4b91-8e44-1a98c8c61497', '0897381f-6034-4905-8a77-0a29f426d798', 'Biology?? Yeah, Biology!', 'd4f06d27-2693-4552-bd85-d9875651ce39', 'Biology', '{"width":1280,"height":720,"bitrate":1351.7}', 194, '2015-08-29 08:36:16.966700+0000', '2015-08-29 11:50:57.240500+0000', '2015-08-29 11:56:04.421100+0000');
INSERT INTO "neap"."video"(video_id, stream_id, title, type, description, status, tags, topic_id, topic, media_info, preview, views, created_at, updated_at)
    VALUES ('20d2d451-20d5-435d-9d36-449bfbcbc189', '80bccb7a-5932-4b91-8e44-1a98c8c61497', 'Biology?? Yeah, Biology!', 'record', 'Biology?? Yeah, Biology!', '', '[]', 'd4f06d27-2693-4552-bd85-d9875651ce39', 'Biology', '{"width":1280,"height":720,"bitrate":1365.63}', '', '33038', '2015-09-26 18:56:34.650500+0000', '2015-10-01 04:48:39.876800+0000');
INSERT INTO "neap"."user"(user_id, channel_id, type, username, email, password, display_name, logo, bio, created_at, updated_at)
    VALUES ('1dce6bfb-d8ac-428a-b46d-030976b96b62', '89a393dc-f611-4c8e-8309-6117d0f83def', 'user', 'juliana', 'juliana@neap.io', '$2y$10$hsTyWh2e5agppzBAxxI.o.wdkJeYfygSnpWEqs3I95mcLAt1jGgza', 'Juliana', 'https://gravatar.com/avatar/47b3178388e3b74c8310625825a4ed52?s=128&d=identicon', null, '2015-07-13 04:16:37.670500+0000', '2015-08-24 17:57:39.952800+0000');
INSERT INTO "neap"."channel"(channel_id, user_id, chat_id, name, display_name, topic, language, views, followers)
    VALUES ('89a393dc-f611-4c8e-8309-6117d0f83def', '1dce6bfb-d8ac-428a-b46d-030976b96b62', 'd9f6d153-b1b3-43bb-8847-15d45f61f124', 'juliana', 'Juliana Channel', 'History', 'en', 56043, 119);
INSERT INTO "neap"."chat"(chat_id, channel_id, name)
    VALUES ('d9f6d153-b1b3-43bb-8847-15d45f61f124', '89a393dc-f611-4c8e-8309-6117d0f83def', 'juliana');
INSERT INTO "neap"."stream"(stream_id, channel_id, title, topic_id, topic, media_info, viewers, created_at, updated_at, ended_at)
    VALUES ('796a763d-32ff-4176-8403-1f2dade381fa', '89a393dc-f611-4c8e-8309-6117d0f83def', 'Fun with Biology and Juliana', 'd4f06d27-2693-4552-bd85-d9875651ce39', 'Biology', '{"width":1280,"height":720,"bitrate":856.98}', 1907, '2015-10-05 07:28:20.713700+0000', '2015-10-05 07:45:04.017200+0000', '2015-10-05 08:52:32.057200+0000');
INSERT INTO "neap"."video"(video_id, stream_id, title, type, description, status, tags, topic_id, topic, media_info, preview, views, created_at, updated_at)
    VALUES ('10e22163-1934-42d3-9f8d-5020374729ae', '796a763d-32ff-4176-8403-1f2dade381fa', 'Fun with Biology and Juliana', 'record', 'Fun with Biology and Juliana', '', '[]', 'd4f06d27-2693-4552-bd85-d9875651ce39', 'Biology', '{"width":1280,"height":720,"bitrate":997.4}', '', '36086', '2015-10-27 10:28:53.069400+0000', '2015-10-28 07:18:17.685500+0000');
INSERT INTO "neap"."stream"(stream_id, channel_id, title, topic_id, topic, media_info, viewers, created_at, updated_at, ended_at)
    VALUES ('5d810b27-5676-43d7-811f-f28073c0195f', '89a393dc-f611-4c8e-8309-6117d0f83def', 'Fun with Theology and Juliana', 'd2ea25fc-eb67-4c63-86d0-58ba2ce51b56', 'Theology', '{"width":1920,"height":1080,"bitrate":1933.96}', 823, '2015-08-26 00:10:25.238500+0000', '2015-08-26 02:40:30.766900+0000', '2015-08-26 02:55:52.707900+0000');
INSERT INTO "neap"."video"(video_id, stream_id, title, type, description, status, tags, topic_id, topic, media_info, preview, views, created_at, updated_at)
    VALUES ('1e363bc1-ced7-4b57-811f-9a5dc7f56472', '5d810b27-5676-43d7-811f-f28073c0195f', 'Fun with Theology and Juliana', 'record', 'Fun with Theology and Juliana', '', '[]', 'd2ea25fc-eb67-4c63-86d0-58ba2ce51b56', 'Theology', '{"width":1920,"height":1080,"bitrate":1765.31}', '', '26058', '2015-09-12 16:18:53.842600+0000', '2015-09-13 16:01:43.084400+0000');
INSERT INTO "neap"."stream"(stream_id, channel_id, title, topic_id, topic, media_info, viewers, created_at, updated_at, ended_at)
    VALUES ('b309b163-64ba-42ff-b311-6018911e156a', '89a393dc-f611-4c8e-8309-6117d0f83def', 'Come on and have fun with Juliana!', 'd2ea25fc-eb67-4c63-86d0-58ba2ce51b56', 'Theology', '{"width":1920,"height":1080,"bitrate":1179.07}', 57829, '2015-10-31 19:13:53.837800+0000', '2015-10-31 22:12:10.414500+0000', '2015-10-31 22:20:31.487600+0000');
INSERT INTO "neap"."video"(video_id, stream_id, title, type, description, status, tags, topic_id, topic, media_info, preview, views, created_at, updated_at)
    VALUES ('a550aa6b-c97f-4633-aeb8-6898cbb84657', 'b309b163-64ba-42ff-b311-6018911e156a', 'Come on and have fun with Juliana!', 'record', 'Come on and have fun with Juliana!', '', '[]', 'd2ea25fc-eb67-4c63-86d0-58ba2ce51b56', 'Theology', '{"width":1920,"height":1080,"bitrate":1541.3}', '', '34726', '2015-11-01 21:52:55.720200+0000', '2015-11-03 23:35:16.850000+0000');
INSERT INTO "neap"."stream"(stream_id, channel_id, title, topic_id, topic, media_info, viewers, created_at, updated_at, ended_at)
    VALUES ('b52d6b6a-c47c-4ecf-9976-50e32060116a', '89a393dc-f611-4c8e-8309-6117d0f83def', 'Relax stream', '994391cf-d41e-46f4-b6eb-ce53824e3a0c', 'Litterature', '{"width":720,"height":400,"bitrate":605.23}', 1286, '2015-10-04 08:50:00.383300+0000', '2015-10-04 15:49:18.595900+0000', '2015-10-04 17:10:33.130100+0000');
INSERT INTO "neap"."video"(video_id, stream_id, title, type, description, status, tags, topic_id, topic, media_info, preview, views, created_at, updated_at)
    VALUES ('8cf61c74-8b05-4385-95b0-955b2ed95b07', 'b52d6b6a-c47c-4ecf-9976-50e32060116a', 'Relax stream', 'record', 'Relax stream', '', '[]', '994391cf-d41e-46f4-b6eb-ce53824e3a0c', 'Litterature', '{"width":720,"height":400,"bitrate":566.64}', '', '15730', '2015-10-17 19:18:53.844300+0000', '2015-10-21 09:40:36.418400+0000');
INSERT INTO "neap"."stream"(stream_id, channel_id, title, topic_id, topic, media_info, viewers, created_at, updated_at, ended_at)
    VALUES ('a51f86ba-7011-470f-999c-c6295477442d', '89a393dc-f611-4c8e-8309-6117d0f83def', 'Today is Photography day', 'e496e832-363e-4228-b518-7fe126ccaa04', 'Photography', '{"width":720,"height":400,"bitrate":732.7}', 19925, '2015-09-03 09:29:46.369700+0000', '2015-09-03 13:18:21.306800+0000', '2015-09-03 14:24:34.750900+0000');
INSERT INTO "neap"."user"(user_id, channel_id, type, username, email, password, display_name, logo, bio, created_at, updated_at)
    VALUES ('34af4b62-4ad3-4e97-a974-b2fadf9a69f9', '38f41590-dea7-45da-bb6f-cf2cd4170438', 'user', 'dorian', 'dorian@neap.io', '$2y$10$qXVV.MOYdd444IBW6j/ZaeBqAdT.x86.lvA4tlwfgx9aZH8m3hiAW', 'Dorian', 'https://gravatar.com/avatar/3f54aebf64100cbd24f54c87bc717a05?s=128&d=identicon', null, '2015-09-10 02:25:10.219800+0000', '2015-11-01 22:01:51.061200+0000');
INSERT INTO "neap"."channel"(channel_id, user_id, chat_id, name, display_name, topic, language, views, followers)
    VALUES ('38f41590-dea7-45da-bb6f-cf2cd4170438', '34af4b62-4ad3-4e97-a974-b2fadf9a69f9', '863f66ff-e2ae-4c28-a1c4-82e2a7ebd4d5', 'dorian', 'Dorian Channel', 'Philosophy', 'en', 84101, 143);
INSERT INTO "neap"."chat"(chat_id, channel_id, name)
    VALUES ('863f66ff-e2ae-4c28-a1c4-82e2a7ebd4d5', '38f41590-dea7-45da-bb6f-cf2cd4170438', 'dorian');
INSERT INTO "neap"."stream"(stream_id, channel_id, title, topic_id, topic, media_info, viewers, created_at, updated_at, ended_at)
    VALUES ('ce972e6f-acc8-4a8d-98ba-7df839fb5420', '38f41590-dea7-45da-bb6f-cf2cd4170438', 'The origins of Litterature', '994391cf-d41e-46f4-b6eb-ce53824e3a0c', 'Litterature', '{"width":720,"height":400,"bitrate":558.27}', 8974, '2015-09-30 18:31:34.732300+0000', '2015-09-30 18:33:12.515100+0000', '2015-09-30 19:20:48.886500+0000');
INSERT INTO "neap"."video"(video_id, stream_id, title, type, description, status, tags, topic_id, topic, media_info, preview, views, created_at, updated_at)
    VALUES ('b8f6f6d4-343d-4210-a2c2-76f60b600eb1', 'ce972e6f-acc8-4a8d-98ba-7df839fb5420', 'The origins of Litterature', 'record', 'The origins of Litterature', '', '[]', '994391cf-d41e-46f4-b6eb-ce53824e3a0c', 'Litterature', '{"width":720,"height":400,"bitrate":528.87}', '', '35283', '2015-10-03 13:47:59.115700+0000', '2015-10-03 17:10:40.730000+0000');
INSERT INTO "neap"."stream"(stream_id, channel_id, title, topic_id, topic, media_info, viewers, created_at, updated_at, ended_at)
    VALUES ('4f6ae253-5e95-41ed-98b7-2f546696f522', '38f41590-dea7-45da-bb6f-cf2cd4170438', 'Today is Litterature day', '994391cf-d41e-46f4-b6eb-ce53824e3a0c', 'Litterature', '{"width":1280,"height":720,"bitrate":768.82}', 982, '2015-09-12 01:19:36.210600+0000', '2015-09-12 02:11:52.072200+0000', '2015-09-12 02:14:06.029800+0000');
INSERT INTO "neap"."stream"(stream_id, channel_id, title, topic_id, topic, media_info, viewers, created_at, updated_at, ended_at)
    VALUES ('eb49a422-9b30-4392-85ba-57538e7cf96c', '38f41590-dea7-45da-bb6f-cf2cd4170438', 'Fun with Litterature and Dorian', '994391cf-d41e-46f4-b6eb-ce53824e3a0c', 'Litterature', '{"width":1280,"height":720,"bitrate":1171.65}', 40185, '2015-10-22 19:47:25.825700+0000', '2015-10-23 01:09:00.811800+0000', '2015-10-23 01:38:53.873300+0000');
INSERT INTO "neap"."video"(video_id, stream_id, title, type, description, status, tags, topic_id, topic, media_info, preview, views, created_at, updated_at)
    VALUES ('dae39693-b842-4db5-af0a-2436889c0322', 'eb49a422-9b30-4392-85ba-57538e7cf96c', 'Fun with Litterature and Dorian', 'record', 'Fun with Litterature and Dorian', '', '[]', '994391cf-d41e-46f4-b6eb-ce53824e3a0c', 'Litterature', '{"width":1280,"height":720,"bitrate":1017.75}', '', '19261', '2015-10-29 19:03:34.505200+0000', '2015-10-29 23:00:19.841200+0000');
INSERT INTO "neap"."stream"(stream_id, channel_id, title, topic_id, topic, media_info, viewers, created_at, updated_at, ended_at)
    VALUES ('5049f759-7353-4609-8220-7da3ac90f9d0', '38f41590-dea7-45da-bb6f-cf2cd4170438', 'Today is Video games day', '48e535f7-dba1-4d59-aac3-4c6cced32d6c', 'Video games', '{"width":720,"height":400,"bitrate":528.35}', 1078, '2015-10-15 20:04:04.605100+0000', '2015-10-15 23:26:07.450100+0000', '2015-10-16 00:45:57.432000+0000');
INSERT INTO "neap"."stream"(stream_id, channel_id, title, topic_id, topic, media_info, viewers, created_at, updated_at, ended_at)
    VALUES ('c8a887e7-d05d-4b2c-a719-f0aabda8d280', '38f41590-dea7-45da-bb6f-cf2cd4170438', 'Come on and have fun with Dorian!', 'b369c464-cdea-4356-9d70-1450585652e2', 'Music', '{"width":1920,"height":1080,"bitrate":1817.37}', 1215, '2015-10-27 04:17:08.494800+0000', '2015-10-27 09:21:27.380100+0000', '2015-10-27 09:39:01.062300+0000');
INSERT INTO "neap"."video"(video_id, stream_id, title, type, description, status, tags, topic_id, topic, media_info, preview, views, created_at, updated_at)
    VALUES ('86061142-c4aa-4234-8422-0dda610acaec', 'c8a887e7-d05d-4b2c-a719-f0aabda8d280', 'Come on and have fun with Dorian!', 'record', 'Come on and have fun with Dorian!', '', '[]', 'b369c464-cdea-4356-9d70-1450585652e2', 'Music', '{"width":1920,"height":1080,"bitrate":1770.35}', '', '32301', '2015-10-27 13:48:32.265700+0000', '2015-10-29 08:46:31.825700+0000');
INSERT INTO "neap"."video"(video_id, stream_id, title, type, description, status, tags, topic_id, topic, media_info, preview, views, created_at, updated_at)
    VALUES ('fd87f2c2-56b4-4055-bfac-66f1a2d26790', 'c8a887e7-d05d-4b2c-a719-f0aabda8d280', 'Come on and have fun with Dorian!', 'record', 'Come on and have fun with Dorian!', '', '[]', 'b369c464-cdea-4356-9d70-1450585652e2', 'Music', '{"width":1920,"height":1080,"bitrate":2850.69}', '', '33422', '2015-10-31 21:11:01.501200+0000', '2015-11-02 00:22:34.879000+0000');
INSERT INTO "neap"."stream"(stream_id, channel_id, title, topic_id, topic, media_info, viewers, created_at, updated_at, ended_at)
    VALUES ('989f8bef-2a75-4a6e-b080-3983766c1a3c', '38f41590-dea7-45da-bb6f-cf2cd4170438', 'Biology?? Yeah, Biology!', 'd4f06d27-2693-4552-bd85-d9875651ce39', 'Biology', '{"width":1920,"height":1080,"bitrate":1636.77}', 1233, '2015-09-17 00:52:15.833700+0000', '2015-09-17 05:00:53.603700+0000', '2015-09-17 05:20:06.259200+0000');
INSERT INTO "neap"."video"(video_id, stream_id, title, type, description, status, tags, topic_id, topic, media_info, preview, views, created_at, updated_at)
    VALUES ('dec6a878-ebba-49d4-9434-915bf1557426', '989f8bef-2a75-4a6e-b080-3983766c1a3c', 'Biology?? Yeah, Biology!', 'record', 'Biology?? Yeah, Biology!', '', '[]', 'd4f06d27-2693-4552-bd85-d9875651ce39', 'Biology', '{"width":1920,"height":1080,"bitrate":1681.99}', '', '36494', '2015-10-31 03:04:59.372200+0000', '2015-11-04 19:42:38.107200+0000');
INSERT INTO "neap"."user"(user_id, channel_id, type, username, email, password, display_name, logo, bio, created_at, updated_at)
    VALUES ('adee2d48-aa50-4f4f-9715-c75cae54d1ab', '1c9f0aef-a036-439c-9fd7-1e0aa45794d0', 'user', 'grace', 'grace@neap.io', '$2y$10$ISpxZ0G.7hGGVmk4cFm2ou3vsEVlgFCRYm542DVDu9e857ozZYVdO', 'Grace', 'https://gravatar.com/avatar/f3b332d0a61d14105a3d66319060624f?s=128&d=identicon', null, '2015-05-01 03:51:52.232200+0000', '2015-10-04 15:30:20.190700+0000');
INSERT INTO "neap"."channel"(channel_id, user_id, chat_id, name, display_name, topic, language, views, followers)
    VALUES ('1c9f0aef-a036-439c-9fd7-1e0aa45794d0', 'adee2d48-aa50-4f4f-9715-c75cae54d1ab', '7e991bdb-9dea-41a6-ac70-acbf616cd8c1', 'grace', 'Grace Channel', 'Astrology', 'en', 15576, 121);
INSERT INTO "neap"."chat"(chat_id, channel_id, name)
    VALUES ('7e991bdb-9dea-41a6-ac70-acbf616cd8c1', '1c9f0aef-a036-439c-9fd7-1e0aa45794d0', 'grace');
INSERT INTO "neap"."stream"(stream_id, channel_id, title, topic_id, topic, media_info, viewers, created_at, updated_at, ended_at)
    VALUES ('b8f5a7a5-2ba6-43d5-b21e-b2315cd33e85', '1c9f0aef-a036-439c-9fd7-1e0aa45794d0', 'Fun with Philosophy and Grace', '35fa82dc-ed25-47fb-b6cd-58ae8a151f60', 'Philosophy', '{"width":1280,"height":720,"bitrate":1319}', 614, '2015-06-16 14:29:08.296200+0000', '2015-06-16 15:46:07.227800+0000', '2015-06-16 17:01:50.746100+0000');
INSERT INTO "neap"."video"(video_id, stream_id, title, type, description, status, tags, topic_id, topic, media_info, preview, views, created_at, updated_at)
    VALUES ('6f8ed6f1-0a5e-4607-9d58-d761dfe975bc', 'b8f5a7a5-2ba6-43d5-b21e-b2315cd33e85', 'Fun with Philosophy and Grace', 'record', 'Fun with Philosophy and Grace', '', '[]', '35fa82dc-ed25-47fb-b6cd-58ae8a151f60', 'Philosophy', '{"width":1280,"height":720,"bitrate":1453.21}', '', '912', '2015-10-08 15:58:40.900400+0000', '2015-10-09 22:14:11.687900+0000');
INSERT INTO "neap"."video"(video_id, stream_id, title, type, description, status, tags, topic_id, topic, media_info, preview, views, created_at, updated_at)
    VALUES ('c203e9da-6dc8-4c96-ba7b-1d4f69116fb3', 'b8f5a7a5-2ba6-43d5-b21e-b2315cd33e85', 'Fun with Philosophy and Grace', 'record', 'Fun with Philosophy and Grace', '', '[]', '35fa82dc-ed25-47fb-b6cd-58ae8a151f60', 'Philosophy', '{"width":1280,"height":720,"bitrate":790.23}', '', '13345', '2015-09-25 15:12:06.516800+0000', '2015-09-25 23:59:29.404200+0000');
INSERT INTO "neap"."stream"(stream_id, channel_id, title, topic_id, topic, media_info, viewers, created_at, updated_at, ended_at)
    VALUES ('2949f111-d4c9-4b90-9522-bca878367210', '1c9f0aef-a036-439c-9fd7-1e0aa45794d0', 'Today is Biology day', 'd4f06d27-2693-4552-bd85-d9875651ce39', 'Biology', '{"width":1280,"height":720,"bitrate":1132.78}', 1055, '2015-09-07 09:06:57.691300+0000', '2015-09-07 10:43:27.400300+0000', '2015-09-07 11:10:45.873800+0000');
INSERT INTO "neap"."video"(video_id, stream_id, title, type, description, status, tags, topic_id, topic, media_info, preview, views, created_at, updated_at)
    VALUES ('c564e7b6-7b3a-4ae6-bd3f-5b67b9b6dea3', '2949f111-d4c9-4b90-9522-bca878367210', 'Today is Biology day', 'record', 'Today is Biology day', '', '[]', 'd4f06d27-2693-4552-bd85-d9875651ce39', 'Biology', '{"width":1280,"height":720,"bitrate":1294.35}', '', '28030', '2015-09-27 15:15:08.260200+0000', '2015-09-27 21:46:52.826500+0000');
INSERT INTO "neap"."stream"(stream_id, channel_id, title, topic_id, topic, media_info, viewers, created_at, updated_at, ended_at)
    VALUES ('3c2a50ee-ce2b-4bd4-a6c8-aec170e5dc46', '1c9f0aef-a036-439c-9fd7-1e0aa45794d0', 'Grace goes live!', 'e9af2f53-d2dd-4e32-9dea-26d6ac21bcb8', 'Astrology', '{"width":720,"height":400,"bitrate":798.6}', 579, '2015-05-02 19:10:09.913200+0000', '2015-05-03 00:02:47.904700+0000', '2015-05-03 01:24:27.337100+0000');
INSERT INTO "neap"."video"(video_id, stream_id, title, type, description, status, tags, topic_id, topic, media_info, preview, views, created_at, updated_at)
    VALUES ('9a49de58-b0db-418b-8bd2-5fafa415ce0e', '3c2a50ee-ce2b-4bd4-a6c8-aec170e5dc46', 'Grace goes live!', 'highlight', 'Grace goes live!', '', '[]', 'e9af2f53-d2dd-4e32-9dea-26d6ac21bcb8', 'Astrology', '{"width":720,"height":400,"bitrate":560.01}', '', '10276', '2015-11-01 04:25:33.961000+0000', '2015-11-05 05:25:57.433600+0000');
INSERT INTO "neap"."video"(video_id, stream_id, title, type, description, status, tags, topic_id, topic, media_info, preview, views, created_at, updated_at)
    VALUES ('8c35a6f9-7fcd-485b-974b-6289e136245a', '3c2a50ee-ce2b-4bd4-a6c8-aec170e5dc46', 'Grace goes live!', 'record', 'Grace goes live!', '', '[]', 'e9af2f53-d2dd-4e32-9dea-26d6ac21bcb8', 'Astrology', '{"width":720,"height":400,"bitrate":775.78}', '', '5866', '2015-05-29 22:04:02.511900+0000', '2015-05-31 10:43:27.504000+0000');
INSERT INTO "neap"."user"(user_id, channel_id, type, username, email, password, display_name, logo, bio, created_at, updated_at)
    VALUES ('40ea96ad-e118-477d-b821-91c88e37b2b1', 'e093f335-db36-41d2-b88a-dcbd0593d42a', 'user', 'prince', 'prince@neap.io', '$2y$10$WGtiRahBv4nVMmuSxjtrhec/bEe73rZQ9eX9ERCiDVrtjvMCOHRVq', 'Prince', 'https://gravatar.com/avatar/483499f52ed92ee8149d63ec04389088?s=128&d=identicon', null, '2015-05-21 10:58:37.625800+0000', '2015-06-02 20:49:10.256700+0000');
INSERT INTO "neap"."channel"(channel_id, user_id, chat_id, name, display_name, topic, language, views, followers)
    VALUES ('e093f335-db36-41d2-b88a-dcbd0593d42a', '40ea96ad-e118-477d-b821-91c88e37b2b1', 'f5de38cf-f3a2-4b81-9b33-3cdc9831a0e7', 'prince', 'Prince Channel', 'Litterature', 'en', 78783, 43);
INSERT INTO "neap"."chat"(chat_id, channel_id, name)
    VALUES ('f5de38cf-f3a2-4b81-9b33-3cdc9831a0e7', 'e093f335-db36-41d2-b88a-dcbd0593d42a', 'prince');
INSERT INTO "neap"."stream"(stream_id, channel_id, title, topic_id, topic, media_info, viewers, created_at, updated_at, ended_at)
    VALUES ('699f9a6d-fd2b-4b8b-9dce-43786e0825f9', 'e093f335-db36-41d2-b88a-dcbd0593d42a', 'Come on and have fun with Prince!', 'd4f06d27-2693-4552-bd85-d9875651ce39', 'Biology', '{"width":720,"height":400,"bitrate":662.37}', 841, '2015-08-22 14:30:59.364600+0000', '2015-08-22 15:56:12.460500+0000', '2015-08-22 16:25:23.249100+0000');
INSERT INTO "neap"."video"(video_id, stream_id, title, type, description, status, tags, topic_id, topic, media_info, preview, views, created_at, updated_at)
    VALUES ('22dd2a99-60a3-470f-873c-b4dcdbc8ce60', '699f9a6d-fd2b-4b8b-9dce-43786e0825f9', 'Come on and have fun with Prince!', 'record', 'Come on and have fun with Prince!', '', '[]', 'd4f06d27-2693-4552-bd85-d9875651ce39', 'Biology', '{"width":720,"height":400,"bitrate":700.72}', '', '39570', '2015-08-30 10:36:44.908100+0000', '2015-08-31 03:47:20.261400+0000');
INSERT INTO "neap"."stream"(stream_id, channel_id, title, topic_id, topic, media_info, viewers, created_at, updated_at, ended_at)
    VALUES ('a4c5209b-e34f-4252-bfe0-1f99c855bd17', 'e093f335-db36-41d2-b88a-dcbd0593d42a', 'Today is Video games day', '48e535f7-dba1-4d59-aac3-4c6cced32d6c', 'Video games', '{"width":1920,"height":1080,"bitrate":1639.53}', 37931, '2015-09-28 20:52:58.395100+0000', '2015-09-28 22:49:10.891300+0000', '2015-09-28 23:12:27.152000+0000');
INSERT INTO "neap"."video"(video_id, stream_id, title, type, description, status, tags, topic_id, topic, media_info, preview, views, created_at, updated_at)
    VALUES ('604cb9a6-6e66-4884-a163-5e5800e750c1', 'a4c5209b-e34f-4252-bfe0-1f99c855bd17', 'Today is Video games day', 'highlight', 'Today is Video games day', '', '[]', '48e535f7-dba1-4d59-aac3-4c6cced32d6c', 'Video games', '{"width":1920,"height":1080,"bitrate":3043.88}', '', '14714', '2015-10-26 02:03:57.569900+0000', '2015-10-28 14:56:25.700200+0000');
INSERT INTO "neap"."user"(user_id, channel_id, type, username, email, password, display_name, logo, bio, created_at, updated_at)
    VALUES ('08f1eb38-69a6-4fe2-9331-c4f3fd755aae', 'a88a3b14-ca66-4e0f-908e-deef59bd7340', 'user', 'tristen', 'tristen@neap.io', '$2y$10$LBFX2up5GIIg3qHn7te3TuJT3dkgarP65szLfmWWF5vN4HWUloLgW', 'Tristen', 'https://gravatar.com/avatar/75fc781b54338f428567da642cedbb23?s=128&d=identicon', null, '2015-06-16 18:23:43.042500+0000', '2015-11-01 14:46:56.381300+0000');
INSERT INTO "neap"."channel"(channel_id, user_id, chat_id, name, display_name, topic, language, views, followers)
    VALUES ('a88a3b14-ca66-4e0f-908e-deef59bd7340', '08f1eb38-69a6-4fe2-9331-c4f3fd755aae', '251f56fe-0295-41e5-9491-289c976342dc', 'tristen', 'Tristen Channel', 'Philosophy', 'en', 38640, 23);
INSERT INTO "neap"."chat"(chat_id, channel_id, name)
    VALUES ('251f56fe-0295-41e5-9491-289c976342dc', 'a88a3b14-ca66-4e0f-908e-deef59bd7340', 'tristen');
INSERT INTO "neap"."stream"(stream_id, channel_id, title, topic_id, topic, media_info, viewers, created_at, updated_at, ended_at)
    VALUES ('ea82cc14-0cac-43b6-86c3-4d8ddba21418', 'a88a3b14-ca66-4e0f-908e-deef59bd7340', 'Fun with Theology and Tristen', 'd2ea25fc-eb67-4c63-86d0-58ba2ce51b56', 'Theology', '{"width":1920,"height":1080,"bitrate":1731.23}', 220, '2015-08-19 05:56:55.989000+0000', '2015-08-19 09:10:56.467200+0000', '2015-08-19 10:13:10.794300+0000');
INSERT INTO "neap"."video"(video_id, stream_id, title, type, description, status, tags, topic_id, topic, media_info, preview, views, created_at, updated_at)
    VALUES ('30bb8815-4df4-4c51-849c-7efb03b9ada3', 'ea82cc14-0cac-43b6-86c3-4d8ddba21418', 'Fun with Theology and Tristen', 'record', 'Fun with Theology and Tristen', '', '[]', 'd2ea25fc-eb67-4c63-86d0-58ba2ce51b56', 'Theology', '{"width":1920,"height":1080,"bitrate":3472.19}', '', '37495', '2015-10-31 03:34:45.807600+0000', '2015-11-02 09:32:46.941100+0000');
INSERT INTO "neap"."user"(user_id, channel_id, type, username, email, password, display_name, logo, bio, created_at, updated_at)
    VALUES ('d51fd81d-56d9-480f-9e8f-d0fe6168c836', 'c23dc247-e5f3-4a2a-9e10-489bf972cef2', 'user', 'katherine', 'katherine@neap.io', '$2y$10$Nwir1Z8xdBxDP8UhOMjYfe2ZsEQr0Fk5N0r6haglUGUK5atlCnlMm', 'Katherine', 'https://gravatar.com/avatar/2f540bb5eb49a19567de97a9838dfaaa?s=128&d=identicon', null, '2015-04-13 17:57:37.114000+0000', '2015-08-02 22:47:04.358900+0000');
INSERT INTO "neap"."channel"(channel_id, user_id, chat_id, name, display_name, topic, language, views, followers)
    VALUES ('c23dc247-e5f3-4a2a-9e10-489bf972cef2', 'd51fd81d-56d9-480f-9e8f-d0fe6168c836', '5abb1a6e-9322-46d7-a1ba-5af3c7d0f19a', 'katherine', 'Katherine Channel', 'Biology', 'en', 74648, 106);
INSERT INTO "neap"."chat"(chat_id, channel_id, name)
    VALUES ('5abb1a6e-9322-46d7-a1ba-5af3c7d0f19a', 'c23dc247-e5f3-4a2a-9e10-489bf972cef2', 'katherine');
INSERT INTO "neap"."stream"(stream_id, channel_id, title, topic_id, topic, media_info, viewers, created_at, updated_at, ended_at)
    VALUES ('c10d4a30-2546-4efa-b934-ecb896d3d240', 'c23dc247-e5f3-4a2a-9e10-489bf972cef2', 'Katherine goes live!', '994391cf-d41e-46f4-b6eb-ce53824e3a0c', 'Litterature', '{"width":1920,"height":1080,"bitrate":2845.18}', 57106, '2015-10-06 10:24:42.235900+0000', '2015-10-06 12:47:15.895100+0000', '2015-10-06 14:17:09.005400+0000');
INSERT INTO "neap"."stream"(stream_id, channel_id, title, topic_id, topic, media_info, viewers, created_at, updated_at, ended_at)
    VALUES ('1acc03af-a2a7-40b4-87b7-b67e8b018a9a', 'c23dc247-e5f3-4a2a-9e10-489bf972cef2', 'Today is Philosophy day', '35fa82dc-ed25-47fb-b6cd-58ae8a151f60', 'Philosophy', '{"width":1280,"height":720,"bitrate":1298.55}', 1373, '2015-09-01 22:10:42.171200+0000', '2015-09-02 04:31:10.935100+0000', '2015-09-02 04:33:22.421800+0000');
INSERT INTO "neap"."video"(video_id, stream_id, title, type, description, status, tags, topic_id, topic, media_info, preview, views, created_at, updated_at)
    VALUES ('07f5a5a6-c178-4180-b47e-e5d1c20cc20e', '1acc03af-a2a7-40b4-87b7-b67e8b018a9a', 'Today is Philosophy day', 'record', 'Today is Philosophy day', '', '[]', '35fa82dc-ed25-47fb-b6cd-58ae8a151f60', 'Philosophy', '{"width":1280,"height":720,"bitrate":788.34}', '', '29616', '2015-10-07 23:39:19.126200+0000', '2015-10-12 03:49:41.847700+0000');
INSERT INTO "neap"."video"(video_id, stream_id, title, type, description, status, tags, topic_id, topic, media_info, preview, views, created_at, updated_at)
    VALUES ('c5b56907-703d-47c6-80ba-bb01b28eba5a', '1acc03af-a2a7-40b4-87b7-b67e8b018a9a', 'Today is Philosophy day', 'record', 'Today is Philosophy day', '', '[]', '35fa82dc-ed25-47fb-b6cd-58ae8a151f60', 'Philosophy', '{"width":1280,"height":720,"bitrate":1229.64}', '', '7879', '2015-09-03 13:07:06.333100+0000', '2015-09-04 19:15:51.385900+0000');
INSERT INTO "neap"."stream"(stream_id, channel_id, title, topic_id, topic, media_info, viewers, created_at, updated_at, ended_at)
    VALUES ('9b3fd38f-1234-480f-addf-f14ad1060a9d', 'c23dc247-e5f3-4a2a-9e10-489bf972cef2', 'Come on and have fun with Katherine!', '1cae4612-f178-4a0e-b3af-343a88b99638', 'Science', '{"width":1280,"height":720,"bitrate":959.02}', 765, '2015-04-26 09:57:49.496500+0000', '2015-04-26 10:30:40.204500+0000', '2015-04-26 11:21:43.273700+0000');
INSERT INTO "neap"."stream"(stream_id, channel_id, title, topic_id, topic, media_info, viewers, created_at, updated_at, ended_at)
    VALUES ('d50031f6-7700-4fbc-8977-383e26601b79', 'c23dc247-e5f3-4a2a-9e10-489bf972cef2', 'Fun with Video games and Katherine', '48e535f7-dba1-4d59-aac3-4c6cced32d6c', 'Video games', '{"width":1920,"height":1080,"bitrate":1207.59}', 315, '2015-04-16 23:54:02.707500+0000', '2015-04-17 00:47:41.543600+0000', '2015-04-17 00:53:24.893300+0000');
INSERT INTO "neap"."video"(video_id, stream_id, title, type, description, status, tags, topic_id, topic, media_info, preview, views, created_at, updated_at)
    VALUES ('7458fbe8-1564-4ebf-aa46-6ccf47864bc5', 'd50031f6-7700-4fbc-8977-383e26601b79', 'Fun with Video games and Katherine', 'record', 'Fun with Video games and Katherine', '', '[]', '48e535f7-dba1-4d59-aac3-4c6cced32d6c', 'Video games', '{"width":1920,"height":1080,"bitrate":1857.84}', '', '20675', '2015-10-28 17:21:49.175600+0000', '2015-10-28 19:28:12.457700+0000');
INSERT INTO "neap"."video"(video_id, stream_id, title, type, description, status, tags, topic_id, topic, media_info, preview, views, created_at, updated_at)
    VALUES ('4d6e2045-11a1-4af9-bbfd-8c044a0691cb', 'd50031f6-7700-4fbc-8977-383e26601b79', 'Fun with Video games and Katherine', 'highlight', 'Fun with Video games and Katherine', '', '[]', '48e535f7-dba1-4d59-aac3-4c6cced32d6c', 'Video games', '{"width":1920,"height":1080,"bitrate":2978.83}', '', '39895', '2015-09-09 18:48:36.511200+0000', '2015-09-11 19:20:17.005500+0000');
INSERT INTO "neap"."stream"(stream_id, channel_id, title, topic_id, topic, media_info, viewers, created_at, updated_at, ended_at)
    VALUES ('7dc69e86-7449-4b1c-b613-f9d7503978d9', 'c23dc247-e5f3-4a2a-9e10-489bf972cef2', 'Mathematics?? Yeah, Mathematics!', '284b3091-455d-4476-ae67-442a19d153d4', 'Mathematics', '{"width":720,"height":400,"bitrate":522.57}', 567, '2015-08-17 03:09:06.270600+0000', '2015-08-17 07:28:40.574500+0000', '2015-08-17 08:00:08.701200+0000');
INSERT INTO "neap"."video"(video_id, stream_id, title, type, description, status, tags, topic_id, topic, media_info, preview, views, created_at, updated_at)
    VALUES ('9592fe0c-17e2-429e-960d-b8c22a471249', '7dc69e86-7449-4b1c-b613-f9d7503978d9', 'Mathematics?? Yeah, Mathematics!', 'highlight', 'Mathematics?? Yeah, Mathematics!', '', '[]', '284b3091-455d-4476-ae67-442a19d153d4', 'Mathematics', '{"width":720,"height":400,"bitrate":634.33}', '', '19342', '2015-10-11 19:56:00.310900+0000', '2015-10-14 11:53:13.968300+0000');
INSERT INTO "neap"."stream"(stream_id, channel_id, title, topic_id, topic, media_info, viewers, created_at, updated_at, ended_at)
    VALUES ('61f8af38-3709-4195-a75f-869a34884f44', 'c23dc247-e5f3-4a2a-9e10-489bf972cef2', 'Relax stream', '284b3091-455d-4476-ae67-442a19d153d4', 'Mathematics', '{"width":1280,"height":720,"bitrate":1242.49}', 1157, '2015-06-01 12:27:52.417700+0000', '2015-06-01 13:16:19.249900+0000', '2015-06-01 13:26:39.021800+0000');
INSERT INTO "neap"."user"(user_id, channel_id, type, username, email, password, display_name, logo, bio, created_at, updated_at)
    VALUES ('90e9cc56-0d5e-4bf4-93a3-cd089bf204e8', 'e43a3270-8946-48e4-9173-5538e3cd8902', 'user', 'zion', 'zion@neap.io', '$2y$10$OarztArWzl7jNGiE3/d6TuODiDuQiSbLgT2VdOscgrZbAjmgcKzpG', 'Zion', 'https://gravatar.com/avatar/946d30523c81ce13e44e09496b8b54e7?s=128&d=identicon', null, '2015-03-29 18:29:58.286600+0000', '2015-08-07 18:18:34.796400+0000');
INSERT INTO "neap"."channel"(channel_id, user_id, chat_id, name, display_name, topic, language, views, followers)
    VALUES ('e43a3270-8946-48e4-9173-5538e3cd8902', '90e9cc56-0d5e-4bf4-93a3-cd089bf204e8', 'c6427e46-afb7-4bfa-8cb1-92c6694df914', 'zion', 'Zion Channel', 'Theology', 'en', 61463, 106);
INSERT INTO "neap"."chat"(chat_id, channel_id, name)
    VALUES ('c6427e46-afb7-4bfa-8cb1-92c6694df914', 'e43a3270-8946-48e4-9173-5538e3cd8902', 'zion');
INSERT INTO "neap"."stream"(stream_id, channel_id, title, topic_id, topic, media_info, viewers, created_at, updated_at, ended_at)
    VALUES ('707493a0-7ae1-4c7c-8f37-634882d6c384', 'e43a3270-8946-48e4-9173-5538e3cd8902', 'Come on and have fun with Zion!', 'd4f06d27-2693-4552-bd85-d9875651ce39', 'Biology', '{"width":1280,"height":720,"bitrate":1471.09}', 526, '2015-08-22 14:06:10.232800+0000', '2015-08-22 15:02:03.808300+0000', '2015-08-22 15:35:06.875900+0000');
INSERT INTO "neap"."video"(video_id, stream_id, title, type, description, status, tags, topic_id, topic, media_info, preview, views, created_at, updated_at)
    VALUES ('de482e5f-5e4b-4d36-8b2d-d002c9463ba2', '707493a0-7ae1-4c7c-8f37-634882d6c384', 'Come on and have fun with Zion!', 'record', 'Come on and have fun with Zion!', '', '[]', 'd4f06d27-2693-4552-bd85-d9875651ce39', 'Biology', '{"width":1280,"height":720,"bitrate":1375.33}', '', '38166', '2015-09-24 15:35:00.122800+0000', '2015-09-27 10:27:24.833000+0000');
INSERT INTO "neap"."stream"(stream_id, channel_id, title, topic_id, topic, media_info, viewers, created_at, updated_at, ended_at)
    VALUES ('3c2bc599-a15b-4c96-ae52-812b1bda9854', 'e43a3270-8946-48e4-9173-5538e3cd8902', 'Fun with Astrology and Zion', 'e9af2f53-d2dd-4e32-9dea-26d6ac21bcb8', 'Astrology', '{"width":720,"height":400,"bitrate":565.31}', 313, '2015-05-12 22:42:01.555700+0000', '2015-05-12 23:51:09.773300+0000', '2015-05-13 00:15:34.773300+0000');
INSERT INTO "neap"."video"(video_id, stream_id, title, type, description, status, tags, topic_id, topic, media_info, preview, views, created_at, updated_at)
    VALUES ('a4c6b522-62b7-4b83-8570-cf82c584b849', '3c2bc599-a15b-4c96-ae52-812b1bda9854', 'Fun with Astrology and Zion', 'record', 'Fun with Astrology and Zion', '', '[]', 'e9af2f53-d2dd-4e32-9dea-26d6ac21bcb8', 'Astrology', '{"width":720,"height":400,"bitrate":711.72}', '', '32982', '2015-06-17 22:31:30.973500+0000', '2015-06-18 04:29:18.028900+0000');
INSERT INTO "neap"."video"(video_id, stream_id, title, type, description, status, tags, topic_id, topic, media_info, preview, views, created_at, updated_at)
    VALUES ('11f09950-3764-4c5b-9ad0-df030ae62db7', '3c2bc599-a15b-4c96-ae52-812b1bda9854', 'Fun with Astrology and Zion', 'record', 'Fun with Astrology and Zion', '', '[]', 'e9af2f53-d2dd-4e32-9dea-26d6ac21bcb8', 'Astrology', '{"width":720,"height":400,"bitrate":736.89}', '', '20666', '2015-06-03 07:17:34.784000+0000', '2015-06-05 19:52:33.347500+0000');
INSERT INTO "neap"."stream"(stream_id, channel_id, title, topic_id, topic, media_info, viewers, created_at, updated_at, ended_at)
    VALUES ('f60f6eec-92ed-420b-a142-c3f7d8dee5f5', 'e43a3270-8946-48e4-9173-5538e3cd8902', 'Relax stream', '284b3091-455d-4476-ae67-442a19d153d4', 'Mathematics', '{"width":1280,"height":720,"bitrate":1393.81}', 261, '2015-04-19 01:48:28.731300+0000', '2015-04-19 04:50:19.593900+0000', '2015-04-19 04:54:22.276000+0000');
INSERT INTO "neap"."video"(video_id, stream_id, title, type, description, status, tags, topic_id, topic, media_info, preview, views, created_at, updated_at)
    VALUES ('2cf2b429-c0d8-4c46-be12-4ac7aee6aa01', 'f60f6eec-92ed-420b-a142-c3f7d8dee5f5', 'Relax stream', 'record', 'Relax stream', '', '[]', '284b3091-455d-4476-ae67-442a19d153d4', 'Mathematics', '{"width":1280,"height":720,"bitrate":919.11}', '', '12559', '2015-10-21 13:09:01.187300+0000', '2015-10-25 06:44:32.897800+0000');
INSERT INTO "neap"."stream"(stream_id, channel_id, title, topic_id, topic, media_info, viewers, created_at, updated_at, ended_at)
    VALUES ('8573cdc1-f60e-4324-bbd0-ee94aef36baf', 'e43a3270-8946-48e4-9173-5538e3cd8902', 'Today is Litterature day', '994391cf-d41e-46f4-b6eb-ce53824e3a0c', 'Litterature', '{"width":1280,"height":720,"bitrate":1219.34}', 1915, '2015-07-11 16:10:37.483800+0000', '2015-07-11 20:27:24.451700+0000', '2015-07-11 20:27:49.515200+0000');
INSERT INTO "neap"."video"(video_id, stream_id, title, type, description, status, tags, topic_id, topic, media_info, preview, views, created_at, updated_at)
    VALUES ('0e7e39c7-9873-4c2c-9dce-de6b403be0e0', '8573cdc1-f60e-4324-bbd0-ee94aef36baf', 'Today is Litterature day', 'highlight', 'Today is Litterature day', '', '[]', '994391cf-d41e-46f4-b6eb-ce53824e3a0c', 'Litterature', '{"width":1280,"height":720,"bitrate":756.98}', '', '28966', '2015-10-26 11:27:16.527200+0000', '2015-10-26 16:20:42.828200+0000');
INSERT INTO "neap"."stream"(stream_id, channel_id, title, topic_id, topic, media_info, viewers, created_at, updated_at, ended_at)
    VALUES ('9640f468-302f-4473-89dc-1d513b1aa2df', 'e43a3270-8946-48e4-9173-5538e3cd8902', 'History?? Yeah, History!', '5f6c7ec0-84ab-4d8e-a2d7-ff1887b55d6e', 'History', '{"width":720,"height":400,"bitrate":605.85}', 974, '2015-04-13 15:06:13.904100+0000', '2015-04-13 21:11:50.049000+0000', '2015-04-13 21:29:00.610300+0000');
INSERT INTO "neap"."video"(video_id, stream_id, title, type, description, status, tags, topic_id, topic, media_info, preview, views, created_at, updated_at)
    VALUES ('4f1c7746-5d5f-4ed4-8af6-640c3f166042', '9640f468-302f-4473-89dc-1d513b1aa2df', 'History?? Yeah, History!', 'highlight', 'History?? Yeah, History!', '', '[]', '5f6c7ec0-84ab-4d8e-a2d7-ff1887b55d6e', 'History', '{"width":720,"height":400,"bitrate":584.61}', '', '14767', '2015-10-25 14:24:27.657100+0000', '2015-10-26 01:19:39.072900+0000');
INSERT INTO "neap"."stream"(stream_id, channel_id, title, topic_id, topic, media_info, viewers, created_at, updated_at, ended_at)
    VALUES ('ba6ed13b-29db-4c5d-b8b1-cc0717ec2207', 'e43a3270-8946-48e4-9173-5538e3cd8902', 'Fun with Music and Zion', 'b369c464-cdea-4356-9d70-1450585652e2', 'Music', '{"width":1920,"height":1080,"bitrate":3329.31}', 389, '2015-04-04 00:33:32.824800+0000', '2015-04-04 01:19:39.675600+0000', '2015-04-04 01:20:49.603800+0000');
INSERT INTO "neap"."stream"(stream_id, channel_id, title, topic_id, topic, media_info, viewers, created_at, updated_at, ended_at)
    VALUES ('592f76f0-ccfe-433b-82eb-6b83c7d10d10', 'e43a3270-8946-48e4-9173-5538e3cd8902', 'History?? Yeah, History!', '5f6c7ec0-84ab-4d8e-a2d7-ff1887b55d6e', 'History', '{"width":1920,"height":1080,"bitrate":3451.4}', 1755, '2015-10-18 23:32:29.314800+0000', '2015-10-19 01:45:32.358100+0000', '2015-10-19 02:12:13.269200+0000');
INSERT INTO "neap"."video"(video_id, stream_id, title, type, description, status, tags, topic_id, topic, media_info, preview, views, created_at, updated_at)
    VALUES ('de5ac453-9a14-4da7-b858-9f385870756d', '592f76f0-ccfe-433b-82eb-6b83c7d10d10', 'History?? Yeah, History!', 'record', 'History?? Yeah, History!', '', '[]', '5f6c7ec0-84ab-4d8e-a2d7-ff1887b55d6e', 'History', '{"width":1920,"height":1080,"bitrate":1714.16}', '', '31383', '2015-10-29 11:52:19.338000+0000', '2015-10-30 16:19:52.728800+0000');
INSERT INTO "neap"."stream"(stream_id, channel_id, title, topic_id, topic, media_info, viewers, created_at, updated_at, ended_at)
    VALUES ('9d5bfe1d-1142-401b-a5cd-33d1e54fe6fa', 'e43a3270-8946-48e4-9173-5538e3cd8902', 'Relax stream', 'e9af2f53-d2dd-4e32-9dea-26d6ac21bcb8', 'Astrology', '{"width":1920,"height":1080,"bitrate":1696.37}', 980, '2015-05-29 09:04:56.539300+0000', '2015-05-29 10:33:08.056500+0000', '2015-05-29 12:06:22.039500+0000');
INSERT INTO "neap"."video"(video_id, stream_id, title, type, description, status, tags, topic_id, topic, media_info, preview, views, created_at, updated_at)
    VALUES ('b56c9a3d-7a61-41d2-b7f7-598dfaab856a', '9d5bfe1d-1142-401b-a5cd-33d1e54fe6fa', 'Relax stream', 'record', 'Relax stream', '', '[]', 'e9af2f53-d2dd-4e32-9dea-26d6ac21bcb8', 'Astrology', '{"width":1920,"height":1080,"bitrate":3177.15}', '', '36049', '2015-06-08 03:40:09.773200+0000', '2015-06-08 09:20:34.635500+0000');
INSERT INTO "neap"."stream"(stream_id, channel_id, title, topic_id, topic, media_info, viewers, created_at, updated_at, ended_at)
    VALUES ('8afc935f-35ba-4b4f-8d52-ebc04225ee92', 'e43a3270-8946-48e4-9173-5538e3cd8902', 'Fun with Mathematics and Zion', '284b3091-455d-4476-ae67-442a19d153d4', 'Mathematics', '{"width":720,"height":400,"bitrate":659.89}', 688, '2015-06-11 00:41:40.815400+0000', '2015-06-11 03:34:33.261000+0000', '2015-06-11 04:17:54.033700+0000');
INSERT INTO "neap"."stream"(stream_id, channel_id, title, topic_id, topic, media_info, viewers, created_at, updated_at, ended_at)
    VALUES ('1f250b5b-87bc-48cb-9a3d-282b89b467ef', 'e43a3270-8946-48e4-9173-5538e3cd8902', 'Today is Biology day', 'd4f06d27-2693-4552-bd85-d9875651ce39', 'Biology', '{"width":1280,"height":720,"bitrate":1486.59}', 521, '2015-08-06 01:31:50.198100+0000', '2015-08-06 01:35:13.005600+0000', '2015-08-06 02:33:18.869200+0000');
INSERT INTO "neap"."video"(video_id, stream_id, title, type, description, status, tags, topic_id, topic, media_info, preview, views, created_at, updated_at)
    VALUES ('7db6c679-046f-4c98-abf0-abfa72634016', '1f250b5b-87bc-48cb-9a3d-282b89b467ef', 'Today is Biology day', 'record', 'Today is Biology day', '', '[]', 'd4f06d27-2693-4552-bd85-d9875651ce39', 'Biology', '{"width":1280,"height":720,"bitrate":1028.6}', '', '23804', '2015-08-26 06:06:13.472300+0000', '2015-08-26 19:43:10.238800+0000');
INSERT INTO "neap"."video"(video_id, stream_id, title, type, description, status, tags, topic_id, topic, media_info, preview, views, created_at, updated_at)
    VALUES ('f788c0b7-b58c-46c9-bc97-7026bdc93226', '1f250b5b-87bc-48cb-9a3d-282b89b467ef', 'Today is Biology day', 'record', 'Today is Biology day', '', '[]', 'd4f06d27-2693-4552-bd85-d9875651ce39', 'Biology', '{"width":1280,"height":720,"bitrate":1229.08}', '', '13930', '2015-08-24 10:55:04.549900+0000', '2015-08-25 14:02:26.937000+0000');
INSERT INTO "neap"."user"(user_id, channel_id, type, username, email, password, display_name, logo, bio, created_at, updated_at)
    VALUES ('36b6518b-9494-4ca7-8fef-f3d2a61060d0', 'f965f104-f414-49d1-ae8c-66e0f131776f', 'user', 'malia', 'malia@neap.io', '$2y$10$tDxq2YIm2WLZkyH351tv1Oqx4xyLa0x4RCMCrBeEPAoj4GifQbZ8i', 'Malia', 'https://gravatar.com/avatar/b02f895350afb8d5c91ed1a675034c63?s=128&d=identicon', null, '2015-09-24 16:12:26.953900+0000', '2015-10-07 17:13:07.758000+0000');
INSERT INTO "neap"."channel"(channel_id, user_id, chat_id, name, display_name, topic, language, views, followers)
    VALUES ('f965f104-f414-49d1-ae8c-66e0f131776f', '36b6518b-9494-4ca7-8fef-f3d2a61060d0', '17ab2576-93f5-48ad-b3de-ea9fcf32cc5e', 'malia', 'Malia Channel', 'Video games', 'en', 36283, 43);
INSERT INTO "neap"."chat"(chat_id, channel_id, name)
    VALUES ('17ab2576-93f5-48ad-b3de-ea9fcf32cc5e', 'f965f104-f414-49d1-ae8c-66e0f131776f', 'malia');
INSERT INTO "neap"."stream"(stream_id, channel_id, title, topic_id, topic, media_info, viewers, created_at, updated_at, ended_at)
    VALUES ('737604fb-937f-4212-992f-8647cc34071b', 'f965f104-f414-49d1-ae8c-66e0f131776f', 'Malia goes live!', 'e9af2f53-d2dd-4e32-9dea-26d6ac21bcb8', 'Astrology', '{"width":1920,"height":1080,"bitrate":2069.8}', 1502, '2015-09-26 13:01:23.953200+0000', '2015-09-26 13:33:20.299000+0000', '2015-09-26 14:53:17.651600+0000');
INSERT INTO "neap"."video"(video_id, stream_id, title, type, description, status, tags, topic_id, topic, media_info, preview, views, created_at, updated_at)
    VALUES ('81575db7-044f-4567-a2b2-ac2bd553382e', '737604fb-937f-4212-992f-8647cc34071b', 'Malia goes live!', 'record', 'Malia goes live!', '', '[]', 'e9af2f53-d2dd-4e32-9dea-26d6ac21bcb8', 'Astrology', '{"width":1920,"height":1080,"bitrate":3206.63}', '', '25824', '2015-10-02 06:21:51.631000+0000', '2015-10-02 20:47:52.696000+0000');
INSERT INTO "neap"."stream"(stream_id, channel_id, title, topic_id, topic, media_info, viewers, created_at, updated_at, ended_at)
    VALUES ('e2b2039a-2e58-4cf4-a016-20d6fefcd14b', 'f965f104-f414-49d1-ae8c-66e0f131776f', 'Biology?? Yeah, Biology!', 'd4f06d27-2693-4552-bd85-d9875651ce39', 'Biology', '{"width":720,"height":400,"bitrate":790.29}', 1016, '2015-10-27 12:34:46.741400+0000', '2015-10-27 15:58:34.349400+0000', '2015-10-27 17:22:25.373900+0000');
INSERT INTO "neap"."video"(video_id, stream_id, title, type, description, status, tags, topic_id, topic, media_info, preview, views, created_at, updated_at)
    VALUES ('f00efca1-d40b-4988-af7a-f14b9a64ba2b', 'e2b2039a-2e58-4cf4-a016-20d6fefcd14b', 'Biology?? Yeah, Biology!', 'record', 'Biology?? Yeah, Biology!', '', '[]', 'd4f06d27-2693-4552-bd85-d9875651ce39', 'Biology', '{"width":720,"height":400,"bitrate":569.8}', '', '30015', '2015-10-29 22:37:41.814000+0000', '2015-10-30 16:01:55.037100+0000');
INSERT INTO "neap"."stream"(stream_id, channel_id, title, topic_id, topic, media_info, viewers, created_at, updated_at, ended_at)
    VALUES ('6f5bc6b7-0d55-4574-be99-c0169b61a87e', 'f965f104-f414-49d1-ae8c-66e0f131776f', 'Come on and have fun with Malia!', '284b3091-455d-4476-ae67-442a19d153d4', 'Mathematics', '{"width":1920,"height":1080,"bitrate":1189.55}', 1204, '2015-10-11 19:41:12.240800+0000', '2015-10-11 20:17:41.200400+0000', '2015-10-11 20:30:58.178600+0000');
INSERT INTO "neap"."user"(user_id, channel_id, type, username, email, password, display_name, logo, bio, created_at, updated_at)
    VALUES ('b065e436-e1a6-435a-a5ed-79ef1bc75fe1', '48738339-28dc-41e7-867c-9fededc397e1', 'user', 'annabelle', 'annabelle@neap.io', '$2y$10$dXtsAc3MgUawoOF1uRRuiuu458pt1APiKDOeUmo9zjKl2FgferLq2', 'Annabelle', 'https://gravatar.com/avatar/7bb3bcece8fd14ae48f1dd9b61da122b?s=128&d=identicon', null, '2015-10-29 21:59:49.874500+0000', '2015-10-31 04:51:00.019500+0000');
INSERT INTO "neap"."channel"(channel_id, user_id, chat_id, name, display_name, topic, language, views, followers)
    VALUES ('48738339-28dc-41e7-867c-9fededc397e1', 'b065e436-e1a6-435a-a5ed-79ef1bc75fe1', '72b5a5b7-3d65-46da-9c8a-bb097d7c126e', 'annabelle', 'Annabelle Channel', 'Photography', 'en', 10301, 103);
INSERT INTO "neap"."chat"(chat_id, channel_id, name)
    VALUES ('72b5a5b7-3d65-46da-9c8a-bb097d7c126e', '48738339-28dc-41e7-867c-9fededc397e1', 'annabelle');
INSERT INTO "neap"."stream"(stream_id, channel_id, title, topic_id, topic, media_info, viewers, created_at, updated_at, ended_at)
    VALUES ('35c4dc37-385b-41e3-a0c7-5c445ebaa0ee', '48738339-28dc-41e7-867c-9fededc397e1', 'Fun with Music and Annabelle', 'b369c464-cdea-4356-9d70-1450585652e2', 'Music', '{"width":1280,"height":720,"bitrate":973.53}', 1579, '2015-10-30 07:53:40.503400+0000', '2015-10-30 10:08:13.545900+0000', '2015-10-30 10:27:31.449800+0000');
INSERT INTO "neap"."stream"(stream_id, channel_id, title, topic_id, topic, media_info, viewers, created_at, updated_at, ended_at)
    VALUES ('d45f8b00-a934-41c3-97c9-8dd9afce1e47', '48738339-28dc-41e7-867c-9fededc397e1', 'Relax stream', '284b3091-455d-4476-ae67-442a19d153d4', 'Mathematics', '{"width":1280,"height":720,"bitrate":845.16}', 1144, '2015-10-31 23:05:09.127200+0000', '2015-11-01 01:25:53.024200+0000', '2015-11-01 02:02:45.888100+0000');
INSERT INTO "neap"."stream"(stream_id, channel_id, title, topic_id, topic, media_info, viewers, created_at, updated_at, ended_at)
    VALUES ('db4809d9-94de-432c-83dc-c492070c884e', '48738339-28dc-41e7-867c-9fededc397e1', 'Annabelle goes live!', '1cae4612-f178-4a0e-b3af-343a88b99638', 'Science', '{"width":1280,"height":720,"bitrate":1236.92}', 268, '2015-10-29 23:27:18.666500+0000', '2015-10-30 04:02:23.363300+0000', '2015-10-30 04:51:51.042600+0000');
INSERT INTO "neap"."video"(video_id, stream_id, title, type, description, status, tags, topic_id, topic, media_info, preview, views, created_at, updated_at)
    VALUES ('273cdcd1-2fe6-4969-b08a-7788bfff55b9', 'db4809d9-94de-432c-83dc-c492070c884e', 'Annabelle goes live!', 'record', 'Annabelle goes live!', '', '[]', '1cae4612-f178-4a0e-b3af-343a88b99638', 'Science', '{"width":1280,"height":720,"bitrate":1090.87}', '', '7601', '2015-10-30 06:11:56.896400+0000', '2015-10-30 10:28:56.271400+0000');
INSERT INTO "neap"."stream"(stream_id, channel_id, title, topic_id, topic, media_info, viewers, created_at, updated_at, ended_at)
    VALUES ('3a234576-8e98-47d9-ab95-edf96f4a9815', '48738339-28dc-41e7-867c-9fededc397e1', 'Relax stream', '1cae4612-f178-4a0e-b3af-343a88b99638', 'Science', '{"width":720,"height":400,"bitrate":751.4}', 1480, '2015-11-01 14:05:00.867700+0000', '2015-11-01 14:31:59.196000+0000', '2015-11-01 14:47:35.708900+0000');
INSERT INTO "neap"."video"(video_id, stream_id, title, type, description, status, tags, topic_id, topic, media_info, preview, views, created_at, updated_at)
    VALUES ('b21a4940-d2e0-4a34-9209-b157d885404f', '3a234576-8e98-47d9-ab95-edf96f4a9815', 'Relax stream', 'record', 'Relax stream', '', '[]', '1cae4612-f178-4a0e-b3af-343a88b99638', 'Science', '{"width":720,"height":400,"bitrate":552.29}', '', '12701', '2015-11-01 14:29:12.217600+0000', '2015-11-01 20:15:38.942400+0000');
INSERT INTO "neap"."user"(user_id, channel_id, type, username, email, password, display_name, logo, bio, created_at, updated_at)
    VALUES ('91097609-73e8-4f04-97a3-176ffde1e693', 'f45356eb-6ca9-4f00-922a-9986696ce289', 'user', 'augustine', 'augustine@neap.io', '$2y$10$2FM4Z1Fc.rEpp1YTUz1HMuhRtX2NueM888YHX55aLcJlPDqxOSvVu', 'Augustine', 'https://gravatar.com/avatar/283921cfc8555360b883e3276160080b?s=128&d=identicon', null, '2015-05-31 02:12:51.032300+0000', '2015-10-23 05:30:52.778700+0000');
INSERT INTO "neap"."channel"(channel_id, user_id, chat_id, name, display_name, topic, language, views, followers)
    VALUES ('f45356eb-6ca9-4f00-922a-9986696ce289', '91097609-73e8-4f04-97a3-176ffde1e693', '14169dea-e1f4-4359-b1e6-04d75ae8303c', 'augustine', 'Augustine Channel', 'History', 'en', 34276, 81);
INSERT INTO "neap"."chat"(chat_id, channel_id, name)
    VALUES ('14169dea-e1f4-4359-b1e6-04d75ae8303c', 'f45356eb-6ca9-4f00-922a-9986696ce289', 'augustine');
INSERT INTO "neap"."stream"(stream_id, channel_id, title, topic_id, topic, media_info, viewers, created_at, updated_at, ended_at)
    VALUES ('e471401c-6837-4e06-9909-03a09b88b551', 'f45356eb-6ca9-4f00-922a-9986696ce289', 'Come on and have fun with Augustine!', '1cae4612-f178-4a0e-b3af-343a88b99638', 'Science', '{"width":720,"height":400,"bitrate":508.19}', 612, '2015-07-22 07:10:21.962500+0000', '2015-07-22 15:49:01.903500+0000', '2015-07-22 16:13:36.311500+0000');
INSERT INTO "neap"."stream"(stream_id, channel_id, title, topic_id, topic, media_info, viewers, created_at, updated_at, ended_at)
    VALUES ('8ae70d7e-6ec4-4d9b-b54f-bd9a235d5b12', 'f45356eb-6ca9-4f00-922a-9986696ce289', 'The origins of Photography', 'e496e832-363e-4228-b518-7fe126ccaa04', 'Photography', '{"width":1280,"height":720,"bitrate":1195.36}', 1364, '2015-10-14 09:32:38.080700+0000', '2015-10-14 13:46:08.445900+0000', '2015-10-14 13:46:20.419600+0000');
INSERT INTO "neap"."video"(video_id, stream_id, title, type, description, status, tags, topic_id, topic, media_info, preview, views, created_at, updated_at)
    VALUES ('743d2500-de60-4223-b748-8654f875d662', '8ae70d7e-6ec4-4d9b-b54f-bd9a235d5b12', 'The origins of Photography', 'record', 'The origins of Photography', '', '[]', 'e496e832-363e-4228-b518-7fe126ccaa04', 'Photography', '{"width":1280,"height":720,"bitrate":876.91}', '', '37896', '2015-10-20 14:24:37.179100+0000', '2015-10-22 12:41:38.861600+0000');
INSERT INTO "neap"."stream"(stream_id, channel_id, title, topic_id, topic, media_info, viewers, created_at, updated_at, ended_at)
    VALUES ('20b8ce1e-65da-4004-b7e6-6809dac8d7f4', 'f45356eb-6ca9-4f00-922a-9986696ce289', 'Today is Biology day', 'd4f06d27-2693-4552-bd85-d9875651ce39', 'Biology', '{"width":1920,"height":1080,"bitrate":1610.59}', 593, '2015-07-04 07:29:06.184500+0000', '2015-07-04 07:51:44.208000+0000', '2015-07-04 08:24:23.572200+0000');
INSERT INTO "neap"."video"(video_id, stream_id, title, type, description, status, tags, topic_id, topic, media_info, preview, views, created_at, updated_at)
    VALUES ('9e01c55a-21f7-4608-9e93-b75c27e7a4fe', '20b8ce1e-65da-4004-b7e6-6809dac8d7f4', 'Today is Biology day', 'highlight', 'Today is Biology day', '', '[]', 'd4f06d27-2693-4552-bd85-d9875651ce39', 'Biology', '{"width":1920,"height":1080,"bitrate":2782.9}', '', '5723', '2015-10-03 16:31:30.663300+0000', '2015-10-05 08:44:52.924700+0000');
INSERT INTO "neap"."user"(user_id, channel_id, type, username, email, password, display_name, logo, bio, created_at, updated_at)
    VALUES ('fdd21a3f-31fc-4843-9a02-176154fb87fa', 'cc578ec7-c0f1-446a-b837-1ee5ed6ccc70', 'user', 'hunter', 'hunter@neap.io', '$2y$10$c5AQ4cqPJ.WvvZeP7J1GReXDIweFy5YNh.LNBwgJ26Cqq7dtQQSI2', 'Hunter', 'https://gravatar.com/avatar/68705cd463cd109fe8d1ac7d7c4679d7?s=128&d=identicon', null, '2015-05-19 09:50:36.813500+0000', '2015-09-10 01:08:38.450800+0000');
INSERT INTO "neap"."channel"(channel_id, user_id, chat_id, name, display_name, topic, language, views, followers)
    VALUES ('cc578ec7-c0f1-446a-b837-1ee5ed6ccc70', 'fdd21a3f-31fc-4843-9a02-176154fb87fa', '7696797d-a738-48ba-8ad9-1d1927bc7eba', 'hunter', 'Hunter Channel', 'Video games', 'en', 59326, 113);
INSERT INTO "neap"."chat"(chat_id, channel_id, name)
    VALUES ('7696797d-a738-48ba-8ad9-1d1927bc7eba', 'cc578ec7-c0f1-446a-b837-1ee5ed6ccc70', 'hunter');
INSERT INTO "neap"."stream"(stream_id, channel_id, title, topic_id, topic, media_info, viewers, created_at, updated_at, ended_at)
    VALUES ('144e52b3-6418-4a05-a07e-f338a5ac9ea8', 'cc578ec7-c0f1-446a-b837-1ee5ed6ccc70', 'Relax stream', 'd4f06d27-2693-4552-bd85-d9875651ce39', 'Biology', '{"width":1280,"height":720,"bitrate":1074.65}', 1466, '2015-08-20 01:19:33.204900+0000', '2015-08-20 03:22:07.481400+0000', '2015-08-20 04:51:19.895500+0000');
INSERT INTO "neap"."video"(video_id, stream_id, title, type, description, status, tags, topic_id, topic, media_info, preview, views, created_at, updated_at)
    VALUES ('00b009ee-047f-4613-84fe-3c45d00ffbe1', '144e52b3-6418-4a05-a07e-f338a5ac9ea8', 'Relax stream', 'record', 'Relax stream', '', '[]', 'd4f06d27-2693-4552-bd85-d9875651ce39', 'Biology', '{"width":1280,"height":720,"bitrate":1411.7}', '', '25598', '2015-09-26 01:53:28.940500+0000', '2015-09-28 16:28:30.891800+0000');
INSERT INTO "neap"."video"(video_id, stream_id, title, type, description, status, tags, topic_id, topic, media_info, preview, views, created_at, updated_at)
    VALUES ('c844ce6d-e9ad-4417-9268-ba76fb6ba1f9', '144e52b3-6418-4a05-a07e-f338a5ac9ea8', 'Relax stream', 'record', 'Relax stream', '', '[]', 'd4f06d27-2693-4552-bd85-d9875651ce39', 'Biology', '{"width":1280,"height":720,"bitrate":1305.95}', '', '20341', '2015-10-08 23:47:39.531700+0000', '2015-10-09 05:50:49.911300+0000');
INSERT INTO "neap"."stream"(stream_id, channel_id, title, topic_id, topic, media_info, viewers, created_at, updated_at, ended_at)
    VALUES ('8e664a0e-66e3-4680-bd41-f7e63f62d917', 'cc578ec7-c0f1-446a-b837-1ee5ed6ccc70', 'Hunter goes live!', 'd4f06d27-2693-4552-bd85-d9875651ce39', 'Biology', '{"width":1280,"height":720,"bitrate":1107.99}', 686, '2015-10-22 21:48:08.372100+0000', '2015-10-22 23:48:48.873200+0000', '2015-10-23 01:29:34.358600+0000');
INSERT INTO "neap"."video"(video_id, stream_id, title, type, description, status, tags, topic_id, topic, media_info, preview, views, created_at, updated_at)
    VALUES ('53c4bdfd-f5c0-4c36-bc5c-a7eab981c476', '8e664a0e-66e3-4680-bd41-f7e63f62d917', 'Hunter goes live!', 'highlight', 'Hunter goes live!', '', '[]', 'd4f06d27-2693-4552-bd85-d9875651ce39', 'Biology', '{"width":1280,"height":720,"bitrate":1059.53}', '', '32390', '2015-10-25 12:24:43.556700+0000', '2015-10-25 17:50:24.217000+0000');
INSERT INTO "neap"."video"(video_id, stream_id, title, type, description, status, tags, topic_id, topic, media_info, preview, views, created_at, updated_at)
    VALUES ('06355e23-a208-4ff3-b706-2b39a5d0c48e', '8e664a0e-66e3-4680-bd41-f7e63f62d917', 'Hunter goes live!', 'record', 'Hunter goes live!', '', '[]', 'd4f06d27-2693-4552-bd85-d9875651ce39', 'Biology', '{"width":1280,"height":720,"bitrate":1157.67}', '', '10390', '2015-10-24 18:50:31.381500+0000', '2015-10-26 04:13:08.304900+0000');
INSERT INTO "neap"."stream"(stream_id, channel_id, title, topic_id, topic, media_info, viewers, created_at, updated_at, ended_at)
    VALUES ('084f5947-13ba-4e0a-873d-e020b74c641f', 'cc578ec7-c0f1-446a-b837-1ee5ed6ccc70', 'Today is Theology day', 'd2ea25fc-eb67-4c63-86d0-58ba2ce51b56', 'Theology', '{"width":720,"height":400,"bitrate":558.26}', 850, '2015-07-30 20:40:31.518700+0000', '2015-07-30 22:52:29.143600+0000', '2015-07-30 22:57:11.909400+0000');
INSERT INTO "neap"."video"(video_id, stream_id, title, type, description, status, tags, topic_id, topic, media_info, preview, views, created_at, updated_at)
    VALUES ('93a07979-3c88-4ed9-b1b2-2b2272519134', '084f5947-13ba-4e0a-873d-e020b74c641f', 'Today is Theology day', 'record', 'Today is Theology day', '', '[]', 'd2ea25fc-eb67-4c63-86d0-58ba2ce51b56', 'Theology', '{"width":720,"height":400,"bitrate":729.88}', '', '1927', '2015-09-18 15:58:10.315900+0000', '2015-09-19 10:53:10.807500+0000');
INSERT INTO "neap"."stream"(stream_id, channel_id, title, topic_id, topic, media_info, viewers, created_at, updated_at, ended_at)
    VALUES ('11a13068-90f1-4939-b276-a8a770798666', 'cc578ec7-c0f1-446a-b837-1ee5ed6ccc70', 'Come on and have fun with Hunter!', 'd2ea25fc-eb67-4c63-86d0-58ba2ce51b56', 'Theology', '{"width":1280,"height":720,"bitrate":1116.49}', 1667, '2015-08-02 07:24:07.010600+0000', '2015-08-02 12:47:04.469000+0000', '2015-08-02 13:14:28.230600+0000');
INSERT INTO "neap"."video"(video_id, stream_id, title, type, description, status, tags, topic_id, topic, media_info, preview, views, created_at, updated_at)
    VALUES ('3a963a9a-d8da-4f84-9e93-5fcdbc8d6dd6', '11a13068-90f1-4939-b276-a8a770798666', 'Come on and have fun with Hunter!', 'record', 'Come on and have fun with Hunter!', '', '[]', 'd2ea25fc-eb67-4c63-86d0-58ba2ce51b56', 'Theology', '{"width":1280,"height":720,"bitrate":1006.66}', '', '9306', '2015-10-15 17:44:18.743100+0000', '2015-10-18 17:14:09.961000+0000');
INSERT INTO "neap"."user"(user_id, channel_id, type, username, email, password, display_name, logo, bio, created_at, updated_at)
    VALUES ('f96bfede-286e-45b0-b729-be97d8533465', '2c125e45-cbf6-4795-820b-1a3b6cf9fff4', 'user', 'eliseo', 'eliseo@neap.io', '$2y$10$naS8g/86Balv1G3IeW9IvOZ94Xu.Zirib7wUyLKpPnz4EUFES8xga', 'Eliseo', 'https://gravatar.com/avatar/660b89063edb7e5bdb04cbe6e3695ed7?s=128&d=identicon', null, '2015-10-14 19:45:41.114100+0000', '2015-10-28 12:30:40.510600+0000');
INSERT INTO "neap"."channel"(channel_id, user_id, chat_id, name, display_name, topic, language, views, followers)
    VALUES ('2c125e45-cbf6-4795-820b-1a3b6cf9fff4', 'f96bfede-286e-45b0-b729-be97d8533465', 'c8304d15-448b-424d-bfba-38c0aa16179e', 'eliseo', 'Eliseo Channel', 'Biology', 'en', 9456, 82);
INSERT INTO "neap"."chat"(chat_id, channel_id, name)
    VALUES ('c8304d15-448b-424d-bfba-38c0aa16179e', '2c125e45-cbf6-4795-820b-1a3b6cf9fff4', 'eliseo');
INSERT INTO "neap"."stream"(stream_id, channel_id, title, topic_id, topic, media_info, viewers, created_at, updated_at, ended_at)
    VALUES ('1870e6a1-a040-4df6-906a-6d9a60d72947', '2c125e45-cbf6-4795-820b-1a3b6cf9fff4', 'Come on and have fun with Eliseo!', '284b3091-455d-4476-ae67-442a19d153d4', 'Mathematics', '{"width":1920,"height":1080,"bitrate":1599.88}', 950, '2015-10-15 04:54:40.356700+0000', '2015-10-15 13:00:15.327300+0000', '2015-10-15 13:03:04.459500+0000');
INSERT INTO "neap"."video"(video_id, stream_id, title, type, description, status, tags, topic_id, topic, media_info, preview, views, created_at, updated_at)
    VALUES ('3273a30d-68a8-4d0f-81ea-9e164f99c03d', '1870e6a1-a040-4df6-906a-6d9a60d72947', 'Come on and have fun with Eliseo!', 'highlight', 'Come on and have fun with Eliseo!', '', '[]', '284b3091-455d-4476-ae67-442a19d153d4', 'Mathematics', '{"width":1920,"height":1080,"bitrate":2094.17}', '', '19046', '2015-10-17 04:44:59.822600+0000', '2015-10-20 16:54:47.692600+0000');
INSERT INTO "neap"."stream"(stream_id, channel_id, title, topic_id, topic, media_info, viewers, created_at, updated_at, ended_at)
    VALUES ('5c2041af-abf2-438b-973d-c2888d62fa2d', '2c125e45-cbf6-4795-820b-1a3b6cf9fff4', 'Relax stream', '48e535f7-dba1-4d59-aac3-4c6cced32d6c', 'Video games', '{"width":1920,"height":1080,"bitrate":1458.31}', 87565, '2015-10-29 13:01:14.910900+0000', '2015-10-29 14:19:10.912800+0000', '2015-10-29 14:21:13.352000+0000');
INSERT INTO "neap"."video"(video_id, stream_id, title, type, description, status, tags, topic_id, topic, media_info, preview, views, created_at, updated_at)
    VALUES ('b448e08f-7771-4b14-bcb0-540a55d100f5', '5c2041af-abf2-438b-973d-c2888d62fa2d', 'Relax stream', 'record', 'Relax stream', '', '[]', '48e535f7-dba1-4d59-aac3-4c6cced32d6c', 'Video games', '{"width":1920,"height":1080,"bitrate":2447.58}', '', '26294', '2015-10-31 22:43:45.165400+0000', '2015-11-01 14:50:02.955800+0000');
INSERT INTO "neap"."stream"(stream_id, channel_id, title, topic_id, topic, media_info, viewers, created_at, updated_at, ended_at)
    VALUES ('e469d682-33eb-45b9-93f3-591a9a83ac9d', '2c125e45-cbf6-4795-820b-1a3b6cf9fff4', 'Eliseo goes live!', '35fa82dc-ed25-47fb-b6cd-58ae8a151f60', 'Philosophy', '{"width":720,"height":400,"bitrate":535.08}', 1215, '2015-10-29 08:45:03.416100+0000', '2015-10-29 12:00:08.519300+0000', '2015-10-29 13:31:12.400300+0000');
INSERT INTO "neap"."video"(video_id, stream_id, title, type, description, status, tags, topic_id, topic, media_info, preview, views, created_at, updated_at)
    VALUES ('a47fafc2-1be4-4313-819e-1b2878e836ee', 'e469d682-33eb-45b9-93f3-591a9a83ac9d', 'Eliseo goes live!', 'record', 'Eliseo goes live!', '', '[]', '35fa82dc-ed25-47fb-b6cd-58ae8a151f60', 'Philosophy', '{"width":720,"height":400,"bitrate":595.23}', '', '23412', '2015-10-29 13:30:02.212400+0000', '2015-10-30 10:55:48.306000+0000');
INSERT INTO "neap"."user"(user_id, channel_id, type, username, email, password, display_name, logo, bio, created_at, updated_at)
    VALUES ('a6f397df-66e2-42c2-a237-3d8b9c9c1e5d', 'cd059e48-5f19-471f-ac6b-55627c507d53', 'user', 'leia', 'leia@neap.io', '$2y$10$l6PcuQc/R/Ye4jYkoo6P6O5BnCnkf6w7oC3.2iCU/AzwE/FhFZ1B2', 'Leia', 'https://gravatar.com/avatar/5057626697454f8c08cca1eaf9df7b8a?s=128&d=identicon', null, '2015-09-20 01:23:53.422000+0000', '2015-10-25 08:01:55.539000+0000');
INSERT INTO "neap"."channel"(channel_id, user_id, chat_id, name, display_name, topic, language, views, followers)
    VALUES ('cd059e48-5f19-471f-ac6b-55627c507d53', 'a6f397df-66e2-42c2-a237-3d8b9c9c1e5d', 'daa7475a-7f12-45a6-be33-da7957a9dabc', 'leia', 'Leia Channel', 'Theology', 'en', 8106, 24);
INSERT INTO "neap"."chat"(chat_id, channel_id, name)
    VALUES ('daa7475a-7f12-45a6-be33-da7957a9dabc', 'cd059e48-5f19-471f-ac6b-55627c507d53', 'leia');
INSERT INTO "neap"."stream"(stream_id, channel_id, title, topic_id, topic, media_info, viewers, created_at, updated_at, ended_at)
    VALUES ('cce236b0-a88e-4af4-b799-c04cece00e37', 'cd059e48-5f19-471f-ac6b-55627c507d53', 'Fun with History and Leia', '5f6c7ec0-84ab-4d8e-a2d7-ff1887b55d6e', 'History', '{"width":1920,"height":1080,"bitrate":1307.98}', 1494, '2015-10-24 22:10:05.226600+0000', '2015-10-25 00:28:15.239400+0000', '2015-10-25 00:31:07.252500+0000');
INSERT INTO "neap"."stream"(stream_id, channel_id, title, topic_id, topic, media_info, viewers, created_at, updated_at, ended_at)
    VALUES ('96e940d8-c964-4d5f-87d9-c9c7d0899465', 'cd059e48-5f19-471f-ac6b-55627c507d53', 'Relax stream', '1cae4612-f178-4a0e-b3af-343a88b99638', 'Science', '{"width":1920,"height":1080,"bitrate":2916.42}', 1618, '2015-10-25 23:17:43.021200+0000', '2015-10-26 02:13:21.027100+0000', '2015-10-26 02:14:14.670100+0000');
INSERT INTO "neap"."stream"(stream_id, channel_id, title, topic_id, topic, media_info, viewers, created_at, updated_at, ended_at)
    VALUES ('79fd49b3-6c9f-4625-b53c-77a9b765482f', 'cd059e48-5f19-471f-ac6b-55627c507d53', 'Leia goes live!', '48e535f7-dba1-4d59-aac3-4c6cced32d6c', 'Video games', '{"width":1280,"height":720,"bitrate":1208.24}', 1770, '2015-09-21 18:26:30.149400+0000', '2015-09-21 22:25:13.148700+0000', '2015-09-21 22:35:49.143600+0000');
INSERT INTO "neap"."video"(video_id, stream_id, title, type, description, status, tags, topic_id, topic, media_info, preview, views, created_at, updated_at)
    VALUES ('4edb1394-a79d-4856-9e52-bc005410c466', '79fd49b3-6c9f-4625-b53c-77a9b765482f', 'Leia goes live!', 'record', 'Leia goes live!', '', '[]', '48e535f7-dba1-4d59-aac3-4c6cced32d6c', 'Video games', '{"width":1280,"height":720,"bitrate":1075.33}', '', '4844', '2015-09-29 17:03:14.017300+0000', '2015-10-03 21:48:51.119200+0000');
INSERT INTO "neap"."stream"(stream_id, channel_id, title, topic_id, topic, media_info, viewers, created_at, updated_at, ended_at)
    VALUES ('6c1dc814-0acc-4df3-a347-c81d7fa1b382', 'cd059e48-5f19-471f-ac6b-55627c507d53', 'Come on and have fun with Leia!', 'e496e832-363e-4228-b518-7fe126ccaa04', 'Photography', '{"width":1920,"height":1080,"bitrate":1493.6}', 244, '2015-10-29 01:27:45.626100+0000', '2015-10-29 05:08:43.559900+0000', '2015-10-29 05:10:34.155200+0000');
INSERT INTO "neap"."video"(video_id, stream_id, title, type, description, status, tags, topic_id, topic, media_info, preview, views, created_at, updated_at)
    VALUES ('9a043962-189f-475d-80b8-ebebf61fde67', '6c1dc814-0acc-4df3-a347-c81d7fa1b382', 'Come on and have fun with Leia!', 'record', 'Come on and have fun with Leia!', '', '[]', 'e496e832-363e-4228-b518-7fe126ccaa04', 'Photography', '{"width":1920,"height":1080,"bitrate":1384.13}', '', '32689', '2015-10-31 00:49:33.232700+0000', '2015-11-04 01:07:10.341000+0000');
INSERT INTO "neap"."video"(video_id, stream_id, title, type, description, status, tags, topic_id, topic, media_info, preview, views, created_at, updated_at)
    VALUES ('9bf214d8-d026-421d-9585-9e535aa9bb55', '6c1dc814-0acc-4df3-a347-c81d7fa1b382', 'Come on and have fun with Leia!', 'record', 'Come on and have fun with Leia!', '', '[]', 'e496e832-363e-4228-b518-7fe126ccaa04', 'Photography', '{"width":1920,"height":1080,"bitrate":2972.09}', '', '32191', '2015-10-29 14:01:41.401700+0000', '2015-11-02 06:36:57.422700+0000');
INSERT INTO "neap"."stream"(stream_id, channel_id, title, topic_id, topic, media_info, viewers, created_at, updated_at, ended_at)
    VALUES ('1c2de4ed-0065-4613-8046-d6bdc53917aa', 'cd059e48-5f19-471f-ac6b-55627c507d53', 'Leia goes live!', 'd4f06d27-2693-4552-bd85-d9875651ce39', 'Biology', '{"width":1280,"height":720,"bitrate":1401.4}', 1397, '2015-10-21 14:04:22.024500+0000', '2015-10-21 18:46:36.162200+0000', '2015-10-21 19:16:13.810300+0000');
INSERT INTO "neap"."video"(video_id, stream_id, title, type, description, status, tags, topic_id, topic, media_info, preview, views, created_at, updated_at)
    VALUES ('14a2d959-c748-4347-a8c7-5e9e63ccc330', '1c2de4ed-0065-4613-8046-d6bdc53917aa', 'Leia goes live!', 'highlight', 'Leia goes live!', '', '[]', 'd4f06d27-2693-4552-bd85-d9875651ce39', 'Biology', '{"width":1280,"height":720,"bitrate":1331.42}', '', '16544', '2015-10-30 05:40:40.011500+0000', '2015-11-03 15:32:41.704300+0000');
INSERT INTO "neap"."video"(video_id, stream_id, title, type, description, status, tags, topic_id, topic, media_info, preview, views, created_at, updated_at)
    VALUES ('891d3e4a-7f39-4355-ac8c-c495c937f85a', '1c2de4ed-0065-4613-8046-d6bdc53917aa', 'Leia goes live!', 'record', 'Leia goes live!', '', '[]', 'd4f06d27-2693-4552-bd85-d9875651ce39', 'Biology', '{"width":1280,"height":720,"bitrate":1111.79}', '', '16892', '2015-10-23 11:56:41.809100+0000', '2015-10-25 04:21:20.330400+0000');
INSERT INTO "neap"."user"(user_id, channel_id, type, username, email, password, display_name, logo, bio, created_at, updated_at)
    VALUES ('e8dbdd88-701b-4f1c-8ba0-a4d5b0982ae7', '14221ae3-7c6c-46cc-8dba-847efa994379', 'user', 'mira', 'mira@neap.io', '$2y$10$5AeC80TTOGsXShevKNblUOUU/goQENDZ4LxuuL.Z2z.e9a9SmSmWa', 'Mira', 'https://gravatar.com/avatar/a1d901b7edc02772467c7ca1138cbb47?s=128&d=identicon', null, '2015-10-15 12:27:22.249200+0000', '2015-10-17 08:55:11.164400+0000');
INSERT INTO "neap"."channel"(channel_id, user_id, chat_id, name, display_name, topic, language, views, followers)
    VALUES ('14221ae3-7c6c-46cc-8dba-847efa994379', 'e8dbdd88-701b-4f1c-8ba0-a4d5b0982ae7', '68e7962c-3f61-429b-bd64-b6a21dbf1f8a', 'mira', 'Mira Channel', 'Theology', 'en', 4296, 110);
INSERT INTO "neap"."chat"(chat_id, channel_id, name)
    VALUES ('68e7962c-3f61-429b-bd64-b6a21dbf1f8a', '14221ae3-7c6c-46cc-8dba-847efa994379', 'mira');
INSERT INTO "neap"."stream"(stream_id, channel_id, title, topic_id, topic, media_info, viewers, created_at, updated_at, ended_at)
    VALUES ('b17a5727-bab7-4b37-ae79-a4a481236b60', '14221ae3-7c6c-46cc-8dba-847efa994379', 'Relax stream', '1cae4612-f178-4a0e-b3af-343a88b99638', 'Science', '{"width":1280,"height":720,"bitrate":1444.97}', 973, '2015-10-29 20:24:04.749900+0000', '2015-10-29 22:38:16.611500+0000', '2015-10-29 23:01:31.372000+0000');
INSERT INTO "neap"."stream"(stream_id, channel_id, title, topic_id, topic, media_info, viewers, created_at, updated_at, ended_at)
    VALUES ('73b5a8fd-6803-411a-bfc6-0049366e745d', '14221ae3-7c6c-46cc-8dba-847efa994379', 'Today is Music day', 'b369c464-cdea-4356-9d70-1450585652e2', 'Music', '{"width":1280,"height":720,"bitrate":1190.22}', 439, '2015-10-18 09:28:27.712600+0000', '2015-10-18 12:04:36.820900+0000', '2015-10-18 12:23:52.597600+0000');
INSERT INTO "neap"."stream"(stream_id, channel_id, title, topic_id, topic, media_info, viewers, created_at, updated_at, ended_at)
    VALUES ('327ffc22-384e-48b0-afe3-49cdc7c6182a', '14221ae3-7c6c-46cc-8dba-847efa994379', 'Fun with Video games and Mira', '48e535f7-dba1-4d59-aac3-4c6cced32d6c', 'Video games', '{"width":1920,"height":1080,"bitrate":2459.13}', 1822, '2015-10-23 04:18:53.503700+0000', '2015-10-23 07:57:17.904800+0000', '2015-10-23 08:56:05.413500+0000');
INSERT INTO "neap"."stream"(stream_id, channel_id, title, topic_id, topic, media_info, viewers, created_at, updated_at, ended_at)
    VALUES ('59299a69-04cb-4df3-94eb-2c1723f65c44', '14221ae3-7c6c-46cc-8dba-847efa994379', 'The origins of Philosophy', '35fa82dc-ed25-47fb-b6cd-58ae8a151f60', 'Philosophy', '{"width":1280,"height":720,"bitrate":1126.21}', 184, '2015-10-29 04:06:23.746100+0000', '2015-10-29 04:31:50.832000+0000', '2015-10-29 04:45:36.967800+0000');
INSERT INTO "neap"."video"(video_id, stream_id, title, type, description, status, tags, topic_id, topic, media_info, preview, views, created_at, updated_at)
    VALUES ('3de7f09b-4163-4f5a-9da9-d9aa0aeddd65', '59299a69-04cb-4df3-94eb-2c1723f65c44', 'The origins of Philosophy', 'record', 'The origins of Philosophy', '', '[]', '35fa82dc-ed25-47fb-b6cd-58ae8a151f60', 'Philosophy', '{"width":1280,"height":720,"bitrate":927.35}', '', '35402', '2015-10-30 14:48:40.072700+0000', '2015-11-01 04:54:19.896100+0000');
INSERT INTO "neap"."video"(video_id, stream_id, title, type, description, status, tags, topic_id, topic, media_info, preview, views, created_at, updated_at)
    VALUES ('6b4b3ecb-4632-4000-817e-279f73e4764d', '59299a69-04cb-4df3-94eb-2c1723f65c44', 'The origins of Philosophy', 'highlight', 'The origins of Philosophy', '', '[]', '35fa82dc-ed25-47fb-b6cd-58ae8a151f60', 'Philosophy', '{"width":1280,"height":720,"bitrate":920.87}', '', '26731', '2015-11-01 10:41:25.780100+0000', '2015-11-06 07:49:05.669700+0000');
INSERT INTO "neap"."stream"(stream_id, channel_id, title, topic_id, topic, media_info, viewers, created_at, updated_at, ended_at)
    VALUES ('0c8c3876-2cf6-4b1f-a3bb-43e5aa5ba382', '14221ae3-7c6c-46cc-8dba-847efa994379', 'The origins of Astrology', 'e9af2f53-d2dd-4e32-9dea-26d6ac21bcb8', 'Astrology', '{"width":1280,"height":720,"bitrate":1334.08}', 36264, '2015-10-16 11:08:19.871600+0000', '2015-10-16 11:27:04.219200+0000', '2015-10-16 11:27:53.850000+0000');
INSERT INTO "neap"."stream"(stream_id, channel_id, title, topic_id, topic, media_info, viewers, created_at, updated_at, ended_at)
    VALUES ('f5a07d2d-3cb0-4031-8791-d5f4408f3fb9', '14221ae3-7c6c-46cc-8dba-847efa994379', 'Today is Mathematics day', '284b3091-455d-4476-ae67-442a19d153d4', 'Mathematics', '{"width":1920,"height":1080,"bitrate":1187.39}', 855, '2015-10-28 03:48:54.585600+0000', '2015-10-28 08:13:27.855400+0000', '2015-10-28 08:16:15.556200+0000');
INSERT INTO "neap"."video"(video_id, stream_id, title, type, description, status, tags, topic_id, topic, media_info, preview, views, created_at, updated_at)
    VALUES ('4a12730e-70bb-4b0d-ba35-ac191e0f42d8', 'f5a07d2d-3cb0-4031-8791-d5f4408f3fb9', 'Today is Mathematics day', 'record', 'Today is Mathematics day', '', '[]', '284b3091-455d-4476-ae67-442a19d153d4', 'Mathematics', '{"width":1920,"height":1080,"bitrate":1487.86}', '', '11337', '2015-10-29 10:23:36.836600+0000', '2015-10-29 18:30:16.072500+0000');
INSERT INTO "neap"."stream"(stream_id, channel_id, title, topic_id, topic, media_info, viewers, created_at, updated_at, ended_at)
    VALUES ('8af5d7c4-45af-4ee1-85d8-3e62ea7de888', '14221ae3-7c6c-46cc-8dba-847efa994379', 'The origins of Science', '1cae4612-f178-4a0e-b3af-343a88b99638', 'Science', '{"width":1920,"height":1080,"bitrate":1208.91}', 541, '2015-10-28 20:38:25.892000+0000', '2015-10-28 22:33:50.522800+0000', '2015-10-28 22:36:22.452000+0000');
INSERT INTO "neap"."video"(video_id, stream_id, title, type, description, status, tags, topic_id, topic, media_info, preview, views, created_at, updated_at)
    VALUES ('314727d6-9c23-4c3b-98de-af066ca0f46a', '8af5d7c4-45af-4ee1-85d8-3e62ea7de888', 'The origins of Science', 'record', 'The origins of Science', '', '[]', '1cae4612-f178-4a0e-b3af-343a88b99638', 'Science', '{"width":1920,"height":1080,"bitrate":1869.38}', '', '25267', '2015-10-29 09:26:54.219400+0000', '2015-10-30 19:57:52.137900+0000');
INSERT INTO "neap"."video"(video_id, stream_id, title, type, description, status, tags, topic_id, topic, media_info, preview, views, created_at, updated_at)
    VALUES ('951a4874-d305-4ba8-a400-8ad4363ebd90', '8af5d7c4-45af-4ee1-85d8-3e62ea7de888', 'The origins of Science', 'record', 'The origins of Science', '', '[]', '1cae4612-f178-4a0e-b3af-343a88b99638', 'Science', '{"width":1920,"height":1080,"bitrate":2758.61}', '', '6028', '2015-11-01 10:35:41.084500+0000', '2015-11-03 05:20:19.076000+0000');
INSERT INTO "neap"."user"(user_id, channel_id, type, username, email, password, display_name, logo, bio, created_at, updated_at)
    VALUES ('637d678b-02fc-4617-b495-05a269672682', '856b8411-1268-49fe-ba8e-291ed8c1e60b', 'user', 'ivory', 'ivory@neap.io', '$2y$10$BkaUpsoRfavRf1js4UeZUebRT.LCC0UbSNhvPhb6LGtFwI5mr5Dze', 'Ivory', 'https://gravatar.com/avatar/9e5cfc8e72a5fbcfb4a6733d7d1a16f5?s=128&d=identicon', null, '2015-04-12 13:40:17.877700+0000', '2015-07-30 00:46:01.727600+0000');
INSERT INTO "neap"."channel"(channel_id, user_id, chat_id, name, display_name, topic, language, views, followers)
    VALUES ('856b8411-1268-49fe-ba8e-291ed8c1e60b', '637d678b-02fc-4617-b495-05a269672682', '9f595ae2-e3a6-42f8-862c-7a54064c5a40', 'ivory', 'Ivory Channel', 'Philosophy', 'en', 74202, 46);
INSERT INTO "neap"."chat"(chat_id, channel_id, name)
    VALUES ('9f595ae2-e3a6-42f8-862c-7a54064c5a40', '856b8411-1268-49fe-ba8e-291ed8c1e60b', 'ivory');
INSERT INTO "neap"."stream"(stream_id, channel_id, title, topic_id, topic, media_info, viewers, created_at, updated_at, ended_at)
    VALUES ('d3ba9d90-70ea-42d1-aa35-55427d3736a9', '856b8411-1268-49fe-ba8e-291ed8c1e60b', 'Ivory goes live!', '48e535f7-dba1-4d59-aac3-4c6cced32d6c', 'Video games', '{"width":1280,"height":720,"bitrate":1463.63}', 1193, '2015-08-13 00:49:22.963600+0000', '2015-08-13 04:12:30.454100+0000', '2015-08-13 05:08:01.386100+0000');
INSERT INTO "neap"."video"(video_id, stream_id, title, type, description, status, tags, topic_id, topic, media_info, preview, views, created_at, updated_at)
    VALUES ('c0787fed-94b0-4cdb-b2af-8400affdbc1f', 'd3ba9d90-70ea-42d1-aa35-55427d3736a9', 'Ivory goes live!', 'highlight', 'Ivory goes live!', '', '[]', '48e535f7-dba1-4d59-aac3-4c6cced32d6c', 'Video games', '{"width":1280,"height":720,"bitrate":873.58}', '', '36138', '2015-10-02 16:50:22.113800+0000', '2015-10-05 01:31:24.831500+0000');
INSERT INTO "neap"."video"(video_id, stream_id, title, type, description, status, tags, topic_id, topic, media_info, preview, views, created_at, updated_at)
    VALUES ('1faf7717-45a4-4f44-8cc4-baab55c90c35', 'd3ba9d90-70ea-42d1-aa35-55427d3736a9', 'Ivory goes live!', 'record', 'Ivory goes live!', '', '[]', '48e535f7-dba1-4d59-aac3-4c6cced32d6c', 'Video games', '{"width":1280,"height":720,"bitrate":1099.21}', '', '6990', '2015-08-20 04:11:45.799700+0000', '2015-08-22 05:45:14.712600+0000');
INSERT INTO "neap"."stream"(stream_id, channel_id, title, topic_id, topic, media_info, viewers, created_at, updated_at, ended_at)
    VALUES ('f465c4e8-0932-4cbe-b184-df050d4a80e2', '856b8411-1268-49fe-ba8e-291ed8c1e60b', 'Come on and have fun with Ivory!', '5f6c7ec0-84ab-4d8e-a2d7-ff1887b55d6e', 'History', '{"width":720,"height":400,"bitrate":633.83}', 545, '2015-10-12 06:35:31.841200+0000', '2015-10-12 12:34:58.132600+0000', '2015-10-12 13:16:42.931900+0000');
INSERT INTO "neap"."user"(user_id, channel_id, type, username, email, password, display_name, logo, bio, created_at, updated_at)
    VALUES ('a80daa1a-2d7c-47ed-ae55-74cb5e8bd319', '6660d292-3be2-4754-9ef6-e1ffad6364df', 'user', 'karter', 'karter@neap.io', '$2y$10$KMH.6px1MrPsRdPqKmckeO68st1Wi0eQheymBiHSueY0i2Gw/SWAy', 'Karter', 'https://gravatar.com/avatar/140825123e526efde9b99eeeebc20fd0?s=128&d=identicon', null, '2015-03-17 14:26:20.362000+0000', '2015-09-26 05:17:43.366100+0000');
INSERT INTO "neap"."channel"(channel_id, user_id, chat_id, name, display_name, topic, language, views, followers)
    VALUES ('6660d292-3be2-4754-9ef6-e1ffad6364df', 'a80daa1a-2d7c-47ed-ae55-74cb5e8bd319', '9f60a1e9-b2a5-4acb-852a-3fae4cb42e21', 'karter', 'Karter Channel', 'Litterature', 'en', 63603, 35);
INSERT INTO "neap"."chat"(chat_id, channel_id, name)
    VALUES ('9f60a1e9-b2a5-4acb-852a-3fae4cb42e21', '6660d292-3be2-4754-9ef6-e1ffad6364df', 'karter');
INSERT INTO "neap"."stream"(stream_id, channel_id, title, topic_id, topic, media_info, viewers, created_at, updated_at, ended_at)
    VALUES ('0cfd995b-6b41-4107-89a8-b8b1f66c0e70', '6660d292-3be2-4754-9ef6-e1ffad6364df', 'Karter goes live!', '5f6c7ec0-84ab-4d8e-a2d7-ff1887b55d6e', 'History', '{"width":1920,"height":1080,"bitrate":1445.31}', 43508, '2015-07-03 04:06:41.517900+0000', '2015-07-03 05:47:39.827700+0000', '2015-07-03 06:18:37.524000+0000');
INSERT INTO "neap"."stream"(stream_id, channel_id, title, topic_id, topic, media_info, viewers, created_at, updated_at, ended_at)
    VALUES ('de2e0fa9-37c3-44d3-b312-00ecf6e67791', '6660d292-3be2-4754-9ef6-e1ffad6364df', 'Today is History day', '5f6c7ec0-84ab-4d8e-a2d7-ff1887b55d6e', 'History', '{"width":720,"height":400,"bitrate":793.6}', 540, '2015-03-27 09:36:03.890000+0000', '2015-03-27 16:48:33.390000+0000', '2015-03-27 18:12:50.821200+0000');
INSERT INTO "neap"."video"(video_id, stream_id, title, type, description, status, tags, topic_id, topic, media_info, preview, views, created_at, updated_at)
    VALUES ('9cfd660c-f820-4479-aae6-721dcc50f2d7', 'de2e0fa9-37c3-44d3-b312-00ecf6e67791', 'Today is History day', 'record', 'Today is History day', '', '[]', '5f6c7ec0-84ab-4d8e-a2d7-ff1887b55d6e', 'History', '{"width":720,"height":400,"bitrate":708.49}', '', '16795', '2015-05-07 23:41:34.417000+0000', '2015-05-13 15:59:37.688400+0000');
INSERT INTO "neap"."stream"(stream_id, channel_id, title, topic_id, topic, media_info, viewers, created_at, updated_at, ended_at)
    VALUES ('08a28abf-9f29-4a1a-80e6-0248dc54d28c', '6660d292-3be2-4754-9ef6-e1ffad6364df', 'Karter goes live!', '5f6c7ec0-84ab-4d8e-a2d7-ff1887b55d6e', 'History', '{"width":1280,"height":720,"bitrate":1156.69}', 1843, '2015-06-01 01:55:18.980400+0000', '2015-06-01 01:59:48.782700+0000', '2015-06-01 02:34:16.937800+0000');
INSERT INTO "neap"."stream"(stream_id, channel_id, title, topic_id, topic, media_info, viewers, created_at, updated_at, ended_at)
    VALUES ('b0972f45-1ce1-42fb-a016-3688e9f56115', '6660d292-3be2-4754-9ef6-e1ffad6364df', 'Fun with Litterature and Karter', '994391cf-d41e-46f4-b6eb-ce53824e3a0c', 'Litterature', '{"width":1280,"height":720,"bitrate":1241.13}', 767, '2015-04-11 20:14:17.818500+0000', '2015-04-11 23:42:03.946200+0000', '2015-04-12 00:05:45.753900+0000');
INSERT INTO "neap"."video"(video_id, stream_id, title, type, description, status, tags, topic_id, topic, media_info, preview, views, created_at, updated_at)
    VALUES ('e87e9a1b-fe38-47fc-9e8b-5b100563cadc', 'b0972f45-1ce1-42fb-a016-3688e9f56115', 'Fun with Litterature and Karter', 'record', 'Fun with Litterature and Karter', '', '[]', '994391cf-d41e-46f4-b6eb-ce53824e3a0c', 'Litterature', '{"width":1280,"height":720,"bitrate":808.32}', '', '22578', '2015-05-27 20:20:00.591500+0000', '2015-05-29 13:42:55.785500+0000');
INSERT INTO "neap"."stream"(stream_id, channel_id, title, topic_id, topic, media_info, viewers, created_at, updated_at, ended_at)
    VALUES ('a1afbdbf-d08c-4533-9f82-2e59429e29eb', '6660d292-3be2-4754-9ef6-e1ffad6364df', 'Come on and have fun with Karter!', '284b3091-455d-4476-ae67-442a19d153d4', 'Mathematics', '{"width":1920,"height":1080,"bitrate":3390.57}', 554, '2015-03-20 21:24:50.181800+0000', '2015-03-20 23:52:05.161800+0000', '2015-03-21 00:04:06.223100+0000');
INSERT INTO "neap"."video"(video_id, stream_id, title, type, description, status, tags, topic_id, topic, media_info, preview, views, created_at, updated_at)
    VALUES ('6a4b3d3d-defc-494d-be83-58afbeb055d2', 'a1afbdbf-d08c-4533-9f82-2e59429e29eb', 'Come on and have fun with Karter!', 'record', 'Come on and have fun with Karter!', '', '[]', '284b3091-455d-4476-ae67-442a19d153d4', 'Mathematics', '{"width":1920,"height":1080,"bitrate":2588.76}', '', '19710', '2015-07-16 02:06:29.636300+0000', '2015-07-16 22:46:25.163200+0000');
INSERT INTO "neap"."video"(video_id, stream_id, title, type, description, status, tags, topic_id, topic, media_info, preview, views, created_at, updated_at)
    VALUES ('66ad9fdb-514e-45a4-b934-a566857e1263', 'a1afbdbf-d08c-4533-9f82-2e59429e29eb', 'Come on and have fun with Karter!', 'record', 'Come on and have fun with Karter!', '', '[]', '284b3091-455d-4476-ae67-442a19d153d4', 'Mathematics', '{"width":1920,"height":1080,"bitrate":1042.73}', '', '27390', '2015-03-26 09:09:07.218100+0000', '2015-04-01 21:45:03.087300+0000');
INSERT INTO "neap"."stream"(stream_id, channel_id, title, topic_id, topic, media_info, viewers, created_at, updated_at, ended_at)
    VALUES ('14e651c5-a4d4-4ba2-8074-5c86ae8be0e2', '6660d292-3be2-4754-9ef6-e1ffad6364df', 'Today is Music day', 'b369c464-cdea-4356-9d70-1450585652e2', 'Music', '{"width":720,"height":400,"bitrate":688.82}', 1186, '2015-07-05 03:57:46.010100+0000', '2015-07-05 04:00:43.510500+0000', '2015-07-05 04:23:43.961200+0000');
INSERT INTO "neap"."video"(video_id, stream_id, title, type, description, status, tags, topic_id, topic, media_info, preview, views, created_at, updated_at)
    VALUES ('7b044859-5535-4478-9bf7-4066d0a5f76b', '14e651c5-a4d4-4ba2-8074-5c86ae8be0e2', 'Today is Music day', 'record', 'Today is Music day', '', '[]', 'b369c464-cdea-4356-9d70-1450585652e2', 'Music', '{"width":720,"height":400,"bitrate":681.56}', '', '30713', '2015-07-05 15:20:21.927300+0000', '2015-07-06 02:11:49.452800+0000');
INSERT INTO "neap"."video"(video_id, stream_id, title, type, description, status, tags, topic_id, topic, media_info, preview, views, created_at, updated_at)
    VALUES ('3973ca51-9f1e-4c0b-aff1-3581ff997103', '14e651c5-a4d4-4ba2-8074-5c86ae8be0e2', 'Today is Music day', 'record', 'Today is Music day', '', '[]', 'b369c464-cdea-4356-9d70-1450585652e2', 'Music', '{"width":720,"height":400,"bitrate":647.06}', '', '410', '2015-08-15 03:06:30.665900+0000', '2015-08-16 11:21:47.300000+0000');
INSERT INTO "neap"."stream"(stream_id, channel_id, title, topic_id, topic, media_info, viewers, created_at, updated_at, ended_at)
    VALUES ('fc13e5c4-6781-45be-95d3-2f776240d137', '6660d292-3be2-4754-9ef6-e1ffad6364df', 'Fun with Music and Karter', 'b369c464-cdea-4356-9d70-1450585652e2', 'Music', '{"width":1920,"height":1080,"bitrate":2713.1}', 786, '2015-10-28 12:50:09.631600+0000', '2015-10-28 17:07:05.035400+0000', '2015-10-28 17:09:26.580100+0000');
INSERT INTO "neap"."stream"(stream_id, channel_id, title, topic_id, topic, media_info, viewers, created_at, updated_at, ended_at)
    VALUES ('990d3bd2-9979-4700-9248-c0aae77d60ba', '6660d292-3be2-4754-9ef6-e1ffad6364df', 'Relax stream', 'd2ea25fc-eb67-4c63-86d0-58ba2ce51b56', 'Theology', '{"width":1280,"height":720,"bitrate":1166.27}', 1957, '2015-06-27 08:48:02.672100+0000', '2015-06-27 09:27:33.517600+0000', '2015-06-27 10:35:17.856900+0000');
INSERT INTO "neap"."video"(video_id, stream_id, title, type, description, status, tags, topic_id, topic, media_info, preview, views, created_at, updated_at)
    VALUES ('dc0e1570-89f8-4a06-ab11-f0b35c040bc7', '990d3bd2-9979-4700-9248-c0aae77d60ba', 'Relax stream', 'record', 'Relax stream', '', '[]', 'd2ea25fc-eb67-4c63-86d0-58ba2ce51b56', 'Theology', '{"width":1280,"height":720,"bitrate":963.22}', '', '10333', '2015-10-12 09:07:14.576300+0000', '2015-10-16 00:28:55.319100+0000');
INSERT INTO "neap"."user"(user_id, channel_id, type, username, email, password, display_name, logo, bio, created_at, updated_at)
    VALUES ('eaf62bb9-5c24-4ef8-9e89-ab9b94209c2a', '78f3102f-af39-4c02-9d54-a962db58fc77', 'user', 'deandre', 'deandre@neap.io', '$2y$10$aFMVigVuz5gl89NoplooD.ActA4Er1Q0hyGEMxl8CRBRKZOixj8P2', 'Deandre', 'https://gravatar.com/avatar/7e3b12e5eea84bf532598e50a7376874?s=128&d=identicon', null, '2015-08-18 03:52:29.803300+0000', '2015-10-28 02:32:43.430400+0000');
INSERT INTO "neap"."channel"(channel_id, user_id, chat_id, name, display_name, topic, language, views, followers)
    VALUES ('78f3102f-af39-4c02-9d54-a962db58fc77', 'eaf62bb9-5c24-4ef8-9e89-ab9b94209c2a', 'f60a15d6-5b82-422b-b17e-08a5300ea555', 'deandre', 'Deandre Channel', 'Mathematics', 'en', 67749, 24);
INSERT INTO "neap"."chat"(chat_id, channel_id, name)
    VALUES ('f60a15d6-5b82-422b-b17e-08a5300ea555', '78f3102f-af39-4c02-9d54-a962db58fc77', 'deandre');
INSERT INTO "neap"."stream"(stream_id, channel_id, title, topic_id, topic, media_info, viewers, created_at, updated_at, ended_at)
    VALUES ('fbba516a-7161-4a07-86f1-5aa03468ce0b', '78f3102f-af39-4c02-9d54-a962db58fc77', 'Today is Biology day', 'd4f06d27-2693-4552-bd85-d9875651ce39', 'Biology', '{"width":1280,"height":720,"bitrate":1481.69}', 599, '2015-08-23 15:42:02.604800+0000', '2015-08-23 19:03:19.926100+0000', '2015-08-23 19:09:18.633700+0000');
INSERT INTO "neap"."video"(video_id, stream_id, title, type, description, status, tags, topic_id, topic, media_info, preview, views, created_at, updated_at)
    VALUES ('cae1d623-4bbc-4630-acb0-24fe10774ce7', 'fbba516a-7161-4a07-86f1-5aa03468ce0b', 'Today is Biology day', 'record', 'Today is Biology day', '', '[]', 'd4f06d27-2693-4552-bd85-d9875651ce39', 'Biology', '{"width":1280,"height":720,"bitrate":1357.04}', '', '4982', '2015-10-13 18:46:47.592700+0000', '2015-10-14 14:58:20.832900+0000');
INSERT INTO "neap"."stream"(stream_id, channel_id, title, topic_id, topic, media_info, viewers, created_at, updated_at, ended_at)
    VALUES ('d8e33284-b5ed-4bd5-a28d-e90d5ecec409', '78f3102f-af39-4c02-9d54-a962db58fc77', 'Theology?? Yeah, Theology!', 'd2ea25fc-eb67-4c63-86d0-58ba2ce51b56', 'Theology', '{"width":720,"height":400,"bitrate":780.5}', 1578, '2015-10-01 08:16:23.123500+0000', '2015-10-01 08:59:19.653600+0000', '2015-10-01 09:16:29.737100+0000');
INSERT INTO "neap"."video"(video_id, stream_id, title, type, description, status, tags, topic_id, topic, media_info, preview, views, created_at, updated_at)
    VALUES ('a18a1cc3-db17-4840-aaa4-c0286902a2a8', 'd8e33284-b5ed-4bd5-a28d-e90d5ecec409', 'Theology?? Yeah, Theology!', 'record', 'Theology?? Yeah, Theology!', '', '[]', 'd2ea25fc-eb67-4c63-86d0-58ba2ce51b56', 'Theology', '{"width":720,"height":400,"bitrate":762.36}', '', '26994', '2015-10-26 09:31:18.969100+0000', '2015-10-26 15:17:36.704300+0000');
INSERT INTO "neap"."video"(video_id, stream_id, title, type, description, status, tags, topic_id, topic, media_info, preview, views, created_at, updated_at)
    VALUES ('bf484c84-74b9-40a3-abaf-b22676107254', 'd8e33284-b5ed-4bd5-a28d-e90d5ecec409', 'Theology?? Yeah, Theology!', 'record', 'Theology?? Yeah, Theology!', '', '[]', 'd2ea25fc-eb67-4c63-86d0-58ba2ce51b56', 'Theology', '{"width":720,"height":400,"bitrate":677.72}', '', '27727', '2015-10-17 02:30:22.541300+0000', '2015-10-18 08:22:37.256700+0000');
INSERT INTO "neap"."stream"(stream_id, channel_id, title, topic_id, topic, media_info, viewers, created_at, updated_at, ended_at)
    VALUES ('342d84df-4a0e-4e38-97ef-5f1054fbf1eb', '78f3102f-af39-4c02-9d54-a962db58fc77', 'Fun with Science and Deandre', '1cae4612-f178-4a0e-b3af-343a88b99638', 'Science', '{"width":1920,"height":1080,"bitrate":2310.77}', 1703, '2015-09-24 10:08:56.093400+0000', '2015-09-24 11:35:55.787200+0000', '2015-09-24 12:08:36.619100+0000');
INSERT INTO "neap"."video"(video_id, stream_id, title, type, description, status, tags, topic_id, topic, media_info, preview, views, created_at, updated_at)
    VALUES ('69d951cb-2798-4574-af9a-e92e56a92785', '342d84df-4a0e-4e38-97ef-5f1054fbf1eb', 'Fun with Science and Deandre', 'highlight', 'Fun with Science and Deandre', '', '[]', '1cae4612-f178-4a0e-b3af-343a88b99638', 'Science', '{"width":1920,"height":1080,"bitrate":2110.66}', '', '24183', '2015-10-09 04:20:04.333300+0000', '2015-10-13 06:47:00.758000+0000');
INSERT INTO "neap"."stream"(stream_id, channel_id, title, topic_id, topic, media_info, viewers, created_at, updated_at, ended_at)
    VALUES ('6993a12c-9bc9-4c74-bbdc-21fc38e17ebf', '78f3102f-af39-4c02-9d54-a962db58fc77', 'Come on and have fun with Deandre!', '5f6c7ec0-84ab-4d8e-a2d7-ff1887b55d6e', 'History', '{"width":1920,"height":1080,"bitrate":1380.38}', 346, '2015-10-24 22:47:22.435700+0000', '2015-10-24 23:16:12.806700+0000', '2015-10-25 00:03:47.425300+0000');
INSERT INTO "neap"."stream"(stream_id, channel_id, title, topic_id, topic, media_info, viewers, created_at, updated_at, ended_at)
    VALUES ('b7fdf387-229d-40b5-a567-37dbd6d23697', '78f3102f-af39-4c02-9d54-a962db58fc77', 'Fun with Astrology and Deandre', 'e9af2f53-d2dd-4e32-9dea-26d6ac21bcb8', 'Astrology', '{"width":1920,"height":1080,"bitrate":1702.22}', 1713, '2015-10-29 23:44:55.398600+0000', '2015-10-30 00:22:46.280900+0000', '2015-10-30 00:54:05.049400+0000');
INSERT INTO "neap"."stream"(stream_id, channel_id, title, topic_id, topic, media_info, viewers, created_at, updated_at, ended_at)
    VALUES ('10900c41-48f3-4482-beab-60e9674ae610', '78f3102f-af39-4c02-9d54-a962db58fc77', 'Deandre goes live!', 'e496e832-363e-4228-b518-7fe126ccaa04', 'Photography', '{"width":720,"height":400,"bitrate":534.67}', 1244, '2015-09-08 14:14:42.878200+0000', '2015-09-08 14:56:26.853900+0000', '2015-09-08 15:20:52.803300+0000');
INSERT INTO "neap"."video"(video_id, stream_id, title, type, description, status, tags, topic_id, topic, media_info, preview, views, created_at, updated_at)
    VALUES ('b3a5b89a-f43c-4bc8-97c1-484932525290', '10900c41-48f3-4482-beab-60e9674ae610', 'Deandre goes live!', 'record', 'Deandre goes live!', '', '[]', 'e496e832-363e-4228-b518-7fe126ccaa04', 'Photography', '{"width":720,"height":400,"bitrate":559.95}', '', '30353', '2015-10-03 00:32:41.534700+0000', '2015-10-04 11:04:02.127500+0000');
INSERT INTO "neap"."stream"(stream_id, channel_id, title, topic_id, topic, media_info, viewers, created_at, updated_at, ended_at)
    VALUES ('643efc87-476e-4981-af28-cfdb6c90bc30', '78f3102f-af39-4c02-9d54-a962db58fc77', 'Relax stream', 'd2ea25fc-eb67-4c63-86d0-58ba2ce51b56', 'Theology', '{"width":1920,"height":1080,"bitrate":1878.09}', 1425, '2015-09-07 12:13:36.980000+0000', '2015-09-07 15:23:04.657800+0000', '2015-09-07 15:27:34.958900+0000');
INSERT INTO "neap"."video"(video_id, stream_id, title, type, description, status, tags, topic_id, topic, media_info, preview, views, created_at, updated_at)
    VALUES ('0bbb8b37-0bd9-443d-8ef1-6957754741f2', '643efc87-476e-4981-af28-cfdb6c90bc30', 'Relax stream', 'record', 'Relax stream', '', '[]', 'd2ea25fc-eb67-4c63-86d0-58ba2ce51b56', 'Theology', '{"width":1920,"height":1080,"bitrate":1582.66}', '', '11237', '2015-09-22 05:57:16.758300+0000', '2015-09-22 07:31:19.366900+0000');
INSERT INTO "neap"."video"(video_id, stream_id, title, type, description, status, tags, topic_id, topic, media_info, preview, views, created_at, updated_at)
    VALUES ('79c4f8a9-f327-487e-b9e8-e8e50a921afb', '643efc87-476e-4981-af28-cfdb6c90bc30', 'Relax stream', 'record', 'Relax stream', '', '[]', 'd2ea25fc-eb67-4c63-86d0-58ba2ce51b56', 'Theology', '{"width":1920,"height":1080,"bitrate":3079.8}', '', '32666', '2015-09-10 11:57:44.262500+0000', '2015-09-11 11:38:26.851800+0000');
INSERT INTO "neap"."user"(user_id, channel_id, type, username, email, password, display_name, logo, bio, created_at, updated_at)
    VALUES ('12c736ee-b28f-4d27-8a3d-a7b323e430c4', 'bc0780c2-4de0-403a-ba48-dbf8e682d858', 'user', 'river', 'river@neap.io', '$2y$10$2vnY40.TtMmjMTZy6exPuewSMoTcpvccLeZbuvDT4Fhw7J8kDqQGW', 'River', 'https://gravatar.com/avatar/83f65a3b9572574e1d4416b19b1536d6?s=128&d=identicon', null, '2015-01-29 20:55:40.594500+0000', '2015-03-12 22:13:31.665500+0000');
INSERT INTO "neap"."channel"(channel_id, user_id, chat_id, name, display_name, topic, language, views, followers)
    VALUES ('bc0780c2-4de0-403a-ba48-dbf8e682d858', '12c736ee-b28f-4d27-8a3d-a7b323e430c4', 'fa18d3d1-ab15-4b9b-925a-cddf4326610c', 'river', 'River Channel', 'Mathematics', 'en', 57026, 11);
INSERT INTO "neap"."chat"(chat_id, channel_id, name)
    VALUES ('fa18d3d1-ab15-4b9b-925a-cddf4326610c', 'bc0780c2-4de0-403a-ba48-dbf8e682d858', 'river');
INSERT INTO "neap"."stream"(stream_id, channel_id, title, topic_id, topic, media_info, viewers, created_at, updated_at, ended_at)
    VALUES ('b6c3dcce-8991-4362-81a4-c9dd44692798', 'bc0780c2-4de0-403a-ba48-dbf8e682d858', 'River goes live!', '35fa82dc-ed25-47fb-b6cd-58ae8a151f60', 'Philosophy', '{"width":1920,"height":1080,"bitrate":1376.95}', 1289, '2015-08-15 11:51:30.733400+0000', '2015-08-15 11:53:28.254200+0000', '2015-08-15 12:49:27.313700+0000');
INSERT INTO "neap"."video"(video_id, stream_id, title, type, description, status, tags, topic_id, topic, media_info, preview, views, created_at, updated_at)
    VALUES ('c25de390-2d86-464c-93d2-c8291acbb85c', 'b6c3dcce-8991-4362-81a4-c9dd44692798', 'River goes live!', 'record', 'River goes live!', '', '[]', '35fa82dc-ed25-47fb-b6cd-58ae8a151f60', 'Philosophy', '{"width":1920,"height":1080,"bitrate":1171.35}', '', '39062', '2015-09-10 20:03:53.800000+0000', '2015-09-14 14:10:25.634300+0000');
INSERT INTO "neap"."video"(video_id, stream_id, title, type, description, status, tags, topic_id, topic, media_info, preview, views, created_at, updated_at)
    VALUES ('19a1c938-df7b-4205-ada6-c80a39465a0d', 'b6c3dcce-8991-4362-81a4-c9dd44692798', 'River goes live!', 'record', 'River goes live!', '', '[]', '35fa82dc-ed25-47fb-b6cd-58ae8a151f60', 'Philosophy', '{"width":1920,"height":1080,"bitrate":2844.32}', '', '1850', '2015-09-20 22:30:30.680900+0000', '2015-09-21 19:04:06.077300+0000');
INSERT INTO "neap"."stream"(stream_id, channel_id, title, topic_id, topic, media_info, viewers, created_at, updated_at, ended_at)
    VALUES ('9bb57ca6-347e-471c-9823-d5b1c7670ff7', 'bc0780c2-4de0-403a-ba48-dbf8e682d858', 'Philosophy?? Yeah, Philosophy!', '35fa82dc-ed25-47fb-b6cd-58ae8a151f60', 'Philosophy', '{"width":1920,"height":1080,"bitrate":1545.93}', 1542, '2015-04-06 04:15:28.232100+0000', '2015-04-06 04:32:36.226600+0000', '2015-04-06 05:03:58.450000+0000');
INSERT INTO "neap"."video"(video_id, stream_id, title, type, description, status, tags, topic_id, topic, media_info, preview, views, created_at, updated_at)
    VALUES ('de9aa8f7-c79f-4020-9eff-d532fbcc5001', '9bb57ca6-347e-471c-9823-d5b1c7670ff7', 'Philosophy?? Yeah, Philosophy!', 'record', 'Philosophy?? Yeah, Philosophy!', '', '[]', '35fa82dc-ed25-47fb-b6cd-58ae8a151f60', 'Philosophy', '{"width":1920,"height":1080,"bitrate":2525.94}', '', '30529', '2015-07-09 22:00:36.103000+0000', '2015-07-10 00:17:03.297000+0000');
INSERT INTO "neap"."video"(video_id, stream_id, title, type, description, status, tags, topic_id, topic, media_info, preview, views, created_at, updated_at)
    VALUES ('ea5742cc-95a2-40f8-bc79-ce0cb56df701', '9bb57ca6-347e-471c-9823-d5b1c7670ff7', 'Philosophy?? Yeah, Philosophy!', 'record', 'Philosophy?? Yeah, Philosophy!', '', '[]', '35fa82dc-ed25-47fb-b6cd-58ae8a151f60', 'Philosophy', '{"width":1920,"height":1080,"bitrate":1598.48}', '', '30679', '2015-09-22 09:57:17.881100+0000', '2015-09-22 10:11:21.630800+0000');
INSERT INTO "neap"."stream"(stream_id, channel_id, title, topic_id, topic, media_info, viewers, created_at, updated_at, ended_at)
    VALUES ('fcc55460-6ded-4e2b-84f7-78d782d5b3bd', 'bc0780c2-4de0-403a-ba48-dbf8e682d858', 'Astrology?? Yeah, Astrology!', 'e9af2f53-d2dd-4e32-9dea-26d6ac21bcb8', 'Astrology', '{"width":1920,"height":1080,"bitrate":2182.79}', 22, '2015-05-22 04:05:08.799800+0000', '2015-05-22 04:06:10.460900+0000', '2015-05-22 04:09:50.988900+0000');
INSERT INTO "neap"."stream"(stream_id, channel_id, title, topic_id, topic, media_info, viewers, created_at, updated_at, ended_at)
    VALUES ('0479424e-7e08-42a4-ac99-b43c2b50745f', 'bc0780c2-4de0-403a-ba48-dbf8e682d858', 'Today is Mathematics day', '284b3091-455d-4476-ae67-442a19d153d4', 'Mathematics', '{"width":1920,"height":1080,"bitrate":2767.36}', 524, '2015-03-15 15:25:38.167300+0000', '2015-03-15 15:27:24.815200+0000', '2015-03-15 15:30:10.240200+0000');
INSERT INTO "neap"."video"(video_id, stream_id, title, type, description, status, tags, topic_id, topic, media_info, preview, views, created_at, updated_at)
    VALUES ('ddb33190-2f4e-4ea9-8127-8fbca069fcfa', '0479424e-7e08-42a4-ac99-b43c2b50745f', 'Today is Mathematics day', 'record', 'Today is Mathematics day', '', '[]', '284b3091-455d-4476-ae67-442a19d153d4', 'Mathematics', '{"width":1920,"height":1080,"bitrate":2989.52}', '', '37219', '2015-06-25 05:35:18.313200+0000', '2015-06-25 06:44:10.476100+0000');
INSERT INTO "neap"."stream"(stream_id, channel_id, title, topic_id, topic, media_info, viewers, created_at, updated_at, ended_at)
    VALUES ('272afc19-c1e0-4271-b624-8609ea3bbf77', 'bc0780c2-4de0-403a-ba48-dbf8e682d858', 'River goes live!', '1cae4612-f178-4a0e-b3af-343a88b99638', 'Science', '{"width":720,"height":400,"bitrate":727.46}', 1579, '2015-09-06 14:58:56.235800+0000', '2015-09-06 16:18:25.044600+0000', '2015-09-06 16:27:59.002300+0000');
INSERT INTO "neap"."video"(video_id, stream_id, title, type, description, status, tags, topic_id, topic, media_info, preview, views, created_at, updated_at)
    VALUES ('7ac0470b-27f2-4f80-99c5-60b1409dba0d', '272afc19-c1e0-4271-b624-8609ea3bbf77', 'River goes live!', 'record', 'River goes live!', '', '[]', '1cae4612-f178-4a0e-b3af-343a88b99638', 'Science', '{"width":720,"height":400,"bitrate":749.67}', '', '34571', '2015-10-26 21:01:41.698100+0000', '2015-10-27 11:22:42.156900+0000');
INSERT INTO "neap"."stream"(stream_id, channel_id, title, topic_id, topic, media_info, viewers, created_at, updated_at, ended_at)
    VALUES ('46775066-cd0a-481b-80f0-8e8460505fcb', 'bc0780c2-4de0-403a-ba48-dbf8e682d858', 'Today is Astrology day', 'e9af2f53-d2dd-4e32-9dea-26d6ac21bcb8', 'Astrology', '{"width":1920,"height":1080,"bitrate":1359.36}', 1134, '2015-09-23 11:37:34.879000+0000', '2015-09-23 15:34:44.986300+0000', '2015-09-23 16:07:22.229200+0000');
INSERT INTO "neap"."video"(video_id, stream_id, title, type, description, status, tags, topic_id, topic, media_info, preview, views, created_at, updated_at)
    VALUES ('aaacadb2-bad2-4748-95b6-6411f0af326c', '46775066-cd0a-481b-80f0-8e8460505fcb', 'Today is Astrology day', 'record', 'Today is Astrology day', '', '[]', 'e9af2f53-d2dd-4e32-9dea-26d6ac21bcb8', 'Astrology', '{"width":1920,"height":1080,"bitrate":1502.33}', '', '26939', '2015-10-19 17:01:22.113100+0000', '2015-10-20 21:58:31.209300+0000');
INSERT INTO "neap"."stream"(stream_id, channel_id, title, topic_id, topic, media_info, viewers, created_at, updated_at, ended_at)
    VALUES ('80154d44-7dc0-4ca8-a579-1e9b0fd72032', 'bc0780c2-4de0-403a-ba48-dbf8e682d858', 'Come on and have fun with River!', '994391cf-d41e-46f4-b6eb-ce53824e3a0c', 'Litterature', '{"width":720,"height":400,"bitrate":778.51}', 1957, '2015-06-18 18:58:15.418300+0000', '2015-06-18 23:32:30.458100+0000', '2015-06-18 23:50:24.790000+0000');
INSERT INTO "neap"."video"(video_id, stream_id, title, type, description, status, tags, topic_id, topic, media_info, preview, views, created_at, updated_at)
    VALUES ('1b4ff9da-75ec-4032-94f4-58332cb0f9a1', '80154d44-7dc0-4ca8-a579-1e9b0fd72032', 'Come on and have fun with River!', 'record', 'Come on and have fun with River!', '', '[]', '994391cf-d41e-46f4-b6eb-ce53824e3a0c', 'Litterature', '{"width":720,"height":400,"bitrate":642.13}', '', '18400', '2015-09-05 18:17:57.758100+0000', '2015-09-07 02:08:21.584300+0000');
INSERT INTO "neap"."user"(user_id, channel_id, type, username, email, password, display_name, logo, bio, created_at, updated_at)
    VALUES ('75dd7e61-5350-488d-8816-0b4b218cb6f7', '0a2b8a24-caab-434a-94cf-f7300253cbb5', 'user', 'isabelle', 'isabelle@neap.io', '$2y$10$6fDiSwLXnBH21uxg6yfEUeItEPsVzyGb15euo6Md7PFXc4zXHp042', 'Isabelle', 'https://gravatar.com/avatar/baf2f86ffa1405d4cf2c1f806e6011a9?s=128&d=identicon', null, '2015-04-26 13:34:59.989500+0000', '2015-06-02 01:36:49.662200+0000');
INSERT INTO "neap"."channel"(channel_id, user_id, chat_id, name, display_name, topic, language, views, followers)
    VALUES ('0a2b8a24-caab-434a-94cf-f7300253cbb5', '75dd7e61-5350-488d-8816-0b4b218cb6f7', '5af8b2d9-c9c6-4d5f-bf73-67ea681b1780', 'isabelle', 'Isabelle Channel', 'Photography', 'en', 55747, 21);
INSERT INTO "neap"."chat"(chat_id, channel_id, name)
    VALUES ('5af8b2d9-c9c6-4d5f-bf73-67ea681b1780', '0a2b8a24-caab-434a-94cf-f7300253cbb5', 'isabelle');
INSERT INTO "neap"."stream"(stream_id, channel_id, title, topic_id, topic, media_info, viewers, created_at, updated_at, ended_at)
    VALUES ('43a415cc-4329-4438-8114-7b15a0c34545', '0a2b8a24-caab-434a-94cf-f7300253cbb5', 'Relax stream', '48e535f7-dba1-4d59-aac3-4c6cced32d6c', 'Video games', '{"width":720,"height":400,"bitrate":631}', 1418, '2015-06-09 06:01:40.092900+0000', '2015-06-09 09:43:46.031300+0000', '2015-06-09 10:42:39.444000+0000');
INSERT INTO "neap"."video"(video_id, stream_id, title, type, description, status, tags, topic_id, topic, media_info, preview, views, created_at, updated_at)
    VALUES ('84009b47-9264-4960-9bf4-632ad5499b26', '43a415cc-4329-4438-8114-7b15a0c34545', 'Relax stream', 'record', 'Relax stream', '', '[]', '48e535f7-dba1-4d59-aac3-4c6cced32d6c', 'Video games', '{"width":720,"height":400,"bitrate":547.89}', '', '30660', '2015-10-14 15:26:08.471500+0000', '2015-10-16 13:31:34.913000+0000');
INSERT INTO "neap"."stream"(stream_id, channel_id, title, topic_id, topic, media_info, viewers, created_at, updated_at, ended_at)
    VALUES ('8b73b7b6-1e03-4548-8870-84034dfc6d30', '0a2b8a24-caab-434a-94cf-f7300253cbb5', 'The origins of Video games', '48e535f7-dba1-4d59-aac3-4c6cced32d6c', 'Video games', '{"width":1920,"height":1080,"bitrate":2115.47}', 954, '2015-06-22 22:32:24.841100+0000', '2015-06-23 01:46:25.370200+0000', '2015-06-23 01:59:52.410400+0000');
INSERT INTO "neap"."video"(video_id, stream_id, title, type, description, status, tags, topic_id, topic, media_info, preview, views, created_at, updated_at)
    VALUES ('0ca55c90-baaf-4c16-af1c-7376bb754268', '8b73b7b6-1e03-4548-8870-84034dfc6d30', 'The origins of Video games', 'record', 'The origins of Video games', '', '[]', '48e535f7-dba1-4d59-aac3-4c6cced32d6c', 'Video games', '{"width":1920,"height":1080,"bitrate":2970.06}', '', '2870', '2015-06-28 03:45:07.913900+0000', '2015-07-02 03:43:07.196200+0000');
INSERT INTO "neap"."video"(video_id, stream_id, title, type, description, status, tags, topic_id, topic, media_info, preview, views, created_at, updated_at)
    VALUES ('5e54395e-80c5-433f-a66b-36eb64a49837', '8b73b7b6-1e03-4548-8870-84034dfc6d30', 'The origins of Video games', 'record', 'The origins of Video games', '', '[]', '48e535f7-dba1-4d59-aac3-4c6cced32d6c', 'Video games', '{"width":1920,"height":1080,"bitrate":1978.71}', '', '30543', '2015-10-08 02:35:07.319800+0000', '2015-10-08 08:50:21.212400+0000');
INSERT INTO "neap"."stream"(stream_id, channel_id, title, topic_id, topic, media_info, viewers, created_at, updated_at, ended_at)
    VALUES ('53aa8d76-4f31-4802-b2a2-9f04f17b2c3d', '0a2b8a24-caab-434a-94cf-f7300253cbb5', 'Fun with History and Isabelle', '5f6c7ec0-84ab-4d8e-a2d7-ff1887b55d6e', 'History', '{"width":1280,"height":720,"bitrate":854.26}', 232, '2015-06-25 21:35:26.631700+0000', '2015-06-26 02:34:46.398100+0000', '2015-06-26 02:35:52.381900+0000');
INSERT INTO "neap"."video"(video_id, stream_id, title, type, description, status, tags, topic_id, topic, media_info, preview, views, created_at, updated_at)
    VALUES ('8f8836b3-b59b-4976-bb7d-0638a335bac9', '53aa8d76-4f31-4802-b2a2-9f04f17b2c3d', 'Fun with History and Isabelle', 'record', 'Fun with History and Isabelle', '', '[]', '5f6c7ec0-84ab-4d8e-a2d7-ff1887b55d6e', 'History', '{"width":1280,"height":720,"bitrate":1485.58}', '', '4821', '2015-08-18 19:26:17.574800+0000', '2015-08-20 17:26:09.321300+0000');
INSERT INTO "neap"."stream"(stream_id, channel_id, title, topic_id, topic, media_info, viewers, created_at, updated_at, ended_at)
    VALUES ('52a9476c-45ae-41e0-98ea-eb3450c611aa', '0a2b8a24-caab-434a-94cf-f7300253cbb5', 'Fun with Video games and Isabelle', '48e535f7-dba1-4d59-aac3-4c6cced32d6c', 'Video games', '{"width":1920,"height":1080,"bitrate":2493.2}', 276, '2015-05-06 05:27:25.164100+0000', '2015-05-06 06:38:01.874200+0000', '2015-05-06 07:26:18.522200+0000');
INSERT INTO "neap"."stream"(stream_id, channel_id, title, topic_id, topic, media_info, viewers, created_at, updated_at, ended_at)
    VALUES ('afc73085-b339-4a6d-8146-db6f62ec7d2d', '0a2b8a24-caab-434a-94cf-f7300253cbb5', 'Biology?? Yeah, Biology!', 'd4f06d27-2693-4552-bd85-d9875651ce39', 'Biology', '{"width":1280,"height":720,"bitrate":1240.92}', 563, '2015-08-29 15:19:02.083500+0000', '2015-08-29 17:34:03.438100+0000', '2015-08-29 18:08:35.879700+0000');
INSERT INTO "neap"."video"(video_id, stream_id, title, type, description, status, tags, topic_id, topic, media_info, preview, views, created_at, updated_at)
    VALUES ('3b70d210-e9df-44ba-8cac-2bb814261993', 'afc73085-b339-4a6d-8146-db6f62ec7d2d', 'Biology?? Yeah, Biology!', 'record', 'Biology?? Yeah, Biology!', '', '[]', 'd4f06d27-2693-4552-bd85-d9875651ce39', 'Biology', '{"width":1280,"height":720,"bitrate":967.76}', '', '13235', '2015-09-30 03:54:54.310600+0000', '2015-09-30 09:18:25.633600+0000');
INSERT INTO "neap"."user"(user_id, channel_id, type, username, email, password, display_name, logo, bio, created_at, updated_at)
    VALUES ('8705fa91-1140-4522-807a-6347420f62ae', '0ca42116-d92a-4511-980a-4c40016890e2', 'user', 'neriah', 'neriah@neap.io', '$2y$10$FQQqyRdrHoLjxO9OhxrrrebHcrNDSjpMjBoDmlPTiTfyE4zveeeOO', 'Neriah', 'https://gravatar.com/avatar/c55e71380209aaabaa8e21538be39b2c?s=128&d=identicon', null, '2015-07-05 02:49:23.503300+0000', '2015-09-09 04:38:00.309900+0000');
INSERT INTO "neap"."channel"(channel_id, user_id, chat_id, name, display_name, topic, language, views, followers)
    VALUES ('0ca42116-d92a-4511-980a-4c40016890e2', '8705fa91-1140-4522-807a-6347420f62ae', 'a1161fa1-123e-478c-b914-a65b953f13af', 'neriah', 'Neriah Channel', 'Theology', 'en', 76551, 41);
INSERT INTO "neap"."chat"(chat_id, channel_id, name)
    VALUES ('a1161fa1-123e-478c-b914-a65b953f13af', '0ca42116-d92a-4511-980a-4c40016890e2', 'neriah');
INSERT INTO "neap"."stream"(stream_id, channel_id, title, topic_id, topic, media_info, viewers, created_at, updated_at, ended_at)
    VALUES ('a076d941-6430-4f97-868f-c1551c9b1e74', '0ca42116-d92a-4511-980a-4c40016890e2', 'Today is Mathematics day', '284b3091-455d-4476-ae67-442a19d153d4', 'Mathematics', '{"width":720,"height":400,"bitrate":610.17}', 669, '2015-08-07 07:51:29.804900+0000', '2015-08-07 10:20:44.009900+0000', '2015-08-07 10:47:41.484700+0000');
INSERT INTO "neap"."user"(user_id, channel_id, type, username, email, password, display_name, logo, bio, created_at, updated_at)
    VALUES ('9516878a-9f96-4f01-a640-6f3ff60f4cd2', '2c0260ff-0841-477b-a1bb-ab54df7b9dcf', 'user', 'anabella', 'anabella@neap.io', '$2y$10$9lkTTUJb5K66EJDwrUbB1eM3BvmmOpVLLSCVRCJv.DmA2BqwPYMDm', 'Anabella', 'https://gravatar.com/avatar/795b42bc80ed5c097f8c2e38f47dba56?s=128&d=identicon', null, '2015-03-20 13:07:27.671800+0000', '2015-10-22 15:06:05.486400+0000');
INSERT INTO "neap"."channel"(channel_id, user_id, chat_id, name, display_name, topic, language, views, followers)
    VALUES ('2c0260ff-0841-477b-a1bb-ab54df7b9dcf', '9516878a-9f96-4f01-a640-6f3ff60f4cd2', '9d2d6dc5-0e18-4582-9f98-234731d71a5b', 'anabella', 'Anabella Channel', 'Astrology', 'en', 16721, 118);
INSERT INTO "neap"."chat"(chat_id, channel_id, name)
    VALUES ('9d2d6dc5-0e18-4582-9f98-234731d71a5b', '2c0260ff-0841-477b-a1bb-ab54df7b9dcf', 'anabella');
INSERT INTO "neap"."stream"(stream_id, channel_id, title, topic_id, topic, media_info, viewers, created_at, updated_at, ended_at)
    VALUES ('9e72f430-0ea6-47e5-88f4-dc7d56c2caec', '2c0260ff-0841-477b-a1bb-ab54df7b9dcf', 'Relax stream', '1cae4612-f178-4a0e-b3af-343a88b99638', 'Science', '{"width":1280,"height":720,"bitrate":996.19}', 409, '2015-10-14 12:35:24.668800+0000', '2015-10-14 17:07:17.353000+0000', '2015-10-14 17:09:07.676700+0000');
INSERT INTO "neap"."video"(video_id, stream_id, title, type, description, status, tags, topic_id, topic, media_info, preview, views, created_at, updated_at)
    VALUES ('c2b73290-0b9d-42ed-8c96-d194eb6c2ac3', '9e72f430-0ea6-47e5-88f4-dc7d56c2caec', 'Relax stream', 'record', 'Relax stream', '', '[]', '1cae4612-f178-4a0e-b3af-343a88b99638', 'Science', '{"width":1280,"height":720,"bitrate":885.63}', '', '28940', '2015-10-24 10:35:41.887000+0000', '2015-10-24 19:24:58.822300+0000');
INSERT INTO "neap"."stream"(stream_id, channel_id, title, topic_id, topic, media_info, viewers, created_at, updated_at, ended_at)
    VALUES ('94a190a2-a671-457b-b7d4-85ab22440de6', '2c0260ff-0841-477b-a1bb-ab54df7b9dcf', 'Relax stream', '35fa82dc-ed25-47fb-b6cd-58ae8a151f60', 'Philosophy', '{"width":1920,"height":1080,"bitrate":2751.96}', 1156, '2015-10-07 10:53:47.602100+0000', '2015-10-07 17:16:18.631100+0000', '2015-10-07 17:55:21.746500+0000');
INSERT INTO "neap"."video"(video_id, stream_id, title, type, description, status, tags, topic_id, topic, media_info, preview, views, created_at, updated_at)
    VALUES ('87abe314-8666-48f2-9331-1414c2f3fc26', '94a190a2-a671-457b-b7d4-85ab22440de6', 'Relax stream', 'record', 'Relax stream', '', '[]', '35fa82dc-ed25-47fb-b6cd-58ae8a151f60', 'Philosophy', '{"width":1920,"height":1080,"bitrate":2516.77}', '', '9411', '2015-10-17 15:45:11.405300+0000', '2015-10-17 23:22:08.185000+0000');
INSERT INTO "neap"."stream"(stream_id, channel_id, title, topic_id, topic, media_info, viewers, created_at, updated_at, ended_at)
    VALUES ('b5c44fda-d305-4cd6-97c5-e7467d734c81', '2c0260ff-0841-477b-a1bb-ab54df7b9dcf', 'The origins of Science', '1cae4612-f178-4a0e-b3af-343a88b99638', 'Science', '{"width":1920,"height":1080,"bitrate":2874.68}', 1338, '2015-08-20 19:27:52.801900+0000', '2015-08-20 20:19:25.142600+0000', '2015-08-20 20:25:53.381800+0000');
INSERT INTO "neap"."video"(video_id, stream_id, title, type, description, status, tags, topic_id, topic, media_info, preview, views, created_at, updated_at)
    VALUES ('f787a15e-28ea-42b4-b0f6-47f76ce2cef6', 'b5c44fda-d305-4cd6-97c5-e7467d734c81', 'The origins of Science', 'record', 'The origins of Science', '', '[]', '1cae4612-f178-4a0e-b3af-343a88b99638', 'Science', '{"width":1920,"height":1080,"bitrate":2608.03}', '', '2176', '2015-09-11 18:40:11.284600+0000', '2015-09-15 21:19:51.859800+0000');
INSERT INTO "neap"."video"(video_id, stream_id, title, type, description, status, tags, topic_id, topic, media_info, preview, views, created_at, updated_at)
    VALUES ('faa8d124-4600-4f41-90ce-cd54ba4f8e5b', 'b5c44fda-d305-4cd6-97c5-e7467d734c81', 'The origins of Science', 'record', 'The origins of Science', '', '[]', '1cae4612-f178-4a0e-b3af-343a88b99638', 'Science', '{"width":1920,"height":1080,"bitrate":1951.22}', '', '19069', '2015-09-22 04:48:52.256000+0000', '2015-09-23 18:24:42.163500+0000');
INSERT INTO "neap"."stream"(stream_id, channel_id, title, topic_id, topic, media_info, viewers, created_at, updated_at, ended_at)
    VALUES ('cd98ec27-5b44-4abf-8663-0d343db569c8', '2c0260ff-0841-477b-a1bb-ab54df7b9dcf', 'Anabella goes live!', 'e9af2f53-d2dd-4e32-9dea-26d6ac21bcb8', 'Astrology', '{"width":1920,"height":1080,"bitrate":1689.78}', 1376, '2015-04-26 09:47:03.025600+0000', '2015-04-26 09:52:03.003100+0000', '2015-04-26 09:54:23.166000+0000');
INSERT INTO "neap"."video"(video_id, stream_id, title, type, description, status, tags, topic_id, topic, media_info, preview, views, created_at, updated_at)
    VALUES ('774562c2-d53b-4c70-86fc-c350a2c5176c', 'cd98ec27-5b44-4abf-8663-0d343db569c8', 'Anabella goes live!', 'record', 'Anabella goes live!', '', '[]', 'e9af2f53-d2dd-4e32-9dea-26d6ac21bcb8', 'Astrology', '{"width":1920,"height":1080,"bitrate":3019.87}', '', '22486', '2015-05-03 16:56:08.274700+0000', '2015-05-04 15:52:26.199400+0000');
INSERT INTO "neap"."stream"(stream_id, channel_id, title, topic_id, topic, media_info, viewers, created_at, updated_at, ended_at)
    VALUES ('2c6dc42e-3d49-4c70-b568-225e0e64e0ab', '2c0260ff-0841-477b-a1bb-ab54df7b9dcf', 'Fun with Litterature and Anabella', '994391cf-d41e-46f4-b6eb-ce53824e3a0c', 'Litterature', '{"width":1280,"height":720,"bitrate":1390.17}', 1216, '2015-05-12 07:59:39.393700+0000', '2015-05-12 09:28:00.355400+0000', '2015-05-12 09:32:42.169500+0000');
INSERT INTO "neap"."video"(video_id, stream_id, title, type, description, status, tags, topic_id, topic, media_info, preview, views, created_at, updated_at)
    VALUES ('784b8903-5cb8-4fcb-8bb7-532a3dc14a58', '2c6dc42e-3d49-4c70-b568-225e0e64e0ab', 'Fun with Litterature and Anabella', 'highlight', 'Fun with Litterature and Anabella', '', '[]', '994391cf-d41e-46f4-b6eb-ce53824e3a0c', 'Litterature', '{"width":1280,"height":720,"bitrate":836.88}', '', '6227', '2015-05-13 11:02:49.041200+0000', '2015-05-15 14:08:37.161500+0000');
INSERT INTO "neap"."user"(user_id, channel_id, type, username, email, password, display_name, logo, bio, created_at, updated_at)
    VALUES ('30d0469d-cd49-4f30-946b-57a6c16a3a5c', '10c2ef0f-d326-48ca-aaa6-124c9621bb21', 'user', 'kaitlynn', 'kaitlynn@neap.io', '$2y$10$P0/fcENPIohCky2obGA.kuej3T3r3jZiLPb2mkop5CDVzUhdslx6i', 'Kaitlynn', 'https://gravatar.com/avatar/23340f6a41ce491f19a452ad684d3765?s=128&d=identicon', null, '2015-05-09 03:30:07.676900+0000', '2015-09-19 18:13:21.575000+0000');
INSERT INTO "neap"."channel"(channel_id, user_id, chat_id, name, display_name, topic, language, views, followers)
    VALUES ('10c2ef0f-d326-48ca-aaa6-124c9621bb21', '30d0469d-cd49-4f30-946b-57a6c16a3a5c', 'e6cded0b-c671-4767-bd28-c77e3621e8e0', 'kaitlynn', 'Kaitlynn Channel', 'Mathematics', 'en', 63552, 47);
INSERT INTO "neap"."chat"(chat_id, channel_id, name)
    VALUES ('e6cded0b-c671-4767-bd28-c77e3621e8e0', '10c2ef0f-d326-48ca-aaa6-124c9621bb21', 'kaitlynn');
INSERT INTO "neap"."stream"(stream_id, channel_id, title, topic_id, topic, media_info, viewers, created_at, updated_at, ended_at)
    VALUES ('757e0d80-12e0-40fd-aabd-1bba98d26be3', '10c2ef0f-d326-48ca-aaa6-124c9621bb21', 'Kaitlynn goes live!', 'd4f06d27-2693-4552-bd85-d9875651ce39', 'Biology', '{"width":1920,"height":1080,"bitrate":2411.23}', 73872, '2015-08-05 01:11:40.892200+0000', '2015-08-05 04:19:44.069200+0000', '2015-08-05 04:21:32.582000+0000');
INSERT INTO "neap"."video"(video_id, stream_id, title, type, description, status, tags, topic_id, topic, media_info, preview, views, created_at, updated_at)
    VALUES ('b141f7f4-cee3-4fe0-b351-bb1f5f714039', '757e0d80-12e0-40fd-aabd-1bba98d26be3', 'Kaitlynn goes live!', 'record', 'Kaitlynn goes live!', '', '[]', 'd4f06d27-2693-4552-bd85-d9875651ce39', 'Biology', '{"width":1920,"height":1080,"bitrate":1411.19}', '', '16817', '2015-08-29 23:52:17.867300+0000', '2015-09-02 06:25:36.552600+0000');
INSERT INTO "neap"."video"(video_id, stream_id, title, type, description, status, tags, topic_id, topic, media_info, preview, views, created_at, updated_at)
    VALUES ('b3c7a5a7-5820-48cd-b4e5-40f1a501469a', '757e0d80-12e0-40fd-aabd-1bba98d26be3', 'Kaitlynn goes live!', 'record', 'Kaitlynn goes live!', '', '[]', 'd4f06d27-2693-4552-bd85-d9875651ce39', 'Biology', '{"width":1920,"height":1080,"bitrate":3097.19}', '', '22667', '2015-09-11 02:58:19.231900+0000', '2015-09-12 14:26:27.481700+0000');
INSERT INTO "neap"."user"(user_id, channel_id, type, username, email, password, display_name, logo, bio, created_at, updated_at)
    VALUES ('2b122864-070a-48ae-a583-340443293bce', '57aca21a-aa28-4f10-aa21-2f9836de255d', 'user', 'ariah', 'ariah@neap.io', '$2y$10$9ZYv1wpyga1K54ExzsHBd.CGb0QSYwtSArq1k7CedMHfiGtglSbji', 'Ariah', 'https://gravatar.com/avatar/da0ce062a126f116b6a63d26b743ecc1?s=128&d=identicon', null, '2015-03-23 01:09:13.430200+0000', '2015-06-05 03:24:06.482800+0000');
INSERT INTO "neap"."channel"(channel_id, user_id, chat_id, name, display_name, topic, language, views, followers)
    VALUES ('57aca21a-aa28-4f10-aa21-2f9836de255d', '2b122864-070a-48ae-a583-340443293bce', '80b7bcd8-c7a8-4650-a9f9-31c10ede6036', 'ariah', 'Ariah Channel', 'Science', 'en', 50498, 129);
INSERT INTO "neap"."chat"(chat_id, channel_id, name)
    VALUES ('80b7bcd8-c7a8-4650-a9f9-31c10ede6036', '57aca21a-aa28-4f10-aa21-2f9836de255d', 'ariah');
INSERT INTO "neap"."stream"(stream_id, channel_id, title, topic_id, topic, media_info, viewers, created_at, updated_at, ended_at)
    VALUES ('9226e324-a58b-4fe0-b6aa-d8a1f74e844b', '57aca21a-aa28-4f10-aa21-2f9836de255d', 'Ariah goes live!', 'b369c464-cdea-4356-9d70-1450585652e2', 'Music', '{"width":1280,"height":720,"bitrate":1364.55}', 119, '2015-06-01 23:29:28.058400+0000', '2015-06-02 02:35:36.808600+0000', '2015-06-02 02:59:40.664200+0000');
INSERT INTO "neap"."user"(user_id, channel_id, type, username, email, password, display_name, logo, bio, created_at, updated_at)
    VALUES ('5162bd28-56ef-4a3c-bcfd-5d631dea3113', '94791c71-4215-4841-af21-fd1576fdb62e', 'user', 'teresa', 'teresa@neap.io', '$2y$10$XD1r417gy68KYNBUKK8c9.lbazgzpLIbk5CyCwUqw0gN.6bDh7r3.', 'Teresa', 'https://gravatar.com/avatar/114548706e2271153c13a0ec1ffc70a3?s=128&d=identicon', null, '2015-01-30 15:08:42.600100+0000', '2015-10-23 19:39:00.611800+0000');
INSERT INTO "neap"."channel"(channel_id, user_id, chat_id, name, display_name, topic, language, views, followers)
    VALUES ('94791c71-4215-4841-af21-fd1576fdb62e', '5162bd28-56ef-4a3c-bcfd-5d631dea3113', '1f9e5810-70df-4c75-8dd4-8e119553497c', 'teresa', 'Teresa Channel', 'Music', 'en', 88624, 132);
INSERT INTO "neap"."chat"(chat_id, channel_id, name)
    VALUES ('1f9e5810-70df-4c75-8dd4-8e119553497c', '94791c71-4215-4841-af21-fd1576fdb62e', 'teresa');
INSERT INTO "neap"."stream"(stream_id, channel_id, title, topic_id, topic, media_info, viewers, created_at, updated_at, ended_at)
    VALUES ('a81e4972-a742-4620-89e3-5f225bdf7ff2', '94791c71-4215-4841-af21-fd1576fdb62e', 'The origins of History', '5f6c7ec0-84ab-4d8e-a2d7-ff1887b55d6e', 'History', '{"width":1920,"height":1080,"bitrate":3204.67}', 1070, '2015-04-27 12:24:20.673100+0000', '2015-04-27 15:10:30.855300+0000', '2015-04-27 15:20:24.710400+0000');
INSERT INTO "neap"."video"(video_id, stream_id, title, type, description, status, tags, topic_id, topic, media_info, preview, views, created_at, updated_at)
    VALUES ('6d7abc76-9ea5-4ce8-8614-d094f1051cb9', 'a81e4972-a742-4620-89e3-5f225bdf7ff2', 'The origins of History', 'record', 'The origins of History', '', '[]', '5f6c7ec0-84ab-4d8e-a2d7-ff1887b55d6e', 'History', '{"width":1920,"height":1080,"bitrate":3296.08}', '', '28656', '2015-06-27 15:51:14.754400+0000', '2015-06-30 19:59:07.162000+0000');
INSERT INTO "neap"."stream"(stream_id, channel_id, title, topic_id, topic, media_info, viewers, created_at, updated_at, ended_at)
    VALUES ('a08f77ad-77b9-4cb7-a5ce-a05d4623354f', '94791c71-4215-4841-af21-fd1576fdb62e', 'The origins of Theology', 'd2ea25fc-eb67-4c63-86d0-58ba2ce51b56', 'Theology', '{"width":1920,"height":1080,"bitrate":1729.26}', 915, '2015-08-25 17:59:38.122700+0000', '2015-08-25 18:28:50.850300+0000', '2015-08-25 18:30:48.170600+0000');
INSERT INTO "neap"."stream"(stream_id, channel_id, title, topic_id, topic, media_info, viewers, created_at, updated_at, ended_at)
    VALUES ('f39618b4-5871-4047-ad52-5bc80a7a82bc', '94791c71-4215-4841-af21-fd1576fdb62e', 'Fun with Astrology and Teresa', 'e9af2f53-d2dd-4e32-9dea-26d6ac21bcb8', 'Astrology', '{"width":1280,"height":720,"bitrate":1430.07}', 1092, '2015-08-09 03:36:51.871600+0000', '2015-08-09 11:01:33.849600+0000', '2015-08-09 11:14:51.618600+0000');
INSERT INTO "neap"."video"(video_id, stream_id, title, type, description, status, tags, topic_id, topic, media_info, preview, views, created_at, updated_at)
    VALUES ('5929fb6d-0fd8-459c-a572-abe7560a8de9', 'f39618b4-5871-4047-ad52-5bc80a7a82bc', 'Fun with Astrology and Teresa', 'record', 'Fun with Astrology and Teresa', '', '[]', 'e9af2f53-d2dd-4e32-9dea-26d6ac21bcb8', 'Astrology', '{"width":1280,"height":720,"bitrate":1107.39}', '', '38663', '2015-08-11 18:11:21.894800+0000', '2015-08-12 00:53:41.623800+0000');
INSERT INTO "neap"."stream"(stream_id, channel_id, title, topic_id, topic, media_info, viewers, created_at, updated_at, ended_at)
    VALUES ('0c51b57d-2d93-4a71-a0ed-d3ef9b328cab', '94791c71-4215-4841-af21-fd1576fdb62e', 'The origins of Photography', 'e496e832-363e-4228-b518-7fe126ccaa04', 'Photography', '{"width":1280,"height":720,"bitrate":1370.16}', 1458, '2015-09-09 19:02:47.975400+0000', '2015-09-09 19:17:05.734100+0000', '2015-09-09 19:18:32.868100+0000');
INSERT INTO "neap"."video"(video_id, stream_id, title, type, description, status, tags, topic_id, topic, media_info, preview, views, created_at, updated_at)
    VALUES ('cfc822d6-3f25-4106-8b82-455e2488bc8a', '0c51b57d-2d93-4a71-a0ed-d3ef9b328cab', 'The origins of Photography', 'record', 'The origins of Photography', '', '[]', 'e496e832-363e-4228-b518-7fe126ccaa04', 'Photography', '{"width":1280,"height":720,"bitrate":1159.12}', '', '36701', '2015-10-21 22:57:40.623800+0000', '2015-10-24 08:34:31.239800+0000');
INSERT INTO "neap"."video"(video_id, stream_id, title, type, description, status, tags, topic_id, topic, media_info, preview, views, created_at, updated_at)
    VALUES ('5866a6d8-53a5-4d7e-b0b8-db56c87fb4df', '0c51b57d-2d93-4a71-a0ed-d3ef9b328cab', 'The origins of Photography', 'record', 'The origins of Photography', '', '[]', 'e496e832-363e-4228-b518-7fe126ccaa04', 'Photography', '{"width":1280,"height":720,"bitrate":1294.51}', '', '13354', '2015-09-16 08:57:15.652500+0000', '2015-09-17 22:27:53.230000+0000');
INSERT INTO "neap"."stream"(stream_id, channel_id, title, topic_id, topic, media_info, viewers, created_at, updated_at, ended_at)
    VALUES ('8ad6e35e-f8aa-454f-994d-8a2efc58476e', '94791c71-4215-4841-af21-fd1576fdb62e', 'Today is Music day', 'b369c464-cdea-4356-9d70-1450585652e2', 'Music', '{"width":720,"height":400,"bitrate":684.71}', 79854, '2015-04-01 11:55:10.775400+0000', '2015-04-01 11:56:03.791000+0000', '2015-04-01 12:18:27.494500+0000');
INSERT INTO "neap"."stream"(stream_id, channel_id, title, topic_id, topic, media_info, viewers, created_at, updated_at, ended_at)
    VALUES ('0be1801b-6e08-4dfd-8a9d-385e03967800', '94791c71-4215-4841-af21-fd1576fdb62e', 'Teresa goes live!', 'd4f06d27-2693-4552-bd85-d9875651ce39', 'Biology', '{"width":1280,"height":720,"bitrate":894.77}', 458, '2015-03-02 17:31:16.512000+0000', '2015-03-02 18:01:41.854000+0000', '2015-03-02 18:37:21.002200+0000');
INSERT INTO "neap"."video"(video_id, stream_id, title, type, description, status, tags, topic_id, topic, media_info, preview, views, created_at, updated_at)
    VALUES ('2bfb419a-dfcc-4eca-8592-6c7785c0178f', '0be1801b-6e08-4dfd-8a9d-385e03967800', 'Teresa goes live!', 'record', 'Teresa goes live!', '', '[]', 'd4f06d27-2693-4552-bd85-d9875651ce39', 'Biology', '{"width":1280,"height":720,"bitrate":849.13}', '', '10915', '2015-05-12 13:19:18.695900+0000', '2015-05-14 05:01:15.343600+0000');
INSERT INTO "neap"."user"(user_id, channel_id, type, username, email, password, display_name, logo, bio, created_at, updated_at)
    VALUES ('68ab4cce-bc60-4b2b-8cef-b522cf6c8be8', 'f3e97336-b5b1-45d5-adcc-adb41527619a', 'user', 'derek', 'derek@neap.io', '$2y$10$1aLh0vD8Odvpf9pbM8y0l.E3c2twNykKRebUa4niwS2pA8a.M1KQ.', 'Derek', 'https://gravatar.com/avatar/046e44d43ebe3b6a4b791575cecffbcb?s=128&d=identicon', null, '2015-05-26 06:46:00.840700+0000', '2015-08-25 06:49:24.568400+0000');
INSERT INTO "neap"."channel"(channel_id, user_id, chat_id, name, display_name, topic, language, views, followers)
    VALUES ('f3e97336-b5b1-45d5-adcc-adb41527619a', '68ab4cce-bc60-4b2b-8cef-b522cf6c8be8', '9f85ebf6-67a5-42ab-b3fd-2eb9816b6e9d', 'derek', 'Derek Channel', 'Litterature', 'en', 92769, 2);
INSERT INTO "neap"."chat"(chat_id, channel_id, name)
    VALUES ('9f85ebf6-67a5-42ab-b3fd-2eb9816b6e9d', 'f3e97336-b5b1-45d5-adcc-adb41527619a', 'derek');
INSERT INTO "neap"."stream"(stream_id, channel_id, title, topic_id, topic, media_info, viewers, created_at, updated_at, ended_at)
    VALUES ('f549076e-539b-4679-8455-fe711e6b0d6d', 'f3e97336-b5b1-45d5-adcc-adb41527619a', 'Litterature?? Yeah, Litterature!', '994391cf-d41e-46f4-b6eb-ce53824e3a0c', 'Litterature', '{"width":1280,"height":720,"bitrate":1256.15}', 18, '2015-10-23 02:12:49.132100+0000', '2015-10-23 05:19:37.829900+0000', '2015-10-23 05:53:03.626500+0000');
INSERT INTO "neap"."video"(video_id, stream_id, title, type, description, status, tags, topic_id, topic, media_info, preview, views, created_at, updated_at)
    VALUES ('f6eb1cab-0087-4b8d-ac95-498e27ee4b45', 'f549076e-539b-4679-8455-fe711e6b0d6d', 'Litterature?? Yeah, Litterature!', 'record', 'Litterature?? Yeah, Litterature!', '', '[]', '994391cf-d41e-46f4-b6eb-ce53824e3a0c', 'Litterature', '{"width":1280,"height":720,"bitrate":1283.28}', '', '25337', '2015-10-29 16:41:15.423100+0000', '2015-10-30 05:45:23.361100+0000');
INSERT INTO "neap"."video"(video_id, stream_id, title, type, description, status, tags, topic_id, topic, media_info, preview, views, created_at, updated_at)
    VALUES ('0ac57529-18a0-4535-844b-275257b49225', 'f549076e-539b-4679-8455-fe711e6b0d6d', 'Litterature?? Yeah, Litterature!', 'record', 'Litterature?? Yeah, Litterature!', '', '[]', '994391cf-d41e-46f4-b6eb-ce53824e3a0c', 'Litterature', '{"width":1280,"height":720,"bitrate":804.53}', '', '21129', '2015-10-24 21:45:18.331500+0000', '2015-10-25 22:26:06.028500+0000');
INSERT INTO "neap"."stream"(stream_id, channel_id, title, topic_id, topic, media_info, viewers, created_at, updated_at, ended_at)
    VALUES ('6b4ed665-6a2d-4525-a867-b91995238c30', 'f3e97336-b5b1-45d5-adcc-adb41527619a', 'The origins of Video games', '48e535f7-dba1-4d59-aac3-4c6cced32d6c', 'Video games', '{"width":1920,"height":1080,"bitrate":2131.54}', 173, '2015-06-21 00:13:58.417600+0000', '2015-06-21 04:22:03.953000+0000', '2015-06-21 05:11:36.889200+0000');
INSERT INTO "neap"."stream"(stream_id, channel_id, title, topic_id, topic, media_info, viewers, created_at, updated_at, ended_at)
    VALUES ('9cd42492-1072-4d86-8b14-254a45f858c3', 'f3e97336-b5b1-45d5-adcc-adb41527619a', 'Today is Theology day', 'd2ea25fc-eb67-4c63-86d0-58ba2ce51b56', 'Theology', '{"width":1280,"height":720,"bitrate":993.5}', 879, '2015-08-06 00:08:49.680300+0000', '2015-08-06 05:35:41.972800+0000', '2015-08-06 05:47:11.978500+0000');
INSERT INTO "neap"."video"(video_id, stream_id, title, type, description, status, tags, topic_id, topic, media_info, preview, views, created_at, updated_at)
    VALUES ('443f7ec4-250a-4e1f-87c7-cb1f2f18cf02', '9cd42492-1072-4d86-8b14-254a45f858c3', 'Today is Theology day', 'record', 'Today is Theology day', '', '[]', 'd2ea25fc-eb67-4c63-86d0-58ba2ce51b56', 'Theology', '{"width":1280,"height":720,"bitrate":1210.01}', '', '21449', '2015-08-08 17:09:04.910200+0000', '2015-08-09 07:35:23.570200+0000');
INSERT INTO "neap"."stream"(stream_id, channel_id, title, topic_id, topic, media_info, viewers, created_at, updated_at, ended_at)
    VALUES ('accc90c2-13ae-47b6-b0e6-85e312460bc8', 'f3e97336-b5b1-45d5-adcc-adb41527619a', 'Come on and have fun with Derek!', 'b369c464-cdea-4356-9d70-1450585652e2', 'Music', '{"width":720,"height":400,"bitrate":716.54}', 709, '2015-08-30 13:07:43.763800+0000', '2015-08-30 15:53:42.904700+0000', '2015-08-30 16:11:02.849300+0000');
INSERT INTO "neap"."video"(video_id, stream_id, title, type, description, status, tags, topic_id, topic, media_info, preview, views, created_at, updated_at)
    VALUES ('79cb0d87-c6ce-4ea9-9160-7ae8df5744c8', 'accc90c2-13ae-47b6-b0e6-85e312460bc8', 'Come on and have fun with Derek!', 'highlight', 'Come on and have fun with Derek!', '', '[]', 'b369c464-cdea-4356-9d70-1450585652e2', 'Music', '{"width":720,"height":400,"bitrate":503.76}', '', '25145', '2015-09-08 16:25:45.493100+0000', '2015-09-09 01:28:08.682600+0000');
INSERT INTO "neap"."stream"(stream_id, channel_id, title, topic_id, topic, media_info, viewers, created_at, updated_at, ended_at)
    VALUES ('895ea1b3-38a6-4fbc-94a4-24f384bc75f7', 'f3e97336-b5b1-45d5-adcc-adb41527619a', 'Today is Mathematics day', '284b3091-455d-4476-ae67-442a19d153d4', 'Mathematics', '{"width":720,"height":400,"bitrate":628.75}', 1633, '2015-07-31 11:59:12.387200+0000', '2015-07-31 13:45:49.108600+0000', '2015-07-31 13:48:09.912400+0000');
INSERT INTO "neap"."video"(video_id, stream_id, title, type, description, status, tags, topic_id, topic, media_info, preview, views, created_at, updated_at)
    VALUES ('544c4211-877e-4070-8ee2-71ace7743e4c', '895ea1b3-38a6-4fbc-94a4-24f384bc75f7', 'Today is Mathematics day', 'highlight', 'Today is Mathematics day', '', '[]', '284b3091-455d-4476-ae67-442a19d153d4', 'Mathematics', '{"width":720,"height":400,"bitrate":554.94}', '', '37930', '2015-09-14 19:13:41.843600+0000', '2015-09-14 22:12:44.179900+0000');
INSERT INTO "neap"."stream"(stream_id, channel_id, title, topic_id, topic, media_info, viewers, created_at, updated_at, ended_at)
    VALUES ('212bb011-de81-4fd1-acf5-326a5e42b2ea', 'f3e97336-b5b1-45d5-adcc-adb41527619a', 'Relax stream', '35fa82dc-ed25-47fb-b6cd-58ae8a151f60', 'Philosophy', '{"width":720,"height":400,"bitrate":718.74}', 536, '2015-10-24 19:16:09.845500+0000', '2015-10-25 01:33:16.746700+0000', '2015-10-25 03:17:40.672500+0000');
INSERT INTO "neap"."video"(video_id, stream_id, title, type, description, status, tags, topic_id, topic, media_info, preview, views, created_at, updated_at)
    VALUES ('8922b4c4-1ba2-43e9-b21e-f88d79ea7c14', '212bb011-de81-4fd1-acf5-326a5e42b2ea', 'Relax stream', 'record', 'Relax stream', '', '[]', '35fa82dc-ed25-47fb-b6cd-58ae8a151f60', 'Philosophy', '{"width":720,"height":400,"bitrate":795.56}', '', '13680', '2015-10-28 11:20:30.236900+0000', '2015-10-28 11:28:35.309400+0000');
INSERT INTO "neap"."user"(user_id, channel_id, type, username, email, password, display_name, logo, bio, created_at, updated_at)
    VALUES ('04b97db0-f517-4d7d-b31f-6616696ebf83', 'f8601686-5660-4b23-962d-7317c2863289', 'user', 'sidney', 'sidney@neap.io', '$2y$10$ZUJgMgppE8BBLMnGYpHPVeWt52E2FUdRZCEsqFS2XaF869xx3C0ea', 'Sidney', 'https://gravatar.com/avatar/60bd4066efb43093b63da5f2ecb4d843?s=128&d=identicon', null, '2015-01-22 00:48:59.190400+0000', '2015-03-10 06:58:24.644300+0000');
INSERT INTO "neap"."channel"(channel_id, user_id, chat_id, name, display_name, topic, language, views, followers)
    VALUES ('f8601686-5660-4b23-962d-7317c2863289', '04b97db0-f517-4d7d-b31f-6616696ebf83', '3ae65598-3b89-47e5-ac54-abbe0d05b8d6', 'sidney', 'Sidney Channel', 'Biology', 'en', 64651, 57);
INSERT INTO "neap"."chat"(chat_id, channel_id, name)
    VALUES ('3ae65598-3b89-47e5-ac54-abbe0d05b8d6', 'f8601686-5660-4b23-962d-7317c2863289', 'sidney');
INSERT INTO "neap"."stream"(stream_id, channel_id, title, topic_id, topic, media_info, viewers, created_at, updated_at, ended_at)
    VALUES ('b032bede-d95b-4b32-905b-0e9fd2d6a817', 'f8601686-5660-4b23-962d-7317c2863289', 'Today is Mathematics day', '284b3091-455d-4476-ae67-442a19d153d4', 'Mathematics', '{"width":720,"height":400,"bitrate":515.39}', 207, '2015-09-21 11:22:43.759300+0000', '2015-09-21 13:41:57.226700+0000', '2015-09-21 14:00:24.246400+0000');
INSERT INTO "neap"."stream"(stream_id, channel_id, title, topic_id, topic, media_info, viewers, created_at, updated_at, ended_at)
    VALUES ('e6f6c3a7-8f14-411d-8e47-bd5b5dd8b8d6', 'f8601686-5660-4b23-962d-7317c2863289', 'Come on and have fun with Sidney!', '35fa82dc-ed25-47fb-b6cd-58ae8a151f60', 'Philosophy', '{"width":1920,"height":1080,"bitrate":1913.81}', 1064, '2015-04-30 06:31:31.430000+0000', '2015-04-30 08:28:13.964400+0000', '2015-04-30 09:22:20.934200+0000');
INSERT INTO "neap"."video"(video_id, stream_id, title, type, description, status, tags, topic_id, topic, media_info, preview, views, created_at, updated_at)
    VALUES ('cc4b9a61-b9ed-436c-ad64-3f40f331b1e4', 'e6f6c3a7-8f14-411d-8e47-bd5b5dd8b8d6', 'Come on and have fun with Sidney!', 'record', 'Come on and have fun with Sidney!', '', '[]', '35fa82dc-ed25-47fb-b6cd-58ae8a151f60', 'Philosophy', '{"width":1920,"height":1080,"bitrate":1276.78}', '', '11808', '2015-09-01 22:53:57.205400+0000', '2015-09-03 23:24:56.503200+0000');
INSERT INTO "neap"."user"(user_id, channel_id, type, username, email, password, display_name, logo, bio, created_at, updated_at)
    VALUES ('77911854-423c-43b2-8762-cbb76c5af1d2', '2bf6fb94-7ef4-409b-bc08-93bd132d911c', 'user', 'allie', 'allie@neap.io', '$2y$10$5Ux/HU1zmUCgk/IRUp8uP.DryA2wTTRtiEv36bT.AVIJeDi2IjPJS', 'Allie', 'https://gravatar.com/avatar/5a35c117dbaa3314bc8634d9aec712f4?s=128&d=identicon', null, '2015-05-25 19:56:33.312400+0000', '2015-08-02 18:10:06.852200+0000');
INSERT INTO "neap"."channel"(channel_id, user_id, chat_id, name, display_name, topic, language, views, followers)
    VALUES ('2bf6fb94-7ef4-409b-bc08-93bd132d911c', '77911854-423c-43b2-8762-cbb76c5af1d2', '550a5532-f043-4770-9823-83144d12a1cc', 'allie', 'Allie Channel', 'Philosophy', 'en', 56761, 92);
INSERT INTO "neap"."chat"(chat_id, channel_id, name)
    VALUES ('550a5532-f043-4770-9823-83144d12a1cc', '2bf6fb94-7ef4-409b-bc08-93bd132d911c', 'allie');
INSERT INTO "neap"."stream"(stream_id, channel_id, title, topic_id, topic, media_info, viewers, created_at, updated_at, ended_at)
    VALUES ('76f24b4c-55b7-4633-a00f-61a57062e354', '2bf6fb94-7ef4-409b-bc08-93bd132d911c', 'Mathematics?? Yeah, Mathematics!', '284b3091-455d-4476-ae67-442a19d153d4', 'Mathematics', '{"width":720,"height":400,"bitrate":700.11}', 1710, '2015-07-19 09:35:04.380200+0000', '2015-07-19 11:47:55.675000+0000', '2015-07-19 11:52:01.738000+0000');
INSERT INTO "neap"."stream"(stream_id, channel_id, title, topic_id, topic, media_info, viewers, created_at, updated_at, ended_at)
    VALUES ('786c21b6-f1de-4cf0-894a-bea7950330f1', '2bf6fb94-7ef4-409b-bc08-93bd132d911c', 'Today is Astrology day', 'e9af2f53-d2dd-4e32-9dea-26d6ac21bcb8', 'Astrology', '{"width":1920,"height":1080,"bitrate":2454.27}', 122, '2015-07-17 07:46:44.370900+0000', '2015-07-17 08:06:07.377400+0000', '2015-07-17 08:54:57.142700+0000');
INSERT INTO "neap"."stream"(stream_id, channel_id, title, topic_id, topic, media_info, viewers, created_at, updated_at, ended_at)
    VALUES ('924cfcae-b2b8-420e-87f2-45c8dea182c8', '2bf6fb94-7ef4-409b-bc08-93bd132d911c', 'Today is Mathematics day', '284b3091-455d-4476-ae67-442a19d153d4', 'Mathematics', '{"width":1280,"height":720,"bitrate":872.81}', 76103, '2015-10-07 15:00:41.803500+0000', '2015-10-07 15:07:30.038800+0000', '2015-10-07 15:37:57.239500+0000');
INSERT INTO "neap"."video"(video_id, stream_id, title, type, description, status, tags, topic_id, topic, media_info, preview, views, created_at, updated_at)
    VALUES ('6c00d028-b536-443e-838c-dfa450d61079', '924cfcae-b2b8-420e-87f2-45c8dea182c8', 'Today is Mathematics day', 'record', 'Today is Mathematics day', '', '[]', '284b3091-455d-4476-ae67-442a19d153d4', 'Mathematics', '{"width":1280,"height":720,"bitrate":1452.65}', '', '5295', '2015-10-27 07:45:09.496100+0000', '2015-10-29 20:57:27.233200+0000');
INSERT INTO "neap"."video"(video_id, stream_id, title, type, description, status, tags, topic_id, topic, media_info, preview, views, created_at, updated_at)
    VALUES ('501cd6a4-e8ef-474a-94b3-aaa25c4b11b6', '924cfcae-b2b8-420e-87f2-45c8dea182c8', 'Today is Mathematics day', 'record', 'Today is Mathematics day', '', '[]', '284b3091-455d-4476-ae67-442a19d153d4', 'Mathematics', '{"width":1280,"height":720,"bitrate":1000.41}', '', '12066', '2015-10-07 22:36:13.397300+0000', '2015-10-08 13:02:35.433100+0000');
INSERT INTO "neap"."stream"(stream_id, channel_id, title, topic_id, topic, media_info, viewers, created_at, updated_at, ended_at)
    VALUES ('2ab7e5a5-945d-4ca0-9097-9cc8884fab22', '2bf6fb94-7ef4-409b-bc08-93bd132d911c', 'The origins of Photography', 'e496e832-363e-4228-b518-7fe126ccaa04', 'Photography', '{"width":720,"height":400,"bitrate":651.71}', 1719, '2015-07-31 14:23:11.320800+0000', '2015-07-31 14:25:28.845300+0000', '2015-07-31 14:32:25.615700+0000');
INSERT INTO "neap"."stream"(stream_id, channel_id, title, topic_id, topic, media_info, viewers, created_at, updated_at, ended_at)
    VALUES ('9cf9f376-37b0-4da4-974b-f4eb8265635a', '2bf6fb94-7ef4-409b-bc08-93bd132d911c', 'Today is Litterature day', '994391cf-d41e-46f4-b6eb-ce53824e3a0c', 'Litterature', '{"width":720,"height":400,"bitrate":749.99}', 1445, '2015-09-26 18:24:43.925500+0000', '2015-09-26 19:24:53.124900+0000', '2015-09-26 19:26:16.155200+0000');
INSERT INTO "neap"."stream"(stream_id, channel_id, title, topic_id, topic, media_info, viewers, created_at, updated_at, ended_at)
    VALUES ('93ea804c-e96f-42cf-9c48-f09f92f5592c', '2bf6fb94-7ef4-409b-bc08-93bd132d911c', 'Today is Music day', 'b369c464-cdea-4356-9d70-1450585652e2', 'Music', '{"width":1920,"height":1080,"bitrate":1348.56}', 1294, '2015-08-11 07:09:28.003100+0000', '2015-08-11 12:45:33.203900+0000', '2015-08-11 12:50:35.796200+0000');
INSERT INTO "neap"."stream"(stream_id, channel_id, title, topic_id, topic, media_info, viewers, created_at, updated_at, ended_at)
    VALUES ('6c84b517-a895-4f58-8c71-7df24e9c5fa3', '2bf6fb94-7ef4-409b-bc08-93bd132d911c', 'Science?? Yeah, Science!', '1cae4612-f178-4a0e-b3af-343a88b99638', 'Science', '{"width":1280,"height":720,"bitrate":1420.37}', 62368, '2015-08-20 19:25:25.799600+0000', '2015-08-20 21:39:22.587000+0000', '2015-08-20 21:42:17.877500+0000');
INSERT INTO "neap"."video"(video_id, stream_id, title, type, description, status, tags, topic_id, topic, media_info, preview, views, created_at, updated_at)
    VALUES ('a5197ccf-cd48-4e92-bd7d-e9d00b8d8ddc', '6c84b517-a895-4f58-8c71-7df24e9c5fa3', 'Science?? Yeah, Science!', 'highlight', 'Science?? Yeah, Science!', '', '[]', '1cae4612-f178-4a0e-b3af-343a88b99638', 'Science', '{"width":1280,"height":720,"bitrate":1359.72}', '', '3424', '2015-09-19 09:26:30.968100+0000', '2015-09-20 13:32:28.769800+0000');
INSERT INTO "neap"."stream"(stream_id, channel_id, title, topic_id, topic, media_info, viewers, created_at, updated_at, ended_at)
    VALUES ('3e1a6a11-4205-4b4f-9724-54c546246c3e', '2bf6fb94-7ef4-409b-bc08-93bd132d911c', 'Come on and have fun with Allie!', 'b369c464-cdea-4356-9d70-1450585652e2', 'Music', '{"width":720,"height":400,"bitrate":575.44}', 1824, '2015-09-16 01:32:08.933500+0000', '2015-09-16 01:40:58.855500+0000', '2015-09-16 01:47:00.129700+0000');
INSERT INTO "neap"."user"(user_id, channel_id, type, username, email, password, display_name, logo, bio, created_at, updated_at)
    VALUES ('a90e5d73-fdcc-4f53-845d-af91eda90046', '05e5fbb3-d606-4a09-ab84-c4c31de86434', 'user', 'alayna', 'alayna@neap.io', '$2y$10$AD5bSWPuys/iyZMdeyIO8uWkbFuGyCasB0eUKMnWh8NkV0OmiTkMK', 'Alayna', 'https://gravatar.com/avatar/c8c40c753d8631902bdbd0b6057beeed?s=128&d=identicon', null, '2015-10-29 23:26:41.404200+0000', '2015-10-30 02:40:54.235100+0000');
INSERT INTO "neap"."channel"(channel_id, user_id, chat_id, name, display_name, topic, language, views, followers)
    VALUES ('05e5fbb3-d606-4a09-ab84-c4c31de86434', 'a90e5d73-fdcc-4f53-845d-af91eda90046', 'cf265afc-c330-4078-a6fa-9efc561d7be0', 'alayna', 'Alayna Channel', 'Science', 'en', 94019, 127);
INSERT INTO "neap"."chat"(chat_id, channel_id, name)
    VALUES ('cf265afc-c330-4078-a6fa-9efc561d7be0', '05e5fbb3-d606-4a09-ab84-c4c31de86434', 'alayna');
INSERT INTO "neap"."stream"(stream_id, channel_id, title, topic_id, topic, media_info, viewers, created_at, updated_at, ended_at)
    VALUES ('21785d2d-3255-491d-8f29-2518de5edb53', '05e5fbb3-d606-4a09-ab84-c4c31de86434', 'History?? Yeah, History!', '5f6c7ec0-84ab-4d8e-a2d7-ff1887b55d6e', 'History', '{"width":720,"height":400,"bitrate":744.41}', 33, '2015-11-01 07:35:26.674600+0000', '2015-11-01 12:49:51.140200+0000', '2015-11-01 12:53:35.758700+0000');
INSERT INTO "neap"."video"(video_id, stream_id, title, type, description, status, tags, topic_id, topic, media_info, preview, views, created_at, updated_at)
    VALUES ('dd370b62-7e05-4924-b9f1-7450102440a2', '21785d2d-3255-491d-8f29-2518de5edb53', 'History?? Yeah, History!', 'record', 'History?? Yeah, History!', '', '[]', '5f6c7ec0-84ab-4d8e-a2d7-ff1887b55d6e', 'History', '{"width":720,"height":400,"bitrate":568.5}', '', '3470', '2015-11-01 12:11:12.217200+0000', '2015-11-01 12:52:34.785300+0000');
INSERT INTO "neap"."video"(video_id, stream_id, title, type, description, status, tags, topic_id, topic, media_info, preview, views, created_at, updated_at)
    VALUES ('553db802-f23a-4bd5-a5d0-d0784122d5a0', '21785d2d-3255-491d-8f29-2518de5edb53', 'History?? Yeah, History!', 'highlight', 'History?? Yeah, History!', '', '[]', '5f6c7ec0-84ab-4d8e-a2d7-ff1887b55d6e', 'History', '{"width":720,"height":400,"bitrate":632.46}', '', '18689', '2015-11-01 11:30:30.526000+0000', '2015-11-03 07:21:06.921900+0000');
INSERT INTO "neap"."stream"(stream_id, channel_id, title, topic_id, topic, media_info, viewers, created_at, updated_at, ended_at)
    VALUES ('eec4bc37-9e63-4657-955f-f9ece02bf399', '05e5fbb3-d606-4a09-ab84-c4c31de86434', 'Relax stream', '994391cf-d41e-46f4-b6eb-ce53824e3a0c', 'Litterature', '{"width":1920,"height":1080,"bitrate":2148.11}', 774, '2015-10-31 03:45:58.353300+0000', '2015-10-31 10:56:32.883800+0000', '2015-10-31 11:13:24.023000+0000');
INSERT INTO "neap"."stream"(stream_id, channel_id, title, topic_id, topic, media_info, viewers, created_at, updated_at, ended_at)
    VALUES ('f5829e98-38f8-4a1c-86ac-0cd1a5b04752', '05e5fbb3-d606-4a09-ab84-c4c31de86434', 'Come on and have fun with Alayna!', 'b369c464-cdea-4356-9d70-1450585652e2', 'Music', '{"width":1920,"height":1080,"bitrate":3072.75}', 293, '2015-10-31 23:55:26.141400+0000', '2015-11-01 00:55:34.705400+0000', '2015-11-01 01:18:47.673400+0000');
INSERT INTO "neap"."video"(video_id, stream_id, title, type, description, status, tags, topic_id, topic, media_info, preview, views, created_at, updated_at)
    VALUES ('384534d3-f0a7-4527-81b3-925110c2fb0d', 'f5829e98-38f8-4a1c-86ac-0cd1a5b04752', 'Come on and have fun with Alayna!', 'highlight', 'Come on and have fun with Alayna!', '', '[]', 'b369c464-cdea-4356-9d70-1450585652e2', 'Music', '{"width":1920,"height":1080,"bitrate":2294.02}', '', '22075', '2015-11-01 15:51:28.580200+0000', '2015-11-02 18:23:08.803900+0000');
INSERT INTO "neap"."video"(video_id, stream_id, title, type, description, status, tags, topic_id, topic, media_info, preview, views, created_at, updated_at)
    VALUES ('ac145c02-fff1-4fbd-a71e-3441e4d42588', 'f5829e98-38f8-4a1c-86ac-0cd1a5b04752', 'Come on and have fun with Alayna!', 'record', 'Come on and have fun with Alayna!', '', '[]', 'b369c464-cdea-4356-9d70-1450585652e2', 'Music', '{"width":1920,"height":1080,"bitrate":1396.02}', '', '1608', '2015-11-01 20:23:13.757400+0000', '2015-11-03 05:59:11.035900+0000');
INSERT INTO "neap"."stream"(stream_id, channel_id, title, topic_id, topic, media_info, viewers, created_at, updated_at, ended_at)
    VALUES ('4d3f18f5-3bd5-46ac-9916-fd9214e20cdd', '05e5fbb3-d606-4a09-ab84-c4c31de86434', 'Today is Litterature day', '994391cf-d41e-46f4-b6eb-ce53824e3a0c', 'Litterature', '{"width":1920,"height":1080,"bitrate":1976.63}', 196, '2015-11-01 10:11:37.123000+0000', '2015-11-01 11:56:10.226500+0000', '2015-11-01 12:21:55.456800+0000');
INSERT INTO "neap"."video"(video_id, stream_id, title, type, description, status, tags, topic_id, topic, media_info, preview, views, created_at, updated_at)
    VALUES ('5758f331-c83c-4f15-925e-dd03abf4f86f', '4d3f18f5-3bd5-46ac-9916-fd9214e20cdd', 'Today is Litterature day', 'record', 'Today is Litterature day', '', '[]', '994391cf-d41e-46f4-b6eb-ce53824e3a0c', 'Litterature', '{"width":1920,"height":1080,"bitrate":1753.26}', '', '20837', '2015-11-01 16:47:15.032300+0000', '2015-11-02 18:19:57.310900+0000');
INSERT INTO "neap"."stream"(stream_id, channel_id, title, topic_id, topic, media_info, viewers, created_at, updated_at, ended_at)
    VALUES ('72e75f96-186a-475d-b74a-5ce330cd8c40', '05e5fbb3-d606-4a09-ab84-c4c31de86434', 'The origins of History', '5f6c7ec0-84ab-4d8e-a2d7-ff1887b55d6e', 'History', '{"width":720,"height":400,"bitrate":784.85}', 214, '2015-10-30 07:37:55.082500+0000', '2015-10-30 10:34:27.788600+0000', '2015-10-30 11:48:42.007500+0000');
INSERT INTO "neap"."stream"(stream_id, channel_id, title, topic_id, topic, media_info, viewers, created_at, updated_at, ended_at)
    VALUES ('63bcd59b-7437-4056-8502-9ae900a05e17', '05e5fbb3-d606-4a09-ab84-c4c31de86434', 'Relax stream', '48e535f7-dba1-4d59-aac3-4c6cced32d6c', 'Video games', '{"width":1280,"height":720,"bitrate":1385.63}', 7013, '2015-10-31 19:29:48.330900+0000', '2015-10-31 20:37:10.647600+0000', '2015-10-31 20:49:50.574100+0000');
INSERT INTO "neap"."video"(video_id, stream_id, title, type, description, status, tags, topic_id, topic, media_info, preview, views, created_at, updated_at)
    VALUES ('f1429d26-a4b1-4d27-a5f6-3436ad8aad90', '63bcd59b-7437-4056-8502-9ae900a05e17', 'Relax stream', 'record', 'Relax stream', '', '[]', '48e535f7-dba1-4d59-aac3-4c6cced32d6c', 'Video games', '{"width":1280,"height":720,"bitrate":1336.97}', '', '34843', '2015-11-01 20:26:26.046500+0000', '2015-11-04 06:11:35.991800+0000');
INSERT INTO "neap"."video"(video_id, stream_id, title, type, description, status, tags, topic_id, topic, media_info, preview, views, created_at, updated_at)
    VALUES ('9fb23c1c-35ac-43ba-9bf8-50b4e378e557', '63bcd59b-7437-4056-8502-9ae900a05e17', 'Relax stream', 'record', 'Relax stream', '', '[]', '48e535f7-dba1-4d59-aac3-4c6cced32d6c', 'Video games', '{"width":1280,"height":720,"bitrate":880.19}', '', '15655', '2015-10-31 23:46:40.373500+0000', '2015-11-01 03:03:07.249400+0000');
INSERT INTO "neap"."stream"(stream_id, channel_id, title, topic_id, topic, media_info, viewers, created_at, updated_at, ended_at)
    VALUES ('60c2ec23-7a39-4cfb-bfeb-ff23401bc147', '05e5fbb3-d606-4a09-ab84-c4c31de86434', 'Relax stream', 'e9af2f53-d2dd-4e32-9dea-26d6ac21bcb8', 'Astrology', '{"width":1280,"height":720,"bitrate":1251.24}', 76, '2015-11-01 03:13:02.585100+0000', '2015-11-01 05:20:03.552000+0000', '2015-11-01 05:21:45.806200+0000');
INSERT INTO "neap"."stream"(stream_id, channel_id, title, topic_id, topic, media_info, viewers, created_at, updated_at, ended_at)
    VALUES ('270041dd-f1f1-4ada-803a-7ee68fe67852', '05e5fbb3-d606-4a09-ab84-c4c31de86434', 'The origins of Litterature', '994391cf-d41e-46f4-b6eb-ce53824e3a0c', 'Litterature', '{"width":1920,"height":1080,"bitrate":2683.65}', 1418, '2015-10-30 12:27:23.341900+0000', '2015-10-30 13:00:44.355400+0000', '2015-10-30 13:02:55.135400+0000');
INSERT INTO "neap"."video"(video_id, stream_id, title, type, description, status, tags, topic_id, topic, media_info, preview, views, created_at, updated_at)
    VALUES ('ad41c96c-01d1-46c4-b158-0e636363909a', '270041dd-f1f1-4ada-803a-7ee68fe67852', 'The origins of Litterature', 'record', 'The origins of Litterature', '', '[]', '994391cf-d41e-46f4-b6eb-ce53824e3a0c', 'Litterature', '{"width":1920,"height":1080,"bitrate":1358.74}', '', '27500', '2015-11-01 01:41:04.229700+0000', '2015-11-03 11:16:52.321100+0000');
INSERT INTO "neap"."stream"(stream_id, channel_id, title, topic_id, topic, media_info, viewers, created_at, updated_at, ended_at)
    VALUES ('e3ba0f94-1302-4d18-8dfa-4c32a06ad2ab', '05e5fbb3-d606-4a09-ab84-c4c31de86434', 'Fun with Mathematics and Alayna', '284b3091-455d-4476-ae67-442a19d153d4', 'Mathematics', '{"width":1920,"height":1080,"bitrate":1491.78}', 1895, '2015-10-29 23:49:30.104400+0000', '2015-10-30 03:09:00.921200+0000', '2015-10-30 03:37:33.999000+0000');
INSERT INTO "neap"."video"(video_id, stream_id, title, type, description, status, tags, topic_id, topic, media_info, preview, views, created_at, updated_at)
    VALUES ('ed97076d-4b4d-4b89-a41f-76ffb285c95f', 'e3ba0f94-1302-4d18-8dfa-4c32a06ad2ab', 'Fun with Mathematics and Alayna', 'record', 'Fun with Mathematics and Alayna', '', '[]', '284b3091-455d-4476-ae67-442a19d153d4', 'Mathematics', '{"width":1920,"height":1080,"bitrate":3078.91}', '', '19293', '2015-10-31 14:33:22.502200+0000', '2015-11-01 17:33:11.912800+0000');
INSERT INTO "neap"."video"(video_id, stream_id, title, type, description, status, tags, topic_id, topic, media_info, preview, views, created_at, updated_at)
    VALUES ('d13e7cca-81f8-4a22-b3e5-e62555b0e668', 'e3ba0f94-1302-4d18-8dfa-4c32a06ad2ab', 'Fun with Mathematics and Alayna', 'record', 'Fun with Mathematics and Alayna', '', '[]', '284b3091-455d-4476-ae67-442a19d153d4', 'Mathematics', '{"width":1920,"height":1080,"bitrate":3084.62}', '', '6770', '2015-10-31 16:34:55.013600+0000', '2015-10-31 17:27:15.040500+0000');
INSERT INTO "neap"."user"(user_id, channel_id, type, username, email, password, display_name, logo, bio, created_at, updated_at)
    VALUES ('c3ab3a61-4e9a-4d2b-98aa-a32f5f0f3826', '69bfa9fd-8212-436c-8bec-3b1cc9ef3bec', 'user', 'omari', 'omari@neap.io', '$2y$10$YtnPj0z7YGNN8zhhvcoohuifkvXAwjJ0lh2RhHUKORgDtA0H1hv8e', 'Omari', 'https://gravatar.com/avatar/077a0a61cd4fe1ec3755467f339c4d13?s=128&d=identicon', null, '2015-08-28 16:29:22.431200+0000', '2015-09-23 00:33:30.451200+0000');
INSERT INTO "neap"."channel"(channel_id, user_id, chat_id, name, display_name, topic, language, views, followers)
    VALUES ('69bfa9fd-8212-436c-8bec-3b1cc9ef3bec', 'c3ab3a61-4e9a-4d2b-98aa-a32f5f0f3826', '2321e047-ce86-426c-8f5f-9d812e102b5f', 'omari', 'Omari Channel', 'History', 'en', 18995, 92);
INSERT INTO "neap"."chat"(chat_id, channel_id, name)
    VALUES ('2321e047-ce86-426c-8f5f-9d812e102b5f', '69bfa9fd-8212-436c-8bec-3b1cc9ef3bec', 'omari');
INSERT INTO "neap"."stream"(stream_id, channel_id, title, topic_id, topic, media_info, viewers, created_at, updated_at, ended_at)
    VALUES ('3f0fe091-19c9-4ef5-a2e7-8f77a6124ee3', '69bfa9fd-8212-436c-8bec-3b1cc9ef3bec', 'Omari goes live!', 'e9af2f53-d2dd-4e32-9dea-26d6ac21bcb8', 'Astrology', '{"width":1280,"height":720,"bitrate":950.29}', 317, '2015-08-29 20:56:45.753800+0000', '2015-08-30 01:30:24.554600+0000', '2015-08-30 02:02:41.906400+0000');
INSERT INTO "neap"."video"(video_id, stream_id, title, type, description, status, tags, topic_id, topic, media_info, preview, views, created_at, updated_at)
    VALUES ('1cd3c320-347a-41a0-be50-fe72ae74112b', '3f0fe091-19c9-4ef5-a2e7-8f77a6124ee3', 'Omari goes live!', 'record', 'Omari goes live!', '', '[]', 'e9af2f53-d2dd-4e32-9dea-26d6ac21bcb8', 'Astrology', '{"width":1280,"height":720,"bitrate":964.64}', '', '13974', '2015-09-03 15:56:10.557700+0000', '2015-09-05 01:31:16.637400+0000');
INSERT INTO "neap"."video"(video_id, stream_id, title, type, description, status, tags, topic_id, topic, media_info, preview, views, created_at, updated_at)
    VALUES ('87eb5aa2-f421-4fd1-9a17-ac6e83a98cdf', '3f0fe091-19c9-4ef5-a2e7-8f77a6124ee3', 'Omari goes live!', 'record', 'Omari goes live!', '', '[]', 'e9af2f53-d2dd-4e32-9dea-26d6ac21bcb8', 'Astrology', '{"width":1280,"height":720,"bitrate":1390.64}', '', '1684', '2015-10-23 19:12:00.565000+0000', '2015-10-23 23:19:06.331800+0000');
INSERT INTO "neap"."stream"(stream_id, channel_id, title, topic_id, topic, media_info, viewers, created_at, updated_at, ended_at)
    VALUES ('2362d0c9-dbf3-49bb-9992-9cc9d526399e', '69bfa9fd-8212-436c-8bec-3b1cc9ef3bec', 'Omari goes live!', '48e535f7-dba1-4d59-aac3-4c6cced32d6c', 'Video games', '{"width":1920,"height":1080,"bitrate":2506.58}', 485, '2015-10-22 04:30:26.748500+0000', '2015-10-22 08:04:18.738700+0000', '2015-10-22 08:39:42.500800+0000');
INSERT INTO "neap"."video"(video_id, stream_id, title, type, description, status, tags, topic_id, topic, media_info, preview, views, created_at, updated_at)
    VALUES ('61eda097-e0b8-4a4b-90e0-66efc4c3ba21', '2362d0c9-dbf3-49bb-9992-9cc9d526399e', 'Omari goes live!', 'record', 'Omari goes live!', '', '[]', '48e535f7-dba1-4d59-aac3-4c6cced32d6c', 'Video games', '{"width":1920,"height":1080,"bitrate":1024.02}', '', '16408', '2015-10-30 02:42:29.200000+0000', '2015-10-31 08:51:04.477100+0000');
INSERT INTO "neap"."stream"(stream_id, channel_id, title, topic_id, topic, media_info, viewers, created_at, updated_at, ended_at)
    VALUES ('a93107f0-759a-437c-b433-d940ba577739', '69bfa9fd-8212-436c-8bec-3b1cc9ef3bec', 'Come on and have fun with Omari!', '1cae4612-f178-4a0e-b3af-343a88b99638', 'Science', '{"width":720,"height":400,"bitrate":514.51}', 576, '2015-09-19 05:29:49.833000+0000', '2015-09-19 05:33:24.733500+0000', '2015-09-19 05:41:35.299300+0000');
INSERT INTO "neap"."video"(video_id, stream_id, title, type, description, status, tags, topic_id, topic, media_info, preview, views, created_at, updated_at)
    VALUES ('07da8f54-0f03-4bf7-8080-9853d7fbb509', 'a93107f0-759a-437c-b433-d940ba577739', 'Come on and have fun with Omari!', 'record', 'Come on and have fun with Omari!', '', '[]', '1cae4612-f178-4a0e-b3af-343a88b99638', 'Science', '{"width":720,"height":400,"bitrate":728.28}', '', '19860', '2015-10-21 13:17:05.056300+0000', '2015-10-24 00:13:44.941300+0000');
INSERT INTO "neap"."video"(video_id, stream_id, title, type, description, status, tags, topic_id, topic, media_info, preview, views, created_at, updated_at)
    VALUES ('eb141407-c791-4e27-b567-da8315d5a2a5', 'a93107f0-759a-437c-b433-d940ba577739', 'Come on and have fun with Omari!', 'record', 'Come on and have fun with Omari!', '', '[]', '1cae4612-f178-4a0e-b3af-343a88b99638', 'Science', '{"width":720,"height":400,"bitrate":683.49}', '', '13425', '2015-10-08 16:45:37.290800+0000', '2015-10-09 13:16:12.564600+0000');
INSERT INTO "neap"."stream"(stream_id, channel_id, title, topic_id, topic, media_info, viewers, created_at, updated_at, ended_at)
    VALUES ('b26fec92-5dd3-4ee7-b1b4-67f56a1c2948', '69bfa9fd-8212-436c-8bec-3b1cc9ef3bec', 'Relax stream', 'b369c464-cdea-4356-9d70-1450585652e2', 'Music', '{"width":720,"height":400,"bitrate":664.2}', 1307, '2015-08-31 07:40:17.609500+0000', '2015-08-31 08:44:51.646100+0000', '2015-08-31 09:40:20.815500+0000');
INSERT INTO "neap"."video"(video_id, stream_id, title, type, description, status, tags, topic_id, topic, media_info, preview, views, created_at, updated_at)
    VALUES ('ee44d4a6-b0fb-4960-b970-10894c343375', 'b26fec92-5dd3-4ee7-b1b4-67f56a1c2948', 'Relax stream', 'highlight', 'Relax stream', '', '[]', 'b369c464-cdea-4356-9d70-1450585652e2', 'Music', '{"width":720,"height":400,"bitrate":686.4}', '', '7281', '2015-08-31 09:39:35.902400+0000', '2015-08-31 13:39:35.335500+0000');
INSERT INTO "neap"."stream"(stream_id, channel_id, title, topic_id, topic, media_info, viewers, created_at, updated_at, ended_at)
    VALUES ('0e1a600e-a6a3-4b0d-b2e8-7e758682b9f3', '69bfa9fd-8212-436c-8bec-3b1cc9ef3bec', 'Photography?? Yeah, Photography!', 'e496e832-363e-4228-b518-7fe126ccaa04', 'Photography', '{"width":1920,"height":1080,"bitrate":2096.41}', 924, '2015-08-31 17:09:48.176100+0000', '2015-08-31 17:45:18.640300+0000', '2015-08-31 18:15:12.146000+0000');
INSERT INTO "neap"."video"(video_id, stream_id, title, type, description, status, tags, topic_id, topic, media_info, preview, views, created_at, updated_at)
    VALUES ('0ed5aa84-ef82-4166-9460-a1aaf9573dab', '0e1a600e-a6a3-4b0d-b2e8-7e758682b9f3', 'Photography?? Yeah, Photography!', 'record', 'Photography?? Yeah, Photography!', '', '[]', 'e496e832-363e-4228-b518-7fe126ccaa04', 'Photography', '{"width":1920,"height":1080,"bitrate":3171.85}', '', '37019', '2015-09-24 06:17:49.652500+0000', '2015-09-26 01:33:20.621500+0000');
INSERT INTO "neap"."stream"(stream_id, channel_id, title, topic_id, topic, media_info, viewers, created_at, updated_at, ended_at)
    VALUES ('2a12a517-611b-49e0-801e-e1a76a611784', '69bfa9fd-8212-436c-8bec-3b1cc9ef3bec', 'Omari goes live!', 'e9af2f53-d2dd-4e32-9dea-26d6ac21bcb8', 'Astrology', '{"width":1920,"height":1080,"bitrate":2163.38}', 292, '2015-10-24 17:14:05.834400+0000', '2015-10-24 22:23:15.216600+0000', '2015-10-24 22:24:01.953400+0000');
INSERT INTO "neap"."user"(user_id, channel_id, type, username, email, password, display_name, logo, bio, created_at, updated_at)
    VALUES ('16b87d1b-cb7b-4a97-9eb3-e441258200ea', 'd552f08a-5e87-4bfb-b6a7-5055e6788320', 'user', 'kody', 'kody@neap.io', '$2y$10$8Zfk2LSAVSRKEdHCNGt6veiNbSCglZ3GcHncgHWxRMj9YfTjCXNJS', 'Kody', 'https://gravatar.com/avatar/5337c7a03fa16157bdaf06ec24e90889?s=128&d=identicon', null, '2015-06-30 10:15:25.908900+0000', '2015-07-14 10:33:22.372600+0000');
INSERT INTO "neap"."channel"(channel_id, user_id, chat_id, name, display_name, topic, language, views, followers)
    VALUES ('d552f08a-5e87-4bfb-b6a7-5055e6788320', '16b87d1b-cb7b-4a97-9eb3-e441258200ea', 'bce3623e-481e-4844-9fa3-a6db85999531', 'kody', 'Kody Channel', 'Science', 'en', 77235, 47);
INSERT INTO "neap"."chat"(chat_id, channel_id, name)
    VALUES ('bce3623e-481e-4844-9fa3-a6db85999531', 'd552f08a-5e87-4bfb-b6a7-5055e6788320', 'kody');
INSERT INTO "neap"."stream"(stream_id, channel_id, title, topic_id, topic, media_info, viewers, created_at, updated_at, ended_at)
    VALUES ('1008cd8e-e4f5-4eaa-9a78-096d8cba5ab8', 'd552f08a-5e87-4bfb-b6a7-5055e6788320', 'Mathematics?? Yeah, Mathematics!', '284b3091-455d-4476-ae67-442a19d153d4', 'Mathematics', '{"width":1280,"height":720,"bitrate":1161.96}', 33335, '2015-07-30 16:43:50.039700+0000', '2015-07-30 20:09:21.007900+0000', '2015-07-30 21:30:14.602400+0000');
INSERT INTO "neap"."video"(video_id, stream_id, title, type, description, status, tags, topic_id, topic, media_info, preview, views, created_at, updated_at)
    VALUES ('30d072a5-a300-4f20-b6b4-78b92644cebc', '1008cd8e-e4f5-4eaa-9a78-096d8cba5ab8', 'Mathematics?? Yeah, Mathematics!', 'record', 'Mathematics?? Yeah, Mathematics!', '', '[]', '284b3091-455d-4476-ae67-442a19d153d4', 'Mathematics', '{"width":1280,"height":720,"bitrate":1007.28}', '', '16645', '2015-10-09 04:25:04.468900+0000', '2015-10-09 07:56:27.334000+0000');
INSERT INTO "neap"."stream"(stream_id, channel_id, title, topic_id, topic, media_info, viewers, created_at, updated_at, ended_at)
    VALUES ('ea0cae7c-6ddf-431f-bdbe-4a3e72bb8e35', 'd552f08a-5e87-4bfb-b6a7-5055e6788320', 'Mathematics?? Yeah, Mathematics!', '284b3091-455d-4476-ae67-442a19d153d4', 'Mathematics', '{"width":720,"height":400,"bitrate":621.28}', 1553, '2015-08-26 23:19:20.916900+0000', '2015-08-27 02:35:20.993200+0000', '2015-08-27 02:35:31.937400+0000');
INSERT INTO "neap"."video"(video_id, stream_id, title, type, description, status, tags, topic_id, topic, media_info, preview, views, created_at, updated_at)
    VALUES ('b877c541-1700-43d8-b8e9-0231671c0f33', 'ea0cae7c-6ddf-431f-bdbe-4a3e72bb8e35', 'Mathematics?? Yeah, Mathematics!', 'highlight', 'Mathematics?? Yeah, Mathematics!', '', '[]', '284b3091-455d-4476-ae67-442a19d153d4', 'Mathematics', '{"width":720,"height":400,"bitrate":704.47}', '', '38253', '2015-08-30 10:48:46.817100+0000', '2015-09-03 09:06:50.404100+0000');
INSERT INTO "neap"."video"(video_id, stream_id, title, type, description, status, tags, topic_id, topic, media_info, preview, views, created_at, updated_at)
    VALUES ('e4fa2620-b3f4-4502-9a9b-12545e89cd06', 'ea0cae7c-6ddf-431f-bdbe-4a3e72bb8e35', 'Mathematics?? Yeah, Mathematics!', 'record', 'Mathematics?? Yeah, Mathematics!', '', '[]', '284b3091-455d-4476-ae67-442a19d153d4', 'Mathematics', '{"width":720,"height":400,"bitrate":686.87}', '', '37604', '2015-10-18 01:20:20.585900+0000', '2015-10-20 09:08:22.957800+0000');
INSERT INTO "neap"."user"(user_id, channel_id, type, username, email, password, display_name, logo, bio, created_at, updated_at)
    VALUES ('5cd456c6-e31f-496a-b9ca-c6fc5fc3555a', 'dbbfae01-cd9e-4db0-91af-647b7b19938f', 'user', 'maliah', 'maliah@neap.io', '$2y$10$Wm97bbuD85FJMyotDfNmT.iDuJDhjjEJgjUIFPhWNqkXRJPwXlA8O', 'Maliah', 'https://gravatar.com/avatar/b0b5813d3d2ccd10f0244b5b877cf075?s=128&d=identicon', null, '2015-03-08 05:24:44.441100+0000', '2015-05-23 16:18:57.500500+0000');
INSERT INTO "neap"."channel"(channel_id, user_id, chat_id, name, display_name, topic, language, views, followers)
    VALUES ('dbbfae01-cd9e-4db0-91af-647b7b19938f', '5cd456c6-e31f-496a-b9ca-c6fc5fc3555a', 'c897c6c4-27ac-4965-a87b-e5642c043499', 'maliah', 'Maliah Channel', 'Video games', 'en', 85005, 95);
INSERT INTO "neap"."chat"(chat_id, channel_id, name)
    VALUES ('c897c6c4-27ac-4965-a87b-e5642c043499', 'dbbfae01-cd9e-4db0-91af-647b7b19938f', 'maliah');
INSERT INTO "neap"."stream"(stream_id, channel_id, title, topic_id, topic, media_info, viewers, created_at, updated_at, ended_at)
    VALUES ('e1d38ad1-7512-4986-bfb0-261cd2b77bdd', 'dbbfae01-cd9e-4db0-91af-647b7b19938f', 'The origins of Philosophy', '35fa82dc-ed25-47fb-b6cd-58ae8a151f60', 'Philosophy', '{"width":1920,"height":1080,"bitrate":1178.43}', 1403, '2015-06-03 12:55:51.637100+0000', '2015-06-03 18:20:36.377300+0000', '2015-06-03 18:21:21.175100+0000');
INSERT INTO "neap"."video"(video_id, stream_id, title, type, description, status, tags, topic_id, topic, media_info, preview, views, created_at, updated_at)
    VALUES ('30b5e68a-9303-4209-b3f1-e285bcd02c5a', 'e1d38ad1-7512-4986-bfb0-261cd2b77bdd', 'The origins of Philosophy', 'record', 'The origins of Philosophy', '', '[]', '35fa82dc-ed25-47fb-b6cd-58ae8a151f60', 'Philosophy', '{"width":1920,"height":1080,"bitrate":1741.27}', '', '48', '2015-07-31 08:06:09.955700+0000', '2015-07-31 21:34:08.744100+0000');
INSERT INTO "neap"."stream"(stream_id, channel_id, title, topic_id, topic, media_info, viewers, created_at, updated_at, ended_at)
    VALUES ('965971a2-6412-4b9d-abb2-f249ccf612e1', 'dbbfae01-cd9e-4db0-91af-647b7b19938f', 'Relax stream', 'e9af2f53-d2dd-4e32-9dea-26d6ac21bcb8', 'Astrology', '{"width":720,"height":400,"bitrate":545.42}', 1194, '2015-09-01 06:12:40.099100+0000', '2015-09-01 09:37:13.594400+0000', '2015-09-01 09:52:54.868200+0000');
INSERT INTO "neap"."stream"(stream_id, channel_id, title, topic_id, topic, media_info, viewers, created_at, updated_at, ended_at)
    VALUES ('2edd88c8-1744-4ac4-8884-4254e6383677', 'dbbfae01-cd9e-4db0-91af-647b7b19938f', 'Philosophy?? Yeah, Philosophy!', '35fa82dc-ed25-47fb-b6cd-58ae8a151f60', 'Philosophy', '{"width":720,"height":400,"bitrate":720.37}', 222, '2015-09-24 21:25:54.068300+0000', '2015-09-24 22:20:51.005200+0000', '2015-09-24 23:47:37.719900+0000');
INSERT INTO "neap"."stream"(stream_id, channel_id, title, topic_id, topic, media_info, viewers, created_at, updated_at, ended_at)
    VALUES ('f7e97030-6245-4a72-a9ac-5f2cf0ecded9', 'dbbfae01-cd9e-4db0-91af-647b7b19938f', 'Maliah goes live!', '5f6c7ec0-84ab-4d8e-a2d7-ff1887b55d6e', 'History', '{"width":1280,"height":720,"bitrate":853.68}', 890, '2015-09-09 17:58:14.787300+0000', '2015-09-09 19:33:32.086100+0000', '2015-09-09 19:44:54.606400+0000');
INSERT INTO "neap"."video"(video_id, stream_id, title, type, description, status, tags, topic_id, topic, media_info, preview, views, created_at, updated_at)
    VALUES ('255f338f-3f9f-4140-8fee-9c5d2a88296f', 'f7e97030-6245-4a72-a9ac-5f2cf0ecded9', 'Maliah goes live!', 'record', 'Maliah goes live!', '', '[]', '5f6c7ec0-84ab-4d8e-a2d7-ff1887b55d6e', 'History', '{"width":1280,"height":720,"bitrate":1261.37}', '', '26626', '2015-10-19 16:25:52.628400+0000', '2015-10-20 20:52:42.624000+0000');
INSERT INTO "neap"."video"(video_id, stream_id, title, type, description, status, tags, topic_id, topic, media_info, preview, views, created_at, updated_at)
    VALUES ('cff78033-9bb2-4019-9de2-e07ee0906568', 'f7e97030-6245-4a72-a9ac-5f2cf0ecded9', 'Maliah goes live!', 'record', 'Maliah goes live!', '', '[]', '5f6c7ec0-84ab-4d8e-a2d7-ff1887b55d6e', 'History', '{"width":1280,"height":720,"bitrate":1401.38}', '', '10388', '2015-09-24 18:24:32.021900+0000', '2015-09-28 03:18:15.823100+0000');
INSERT INTO "neap"."stream"(stream_id, channel_id, title, topic_id, topic, media_info, viewers, created_at, updated_at, ended_at)
    VALUES ('ded53c75-90fb-4356-b255-ba09a2d5086a', 'dbbfae01-cd9e-4db0-91af-647b7b19938f', 'Come on and have fun with Maliah!', 'd4f06d27-2693-4552-bd85-d9875651ce39', 'Biology', '{"width":1920,"height":1080,"bitrate":2836.41}', 1003, '2015-03-24 14:08:22.978900+0000', '2015-03-24 16:14:50.831500+0000', '2015-03-24 17:12:23.052700+0000');
INSERT INTO "neap"."video"(video_id, stream_id, title, type, description, status, tags, topic_id, topic, media_info, preview, views, created_at, updated_at)
    VALUES ('99ab923d-37dd-45aa-96ea-c8f09494b576', 'ded53c75-90fb-4356-b255-ba09a2d5086a', 'Come on and have fun with Maliah!', 'record', 'Come on and have fun with Maliah!', '', '[]', 'd4f06d27-2693-4552-bd85-d9875651ce39', 'Biology', '{"width":1920,"height":1080,"bitrate":3219.31}', '', '8165', '2015-05-22 16:38:17.243400+0000', '2015-05-23 20:34:20.753900+0000');
INSERT INTO "neap"."stream"(stream_id, channel_id, title, topic_id, topic, media_info, viewers, created_at, updated_at, ended_at)
    VALUES ('40baf98a-ec50-4617-a930-1d0e6e2a7aee', 'dbbfae01-cd9e-4db0-91af-647b7b19938f', 'Today is Philosophy day', '35fa82dc-ed25-47fb-b6cd-58ae8a151f60', 'Philosophy', '{"width":1280,"height":720,"bitrate":1414.65}', 589, '2015-09-09 05:35:13.592300+0000', '2015-09-09 06:39:32.226800+0000', '2015-09-09 07:11:21.029100+0000');
INSERT INTO "neap"."video"(video_id, stream_id, title, type, description, status, tags, topic_id, topic, media_info, preview, views, created_at, updated_at)
    VALUES ('54745010-8699-4659-bbc1-214cf6f37f85', '40baf98a-ec50-4617-a930-1d0e6e2a7aee', 'Today is Philosophy day', 'highlight', 'Today is Philosophy day', '', '[]', '35fa82dc-ed25-47fb-b6cd-58ae8a151f60', 'Philosophy', '{"width":1280,"height":720,"bitrate":1439.74}', '', '9197', '2015-10-16 14:04:11.702200+0000', '2015-10-16 19:07:36.268900+0000');
INSERT INTO "neap"."user"(user_id, channel_id, type, username, email, password, display_name, logo, bio, created_at, updated_at)
    VALUES ('20c44547-bc11-447a-bca7-d5b336af318d', 'deeb1912-1a4b-4afd-8980-dd5219c8a63d', 'user', 'makenna', 'makenna@neap.io', '$2y$10$ez5L.xEv31yjQYgNwOydK.l6emPSXPYGZ6pVMXEuhe4W8CFtorTD2', 'Makenna', 'https://gravatar.com/avatar/2097b0daed1ec180936323f1e33ccde5?s=128&d=identicon', null, '2015-10-30 05:26:58.076200+0000', '2015-11-01 10:16:39.600100+0000');
INSERT INTO "neap"."channel"(channel_id, user_id, chat_id, name, display_name, topic, language, views, followers)
    VALUES ('deeb1912-1a4b-4afd-8980-dd5219c8a63d', '20c44547-bc11-447a-bca7-d5b336af318d', '98813ee9-5958-4e04-b02c-5e9fcd875133', 'makenna', 'Makenna Channel', 'Philosophy', 'en', 65154, 38);
INSERT INTO "neap"."chat"(chat_id, channel_id, name)
    VALUES ('98813ee9-5958-4e04-b02c-5e9fcd875133', 'deeb1912-1a4b-4afd-8980-dd5219c8a63d', 'makenna');
INSERT INTO "neap"."stream"(stream_id, channel_id, title, topic_id, topic, media_info, viewers, created_at, updated_at, ended_at)
    VALUES ('74d50f57-9b78-4461-8709-e7781b7ba76b', 'deeb1912-1a4b-4afd-8980-dd5219c8a63d', 'Come on and have fun with Makenna!', 'd4f06d27-2693-4552-bd85-d9875651ce39', 'Biology', '{"width":1280,"height":720,"bitrate":1254.92}', 158, '2015-11-01 01:02:41.042400+0000', '2015-11-01 01:28:08.460800+0000', '2015-11-01 01:29:54.412900+0000');
INSERT INTO "neap"."video"(video_id, stream_id, title, type, description, status, tags, topic_id, topic, media_info, preview, views, created_at, updated_at)
    VALUES ('d6a6ce23-3802-4998-bedc-6352ac996086', '74d50f57-9b78-4461-8709-e7781b7ba76b', 'Come on and have fun with Makenna!', 'record', 'Come on and have fun with Makenna!', '', '[]', 'd4f06d27-2693-4552-bd85-d9875651ce39', 'Biology', '{"width":1280,"height":720,"bitrate":1213.58}', '', '24952', '2015-11-01 21:25:36.249300+0000', '2015-11-04 05:07:25.012600+0000');
INSERT INTO "neap"."stream"(stream_id, channel_id, title, topic_id, topic, media_info, viewers, created_at, updated_at, ended_at)
    VALUES ('89abd6dc-1ff8-4980-a0c3-430fc22538ca', 'deeb1912-1a4b-4afd-8980-dd5219c8a63d', 'Today is History day', '5f6c7ec0-84ab-4d8e-a2d7-ff1887b55d6e', 'History', '{"width":1920,"height":1080,"bitrate":3240.23}', 1673, '2015-11-01 09:07:04.228800+0000', '2015-11-01 09:24:16.408100+0000', '2015-11-01 10:00:40.079300+0000');
INSERT INTO "neap"."stream"(stream_id, channel_id, title, topic_id, topic, media_info, viewers, created_at, updated_at, ended_at)
    VALUES ('6b7f527b-5a90-4426-ba6b-3ef3dc8433c3', 'deeb1912-1a4b-4afd-8980-dd5219c8a63d', 'Relax stream', 'd4f06d27-2693-4552-bd85-d9875651ce39', 'Biology', '{"width":720,"height":400,"bitrate":706.98}', 1355, '2015-11-01 02:01:23.374000+0000', '2015-11-01 02:07:55.813300+0000', '2015-11-01 02:45:21.724600+0000');
INSERT INTO "neap"."video"(video_id, stream_id, title, type, description, status, tags, topic_id, topic, media_info, preview, views, created_at, updated_at)
    VALUES ('b135329c-fa09-4605-8b2d-6bc139d34b05', '6b7f527b-5a90-4426-ba6b-3ef3dc8433c3', 'Relax stream', 'highlight', 'Relax stream', '', '[]', 'd4f06d27-2693-4552-bd85-d9875651ce39', 'Biology', '{"width":720,"height":400,"bitrate":763.1}', '', '26033', '2015-11-01 04:20:29.050300+0000', '2015-11-04 07:55:51.991900+0000');
INSERT INTO "neap"."stream"(stream_id, channel_id, title, topic_id, topic, media_info, viewers, created_at, updated_at, ended_at)
    VALUES ('9acc0ffb-8cbe-41e3-974a-068b5db41b7f', 'deeb1912-1a4b-4afd-8980-dd5219c8a63d', 'Come on and have fun with Makenna!', '284b3091-455d-4476-ae67-442a19d153d4', 'Mathematics', '{"width":720,"height":400,"bitrate":693.77}', 393, '2015-11-01 20:04:44.773900+0000', '2015-11-01 22:02:59.241200+0000', '2015-11-01 22:20:37.234300+0000');
INSERT INTO "neap"."video"(video_id, stream_id, title, type, description, status, tags, topic_id, topic, media_info, preview, views, created_at, updated_at)
    VALUES ('454ea32a-94c3-4455-af87-6aac0e59e071', '9acc0ffb-8cbe-41e3-974a-068b5db41b7f', 'Come on and have fun with Makenna!', 'record', 'Come on and have fun with Makenna!', '', '[]', '284b3091-455d-4476-ae67-442a19d153d4', 'Mathematics', '{"width":720,"height":400,"bitrate":612.18}', '', '8709', '2015-11-01 20:09:43.596500+0000', '2015-11-02 13:07:37.821000+0000');
INSERT INTO "neap"."user"(user_id, channel_id, type, username, email, password, display_name, logo, bio, created_at, updated_at)
    VALUES ('d4a74ce6-8488-475f-aa20-5a267f9a3db8', '049b0620-4795-4834-86bb-e84a71b7a0af', 'user', 'kian', 'kian@neap.io', '$2y$10$.ZuFMjr6KKqBM8K9kLQL.uXjObARluAWWjsnPx18oat9uDvG9vqAq', 'Kian', 'https://gravatar.com/avatar/dfdc56a483207bf170a62f7b5608b6e9?s=128&d=identicon', null, '2015-07-28 17:43:54.204700+0000', '2015-10-26 04:18:49.362800+0000');
INSERT INTO "neap"."channel"(channel_id, user_id, chat_id, name, display_name, topic, language, views, followers)
    VALUES ('049b0620-4795-4834-86bb-e84a71b7a0af', 'd4a74ce6-8488-475f-aa20-5a267f9a3db8', 'ef023c91-1e8d-4ab8-913f-2023fa8a46b2', 'kian', 'Kian Channel', 'Astrology', 'en', 73030, 130);
INSERT INTO "neap"."chat"(chat_id, channel_id, name)
    VALUES ('ef023c91-1e8d-4ab8-913f-2023fa8a46b2', '049b0620-4795-4834-86bb-e84a71b7a0af', 'kian');
INSERT INTO "neap"."stream"(stream_id, channel_id, title, topic_id, topic, media_info, viewers, created_at, updated_at, ended_at)
    VALUES ('5312c2ac-9448-476c-a4b0-c9be6e97b1a3', '049b0620-4795-4834-86bb-e84a71b7a0af', 'Fun with Photography and Kian', 'e496e832-363e-4228-b518-7fe126ccaa04', 'Photography', '{"width":720,"height":400,"bitrate":634.09}', 1048, '2015-09-17 00:28:16.273100+0000', '2015-09-17 02:44:25.474900+0000', '2015-09-17 02:45:56.505000+0000');
INSERT INTO "neap"."video"(video_id, stream_id, title, type, description, status, tags, topic_id, topic, media_info, preview, views, created_at, updated_at)
    VALUES ('d40828fd-5e34-4bf9-b227-a3f9e5a41e46', '5312c2ac-9448-476c-a4b0-c9be6e97b1a3', 'Fun with Photography and Kian', 'record', 'Fun with Photography and Kian', '', '[]', 'e496e832-363e-4228-b518-7fe126ccaa04', 'Photography', '{"width":720,"height":400,"bitrate":700.62}', '', '7303', '2015-10-18 14:03:34.195500+0000', '2015-10-21 05:17:18.406900+0000');
INSERT INTO "neap"."video"(video_id, stream_id, title, type, description, status, tags, topic_id, topic, media_info, preview, views, created_at, updated_at)
    VALUES ('32d3dbe3-d670-41a8-85d1-e81842c9dd91', '5312c2ac-9448-476c-a4b0-c9be6e97b1a3', 'Fun with Photography and Kian', 'record', 'Fun with Photography and Kian', '', '[]', 'e496e832-363e-4228-b518-7fe126ccaa04', 'Photography', '{"width":720,"height":400,"bitrate":772.87}', '', '35117', '2015-10-04 05:00:56.555600+0000', '2015-10-09 07:21:44.928800+0000');
INSERT INTO "neap"."stream"(stream_id, channel_id, title, topic_id, topic, media_info, viewers, created_at, updated_at, ended_at)
    VALUES ('63c11e20-d0fb-4b49-a02f-1747c1389d31', '049b0620-4795-4834-86bb-e84a71b7a0af', 'Kian goes live!', '284b3091-455d-4476-ae67-442a19d153d4', 'Mathematics', '{"width":1280,"height":720,"bitrate":1192.33}', 29, '2015-10-01 09:46:28.188100+0000', '2015-10-01 10:25:39.765900+0000', '2015-10-01 10:34:45.473600+0000');
INSERT INTO "neap"."stream"(stream_id, channel_id, title, topic_id, topic, media_info, viewers, created_at, updated_at, ended_at)
    VALUES ('dbeb8791-fac2-4498-9a30-2d8016f77646', '049b0620-4795-4834-86bb-e84a71b7a0af', 'Today is Science day', '1cae4612-f178-4a0e-b3af-343a88b99638', 'Science', '{"width":720,"height":400,"bitrate":528.85}', 1076, '2015-10-08 21:46:44.892100+0000', '2015-10-09 01:47:19.585800+0000', '2015-10-09 02:21:34.959600+0000');
INSERT INTO "neap"."video"(video_id, stream_id, title, type, description, status, tags, topic_id, topic, media_info, preview, views, created_at, updated_at)
    VALUES ('d081b1ea-3c6f-49c5-84d9-b643cba13dd7', 'dbeb8791-fac2-4498-9a30-2d8016f77646', 'Today is Science day', 'record', 'Today is Science day', '', '[]', '1cae4612-f178-4a0e-b3af-343a88b99638', 'Science', '{"width":720,"height":400,"bitrate":668.85}', '', '16008', '2015-10-11 04:37:57.252000+0000', '2015-10-11 08:45:27.442700+0000');
INSERT INTO "neap"."video"(video_id, stream_id, title, type, description, status, tags, topic_id, topic, media_info, preview, views, created_at, updated_at)
    VALUES ('caceb2a1-f6ae-4f74-be2c-4ae6c7d93919', 'dbeb8791-fac2-4498-9a30-2d8016f77646', 'Today is Science day', 'highlight', 'Today is Science day', '', '[]', '1cae4612-f178-4a0e-b3af-343a88b99638', 'Science', '{"width":720,"height":400,"bitrate":598.87}', '', '6728', '2015-10-24 17:15:41.381700+0000', '2015-10-27 08:47:21.408500+0000');
INSERT INTO "neap"."stream"(stream_id, channel_id, title, topic_id, topic, media_info, viewers, created_at, updated_at, ended_at)
    VALUES ('c1a02675-da36-4bf6-b374-4d44e004de92', '049b0620-4795-4834-86bb-e84a71b7a0af', 'Today is Biology day', 'd4f06d27-2693-4552-bd85-d9875651ce39', 'Biology', '{"width":1280,"height":720,"bitrate":1135.36}', 1830, '2015-08-10 18:25:05.825800+0000', '2015-08-10 19:41:44.603700+0000', '2015-08-10 20:11:26.794100+0000');
INSERT INTO "neap"."video"(video_id, stream_id, title, type, description, status, tags, topic_id, topic, media_info, preview, views, created_at, updated_at)
    VALUES ('e2f7183b-644d-4f37-957b-b20995af6bc9', 'c1a02675-da36-4bf6-b374-4d44e004de92', 'Today is Biology day', 'record', 'Today is Biology day', '', '[]', 'd4f06d27-2693-4552-bd85-d9875651ce39', 'Biology', '{"width":1280,"height":720,"bitrate":1430.69}', '', '802', '2015-09-22 20:08:12.542200+0000', '2015-09-23 09:57:29.991500+0000');
INSERT INTO "neap"."stream"(stream_id, channel_id, title, topic_id, topic, media_info, viewers, created_at, updated_at, ended_at)
    VALUES ('f65f5313-ef72-4d22-8413-44d632908d89', '049b0620-4795-4834-86bb-e84a71b7a0af', 'Today is Philosophy day', '35fa82dc-ed25-47fb-b6cd-58ae8a151f60', 'Philosophy', '{"width":720,"height":400,"bitrate":779.62}', 223, '2015-09-07 01:14:16.039600+0000', '2015-09-07 02:00:33.609400+0000', '2015-09-07 02:41:19.489500+0000');
INSERT INTO "neap"."stream"(stream_id, channel_id, title, topic_id, topic, media_info, viewers, created_at, updated_at, ended_at)
    VALUES ('374cbe14-4e4c-4cdf-b58e-3c64a5b3db8c', '049b0620-4795-4834-86bb-e84a71b7a0af', 'Music?? Yeah, Music!', 'b369c464-cdea-4356-9d70-1450585652e2', 'Music', '{"width":1920,"height":1080,"bitrate":1194.47}', 1469, '2015-09-12 20:34:25.196000+0000', '2015-09-12 22:13:48.048900+0000', '2015-09-12 23:51:44.799000+0000');
INSERT INTO "neap"."stream"(stream_id, channel_id, title, topic_id, topic, media_info, viewers, created_at, updated_at, ended_at)
    VALUES ('fe49260b-4f5e-40eb-beef-4b93aeb192bf', '049b0620-4795-4834-86bb-e84a71b7a0af', 'Relax stream', '1cae4612-f178-4a0e-b3af-343a88b99638', 'Science', '{"width":1280,"height":720,"bitrate":839.82}', 1765, '2015-09-16 21:56:23.627400+0000', '2015-09-16 23:58:40.378100+0000', '2015-09-17 00:41:59.599800+0000');
INSERT INTO "neap"."user"(user_id, channel_id, type, username, email, password, display_name, logo, bio, created_at, updated_at)
    VALUES ('19477ac9-cb4b-46a5-8d37-641f9c9d3266', '86a110b3-3a20-4981-9bf7-eb4b925934d5', 'user', 'aviana', 'aviana@neap.io', '$2y$10$BBJAx0N2qu5.dgg9LxPY8eL9vqws3TgE4rLhnU2u/kPN2l7q/fpoO', 'Aviana', 'https://gravatar.com/avatar/9bc1324a8d68487734887fa0d668fdc5?s=128&d=identicon', null, '2015-10-28 04:09:22.224300+0000', '2015-10-30 21:36:58.279400+0000');
INSERT INTO "neap"."channel"(channel_id, user_id, chat_id, name, display_name, topic, language, views, followers)
    VALUES ('86a110b3-3a20-4981-9bf7-eb4b925934d5', '19477ac9-cb4b-46a5-8d37-641f9c9d3266', 'fa8efc37-d182-48ca-a564-ef4712088386', 'aviana', 'Aviana Channel', 'Astrology', 'en', 62095, 49);
INSERT INTO "neap"."chat"(chat_id, channel_id, name)
    VALUES ('fa8efc37-d182-48ca-a564-ef4712088386', '86a110b3-3a20-4981-9bf7-eb4b925934d5', 'aviana');
INSERT INTO "neap"."stream"(stream_id, channel_id, title, topic_id, topic, media_info, viewers, created_at, updated_at, ended_at)
    VALUES ('a0622b09-aa52-4de3-9af5-bc15f9551230', '86a110b3-3a20-4981-9bf7-eb4b925934d5', 'Fun with Philosophy and Aviana', '35fa82dc-ed25-47fb-b6cd-58ae8a151f60', 'Philosophy', '{"width":1920,"height":1080,"bitrate":1076.63}', 532, '2015-10-28 05:30:20.763000+0000', '2015-10-28 08:14:43.929900+0000', '2015-10-28 08:15:22.480000+0000');
INSERT INTO "neap"."stream"(stream_id, channel_id, title, topic_id, topic, media_info, viewers, created_at, updated_at, ended_at)
    VALUES ('ea668301-38c5-4a2a-a599-1127d7f45866', '86a110b3-3a20-4981-9bf7-eb4b925934d5', 'Aviana goes live!', '1cae4612-f178-4a0e-b3af-343a88b99638', 'Science', '{"width":720,"height":400,"bitrate":567.29}', 1289, '2015-10-29 12:14:06.998800+0000', '2015-10-29 15:08:32.351200+0000', '2015-10-29 15:40:58.770800+0000');
INSERT INTO "neap"."stream"(stream_id, channel_id, title, topic_id, topic, media_info, viewers, created_at, updated_at, ended_at)
    VALUES ('fe5106ff-6026-4c45-91b6-e74dcfc42a19', '86a110b3-3a20-4981-9bf7-eb4b925934d5', 'Aviana goes live!', 'd4f06d27-2693-4552-bd85-d9875651ce39', 'Biology', '{"width":1920,"height":1080,"bitrate":3116.73}', 1444, '2015-10-31 05:12:29.574900+0000', '2015-10-31 05:49:41.854200+0000', '2015-10-31 06:05:46.825300+0000');
INSERT INTO "neap"."stream"(stream_id, channel_id, title, topic_id, topic, media_info, viewers, created_at, updated_at, ended_at)
    VALUES ('da7ecb17-c1f0-40c7-b8d0-968394605a93', '86a110b3-3a20-4981-9bf7-eb4b925934d5', 'Come on and have fun with Aviana!', 'd4f06d27-2693-4552-bd85-d9875651ce39', 'Biology', '{"width":720,"height":400,"bitrate":602.27}', 1450, '2015-10-29 08:25:02.012500+0000', '2015-10-29 12:58:36.054500+0000', '2015-10-29 14:06:47.356600+0000');
INSERT INTO "neap"."stream"(stream_id, channel_id, title, topic_id, topic, media_info, viewers, created_at, updated_at, ended_at)
    VALUES ('d8345794-8fca-48b2-8a12-c88404df1ecf', '86a110b3-3a20-4981-9bf7-eb4b925934d5', 'Relax stream', '5f6c7ec0-84ab-4d8e-a2d7-ff1887b55d6e', 'History', '{"width":1280,"height":720,"bitrate":1434.22}', 1482, '2015-11-01 00:40:38.796400+0000', '2015-11-01 03:38:57.107000+0000', '2015-11-01 04:01:12.965600+0000');
INSERT INTO "neap"."video"(video_id, stream_id, title, type, description, status, tags, topic_id, topic, media_info, preview, views, created_at, updated_at)
    VALUES ('7eeebe62-1ad2-4776-99fd-457b52eba55e', 'd8345794-8fca-48b2-8a12-c88404df1ecf', 'Relax stream', 'record', 'Relax stream', '', '[]', '5f6c7ec0-84ab-4d8e-a2d7-ff1887b55d6e', 'History', '{"width":1280,"height":720,"bitrate":1432.32}', '', '13069', '2015-11-01 23:15:16.086200+0000', '2015-11-03 04:00:29.128600+0000');
INSERT INTO "neap"."user"(user_id, channel_id, type, username, email, password, display_name, logo, bio, created_at, updated_at)
    VALUES ('27340e61-ab08-4048-8766-0412534edd47', 'c68cca43-0a6a-4ee4-b7c8-b4699c10819f', 'user', 'aliya', 'aliya@neap.io', '$2y$10$Dd69bFh.0pizRwe5KCOSzuvRi/JRjhUL/i69X3IVsHofeSElBCQzW', 'Aliya', 'https://gravatar.com/avatar/3ce6ef90dbe8dc94cd65fd1e18f3daaf?s=128&d=identicon', null, '2015-06-26 13:50:37.749400+0000', '2015-07-25 18:05:06.127100+0000');
INSERT INTO "neap"."channel"(channel_id, user_id, chat_id, name, display_name, topic, language, views, followers)
    VALUES ('c68cca43-0a6a-4ee4-b7c8-b4699c10819f', '27340e61-ab08-4048-8766-0412534edd47', '21e05387-8efe-4b04-874f-d21f436bb083', 'aliya', 'Aliya Channel', 'History', 'en', 44544, 148);
INSERT INTO "neap"."chat"(chat_id, channel_id, name)
    VALUES ('21e05387-8efe-4b04-874f-d21f436bb083', 'c68cca43-0a6a-4ee4-b7c8-b4699c10819f', 'aliya');
INSERT INTO "neap"."stream"(stream_id, channel_id, title, topic_id, topic, media_info, viewers, created_at, updated_at, ended_at)
    VALUES ('61ad1111-ce64-48ce-8a5f-44a9a32e4a5a', 'c68cca43-0a6a-4ee4-b7c8-b4699c10819f', 'Today is Photography day', 'e496e832-363e-4228-b518-7fe126ccaa04', 'Photography', '{"width":1920,"height":1080,"bitrate":2997.98}', 260, '2015-07-06 00:51:42.534500+0000', '2015-07-06 01:32:31.086400+0000', '2015-07-06 01:35:41.689100+0000');
INSERT INTO "neap"."stream"(stream_id, channel_id, title, topic_id, topic, media_info, viewers, created_at, updated_at, ended_at)
    VALUES ('e01857f4-390b-4674-a913-de32dfabf1d4', 'c68cca43-0a6a-4ee4-b7c8-b4699c10819f', 'Come on and have fun with Aliya!', 'd2ea25fc-eb67-4c63-86d0-58ba2ce51b56', 'Theology', '{"width":1920,"height":1080,"bitrate":2839.58}', 1113, '2015-08-06 17:56:59.491400+0000', '2015-08-06 22:21:22.935800+0000', '2015-08-06 22:52:19.426900+0000');
INSERT INTO "neap"."stream"(stream_id, channel_id, title, topic_id, topic, media_info, viewers, created_at, updated_at, ended_at)
    VALUES ('c1fbabfc-6b14-4d0e-b052-dcf8e888c33b', 'c68cca43-0a6a-4ee4-b7c8-b4699c10819f', 'Come on and have fun with Aliya!', 'e9af2f53-d2dd-4e32-9dea-26d6ac21bcb8', 'Astrology', '{"width":720,"height":400,"bitrate":704.52}', 1836, '2015-07-28 02:08:28.361700+0000', '2015-07-28 04:59:53.910200+0000', '2015-07-28 05:30:43.218700+0000');
INSERT INTO "neap"."stream"(stream_id, channel_id, title, topic_id, topic, media_info, viewers, created_at, updated_at, ended_at)
    VALUES ('507c415a-35c3-4fa9-baaf-6c939549f857', 'c68cca43-0a6a-4ee4-b7c8-b4699c10819f', 'Relax stream', 'b369c464-cdea-4356-9d70-1450585652e2', 'Music', '{"width":1280,"height":720,"bitrate":1358.31}', 1499, '2015-10-30 19:18:01.273400+0000', '2015-10-30 21:49:37.462400+0000', '2015-10-30 21:56:07.807100+0000');
INSERT INTO "neap"."stream"(stream_id, channel_id, title, topic_id, topic, media_info, viewers, created_at, updated_at, ended_at)
    VALUES ('f0464947-60d7-4ac0-8438-7dae700ea469', 'c68cca43-0a6a-4ee4-b7c8-b4699c10819f', 'Philosophy?? Yeah, Philosophy!', '35fa82dc-ed25-47fb-b6cd-58ae8a151f60', 'Philosophy', '{"width":720,"height":400,"bitrate":576.77}', 704, '2015-09-29 01:02:24.120400+0000', '2015-09-29 02:17:23.611800+0000', '2015-09-29 02:21:04.991100+0000');
INSERT INTO "neap"."user"(user_id, channel_id, type, username, email, password, display_name, logo, bio, created_at, updated_at)
    VALUES ('9317b4d4-2cf8-41d1-9cfe-14177babcdc3', 'ebffc06b-7bd8-4acb-991c-c5fde1dde2dc', 'user', 'aryana', 'aryana@neap.io', '$2y$10$fUpK0qm3wf1SOkCxjxZ3Deyqa38R.XWyXW.j1kSnTmSW4LxFaGms6', 'Aryana', 'https://gravatar.com/avatar/e7a873546853a36723181e635ded3cef?s=128&d=identicon', null, '2015-01-17 06:39:21.615700+0000', '2015-10-23 12:27:48.447100+0000');
INSERT INTO "neap"."channel"(channel_id, user_id, chat_id, name, display_name, topic, language, views, followers)
    VALUES ('ebffc06b-7bd8-4acb-991c-c5fde1dde2dc', '9317b4d4-2cf8-41d1-9cfe-14177babcdc3', '3a44a71a-11e1-4911-a59e-1b32186bd383', 'aryana', 'Aryana Channel', 'Science', 'en', 62015, 83);
INSERT INTO "neap"."chat"(chat_id, channel_id, name)
    VALUES ('3a44a71a-11e1-4911-a59e-1b32186bd383', 'ebffc06b-7bd8-4acb-991c-c5fde1dde2dc', 'aryana');
INSERT INTO "neap"."stream"(stream_id, channel_id, title, topic_id, topic, media_info, viewers, created_at, updated_at, ended_at)
    VALUES ('bc346627-24de-480f-aeb9-e00591902b7a', 'ebffc06b-7bd8-4acb-991c-c5fde1dde2dc', 'Come on and have fun with Aryana!', '284b3091-455d-4476-ae67-442a19d153d4', 'Mathematics', '{"width":720,"height":400,"bitrate":660.88}', 1605, '2015-04-01 19:30:08.831700+0000', '2015-04-01 20:59:36.074600+0000', '2015-04-01 21:04:04.143600+0000');
INSERT INTO "neap"."video"(video_id, stream_id, title, type, description, status, tags, topic_id, topic, media_info, preview, views, created_at, updated_at)
    VALUES ('5b115fa6-1861-43d6-a567-c07908e1d2d7', 'bc346627-24de-480f-aeb9-e00591902b7a', 'Come on and have fun with Aryana!', 'record', 'Come on and have fun with Aryana!', '', '[]', '284b3091-455d-4476-ae67-442a19d153d4', 'Mathematics', '{"width":720,"height":400,"bitrate":609.25}', '', '2963', '2015-06-17 16:49:55.813500+0000', '2015-06-17 20:03:00.583900+0000');
INSERT INTO "neap"."stream"(stream_id, channel_id, title, topic_id, topic, media_info, viewers, created_at, updated_at, ended_at)
    VALUES ('19a77ddb-21a6-4b0e-a465-7fde2dd90753', 'ebffc06b-7bd8-4acb-991c-c5fde1dde2dc', 'Today is Video games day', '48e535f7-dba1-4d59-aac3-4c6cced32d6c', 'Video games', '{"width":1920,"height":1080,"bitrate":3042.31}', 1942, '2015-09-21 00:34:37.971400+0000', '2015-09-21 05:15:23.585400+0000', '2015-09-21 05:17:43.183300+0000');
INSERT INTO "neap"."stream"(stream_id, channel_id, title, topic_id, topic, media_info, viewers, created_at, updated_at, ended_at)
    VALUES ('be0cd419-b29d-4f7b-a9ae-2e24516189d9', 'ebffc06b-7bd8-4acb-991c-c5fde1dde2dc', 'History?? Yeah, History!', '5f6c7ec0-84ab-4d8e-a2d7-ff1887b55d6e', 'History', '{"width":1280,"height":720,"bitrate":1413.81}', 212, '2015-01-24 12:54:32.565100+0000', '2015-01-24 17:54:48.952600+0000', '2015-01-24 18:53:41.507200+0000');
INSERT INTO "neap"."video"(video_id, stream_id, title, type, description, status, tags, topic_id, topic, media_info, preview, views, created_at, updated_at)
    VALUES ('fe602239-e24b-488b-9b77-7cb64f30f726', 'be0cd419-b29d-4f7b-a9ae-2e24516189d9', 'History?? Yeah, History!', 'record', 'History?? Yeah, History!', '', '[]', '5f6c7ec0-84ab-4d8e-a2d7-ff1887b55d6e', 'History', '{"width":1280,"height":720,"bitrate":835.5}', '', '4212', '2015-07-23 04:25:58.451600+0000', '2015-07-30 02:10:56.506900+0000');
INSERT INTO "neap"."video"(video_id, stream_id, title, type, description, status, tags, topic_id, topic, media_info, preview, views, created_at, updated_at)
    VALUES ('219f33f9-c505-4bab-ae0c-80f9ff45ee07', 'be0cd419-b29d-4f7b-a9ae-2e24516189d9', 'History?? Yeah, History!', 'record', 'History?? Yeah, History!', '', '[]', '5f6c7ec0-84ab-4d8e-a2d7-ff1887b55d6e', 'History', '{"width":1280,"height":720,"bitrate":1335.29}', '', '24720', '2015-02-04 03:06:09.547100+0000', '2015-02-04 11:29:29.306200+0000');
INSERT INTO "neap"."user"(user_id, channel_id, type, username, email, password, display_name, logo, bio, created_at, updated_at)
    VALUES ('1636b12f-d5cd-4f45-816a-fcb6cff21b4e', 'a6725509-9f80-4702-997f-b93c0b2fe9cf', 'user', 'kash', 'kash@neap.io', '$2y$10$0W9MsJN7.UHvSZlfSPV6oOmmzxGa7VxOnV/9TPjT0vrHKJ6drckvC', 'Kash', 'https://gravatar.com/avatar/33fb1ab634618798864d67e324cdbac7?s=128&d=identicon', null, '2015-04-25 12:32:25.881100+0000', '2015-06-30 22:17:26.942900+0000');
INSERT INTO "neap"."channel"(channel_id, user_id, chat_id, name, display_name, topic, language, views, followers)
    VALUES ('a6725509-9f80-4702-997f-b93c0b2fe9cf', '1636b12f-d5cd-4f45-816a-fcb6cff21b4e', 'cc2f9e68-6a32-4bf2-a825-23029d0fc656', 'kash', 'Kash Channel', 'Photography', 'en', 81087, 134);
INSERT INTO "neap"."chat"(chat_id, channel_id, name)
    VALUES ('cc2f9e68-6a32-4bf2-a825-23029d0fc656', 'a6725509-9f80-4702-997f-b93c0b2fe9cf', 'kash');
INSERT INTO "neap"."stream"(stream_id, channel_id, title, topic_id, topic, media_info, viewers, created_at, updated_at, ended_at)
    VALUES ('8a7e4c94-e365-4e72-adda-f0f5345576b7', 'a6725509-9f80-4702-997f-b93c0b2fe9cf', 'Today is Astrology day', 'e9af2f53-d2dd-4e32-9dea-26d6ac21bcb8', 'Astrology', '{"width":720,"height":400,"bitrate":677.44}', 849, '2015-09-24 22:13:41.708500+0000', '2015-09-25 05:46:30.172700+0000', '2015-09-25 05:51:55.489900+0000');
INSERT INTO "neap"."user"(user_id, channel_id, type, username, email, password, display_name, logo, bio, created_at, updated_at)
    VALUES ('b6113fe1-6755-4d9b-874a-3fc6f76d0103', '466d29ce-1f39-44b5-852a-915bb350d2c5', 'user', 'braiden', 'braiden@neap.io', '$2y$10$JdyiLv9odw.OcvSqgpiJl.GGwM5IwMoQeFqwPAvQEEN1HmtsbcIn6', 'Braiden', 'https://gravatar.com/avatar/d19b57842b0e0309d91d9cbb0240f083?s=128&d=identicon', null, '2015-03-13 05:01:58.651100+0000', '2015-04-05 14:05:45.614000+0000');
INSERT INTO "neap"."channel"(channel_id, user_id, chat_id, name, display_name, topic, language, views, followers)
    VALUES ('466d29ce-1f39-44b5-852a-915bb350d2c5', 'b6113fe1-6755-4d9b-874a-3fc6f76d0103', '7d08c22e-0c14-4559-aaa5-b4bf12fb58af', 'braiden', 'Braiden Channel', 'Video games', 'en', 38514, 145);
INSERT INTO "neap"."chat"(chat_id, channel_id, name)
    VALUES ('7d08c22e-0c14-4559-aaa5-b4bf12fb58af', '466d29ce-1f39-44b5-852a-915bb350d2c5', 'braiden');
INSERT INTO "neap"."stream"(stream_id, channel_id, title, topic_id, topic, media_info, viewers, created_at, updated_at, ended_at)
    VALUES ('e0b030d4-5694-4db6-994a-a5283142f889', '466d29ce-1f39-44b5-852a-915bb350d2c5', 'The origins of History', '5f6c7ec0-84ab-4d8e-a2d7-ff1887b55d6e', 'History', '{"width":1280,"height":720,"bitrate":1124.6}', 750, '2015-08-07 12:53:15.509300+0000', '2015-08-07 13:53:31.231800+0000', '2015-08-07 14:37:09.826700+0000');
INSERT INTO "neap"."stream"(stream_id, channel_id, title, topic_id, topic, media_info, viewers, created_at, updated_at, ended_at)
    VALUES ('404d0120-7c11-4f1d-981c-4dd3b1efac02', '466d29ce-1f39-44b5-852a-915bb350d2c5', 'Philosophy?? Yeah, Philosophy!', '35fa82dc-ed25-47fb-b6cd-58ae8a151f60', 'Philosophy', '{"width":1920,"height":1080,"bitrate":2925.44}', 1261, '2015-05-24 21:15:20.460600+0000', '2015-05-24 23:25:13.950800+0000', '2015-05-24 23:45:31.667100+0000');
INSERT INTO "neap"."video"(video_id, stream_id, title, type, description, status, tags, topic_id, topic, media_info, preview, views, created_at, updated_at)
    VALUES ('9013953c-dbbc-446f-ac0b-c04d3ca7f9fd', '404d0120-7c11-4f1d-981c-4dd3b1efac02', 'Philosophy?? Yeah, Philosophy!', 'record', 'Philosophy?? Yeah, Philosophy!', '', '[]', '35fa82dc-ed25-47fb-b6cd-58ae8a151f60', 'Philosophy', '{"width":1920,"height":1080,"bitrate":1895.29}', '', '18615', '2015-08-21 22:53:16.020600+0000', '2015-08-23 18:47:16.121100+0000');
INSERT INTO "neap"."video"(video_id, stream_id, title, type, description, status, tags, topic_id, topic, media_info, preview, views, created_at, updated_at)
    VALUES ('08c6d255-20f4-4bdf-b630-8dfd3f2aa349', '404d0120-7c11-4f1d-981c-4dd3b1efac02', 'Philosophy?? Yeah, Philosophy!', 'record', 'Philosophy?? Yeah, Philosophy!', '', '[]', '35fa82dc-ed25-47fb-b6cd-58ae8a151f60', 'Philosophy', '{"width":1920,"height":1080,"bitrate":2979.4}', '', '435', '2015-07-20 01:21:01.146700+0000', '2015-07-23 13:19:12.330800+0000');
INSERT INTO "neap"."stream"(stream_id, channel_id, title, topic_id, topic, media_info, viewers, created_at, updated_at, ended_at)
    VALUES ('f4fdb6d2-9dfd-4cb6-ad87-c0603f23f9a2', '466d29ce-1f39-44b5-852a-915bb350d2c5', 'The origins of Astrology', 'e9af2f53-d2dd-4e32-9dea-26d6ac21bcb8', 'Astrology', '{"width":1920,"height":1080,"bitrate":2599.63}', 693, '2015-06-03 19:18:32.621800+0000', '2015-06-03 20:19:20.964300+0000', '2015-06-03 20:54:49.291300+0000');
INSERT INTO "neap"."stream"(stream_id, channel_id, title, topic_id, topic, media_info, viewers, created_at, updated_at, ended_at)
    VALUES ('47d61416-cf4d-4c0d-9b0e-1f2d96723f8a', '466d29ce-1f39-44b5-852a-915bb350d2c5', 'Braiden goes live!', '1cae4612-f178-4a0e-b3af-343a88b99638', 'Science', '{"width":720,"height":400,"bitrate":680.16}', 338, '2015-05-10 23:26:37.021700+0000', '2015-05-11 00:34:52.559100+0000', '2015-05-11 00:38:30.089100+0000');
INSERT INTO "neap"."video"(video_id, stream_id, title, type, description, status, tags, topic_id, topic, media_info, preview, views, created_at, updated_at)
    VALUES ('4fa7f13a-e249-4d30-b6ce-bad0f88f9553', '47d61416-cf4d-4c0d-9b0e-1f2d96723f8a', 'Braiden goes live!', 'record', 'Braiden goes live!', '', '[]', '1cae4612-f178-4a0e-b3af-343a88b99638', 'Science', '{"width":720,"height":400,"bitrate":665.73}', '', '35987', '2015-06-04 17:55:16.629700+0000', '2015-06-04 19:53:14.353300+0000');
INSERT INTO "neap"."stream"(stream_id, channel_id, title, topic_id, topic, media_info, viewers, created_at, updated_at, ended_at)
    VALUES ('bd3e738f-7904-4eb0-9a3b-ed0bf4bcb492', '466d29ce-1f39-44b5-852a-915bb350d2c5', 'History?? Yeah, History!', '5f6c7ec0-84ab-4d8e-a2d7-ff1887b55d6e', 'History', '{"width":1920,"height":1080,"bitrate":3155.3}', 747, '2015-10-29 11:08:24.126600+0000', '2015-10-29 12:39:28.908100+0000', '2015-10-29 12:46:20.741800+0000');
INSERT INTO "neap"."stream"(stream_id, channel_id, title, topic_id, topic, media_info, viewers, created_at, updated_at, ended_at)
    VALUES ('72113366-7183-4eb4-9580-4cd9e9c70626', '466d29ce-1f39-44b5-852a-915bb350d2c5', 'Relax stream', '994391cf-d41e-46f4-b6eb-ce53824e3a0c', 'Litterature', '{"width":720,"height":400,"bitrate":585.74}', 967, '2015-08-24 09:10:52.278500+0000', '2015-08-24 09:46:46.666700+0000', '2015-08-24 10:13:08.913000+0000');
INSERT INTO "neap"."stream"(stream_id, channel_id, title, topic_id, topic, media_info, viewers, created_at, updated_at, ended_at)
    VALUES ('6a205beb-ed30-4d2d-ae40-a01d7c3071a1', '466d29ce-1f39-44b5-852a-915bb350d2c5', 'Come on and have fun with Braiden!', '284b3091-455d-4476-ae67-442a19d153d4', 'Mathematics', '{"width":1920,"height":1080,"bitrate":2994.16}', 72264, '2015-10-15 14:02:53.923500+0000', '2015-10-15 19:33:12.889100+0000', '2015-10-15 21:18:00.319100+0000');
INSERT INTO "neap"."video"(video_id, stream_id, title, type, description, status, tags, topic_id, topic, media_info, preview, views, created_at, updated_at)
    VALUES ('9dbe4d7c-cd4f-495e-af37-46bd649a6cf2', '6a205beb-ed30-4d2d-ae40-a01d7c3071a1', 'Come on and have fun with Braiden!', 'highlight', 'Come on and have fun with Braiden!', '', '[]', '284b3091-455d-4476-ae67-442a19d153d4', 'Mathematics', '{"width":1920,"height":1080,"bitrate":1503.01}', '', '19588', '2015-10-25 19:10:11.483500+0000', '2015-10-28 07:37:40.020100+0000');
INSERT INTO "neap"."stream"(stream_id, channel_id, title, topic_id, topic, media_info, viewers, created_at, updated_at, ended_at)
    VALUES ('24837b21-3d0d-404a-a03e-b069c1155e4f', '466d29ce-1f39-44b5-852a-915bb350d2c5', 'Today is Mathematics day', '284b3091-455d-4476-ae67-442a19d153d4', 'Mathematics', '{"width":1920,"height":1080,"bitrate":1255.23}', 1815, '2015-08-25 20:52:05.804400+0000', '2015-08-25 21:33:44.204500+0000', '2015-08-25 21:35:03.433400+0000');
INSERT INTO "neap"."user"(user_id, channel_id, type, username, email, password, display_name, logo, bio, created_at, updated_at)
    VALUES ('df156a1f-b9f4-4027-9613-4daed590a33e', 'bbf886a3-528e-445f-96f4-27629681ba91', 'user', 'jazlyn', 'jazlyn@neap.io', '$2y$10$9S10S5fI87pRHNnLQC62N.MHsWHgZwuxQl2t7JBiqdm39Xrofetxm', 'Jazlyn', 'https://gravatar.com/avatar/455048fef759aa3445080268187e3115?s=128&d=identicon', null, '2015-01-04 09:18:59.961100+0000', '2015-10-29 04:31:56.723700+0000');
INSERT INTO "neap"."channel"(channel_id, user_id, chat_id, name, display_name, topic, language, views, followers)
    VALUES ('bbf886a3-528e-445f-96f4-27629681ba91', 'df156a1f-b9f4-4027-9613-4daed590a33e', '1afd595f-91ee-4fcd-b8e1-db4c669c24e2', 'jazlyn', 'Jazlyn Channel', 'Biology', 'en', 87691, 37);
INSERT INTO "neap"."chat"(chat_id, channel_id, name)
    VALUES ('1afd595f-91ee-4fcd-b8e1-db4c669c24e2', 'bbf886a3-528e-445f-96f4-27629681ba91', 'jazlyn');
INSERT INTO "neap"."stream"(stream_id, channel_id, title, topic_id, topic, media_info, viewers, created_at, updated_at, ended_at)
    VALUES ('cc67f6af-dc6e-42f6-a785-66e93d5e1a9a', 'bbf886a3-528e-445f-96f4-27629681ba91', 'Come on and have fun with Jazlyn!', '35fa82dc-ed25-47fb-b6cd-58ae8a151f60', 'Philosophy', '{"width":720,"height":400,"bitrate":788.06}', 1654, '2015-09-16 19:18:55.660400+0000', '2015-09-16 22:33:57.779000+0000', '2015-09-16 22:42:12.586800+0000');
INSERT INTO "neap"."stream"(stream_id, channel_id, title, topic_id, topic, media_info, viewers, created_at, updated_at, ended_at)
    VALUES ('2807dbbe-8fed-405e-8865-d006f4b00aee', 'bbf886a3-528e-445f-96f4-27629681ba91', 'Relax stream', '5f6c7ec0-84ab-4d8e-a2d7-ff1887b55d6e', 'History', '{"width":720,"height":400,"bitrate":536.11}', 145, '2015-03-08 00:50:15.468500+0000', '2015-03-08 03:32:55.391100+0000', '2015-03-08 04:11:48.997900+0000');
INSERT INTO "neap"."stream"(stream_id, channel_id, title, topic_id, topic, media_info, viewers, created_at, updated_at, ended_at)
    VALUES ('6051efa3-8450-41fd-a1cc-87d0f9ece683', 'bbf886a3-528e-445f-96f4-27629681ba91', 'Biology?? Yeah, Biology!', 'd4f06d27-2693-4552-bd85-d9875651ce39', 'Biology', '{"width":1920,"height":1080,"bitrate":2109.77}', 1663, '2015-07-15 13:48:40.216600+0000', '2015-07-15 14:13:12.153500+0000', '2015-07-15 14:14:24.088300+0000');
INSERT INTO "neap"."stream"(stream_id, channel_id, title, topic_id, topic, media_info, viewers, created_at, updated_at, ended_at)
    VALUES ('f0618373-e223-41bb-ad16-b6fdbed59ef2', 'bbf886a3-528e-445f-96f4-27629681ba91', 'Today is Biology day', 'd4f06d27-2693-4552-bd85-d9875651ce39', 'Biology', '{"width":1280,"height":720,"bitrate":1152.79}', 1893, '2015-01-26 05:54:22.146500+0000', '2015-01-26 11:56:21.219500+0000', '2015-01-26 12:36:52.380900+0000');
INSERT INTO "neap"."video"(video_id, stream_id, title, type, description, status, tags, topic_id, topic, media_info, preview, views, created_at, updated_at)
    VALUES ('d46ecc2e-74ee-4481-b8af-9a4c96482316', 'f0618373-e223-41bb-ad16-b6fdbed59ef2', 'Today is Biology day', 'record', 'Today is Biology day', '', '[]', 'd4f06d27-2693-4552-bd85-d9875651ce39', 'Biology', '{"width":1280,"height":720,"bitrate":968.19}', '', '21056', '2015-08-29 15:21:36.539600+0000', '2015-08-31 17:48:45.621200+0000');
INSERT INTO "neap"."stream"(stream_id, channel_id, title, topic_id, topic, media_info, viewers, created_at, updated_at, ended_at)
    VALUES ('74eae949-a241-444d-80f4-1f1b8c72a724', 'bbf886a3-528e-445f-96f4-27629681ba91', 'Relax stream', 'e496e832-363e-4228-b518-7fe126ccaa04', 'Photography', '{"width":1280,"height":720,"bitrate":1474.91}', 11819, '2015-07-05 21:16:56.467400+0000', '2015-07-05 23:04:50.266400+0000', '2015-07-05 23:52:29.148000+0000');
INSERT INTO "neap"."video"(video_id, stream_id, title, type, description, status, tags, topic_id, topic, media_info, preview, views, created_at, updated_at)
    VALUES ('ceb0912a-4bff-4402-b90a-08c6095aa8e3', '74eae949-a241-444d-80f4-1f1b8c72a724', 'Relax stream', 'record', 'Relax stream', '', '[]', 'e496e832-363e-4228-b518-7fe126ccaa04', 'Photography', '{"width":1280,"height":720,"bitrate":1343.97}', '', '6251', '2015-08-26 02:56:07.867600+0000', '2015-08-26 09:27:50.528100+0000');
INSERT INTO "neap"."stream"(stream_id, channel_id, title, topic_id, topic, media_info, viewers, created_at, updated_at, ended_at)
    VALUES ('398b70ab-b7d2-44de-82d1-286348dc0177', 'bbf886a3-528e-445f-96f4-27629681ba91', 'Jazlyn goes live!', '48e535f7-dba1-4d59-aac3-4c6cced32d6c', 'Video games', '{"width":1280,"height":720,"bitrate":784.21}', 361, '2015-04-21 03:09:05.940000+0000', '2015-04-21 08:18:26.872700+0000', '2015-04-21 08:37:55.110500+0000');
INSERT INTO "neap"."stream"(stream_id, channel_id, title, topic_id, topic, media_info, viewers, created_at, updated_at, ended_at)
    VALUES ('f8dfdf29-52af-466a-88bb-59822cf2c09e', 'bbf886a3-528e-445f-96f4-27629681ba91', 'Photography?? Yeah, Photography!', 'e496e832-363e-4228-b518-7fe126ccaa04', 'Photography', '{"width":1920,"height":1080,"bitrate":2477}', 14610, '2015-09-05 23:11:03.011200+0000', '2015-09-06 04:58:05.500400+0000', '2015-09-06 05:02:54.217300+0000');
INSERT INTO "neap"."stream"(stream_id, channel_id, title, topic_id, topic, media_info, viewers, created_at, updated_at, ended_at)
    VALUES ('da1558e2-0a62-4003-a0dd-29fa66b26142', 'bbf886a3-528e-445f-96f4-27629681ba91', 'Biology?? Yeah, Biology!', 'd4f06d27-2693-4552-bd85-d9875651ce39', 'Biology', '{"width":720,"height":400,"bitrate":519.37}', 1101, '2015-05-22 17:57:15.285600+0000', '2015-05-22 18:10:29.908100+0000', '2015-05-22 18:10:49.038400+0000');
INSERT INTO "neap"."user"(user_id, channel_id, type, username, email, password, display_name, logo, bio, created_at, updated_at)
    VALUES ('f57f4669-8ce7-46c5-a933-d5b9c691fb3f', 'e12ebe8d-6e3e-4645-949f-7a8f27f1f056', 'user', 'archer', 'archer@neap.io', '$2y$10$8JZW.EZNAHGn6d0n0ZVzoeswHwfbWDVOlo3cyUq3hGz.0uj99TjyG', 'Archer', 'https://gravatar.com/avatar/c6a3f09d6a9105be0a1baca6bc6f6648?s=128&d=identicon', null, '2015-10-13 07:55:35.841100+0000', '2015-10-17 13:16:27.444700+0000');
INSERT INTO "neap"."channel"(channel_id, user_id, chat_id, name, display_name, topic, language, views, followers)
    VALUES ('e12ebe8d-6e3e-4645-949f-7a8f27f1f056', 'f57f4669-8ce7-46c5-a933-d5b9c691fb3f', '26c6d405-c0e4-442c-9da5-9e9d17182a08', 'archer', 'Archer Channel', 'Photography', 'en', 4665, 49);
INSERT INTO "neap"."chat"(chat_id, channel_id, name)
    VALUES ('26c6d405-c0e4-442c-9da5-9e9d17182a08', 'e12ebe8d-6e3e-4645-949f-7a8f27f1f056', 'archer');
INSERT INTO "neap"."stream"(stream_id, channel_id, title, topic_id, topic, media_info, viewers, created_at, updated_at, ended_at)
    VALUES ('02591f77-75f7-4614-aa20-59455651d8fc', 'e12ebe8d-6e3e-4645-949f-7a8f27f1f056', 'Archer goes live!', '1cae4612-f178-4a0e-b3af-343a88b99638', 'Science', '{"width":1280,"height":720,"bitrate":1146.46}', 352, '2015-10-13 15:42:48.910200+0000', '2015-10-13 16:05:05.506800+0000', '2015-10-13 16:57:19.422500+0000');
INSERT INTO "neap"."stream"(stream_id, channel_id, title, topic_id, topic, media_info, viewers, created_at, updated_at, ended_at)
    VALUES ('f959979f-a0f9-4b85-b379-e78fe4431db6', 'e12ebe8d-6e3e-4645-949f-7a8f27f1f056', 'Archer goes live!', 'b369c464-cdea-4356-9d70-1450585652e2', 'Music', '{"width":1920,"height":1080,"bitrate":3338.01}', 1880, '2015-10-24 11:34:27.425400+0000', '2015-10-24 11:41:08.231800+0000', '2015-10-24 11:55:40.517000+0000');
INSERT INTO "neap"."video"(video_id, stream_id, title, type, description, status, tags, topic_id, topic, media_info, preview, views, created_at, updated_at)
    VALUES ('4d5d3868-d715-4230-906d-70fa7c33a7e2', 'f959979f-a0f9-4b85-b379-e78fe4431db6', 'Archer goes live!', 'record', 'Archer goes live!', '', '[]', 'b369c464-cdea-4356-9d70-1450585652e2', 'Music', '{"width":1920,"height":1080,"bitrate":1107.06}', '', '23874', '2015-10-25 15:27:17.082500+0000', '2015-10-26 04:14:54.191800+0000');
INSERT INTO "neap"."user"(user_id, channel_id, type, username, email, password, display_name, logo, bio, created_at, updated_at)
    VALUES ('31cb48d7-304c-4b40-b3b2-ab911f9be557', '2696c520-a525-4aa7-8d7a-6b73f23a9043', 'user', 'alex', 'alex@neap.io', '$2y$10$/dcx.RC6H0glKdvMvhdqYuEp/gEdeeg23N3QuQ2AdBM49YJCboAPu', 'Alex', 'https://gravatar.com/avatar/7950e8422e0e5e708df17b3b4a47687c?s=128&d=identicon', null, '2015-05-17 02:41:06.272300+0000', '2015-07-06 02:25:04.657900+0000');
INSERT INTO "neap"."channel"(channel_id, user_id, chat_id, name, display_name, topic, language, views, followers)
    VALUES ('2696c520-a525-4aa7-8d7a-6b73f23a9043', '31cb48d7-304c-4b40-b3b2-ab911f9be557', '96ebfe41-ea49-43c6-aed3-71b1978add6d', 'alex', 'Alex Channel', 'Music', 'en', 70327, 31);
INSERT INTO "neap"."chat"(chat_id, channel_id, name)
    VALUES ('96ebfe41-ea49-43c6-aed3-71b1978add6d', '2696c520-a525-4aa7-8d7a-6b73f23a9043', 'alex');
INSERT INTO "neap"."user"(user_id, channel_id, type, username, email, password, display_name, logo, bio, created_at, updated_at)
    VALUES ('089f2190-7bb2-42ca-ba0d-2d3f2ebdb304', '8e188feb-d059-471e-b9f1-280e9345c5e2', 'user', 'sonny', 'sonny@neap.io', '$2y$10$qkq3V2zT/EKAer0XIjSLC.lS9qGXiluP26BoVLf70hnS/08nmRfOy', 'Sonny', 'https://gravatar.com/avatar/ed0b4719f6e3e284dcbedd73a5287979?s=128&d=identicon', null, '2015-05-01 01:05:36.927500+0000', '2015-08-26 17:48:28.178600+0000');
INSERT INTO "neap"."channel"(channel_id, user_id, chat_id, name, display_name, topic, language, views, followers)
    VALUES ('8e188feb-d059-471e-b9f1-280e9345c5e2', '089f2190-7bb2-42ca-ba0d-2d3f2ebdb304', 'cf0056b6-5e38-43e5-8244-6e1f020e8a72', 'sonny', 'Sonny Channel', 'Photography', 'en', 78192, 43);
INSERT INTO "neap"."chat"(chat_id, channel_id, name)
    VALUES ('cf0056b6-5e38-43e5-8244-6e1f020e8a72', '8e188feb-d059-471e-b9f1-280e9345c5e2', 'sonny');
INSERT INTO "neap"."user"(user_id, channel_id, type, username, email, password, display_name, logo, bio, created_at, updated_at)
    VALUES ('d3dbed1d-e502-4f6c-8573-674cf9c66df2', 'ed1c7a8f-aab8-4e44-af46-6a71dea22196', 'user', 'kailani', 'kailani@neap.io', '$2y$10$pMCHAkRWhNPC7h1E2Ev47OHv00nhGS3S157HYM5go0Lun7yIIfs4G', 'Kailani', 'https://gravatar.com/avatar/e1a7b1ff32bab99a215a9a94b571a6b7?s=128&d=identicon', null, '2015-06-25 06:49:12.689800+0000', '2015-10-18 16:34:15.262100+0000');
INSERT INTO "neap"."channel"(channel_id, user_id, chat_id, name, display_name, topic, language, views, followers)
    VALUES ('ed1c7a8f-aab8-4e44-af46-6a71dea22196', 'd3dbed1d-e502-4f6c-8573-674cf9c66df2', '350b06f4-0463-464a-9a0f-90ef8a6e4fe7', 'kailani', 'Kailani Channel', 'Music', 'en', 77404, 18);
INSERT INTO "neap"."chat"(chat_id, channel_id, name)
    VALUES ('350b06f4-0463-464a-9a0f-90ef8a6e4fe7', 'ed1c7a8f-aab8-4e44-af46-6a71dea22196', 'kailani');
INSERT INTO "neap"."stream"(stream_id, channel_id, title, topic_id, topic, media_info, viewers, created_at, updated_at, ended_at)
    VALUES ('ae5d340b-d63b-4873-8691-5f626376fdad', 'ed1c7a8f-aab8-4e44-af46-6a71dea22196', 'Come on and have fun with Kailani!', 'e9af2f53-d2dd-4e32-9dea-26d6ac21bcb8', 'Astrology', '{"width":720,"height":400,"bitrate":759.49}', 1610, '2015-08-15 20:46:36.130900+0000', '2015-08-15 20:46:49.853000+0000', '2015-08-15 21:01:35.399900+0000');
INSERT INTO "neap"."video"(video_id, stream_id, title, type, description, status, tags, topic_id, topic, media_info, preview, views, created_at, updated_at)
    VALUES ('ca8611e6-b56d-431f-bca2-3d6081c429d1', 'ae5d340b-d63b-4873-8691-5f626376fdad', 'Come on and have fun with Kailani!', 'record', 'Come on and have fun with Kailani!', '', '[]', 'e9af2f53-d2dd-4e32-9dea-26d6ac21bcb8', 'Astrology', '{"width":720,"height":400,"bitrate":632.08}', '', '30413', '2015-09-05 16:21:11.599500+0000', '2015-09-05 23:54:00.348000+0000');
INSERT INTO "neap"."video"(video_id, stream_id, title, type, description, status, tags, topic_id, topic, media_info, preview, views, created_at, updated_at)
    VALUES ('ef9f940f-1787-4ad6-98b4-bfc2b36a060d', 'ae5d340b-d63b-4873-8691-5f626376fdad', 'Come on and have fun with Kailani!', 'highlight', 'Come on and have fun with Kailani!', '', '[]', 'e9af2f53-d2dd-4e32-9dea-26d6ac21bcb8', 'Astrology', '{"width":720,"height":400,"bitrate":600.72}', '', '240', '2015-08-29 15:42:39.124700+0000', '2015-08-30 01:57:19.551800+0000');
INSERT INTO "neap"."stream"(stream_id, channel_id, title, topic_id, topic, media_info, viewers, created_at, updated_at, ended_at)
    VALUES ('8d61b1b6-0dfe-43a9-9168-6c05d4017d58', 'ed1c7a8f-aab8-4e44-af46-6a71dea22196', 'Theology?? Yeah, Theology!', 'd2ea25fc-eb67-4c63-86d0-58ba2ce51b56', 'Theology', '{"width":720,"height":400,"bitrate":729.19}', 241, '2015-10-11 04:30:07.502100+0000', '2015-10-11 04:35:03.367100+0000', '2015-10-11 05:07:35.284900+0000');
INSERT INTO "neap"."stream"(stream_id, channel_id, title, topic_id, topic, media_info, viewers, created_at, updated_at, ended_at)
    VALUES ('de9205e4-b724-46ff-8501-76d0eaedd338', 'ed1c7a8f-aab8-4e44-af46-6a71dea22196', 'Relax stream', 'e9af2f53-d2dd-4e32-9dea-26d6ac21bcb8', 'Astrology', '{"width":1280,"height":720,"bitrate":763.5}', 1271, '2015-08-25 04:41:45.148800+0000', '2015-08-25 04:43:38.290700+0000', '2015-08-25 04:49:18.149700+0000');
INSERT INTO "neap"."user"(user_id, channel_id, type, username, email, password, display_name, logo, bio, created_at, updated_at)
    VALUES ('f44e4fee-e5c3-410c-a3dd-4febdcc8bfcb', '1fe5b59d-9962-4141-9b0b-f00d9b6a5fda', 'user', 'benton', 'benton@neap.io', '$2y$10$xiB3CMbs3wqSn7i16tscTuJMmwA5vRZoBrxtUvUdzGMrW6YVIwdTy', 'Benton', 'https://gravatar.com/avatar/403dc23bc1350792b2b8dd44f9c2a6e2?s=128&d=identicon', null, '2015-01-27 14:16:39.531900+0000', '2015-08-13 06:48:54.660500+0000');
INSERT INTO "neap"."channel"(channel_id, user_id, chat_id, name, display_name, topic, language, views, followers)
    VALUES ('1fe5b59d-9962-4141-9b0b-f00d9b6a5fda', 'f44e4fee-e5c3-410c-a3dd-4febdcc8bfcb', '133a3139-fe51-4151-b485-f72a53120afe', 'benton', 'Benton Channel', 'Photography', 'en', 27636, 43);
INSERT INTO "neap"."chat"(chat_id, channel_id, name)
    VALUES ('133a3139-fe51-4151-b485-f72a53120afe', '1fe5b59d-9962-4141-9b0b-f00d9b6a5fda', 'benton');
INSERT INTO "neap"."stream"(stream_id, channel_id, title, topic_id, topic, media_info, viewers, created_at, updated_at, ended_at)
    VALUES ('e59db4f8-20e4-43a2-a9b3-24261aaabf65', '1fe5b59d-9962-4141-9b0b-f00d9b6a5fda', 'Today is Biology day', 'd4f06d27-2693-4552-bd85-d9875651ce39', 'Biology', '{"width":1920,"height":1080,"bitrate":1996.73}', 579, '2015-02-24 16:23:20.344800+0000', '2015-02-24 17:52:10.680100+0000', '2015-02-24 18:14:54.139200+0000');
INSERT INTO "neap"."video"(video_id, stream_id, title, type, description, status, tags, topic_id, topic, media_info, preview, views, created_at, updated_at)
    VALUES ('5fd9d825-cce2-49af-871d-ea46bc05b6e0', 'e59db4f8-20e4-43a2-a9b3-24261aaabf65', 'Today is Biology day', 'highlight', 'Today is Biology day', '', '[]', 'd4f06d27-2693-4552-bd85-d9875651ce39', 'Biology', '{"width":1920,"height":1080,"bitrate":1378.01}', '', '2156', '2015-06-16 23:33:40.870600+0000', '2015-06-19 10:09:06.746700+0000');
INSERT INTO "neap"."stream"(stream_id, channel_id, title, topic_id, topic, media_info, viewers, created_at, updated_at, ended_at)
    VALUES ('b68f9f97-21f9-4b94-9392-a2167f5dc515', '1fe5b59d-9962-4141-9b0b-f00d9b6a5fda', 'The origins of History', '5f6c7ec0-84ab-4d8e-a2d7-ff1887b55d6e', 'History', '{"width":720,"height":400,"bitrate":659.51}', 334, '2015-10-14 20:36:08.971000+0000', '2015-10-14 23:04:35.885800+0000', '2015-10-14 23:42:41.569800+0000');
INSERT INTO "neap"."stream"(stream_id, channel_id, title, topic_id, topic, media_info, viewers, created_at, updated_at, ended_at)
    VALUES ('a1da487a-bf9d-40bd-9ddc-17eae22dc336', '1fe5b59d-9962-4141-9b0b-f00d9b6a5fda', 'History?? Yeah, History!', '5f6c7ec0-84ab-4d8e-a2d7-ff1887b55d6e', 'History', '{"width":1280,"height":720,"bitrate":777.17}', 1047, '2015-08-17 11:22:49.461900+0000', '2015-08-17 14:27:23.510300+0000', '2015-08-17 14:52:14.682400+0000');
INSERT INTO "neap"."video"(video_id, stream_id, title, type, description, status, tags, topic_id, topic, media_info, preview, views, created_at, updated_at)
    VALUES ('2a2a3aca-56a1-4fb4-bce0-6c7accb3f174', 'a1da487a-bf9d-40bd-9ddc-17eae22dc336', 'History?? Yeah, History!', 'highlight', 'History?? Yeah, History!', '', '[]', '5f6c7ec0-84ab-4d8e-a2d7-ff1887b55d6e', 'History', '{"width":1280,"height":720,"bitrate":1035.72}', '', '16594', '2015-09-07 00:17:22.102700+0000', '2015-09-07 01:51:52.635400+0000');
INSERT INTO "neap"."video"(video_id, stream_id, title, type, description, status, tags, topic_id, topic, media_info, preview, views, created_at, updated_at)
    VALUES ('98578971-44f8-46fd-b5a1-62a97d559a29', 'a1da487a-bf9d-40bd-9ddc-17eae22dc336', 'History?? Yeah, History!', 'record', 'History?? Yeah, History!', '', '[]', '5f6c7ec0-84ab-4d8e-a2d7-ff1887b55d6e', 'History', '{"width":1280,"height":720,"bitrate":791.86}', '', '15626', '2015-08-19 01:04:42.105700+0000', '2015-08-19 09:11:58.339700+0000');
INSERT INTO "neap"."stream"(stream_id, channel_id, title, topic_id, topic, media_info, viewers, created_at, updated_at, ended_at)
    VALUES ('bde23200-51c9-42d1-802f-4d0a48ab55e2', '1fe5b59d-9962-4141-9b0b-f00d9b6a5fda', 'Biology?? Yeah, Biology!', 'd4f06d27-2693-4552-bd85-d9875651ce39', 'Biology', '{"width":1920,"height":1080,"bitrate":1158.9}', 872, '2015-07-19 08:09:20.309200+0000', '2015-07-19 11:05:27.044900+0000', '2015-07-19 11:34:23.901600+0000');
INSERT INTO "neap"."video"(video_id, stream_id, title, type, description, status, tags, topic_id, topic, media_info, preview, views, created_at, updated_at)
    VALUES ('7aea1234-09fe-497b-83f2-5d2de6556bac', 'bde23200-51c9-42d1-802f-4d0a48ab55e2', 'Biology?? Yeah, Biology!', 'highlight', 'Biology?? Yeah, Biology!', '', '[]', 'd4f06d27-2693-4552-bd85-d9875651ce39', 'Biology', '{"width":1920,"height":1080,"bitrate":1388.79}', '', '37898', '2015-10-02 05:34:49.216200+0000', '2015-10-03 06:04:43.941600+0000');
INSERT INTO "neap"."stream"(stream_id, channel_id, title, topic_id, topic, media_info, viewers, created_at, updated_at, ended_at)
    VALUES ('1f23d5f1-0217-457a-84b5-1fff55bb45f1', '1fe5b59d-9962-4141-9b0b-f00d9b6a5fda', 'Fun with Litterature and Benton', '994391cf-d41e-46f4-b6eb-ce53824e3a0c', 'Litterature', '{"width":1920,"height":1080,"bitrate":2916.54}', 31526, '2015-07-15 01:47:47.563300+0000', '2015-07-15 02:51:29.483300+0000', '2015-07-15 04:00:48.402900+0000');
INSERT INTO "neap"."video"(video_id, stream_id, title, type, description, status, tags, topic_id, topic, media_info, preview, views, created_at, updated_at)
    VALUES ('7fbaec66-847c-4043-a09a-d22166cc237a', '1f23d5f1-0217-457a-84b5-1fff55bb45f1', 'Fun with Litterature and Benton', 'record', 'Fun with Litterature and Benton', '', '[]', '994391cf-d41e-46f4-b6eb-ce53824e3a0c', 'Litterature', '{"width":1920,"height":1080,"bitrate":2287.12}', '', '3009', '2015-08-06 02:43:31.672600+0000', '2015-08-07 03:12:48.196100+0000');
INSERT INTO "neap"."stream"(stream_id, channel_id, title, topic_id, topic, media_info, viewers, created_at, updated_at, ended_at)
    VALUES ('3edd0b36-4631-4fe1-9fa9-b39cc00f4c68', '1fe5b59d-9962-4141-9b0b-f00d9b6a5fda', 'Fun with Photography and Benton', 'e496e832-363e-4228-b518-7fe126ccaa04', 'Photography', '{"width":720,"height":400,"bitrate":629.06}', 1461, '2015-06-13 23:41:07.184400+0000', '2015-06-13 23:43:20.215300+0000', '2015-06-13 23:45:54.612300+0000');
INSERT INTO "neap"."video"(video_id, stream_id, title, type, description, status, tags, topic_id, topic, media_info, preview, views, created_at, updated_at)
    VALUES ('2ad92171-dc36-4b85-9265-c3a65c746135', '3edd0b36-4631-4fe1-9fa9-b39cc00f4c68', 'Fun with Photography and Benton', 'record', 'Fun with Photography and Benton', '', '[]', 'e496e832-363e-4228-b518-7fe126ccaa04', 'Photography', '{"width":720,"height":400,"bitrate":616.83}', '', '22804', '2015-10-23 16:18:03.746900+0000', '2015-10-25 07:47:09.689100+0000');
INSERT INTO "neap"."video"(video_id, stream_id, title, type, description, status, tags, topic_id, topic, media_info, preview, views, created_at, updated_at)
    VALUES ('75203093-2278-44a8-a2be-341f5d82d412', '3edd0b36-4631-4fe1-9fa9-b39cc00f4c68', 'Fun with Photography and Benton', 'record', 'Fun with Photography and Benton', '', '[]', 'e496e832-363e-4228-b518-7fe126ccaa04', 'Photography', '{"width":720,"height":400,"bitrate":641.65}', '', '35439', '2015-08-27 15:27:19.006300+0000', '2015-08-27 19:39:04.569800+0000');
INSERT INTO "neap"."user"(user_id, channel_id, type, username, email, password, display_name, logo, bio, created_at, updated_at)
    VALUES ('301f447a-6f7f-41cd-8df0-beced9b3612d', '39edfa06-ef00-45e7-af86-094508058851', 'user', 'jillian', 'jillian@neap.io', '$2y$10$M1f5a5VNjZBL.gTYm1kicuMhHbgI3s0jKowyrFX6qDSw3PG97X38O', 'Jillian', 'https://gravatar.com/avatar/91e7f1a1339988f643edfa353f24c2f9?s=128&d=identicon', null, '2015-06-27 17:01:34.282200+0000', '2015-10-20 22:04:25.618100+0000');
INSERT INTO "neap"."channel"(channel_id, user_id, chat_id, name, display_name, topic, language, views, followers)
    VALUES ('39edfa06-ef00-45e7-af86-094508058851', '301f447a-6f7f-41cd-8df0-beced9b3612d', 'e954216a-a692-476b-a94f-34f3832f0d7e', 'jillian', 'Jillian Channel', 'Mathematics', 'en', 57906, 50);
INSERT INTO "neap"."chat"(chat_id, channel_id, name)
    VALUES ('e954216a-a692-476b-a94f-34f3832f0d7e', '39edfa06-ef00-45e7-af86-094508058851', 'jillian');
INSERT INTO "neap"."stream"(stream_id, channel_id, title, topic_id, topic, media_info, viewers, created_at, updated_at, ended_at)
    VALUES ('1a956ac8-fb51-4f2d-b4ff-2953d0aa184b', '39edfa06-ef00-45e7-af86-094508058851', 'Jillian goes live!', '994391cf-d41e-46f4-b6eb-ce53824e3a0c', 'Litterature', '{"width":1920,"height":1080,"bitrate":3152.66}', 1135, '2015-08-18 21:32:40.966000+0000', '2015-08-19 03:09:48.312200+0000', '2015-08-19 03:39:28.333300+0000');
INSERT INTO "neap"."video"(video_id, stream_id, title, type, description, status, tags, topic_id, topic, media_info, preview, views, created_at, updated_at)
    VALUES ('8ce0f9c0-5eed-42f5-876d-fe506d0ab540', '1a956ac8-fb51-4f2d-b4ff-2953d0aa184b', 'Jillian goes live!', 'record', 'Jillian goes live!', '', '[]', '994391cf-d41e-46f4-b6eb-ce53824e3a0c', 'Litterature', '{"width":1920,"height":1080,"bitrate":2693.87}', '', '36838', '2015-09-16 11:20:47.578700+0000', '2015-09-18 08:15:12.873900+0000');
INSERT INTO "neap"."video"(video_id, stream_id, title, type, description, status, tags, topic_id, topic, media_info, preview, views, created_at, updated_at)
    VALUES ('6e4b150d-0d49-4815-a590-698744e690c1', '1a956ac8-fb51-4f2d-b4ff-2953d0aa184b', 'Jillian goes live!', 'record', 'Jillian goes live!', '', '[]', '994391cf-d41e-46f4-b6eb-ce53824e3a0c', 'Litterature', '{"width":1920,"height":1080,"bitrate":2340.28}', '', '27552', '2015-09-07 06:33:42.332500+0000', '2015-09-11 07:36:02.739300+0000');
INSERT INTO "neap"."stream"(stream_id, channel_id, title, topic_id, topic, media_info, viewers, created_at, updated_at, ended_at)
    VALUES ('f62ce901-20c2-4134-b7ca-4e92e79b2462', '39edfa06-ef00-45e7-af86-094508058851', 'Jillian goes live!', '5f6c7ec0-84ab-4d8e-a2d7-ff1887b55d6e', 'History', '{"width":1280,"height":720,"bitrate":1279.83}', 1799, '2015-07-22 14:52:04.368100+0000', '2015-07-22 16:28:56.310500+0000', '2015-07-22 16:47:56.973900+0000');
INSERT INTO "neap"."video"(video_id, stream_id, title, type, description, status, tags, topic_id, topic, media_info, preview, views, created_at, updated_at)
    VALUES ('955c66d7-d398-489d-bcd9-574f0475e661', 'f62ce901-20c2-4134-b7ca-4e92e79b2462', 'Jillian goes live!', 'record', 'Jillian goes live!', '', '[]', '5f6c7ec0-84ab-4d8e-a2d7-ff1887b55d6e', 'History', '{"width":1280,"height":720,"bitrate":1059.12}', '', '33890', '2015-08-07 02:57:58.198300+0000', '2015-08-08 01:53:29.145200+0000');
INSERT INTO "neap"."stream"(stream_id, channel_id, title, topic_id, topic, media_info, viewers, created_at, updated_at, ended_at)
    VALUES ('7abd8aed-3610-4a8a-a9f0-7f2dea6799f0', '39edfa06-ef00-45e7-af86-094508058851', 'The origins of Biology', 'd4f06d27-2693-4552-bd85-d9875651ce39', 'Biology', '{"width":720,"height":400,"bitrate":615.63}', 450, '2015-10-05 11:24:35.025600+0000', '2015-10-05 17:16:18.045800+0000', '2015-10-05 17:37:47.531200+0000');
INSERT INTO "neap"."video"(video_id, stream_id, title, type, description, status, tags, topic_id, topic, media_info, preview, views, created_at, updated_at)
    VALUES ('e272ce0b-3b77-4971-90f8-b80676a0dc1d', '7abd8aed-3610-4a8a-a9f0-7f2dea6799f0', 'The origins of Biology', 'highlight', 'The origins of Biology', '', '[]', 'd4f06d27-2693-4552-bd85-d9875651ce39', 'Biology', '{"width":720,"height":400,"bitrate":525.46}', '', '13522', '2015-10-17 11:32:23.228700+0000', '2015-10-18 21:10:53.435300+0000');
INSERT INTO "neap"."stream"(stream_id, channel_id, title, topic_id, topic, media_info, viewers, created_at, updated_at, ended_at)
    VALUES ('ccb45cc5-9583-4475-8d6b-0837a69bc55d', '39edfa06-ef00-45e7-af86-094508058851', 'The origins of Philosophy', '35fa82dc-ed25-47fb-b6cd-58ae8a151f60', 'Philosophy', '{"width":1920,"height":1080,"bitrate":1627.4}', 1509, '2015-07-14 18:21:24.426100+0000', '2015-07-14 19:32:10.133100+0000', '2015-07-14 19:37:32.306700+0000');
INSERT INTO "neap"."user"(user_id, channel_id, type, username, email, password, display_name, logo, bio, created_at, updated_at)
    VALUES ('c3b46239-afe6-4f7a-ba10-72f989abbf95', '45c5fcd3-fda4-4a2c-8c7e-7817c5f944c7', 'user', 'marlee', 'marlee@neap.io', '$2y$10$wmzXd6hz3dY/x3zKuruoouhyDyalW8LJhMBp9lhBVWx7bbGsxIqMi', 'Marlee', 'https://gravatar.com/avatar/c46be09c6ee9dd6dadb71e601df6ccc9?s=128&d=identicon', null, '2015-06-17 12:37:49.399000+0000', '2015-09-01 12:24:52.112000+0000');
INSERT INTO "neap"."channel"(channel_id, user_id, chat_id, name, display_name, topic, language, views, followers)
    VALUES ('45c5fcd3-fda4-4a2c-8c7e-7817c5f944c7', 'c3b46239-afe6-4f7a-ba10-72f989abbf95', 'fe63de36-205b-4f92-a5f7-c86bbae4ab64', 'marlee', 'Marlee Channel', 'Photography', 'en', 34059, 61);
INSERT INTO "neap"."chat"(chat_id, channel_id, name)
    VALUES ('fe63de36-205b-4f92-a5f7-c86bbae4ab64', '45c5fcd3-fda4-4a2c-8c7e-7817c5f944c7', 'marlee');
INSERT INTO "neap"."user"(user_id, channel_id, type, username, email, password, display_name, logo, bio, created_at, updated_at)
    VALUES ('a80bb773-e5eb-4332-ac89-172108ec8e6b', '51019390-fb1c-4b3a-b54d-5c3b333c4e74', 'user', 'sadie', 'sadie@neap.io', '$2y$10$t9Q0.cshTxiY8F/bMNwVwuJiQaryUJgPJyBX3TIxBgnU/nHH6cTfq', 'Sadie', 'https://gravatar.com/avatar/08ed2cdb3ba6bf54a46c152109a9139c?s=128&d=identicon', null, '2015-08-20 09:52:06.915800+0000', '2015-09-09 13:55:47.656100+0000');
INSERT INTO "neap"."channel"(channel_id, user_id, chat_id, name, display_name, topic, language, views, followers)
    VALUES ('51019390-fb1c-4b3a-b54d-5c3b333c4e74', 'a80bb773-e5eb-4332-ac89-172108ec8e6b', 'd19fb128-fb2c-43fa-9b5d-1d70a47b5409', 'sadie', 'Sadie Channel', 'Theology', 'en', 17153, 141);
INSERT INTO "neap"."chat"(chat_id, channel_id, name)
    VALUES ('d19fb128-fb2c-43fa-9b5d-1d70a47b5409', '51019390-fb1c-4b3a-b54d-5c3b333c4e74', 'sadie');
INSERT INTO "neap"."stream"(stream_id, channel_id, title, topic_id, topic, media_info, viewers, created_at, updated_at, ended_at)
    VALUES ('62c3806f-b052-4a43-97a5-21c88ebb30c1', '51019390-fb1c-4b3a-b54d-5c3b333c4e74', 'The origins of Philosophy', '35fa82dc-ed25-47fb-b6cd-58ae8a151f60', 'Philosophy', '{"width":1920,"height":1080,"bitrate":3301.73}', 1061, '2015-09-11 16:58:56.567400+0000', '2015-09-11 18:16:44.100800+0000', '2015-09-11 18:36:21.948900+0000');
INSERT INTO "neap"."video"(video_id, stream_id, title, type, description, status, tags, topic_id, topic, media_info, preview, views, created_at, updated_at)
    VALUES ('56215995-ab1e-4d60-8d4a-5bc6ada4cf87', '62c3806f-b052-4a43-97a5-21c88ebb30c1', 'The origins of Philosophy', 'record', 'The origins of Philosophy', '', '[]', '35fa82dc-ed25-47fb-b6cd-58ae8a151f60', 'Philosophy', '{"width":1920,"height":1080,"bitrate":1853.92}', '', '5358', '2015-10-17 11:25:32.078500+0000', '2015-10-22 03:23:23.573800+0000');
INSERT INTO "neap"."video"(video_id, stream_id, title, type, description, status, tags, topic_id, topic, media_info, preview, views, created_at, updated_at)
    VALUES ('f5ea8698-6326-44b4-b778-f1613a471890', '62c3806f-b052-4a43-97a5-21c88ebb30c1', 'The origins of Philosophy', 'record', 'The origins of Philosophy', '', '[]', '35fa82dc-ed25-47fb-b6cd-58ae8a151f60', 'Philosophy', '{"width":1920,"height":1080,"bitrate":1520.73}', '', '27085', '2015-10-05 05:24:53.981600+0000', '2015-10-09 13:46:10.466800+0000');
INSERT INTO "neap"."stream"(stream_id, channel_id, title, topic_id, topic, media_info, viewers, created_at, updated_at, ended_at)
    VALUES ('3cf2e930-065b-4fd3-8d74-c35c6150a660', '51019390-fb1c-4b3a-b54d-5c3b333c4e74', 'Mathematics?? Yeah, Mathematics!', '284b3091-455d-4476-ae67-442a19d153d4', 'Mathematics', '{"width":720,"height":400,"bitrate":667.53}', 1914, '2015-09-20 20:51:19.738900+0000', '2015-09-20 21:07:23.422300+0000', '2015-09-20 21:11:44.620900+0000');
INSERT INTO "neap"."video"(video_id, stream_id, title, type, description, status, tags, topic_id, topic, media_info, preview, views, created_at, updated_at)
    VALUES ('c4ae76fc-1523-4e16-b789-a6941bd9eda4', '3cf2e930-065b-4fd3-8d74-c35c6150a660', 'Mathematics?? Yeah, Mathematics!', 'highlight', 'Mathematics?? Yeah, Mathematics!', '', '[]', '284b3091-455d-4476-ae67-442a19d153d4', 'Mathematics', '{"width":720,"height":400,"bitrate":644.37}', '', '34867', '2015-09-21 23:00:55.902300+0000', '2015-09-24 15:16:58.331800+0000');
INSERT INTO "neap"."stream"(stream_id, channel_id, title, topic_id, topic, media_info, viewers, created_at, updated_at, ended_at)
    VALUES ('986b3e12-2ca0-4cc0-90f0-1476743d679d', '51019390-fb1c-4b3a-b54d-5c3b333c4e74', 'Today is Photography day', 'e496e832-363e-4228-b518-7fe126ccaa04', 'Photography', '{"width":1280,"height":720,"bitrate":1143.05}', 896, '2015-10-17 09:28:54.665900+0000', '2015-10-17 13:56:39.404600+0000', '2015-10-17 14:02:23.515100+0000');
INSERT INTO "neap"."video"(video_id, stream_id, title, type, description, status, tags, topic_id, topic, media_info, preview, views, created_at, updated_at)
    VALUES ('37b0c5bb-c2f8-4e80-aecd-20db4c239b8c', '986b3e12-2ca0-4cc0-90f0-1476743d679d', 'Today is Photography day', 'record', 'Today is Photography day', '', '[]', 'e496e832-363e-4228-b518-7fe126ccaa04', 'Photography', '{"width":1280,"height":720,"bitrate":1020.99}', '', '13812', '2015-10-20 07:02:21.961200+0000', '2015-10-20 09:04:37.517700+0000');
INSERT INTO "neap"."stream"(stream_id, channel_id, title, topic_id, topic, media_info, viewers, created_at, updated_at, ended_at)
    VALUES ('c52d28eb-04f7-4037-b154-ee821e253f7b', '51019390-fb1c-4b3a-b54d-5c3b333c4e74', 'Fun with Photography and Sadie', 'e496e832-363e-4228-b518-7fe126ccaa04', 'Photography', '{"width":1280,"height":720,"bitrate":1368.02}', 418, '2015-10-02 22:35:17.269500+0000', '2015-10-03 05:49:47.476800+0000', '2015-10-03 05:56:02.417300+0000');
INSERT INTO "neap"."video"(video_id, stream_id, title, type, description, status, tags, topic_id, topic, media_info, preview, views, created_at, updated_at)
    VALUES ('ffef8392-d8b1-420f-87e6-ecf6af8e477d', 'c52d28eb-04f7-4037-b154-ee821e253f7b', 'Fun with Photography and Sadie', 'record', 'Fun with Photography and Sadie', '', '[]', 'e496e832-363e-4228-b518-7fe126ccaa04', 'Photography', '{"width":1280,"height":720,"bitrate":860.49}', '', '5925', '2015-11-01 03:39:42.388400+0000', '2015-11-03 11:16:32.812200+0000');
INSERT INTO "neap"."video"(video_id, stream_id, title, type, description, status, tags, topic_id, topic, media_info, preview, views, created_at, updated_at)
    VALUES ('5360fca6-a07c-488f-94be-b87f0538d9ac', 'c52d28eb-04f7-4037-b154-ee821e253f7b', 'Fun with Photography and Sadie', 'record', 'Fun with Photography and Sadie', '', '[]', 'e496e832-363e-4228-b518-7fe126ccaa04', 'Photography', '{"width":1280,"height":720,"bitrate":993.84}', '', '35151', '2015-10-15 09:54:00.033900+0000', '2015-10-15 17:43:48.146500+0000');
INSERT INTO "neap"."stream"(stream_id, channel_id, title, topic_id, topic, media_info, viewers, created_at, updated_at, ended_at)
    VALUES ('eb70a9be-715b-440d-932d-cb5f852cb225', '51019390-fb1c-4b3a-b54d-5c3b333c4e74', 'Relax stream', 'b369c464-cdea-4356-9d70-1450585652e2', 'Music', '{"width":1280,"height":720,"bitrate":962.87}', 864, '2015-10-09 18:43:11.619600+0000', '2015-10-09 20:58:39.864500+0000', '2015-10-09 21:23:58.528500+0000');
INSERT INTO "neap"."stream"(stream_id, channel_id, title, topic_id, topic, media_info, viewers, created_at, updated_at, ended_at)
    VALUES ('1bf684b1-beef-4b70-850e-0090a194f2a3', '51019390-fb1c-4b3a-b54d-5c3b333c4e74', 'The origins of Astrology', 'e9af2f53-d2dd-4e32-9dea-26d6ac21bcb8', 'Astrology', '{"width":1280,"height":720,"bitrate":1254.75}', 1274, '2015-10-04 10:41:58.673500+0000', '2015-10-04 12:59:09.247000+0000', '2015-10-04 14:31:23.520500+0000');
INSERT INTO "neap"."video"(video_id, stream_id, title, type, description, status, tags, topic_id, topic, media_info, preview, views, created_at, updated_at)
    VALUES ('6286e448-0c56-4fe0-a1d0-7cea508b4aab', '1bf684b1-beef-4b70-850e-0090a194f2a3', 'The origins of Astrology', 'highlight', 'The origins of Astrology', '', '[]', 'e9af2f53-d2dd-4e32-9dea-26d6ac21bcb8', 'Astrology', '{"width":1280,"height":720,"bitrate":994.47}', '', '29741', '2015-10-08 03:43:22.886400+0000', '2015-10-11 17:11:56.399900+0000');
INSERT INTO "neap"."user"(user_id, channel_id, type, username, email, password, display_name, logo, bio, created_at, updated_at)
    VALUES ('447e5ded-f9dd-4ff4-b236-7014600946fb', '23d4b7fa-9dba-4994-884f-c33fe5a35cc7', 'user', 'kelsey', 'kelsey@neap.io', '$2y$10$O4EG8o/eFSrDTSoSmp5CJulDFvU9iV75.Cl3Rd0nOdMRwE4nddGjm', 'Kelsey', 'https://gravatar.com/avatar/d8657e5b38cb4b01310e4e57f974b259?s=128&d=identicon', null, '2015-05-02 00:02:53.413400+0000', '2015-06-19 23:35:09.035000+0000');
INSERT INTO "neap"."channel"(channel_id, user_id, chat_id, name, display_name, topic, language, views, followers)
    VALUES ('23d4b7fa-9dba-4994-884f-c33fe5a35cc7', '447e5ded-f9dd-4ff4-b236-7014600946fb', '6919633f-4001-4090-88dc-634fffd3e269', 'kelsey', 'Kelsey Channel', 'Theology', 'en', 44116, 7);
INSERT INTO "neap"."chat"(chat_id, channel_id, name)
    VALUES ('6919633f-4001-4090-88dc-634fffd3e269', '23d4b7fa-9dba-4994-884f-c33fe5a35cc7', 'kelsey');
INSERT INTO "neap"."user"(user_id, channel_id, type, username, email, password, display_name, logo, bio, created_at, updated_at)
    VALUES ('ab2f66a7-9242-47fa-943e-e6b1f7588598', 'ff6268d1-3c05-4ab7-8316-037cd1a74ae9', 'user', 'judah', 'judah@neap.io', '$2y$10$5Kw.eLcQn73ZBWMaz5SgjejgY2yKZjkunVLlmE8VOnVfc3udBgyxe', 'Judah', 'https://gravatar.com/avatar/e22d31aecce92bcc94bbf289fc96669e?s=128&d=identicon', null, '2015-10-08 15:37:46.713000+0000', '2015-10-20 04:19:26.748600+0000');
INSERT INTO "neap"."channel"(channel_id, user_id, chat_id, name, display_name, topic, language, views, followers)
    VALUES ('ff6268d1-3c05-4ab7-8316-037cd1a74ae9', 'ab2f66a7-9242-47fa-943e-e6b1f7588598', '223a9af7-5dcf-40c9-91f8-7cc296575c63', 'judah', 'Judah Channel', 'Astrology', 'en', 80999, 139);
INSERT INTO "neap"."chat"(chat_id, channel_id, name)
    VALUES ('223a9af7-5dcf-40c9-91f8-7cc296575c63', 'ff6268d1-3c05-4ab7-8316-037cd1a74ae9', 'judah');
INSERT INTO "neap"."user"(user_id, channel_id, type, username, email, password, display_name, logo, bio, created_at, updated_at)
    VALUES ('75047bd2-eab7-4202-80c9-e1f17e3de26c', 'ccd7ea99-ac38-4a3f-b15e-457825c2612a', 'user', 'hadassah', 'hadassah@neap.io', '$2y$10$WaOrLzij1iPsDWHK/lTO8.do.tgr20ShLkrq2yDIkw//O5n7kbFqq', 'Hadassah', 'https://gravatar.com/avatar/94f631cee78ff02c3ee79b93092af9ce?s=128&d=identicon', null, '2015-04-28 16:52:06.815200+0000', '2015-05-08 20:27:27.858300+0000');
INSERT INTO "neap"."channel"(channel_id, user_id, chat_id, name, display_name, topic, language, views, followers)
    VALUES ('ccd7ea99-ac38-4a3f-b15e-457825c2612a', '75047bd2-eab7-4202-80c9-e1f17e3de26c', '693a11a7-ec98-4bff-963b-1ee4d2987a3a', 'hadassah', 'Hadassah Channel', 'Philosophy', 'en', 37145, 131);
INSERT INTO "neap"."chat"(chat_id, channel_id, name)
    VALUES ('693a11a7-ec98-4bff-963b-1ee4d2987a3a', 'ccd7ea99-ac38-4a3f-b15e-457825c2612a', 'hadassah');
INSERT INTO "neap"."stream"(stream_id, channel_id, title, topic_id, topic, media_info, viewers, created_at, updated_at, ended_at)
    VALUES ('7bff609f-1fb8-4b5a-bf19-72b6b29ef4b6', 'ccd7ea99-ac38-4a3f-b15e-457825c2612a', 'The origins of Theology', 'd2ea25fc-eb67-4c63-86d0-58ba2ce51b56', 'Theology', '{"width":720,"height":400,"bitrate":575.57}', 867, '2015-07-12 08:47:29.691700+0000', '2015-07-12 10:15:28.603400+0000', '2015-07-12 10:17:57.433500+0000');
INSERT INTO "neap"."video"(video_id, stream_id, title, type, description, status, tags, topic_id, topic, media_info, preview, views, created_at, updated_at)
    VALUES ('d881775f-9e0f-4739-9972-16f2ad7ed5c8', '7bff609f-1fb8-4b5a-bf19-72b6b29ef4b6', 'The origins of Theology', 'record', 'The origins of Theology', '', '[]', 'd2ea25fc-eb67-4c63-86d0-58ba2ce51b56', 'Theology', '{"width":720,"height":400,"bitrate":541.65}', '', '12988', '2015-10-21 19:10:24.138700+0000', '2015-10-23 17:20:42.864800+0000');
INSERT INTO "neap"."stream"(stream_id, channel_id, title, topic_id, topic, media_info, viewers, created_at, updated_at, ended_at)
    VALUES ('0b4c05d5-4b02-4693-9e0b-43ad887afc74', 'ccd7ea99-ac38-4a3f-b15e-457825c2612a', 'Music?? Yeah, Music!', 'b369c464-cdea-4356-9d70-1450585652e2', 'Music', '{"width":720,"height":400,"bitrate":635.64}', 32461, '2015-08-14 11:15:24.476500+0000', '2015-08-14 15:09:35.247200+0000', '2015-08-14 15:41:36.306400+0000');
INSERT INTO "neap"."video"(video_id, stream_id, title, type, description, status, tags, topic_id, topic, media_info, preview, views, created_at, updated_at)
    VALUES ('b29abbcf-f349-4278-a342-71c06265896e', '0b4c05d5-4b02-4693-9e0b-43ad887afc74', 'Music?? Yeah, Music!', 'highlight', 'Music?? Yeah, Music!', '', '[]', 'b369c464-cdea-4356-9d70-1450585652e2', 'Music', '{"width":720,"height":400,"bitrate":671.16}', '', '32102', '2015-10-26 17:10:09.138900+0000', '2015-10-26 22:11:40.911400+0000');
INSERT INTO "neap"."user"(user_id, channel_id, type, username, email, password, display_name, logo, bio, created_at, updated_at)
    VALUES ('7849e93e-83d9-4ad0-bcff-8120e8261aa4', '5413bad3-54ac-43c9-b8be-74ef4dd4897c', 'user', 'fiona', 'fiona@neap.io', '$2y$10$JBGkc3RNh5N1wtdOn40kUuLRgHTATaa.8ssJysZJqTqV6admQNM5q', 'Fiona', 'https://gravatar.com/avatar/28e87e2ad3b9c5dd647815d0404b9b91?s=128&d=identicon', null, '2015-07-11 19:23:47.487900+0000', '2015-08-25 13:25:09.004100+0000');
INSERT INTO "neap"."channel"(channel_id, user_id, chat_id, name, display_name, topic, language, views, followers)
    VALUES ('5413bad3-54ac-43c9-b8be-74ef4dd4897c', '7849e93e-83d9-4ad0-bcff-8120e8261aa4', 'cea047ff-2c3f-4d3c-9b99-9db3355b2914', 'fiona', 'Fiona Channel', 'History', 'en', 64930, 86);
INSERT INTO "neap"."chat"(chat_id, channel_id, name)
    VALUES ('cea047ff-2c3f-4d3c-9b99-9db3355b2914', '5413bad3-54ac-43c9-b8be-74ef4dd4897c', 'fiona');
INSERT INTO "neap"."stream"(stream_id, channel_id, title, topic_id, topic, media_info, viewers, created_at, updated_at, ended_at)
    VALUES ('4fca5b5d-53ee-4017-841c-0bd8dd528e41', '5413bad3-54ac-43c9-b8be-74ef4dd4897c', 'Fiona goes live!', '48e535f7-dba1-4d59-aac3-4c6cced32d6c', 'Video games', '{"width":1280,"height":720,"bitrate":1461.86}', 61, '2015-10-22 07:33:18.064600+0000', '2015-10-22 14:30:35.708400+0000', '2015-10-22 14:43:43.541800+0000');
INSERT INTO "neap"."video"(video_id, stream_id, title, type, description, status, tags, topic_id, topic, media_info, preview, views, created_at, updated_at)
    VALUES ('2a9db000-004b-46f0-ba29-3dee9a2f8bd4', '4fca5b5d-53ee-4017-841c-0bd8dd528e41', 'Fiona goes live!', 'record', 'Fiona goes live!', '', '[]', '48e535f7-dba1-4d59-aac3-4c6cced32d6c', 'Video games', '{"width":1280,"height":720,"bitrate":1429.91}', '', '29157', '2015-10-28 03:44:52.693700+0000', '2015-10-30 07:05:07.522600+0000');
INSERT INTO "neap"."stream"(stream_id, channel_id, title, topic_id, topic, media_info, viewers, created_at, updated_at, ended_at)
    VALUES ('306c7e99-caa5-46e0-bcb1-43fbca400466', '5413bad3-54ac-43c9-b8be-74ef4dd4897c', 'Come on and have fun with Fiona!', 'd2ea25fc-eb67-4c63-86d0-58ba2ce51b56', 'Theology', '{"width":1920,"height":1080,"bitrate":2139.78}', 166, '2015-09-18 06:46:11.096800+0000', '2015-09-18 07:10:19.858600+0000', '2015-09-18 07:11:15.256400+0000');
INSERT INTO "neap"."video"(video_id, stream_id, title, type, description, status, tags, topic_id, topic, media_info, preview, views, created_at, updated_at)
    VALUES ('11abfe9c-8022-4717-90f9-3f6257777a4a', '306c7e99-caa5-46e0-bcb1-43fbca400466', 'Come on and have fun with Fiona!', 'record', 'Come on and have fun with Fiona!', '', '[]', 'd2ea25fc-eb67-4c63-86d0-58ba2ce51b56', 'Theology', '{"width":1920,"height":1080,"bitrate":2805.62}', '', '9002', '2015-10-03 01:27:35.316500+0000', '2015-10-05 23:00:49.617500+0000');
INSERT INTO "neap"."stream"(stream_id, channel_id, title, topic_id, topic, media_info, viewers, created_at, updated_at, ended_at)
    VALUES ('6466891b-5975-4aaa-8259-8e47081de98e', '5413bad3-54ac-43c9-b8be-74ef4dd4897c', 'Relax stream', 'b369c464-cdea-4356-9d70-1450585652e2', 'Music', '{"width":1920,"height":1080,"bitrate":3408.71}', 792, '2015-08-25 14:18:31.333700+0000', '2015-08-25 14:23:36.786200+0000', '2015-08-25 15:05:13.049200+0000');
INSERT INTO "neap"."stream"(stream_id, channel_id, title, topic_id, topic, media_info, viewers, created_at, updated_at, ended_at)
    VALUES ('8e2d1bd3-862e-4f0c-8495-e5d2bbf5970a', '5413bad3-54ac-43c9-b8be-74ef4dd4897c', 'Relax stream', '1cae4612-f178-4a0e-b3af-343a88b99638', 'Science', '{"width":720,"height":400,"bitrate":628.88}', 335, '2015-07-15 13:47:50.468100+0000', '2015-07-15 17:55:13.131500+0000', '2015-07-15 17:59:39.123100+0000');
INSERT INTO "neap"."video"(video_id, stream_id, title, type, description, status, tags, topic_id, topic, media_info, preview, views, created_at, updated_at)
    VALUES ('4a717b65-056e-460a-94f1-a1546e4c9fab', '8e2d1bd3-862e-4f0c-8495-e5d2bbf5970a', 'Relax stream', 'highlight', 'Relax stream', '', '[]', '1cae4612-f178-4a0e-b3af-343a88b99638', 'Science', '{"width":720,"height":400,"bitrate":594.86}', '', '9693', '2015-07-15 15:46:05.955000+0000', '2015-07-16 08:16:55.330700+0000');
INSERT INTO "neap"."user"(user_id, channel_id, type, username, email, password, display_name, logo, bio, created_at, updated_at)
    VALUES ('2c2d2b77-eff9-4e4f-bd21-2bcb0823a380', '156dab88-ba31-44f6-8194-76c60c7fcf52', 'user', 'macey', 'macey@neap.io', '$2y$10$4q6yHJisd.wbxy1wotgfTOLa0l6k5P00yKWjFs4Zgunjjy3sEOFnG', 'Macey', 'https://gravatar.com/avatar/94ddbd1aee988984c236b01c081e77ff?s=128&d=identicon', null, '2015-03-21 17:57:39.020700+0000', '2015-04-15 19:13:39.896200+0000');
INSERT INTO "neap"."channel"(channel_id, user_id, chat_id, name, display_name, topic, language, views, followers)
    VALUES ('156dab88-ba31-44f6-8194-76c60c7fcf52', '2c2d2b77-eff9-4e4f-bd21-2bcb0823a380', '94a15405-c11d-4a1a-9425-44b3830e6cf0', 'macey', 'Macey Channel', 'Biology', 'en', 47953, 130);
INSERT INTO "neap"."chat"(chat_id, channel_id, name)
    VALUES ('94a15405-c11d-4a1a-9425-44b3830e6cf0', '156dab88-ba31-44f6-8194-76c60c7fcf52', 'macey');
INSERT INTO "neap"."stream"(stream_id, channel_id, title, topic_id, topic, media_info, viewers, created_at, updated_at, ended_at)
    VALUES ('42e2e3a1-7c1b-4852-81ab-3ffc67e729f6', '156dab88-ba31-44f6-8194-76c60c7fcf52', 'Relax stream', 'e9af2f53-d2dd-4e32-9dea-26d6ac21bcb8', 'Astrology', '{"width":1280,"height":720,"bitrate":783.11}', 619, '2015-04-06 03:52:46.749000+0000', '2015-04-06 04:51:19.948700+0000', '2015-04-06 06:10:25.044400+0000');
INSERT INTO "neap"."video"(video_id, stream_id, title, type, description, status, tags, topic_id, topic, media_info, preview, views, created_at, updated_at)
    VALUES ('e9bde637-c69e-4e5a-bb1f-5c57cefb0fcd', '42e2e3a1-7c1b-4852-81ab-3ffc67e729f6', 'Relax stream', 'record', 'Relax stream', '', '[]', 'e9af2f53-d2dd-4e32-9dea-26d6ac21bcb8', 'Astrology', '{"width":1280,"height":720,"bitrate":1408.38}', '', '25774', '2015-05-10 05:42:41.237100+0000', '2015-05-10 22:37:44.690300+0000');
INSERT INTO "neap"."stream"(stream_id, channel_id, title, topic_id, topic, media_info, viewers, created_at, updated_at, ended_at)
    VALUES ('0c143590-0c82-4d99-b1b2-a8109b853180', '156dab88-ba31-44f6-8194-76c60c7fcf52', 'Fun with Mathematics and Macey', '284b3091-455d-4476-ae67-442a19d153d4', 'Mathematics', '{"width":720,"height":400,"bitrate":726.44}', 324, '2015-10-19 16:00:48.970200+0000', '2015-10-19 17:36:09.651300+0000', '2015-10-19 18:07:49.930000+0000');
INSERT INTO "neap"."video"(video_id, stream_id, title, type, description, status, tags, topic_id, topic, media_info, preview, views, created_at, updated_at)
    VALUES ('6d186ed6-9725-4925-a51e-73206bfce1ea', '0c143590-0c82-4d99-b1b2-a8109b853180', 'Fun with Mathematics and Macey', 'highlight', 'Fun with Mathematics and Macey', '', '[]', '284b3091-455d-4476-ae67-442a19d153d4', 'Mathematics', '{"width":720,"height":400,"bitrate":707.84}', '', '4110', '2015-10-26 00:41:35.830800+0000', '2015-10-29 14:58:22.753400+0000');
INSERT INTO "neap"."stream"(stream_id, channel_id, title, topic_id, topic, media_info, viewers, created_at, updated_at, ended_at)
    VALUES ('84060d4e-6156-42f9-8957-15d107e12487', '156dab88-ba31-44f6-8194-76c60c7fcf52', 'Astrology?? Yeah, Astrology!', 'e9af2f53-d2dd-4e32-9dea-26d6ac21bcb8', 'Astrology', '{"width":1920,"height":1080,"bitrate":2322.71}', 340, '2015-05-29 01:50:39.520800+0000', '2015-05-29 04:24:53.749200+0000', '2015-05-29 04:45:07.719700+0000');
INSERT INTO "neap"."video"(video_id, stream_id, title, type, description, status, tags, topic_id, topic, media_info, preview, views, created_at, updated_at)
    VALUES ('0cfb35df-9d49-43aa-852c-caeedc90c6fc', '84060d4e-6156-42f9-8957-15d107e12487', 'Astrology?? Yeah, Astrology!', 'record', 'Astrology?? Yeah, Astrology!', '', '[]', 'e9af2f53-d2dd-4e32-9dea-26d6ac21bcb8', 'Astrology', '{"width":1920,"height":1080,"bitrate":1981.42}', '', '8371', '2015-10-26 02:20:26.402400+0000', '2015-10-30 20:08:15.230500+0000');
INSERT INTO "neap"."stream"(stream_id, channel_id, title, topic_id, topic, media_info, viewers, created_at, updated_at, ended_at)
    VALUES ('c476a32e-72d2-4e41-a75a-a53cfe065d51', '156dab88-ba31-44f6-8194-76c60c7fcf52', 'Macey goes live!', '48e535f7-dba1-4d59-aac3-4c6cced32d6c', 'Video games', '{"width":1920,"height":1080,"bitrate":2301.15}', 774, '2015-08-19 13:17:29.390500+0000', '2015-08-19 13:26:29.965600+0000', '2015-08-19 15:02:58.850600+0000');
INSERT INTO "neap"."video"(video_id, stream_id, title, type, description, status, tags, topic_id, topic, media_info, preview, views, created_at, updated_at)
    VALUES ('687bf43d-bc02-4c03-adc2-e17129bff94d', 'c476a32e-72d2-4e41-a75a-a53cfe065d51', 'Macey goes live!', 'record', 'Macey goes live!', '', '[]', '48e535f7-dba1-4d59-aac3-4c6cced32d6c', 'Video games', '{"width":1920,"height":1080,"bitrate":2644.75}', '', '33202', '2015-09-05 06:35:28.882800+0000', '2015-09-06 17:39:05.403500+0000');
INSERT INTO "neap"."stream"(stream_id, channel_id, title, topic_id, topic, media_info, viewers, created_at, updated_at, ended_at)
    VALUES ('8ab7b027-6491-4ab1-a2e6-73eaccf68a22', '156dab88-ba31-44f6-8194-76c60c7fcf52', 'Macey goes live!', 'b369c464-cdea-4356-9d70-1450585652e2', 'Music', '{"width":1280,"height":720,"bitrate":933.69}', 1942, '2015-05-02 11:03:38.406500+0000', '2015-05-02 11:16:12.046300+0000', '2015-05-02 11:36:47.509100+0000');
INSERT INTO "neap"."user"(user_id, channel_id, type, username, email, password, display_name, logo, bio, created_at, updated_at)
    VALUES ('70a43688-4496-4da7-aa23-e60388adcdc9', '68c5a188-0db0-44b9-833c-a6842156f446', 'user', 'khalil', 'khalil@neap.io', '$2y$10$JrRfL09PRHdQUuRUvgH91u3Bk27aI2eP77gnjr42nl3RQhjpW5czq', 'Khalil', 'https://gravatar.com/avatar/0fa83f4c56bd685ededb9915dd27581b?s=128&d=identicon', null, '2015-07-09 23:43:42.844900+0000', '2015-10-24 12:39:26.218000+0000');
INSERT INTO "neap"."channel"(channel_id, user_id, chat_id, name, display_name, topic, language, views, followers)
    VALUES ('68c5a188-0db0-44b9-833c-a6842156f446', '70a43688-4496-4da7-aa23-e60388adcdc9', '42306956-8e33-4d81-bf51-aaab68f09bbc', 'khalil', 'Khalil Channel', 'Music', 'en', 5177, 2);
INSERT INTO "neap"."chat"(chat_id, channel_id, name)
    VALUES ('42306956-8e33-4d81-bf51-aaab68f09bbc', '68c5a188-0db0-44b9-833c-a6842156f446', 'khalil');
INSERT INTO "neap"."stream"(stream_id, channel_id, title, topic_id, topic, media_info, viewers, created_at, updated_at, ended_at)
    VALUES ('50eabd30-86cc-4523-8e39-46b17c05c3a3', '68c5a188-0db0-44b9-833c-a6842156f446', 'Relax stream', '1cae4612-f178-4a0e-b3af-343a88b99638', 'Science', '{"width":720,"height":400,"bitrate":771.45}', 70245, '2015-08-26 14:18:49.644700+0000', '2015-08-26 21:28:36.462400+0000', '2015-08-26 21:50:40.968600+0000');
INSERT INTO "neap"."video"(video_id, stream_id, title, type, description, status, tags, topic_id, topic, media_info, preview, views, created_at, updated_at)
    VALUES ('77a12d13-1704-4ccd-bb86-b9d08d3e3fc3', '50eabd30-86cc-4523-8e39-46b17c05c3a3', 'Relax stream', 'record', 'Relax stream', '', '[]', '1cae4612-f178-4a0e-b3af-343a88b99638', 'Science', '{"width":720,"height":400,"bitrate":524.78}', '', '15513', '2015-10-16 04:07:46.145800+0000', '2015-10-20 04:59:51.533000+0000');
INSERT INTO "neap"."video"(video_id, stream_id, title, type, description, status, tags, topic_id, topic, media_info, preview, views, created_at, updated_at)
    VALUES ('f69235c1-c702-42e8-8f91-c1c1a2a03deb', '50eabd30-86cc-4523-8e39-46b17c05c3a3', 'Relax stream', 'record', 'Relax stream', '', '[]', '1cae4612-f178-4a0e-b3af-343a88b99638', 'Science', '{"width":720,"height":400,"bitrate":521.71}', '', '27820', '2015-09-04 16:54:34.929100+0000', '2015-09-09 14:46:22.776000+0000');
INSERT INTO "neap"."stream"(stream_id, channel_id, title, topic_id, topic, media_info, viewers, created_at, updated_at, ended_at)
    VALUES ('829287e9-a4dd-4419-abf4-65cca061c572', '68c5a188-0db0-44b9-833c-a6842156f446', 'Khalil goes live!', 'd2ea25fc-eb67-4c63-86d0-58ba2ce51b56', 'Theology', '{"width":1920,"height":1080,"bitrate":2688.86}', 582, '2015-09-06 01:37:45.371700+0000', '2015-09-06 03:43:19.514000+0000', '2015-09-06 03:44:02.884100+0000');
INSERT INTO "neap"."video"(video_id, stream_id, title, type, description, status, tags, topic_id, topic, media_info, preview, views, created_at, updated_at)
    VALUES ('a42d0f68-39db-4c6d-8ef0-8d9cbc33d7bf', '829287e9-a4dd-4419-abf4-65cca061c572', 'Khalil goes live!', 'highlight', 'Khalil goes live!', '', '[]', 'd2ea25fc-eb67-4c63-86d0-58ba2ce51b56', 'Theology', '{"width":1920,"height":1080,"bitrate":2582.91}', '', '17330', '2015-10-27 00:31:24.263000+0000', '2015-10-29 18:40:55.850900+0000');
INSERT INTO "neap"."video"(video_id, stream_id, title, type, description, status, tags, topic_id, topic, media_info, preview, views, created_at, updated_at)
    VALUES ('f2c0b439-abf5-4352-b737-be16d6c005f8', '829287e9-a4dd-4419-abf4-65cca061c572', 'Khalil goes live!', 'record', 'Khalil goes live!', '', '[]', 'd2ea25fc-eb67-4c63-86d0-58ba2ce51b56', 'Theology', '{"width":1920,"height":1080,"bitrate":3381}', '', '14275', '2015-10-18 22:42:14.890500+0000', '2015-10-20 21:04:42.784200+0000');
INSERT INTO "neap"."stream"(stream_id, channel_id, title, topic_id, topic, media_info, viewers, created_at, updated_at, ended_at)
    VALUES ('557ec59e-cb84-4726-8d4d-55c175394607', '68c5a188-0db0-44b9-833c-a6842156f446', 'Come on and have fun with Khalil!', 'd4f06d27-2693-4552-bd85-d9875651ce39', 'Biology', '{"width":1280,"height":720,"bitrate":938.98}', 88438, '2015-08-14 02:18:07.754200+0000', '2015-08-14 02:29:33.809500+0000', '2015-08-14 03:03:29.872800+0000');
INSERT INTO "neap"."user"(user_id, channel_id, type, username, email, password, display_name, logo, bio, created_at, updated_at)
    VALUES ('21be0be7-978f-4617-819a-c17fa7256c19', '52823f7b-d220-4660-b86d-87f71c06e8cd', 'user', 'leanna', 'leanna@neap.io', '$2y$10$nZc2OR/YRMCqi23SLt3lMOhxzsNFf6lpdFZ/.K09dRTvB7v4lIxWW', 'Leanna', 'https://gravatar.com/avatar/c6777067ca0517bca8068524723a8445?s=128&d=identicon', null, '2015-03-18 15:40:35.710100+0000', '2015-09-30 18:16:58.344600+0000');
INSERT INTO "neap"."channel"(channel_id, user_id, chat_id, name, display_name, topic, language, views, followers)
    VALUES ('52823f7b-d220-4660-b86d-87f71c06e8cd', '21be0be7-978f-4617-819a-c17fa7256c19', 'a55879b3-5d19-4a81-9541-f3bfc825ba30', 'leanna', 'Leanna Channel', 'Video games', 'en', 13685, 128);
INSERT INTO "neap"."chat"(chat_id, channel_id, name)
    VALUES ('a55879b3-5d19-4a81-9541-f3bfc825ba30', '52823f7b-d220-4660-b86d-87f71c06e8cd', 'leanna');
INSERT INTO "neap"."stream"(stream_id, channel_id, title, topic_id, topic, media_info, viewers, created_at, updated_at, ended_at)
    VALUES ('4e552ef1-07ba-4447-93ed-5189102d5a3b', '52823f7b-d220-4660-b86d-87f71c06e8cd', 'The origins of Science', '1cae4612-f178-4a0e-b3af-343a88b99638', 'Science', '{"width":1920,"height":1080,"bitrate":1661.23}', 1318, '2015-09-02 22:30:47.541300+0000', '2015-09-02 23:42:59.904400+0000', '2015-09-02 23:43:17.205500+0000');
INSERT INTO "neap"."video"(video_id, stream_id, title, type, description, status, tags, topic_id, topic, media_info, preview, views, created_at, updated_at)
    VALUES ('ddf9efd3-0c14-4ab5-816c-768eec10aa7c', '4e552ef1-07ba-4447-93ed-5189102d5a3b', 'The origins of Science', 'record', 'The origins of Science', '', '[]', '1cae4612-f178-4a0e-b3af-343a88b99638', 'Science', '{"width":1920,"height":1080,"bitrate":1946.26}', '', '26319', '2015-09-30 13:12:15.334400+0000', '2015-10-01 04:09:28.005600+0000');
INSERT INTO "neap"."stream"(stream_id, channel_id, title, topic_id, topic, media_info, viewers, created_at, updated_at, ended_at)
    VALUES ('c1b85beb-7b8d-4caa-b64c-7b05925c9171', '52823f7b-d220-4660-b86d-87f71c06e8cd', 'Come on and have fun with Leanna!', 'd4f06d27-2693-4552-bd85-d9875651ce39', 'Biology', '{"width":720,"height":400,"bitrate":520.3}', 299, '2015-10-25 05:28:56.693100+0000', '2015-10-25 09:46:23.555800+0000', '2015-10-25 11:12:19.885500+0000');
INSERT INTO "neap"."video"(video_id, stream_id, title, type, description, status, tags, topic_id, topic, media_info, preview, views, created_at, updated_at)
    VALUES ('d7cd9ff6-e9ac-4d18-a05e-1296449ecaf7', 'c1b85beb-7b8d-4caa-b64c-7b05925c9171', 'Come on and have fun with Leanna!', 'record', 'Come on and have fun with Leanna!', '', '[]', 'd4f06d27-2693-4552-bd85-d9875651ce39', 'Biology', '{"width":720,"height":400,"bitrate":674.54}', '', '9355', '2015-10-28 20:13:33.106200+0000', '2015-10-30 10:20:38.650000+0000');
INSERT INTO "neap"."stream"(stream_id, channel_id, title, topic_id, topic, media_info, viewers, created_at, updated_at, ended_at)
    VALUES ('88b89c41-ed3a-483e-9226-cf00390eaffd', '52823f7b-d220-4660-b86d-87f71c06e8cd', 'Fun with Music and Leanna', 'b369c464-cdea-4356-9d70-1450585652e2', 'Music', '{"width":720,"height":400,"bitrate":703.96}', 1960, '2015-09-29 11:51:17.983400+0000', '2015-09-29 15:15:29.528000+0000', '2015-09-29 16:39:34.319000+0000');
INSERT INTO "neap"."stream"(stream_id, channel_id, title, topic_id, topic, media_info, viewers, created_at, updated_at, ended_at)
    VALUES ('5eb33f02-d79c-4b00-a046-62a91597dac1', '52823f7b-d220-4660-b86d-87f71c06e8cd', 'The origins of History', '5f6c7ec0-84ab-4d8e-a2d7-ff1887b55d6e', 'History', '{"width":720,"height":400,"bitrate":624.85}', 1819, '2015-10-25 20:39:53.538100+0000', '2015-10-25 20:57:45.418600+0000', '2015-10-25 21:15:05.666900+0000');
INSERT INTO "neap"."video"(video_id, stream_id, title, type, description, status, tags, topic_id, topic, media_info, preview, views, created_at, updated_at)
    VALUES ('31c5ec5a-c9bd-414d-a961-ff161f59cd20', '5eb33f02-d79c-4b00-a046-62a91597dac1', 'The origins of History', 'record', 'The origins of History', '', '[]', '5f6c7ec0-84ab-4d8e-a2d7-ff1887b55d6e', 'History', '{"width":720,"height":400,"bitrate":735.79}', '', '14373', '2015-10-29 07:19:55.634800+0000', '2015-11-01 06:19:18.163600+0000');
INSERT INTO "neap"."stream"(stream_id, channel_id, title, topic_id, topic, media_info, viewers, created_at, updated_at, ended_at)
    VALUES ('2cc726a8-2ddf-4baa-a373-0bd087beb1c4', '52823f7b-d220-4660-b86d-87f71c06e8cd', 'Fun with History and Leanna', '5f6c7ec0-84ab-4d8e-a2d7-ff1887b55d6e', 'History', '{"width":1280,"height":720,"bitrate":961.9}', 717, '2015-07-12 03:13:29.713400+0000', '2015-07-12 08:06:31.138000+0000', '2015-07-12 09:25:21.643500+0000');
INSERT INTO "neap"."video"(video_id, stream_id, title, type, description, status, tags, topic_id, topic, media_info, preview, views, created_at, updated_at)
    VALUES ('9edaa7a4-9bdd-47d2-8d51-bed76142563f', '2cc726a8-2ddf-4baa-a373-0bd087beb1c4', 'Fun with History and Leanna', 'record', 'Fun with History and Leanna', '', '[]', '5f6c7ec0-84ab-4d8e-a2d7-ff1887b55d6e', 'History', '{"width":1280,"height":720,"bitrate":1416.78}', '', '30922', '2015-08-17 16:53:20.584000+0000', '2015-08-19 04:44:30.167000+0000');
INSERT INTO "neap"."video"(video_id, stream_id, title, type, description, status, tags, topic_id, topic, media_info, preview, views, created_at, updated_at)
    VALUES ('fffc4b66-b2c1-481c-879f-936d49d89f1b', '2cc726a8-2ddf-4baa-a373-0bd087beb1c4', 'Fun with History and Leanna', 'highlight', 'Fun with History and Leanna', '', '[]', '5f6c7ec0-84ab-4d8e-a2d7-ff1887b55d6e', 'History', '{"width":1280,"height":720,"bitrate":1490.33}', '', '34761', '2015-07-28 10:19:11.590400+0000', '2015-07-29 03:57:30.839700+0000');
INSERT INTO "neap"."user"(user_id, channel_id, type, username, email, password, display_name, logo, bio, created_at, updated_at)
    VALUES ('d0c5ab02-c657-4a68-b22a-30e6d87e3929', '41aaaecf-2da0-4214-a6cd-50c53c64db70', 'user', 'leland', 'leland@neap.io', '$2y$10$tVk/Jfv1xTqBknQsOwusaeSpvmF2pFng.Cc6XYvQFRtmjpfsL5cNW', 'Leland', 'https://gravatar.com/avatar/4eaae4dbbd6fc29c61f653188391f5c2?s=128&d=identicon', null, '2015-06-05 21:09:10.091800+0000', '2015-06-09 18:50:34.197700+0000');
INSERT INTO "neap"."channel"(channel_id, user_id, chat_id, name, display_name, topic, language, views, followers)
    VALUES ('41aaaecf-2da0-4214-a6cd-50c53c64db70', 'd0c5ab02-c657-4a68-b22a-30e6d87e3929', '13e87621-b945-480a-951f-9fbdba104b28', 'leland', 'Leland Channel', 'Science', 'en', 99072, 94);
INSERT INTO "neap"."chat"(chat_id, channel_id, name)
    VALUES ('13e87621-b945-480a-951f-9fbdba104b28', '41aaaecf-2da0-4214-a6cd-50c53c64db70', 'leland');
INSERT INTO "neap"."stream"(stream_id, channel_id, title, topic_id, topic, media_info, viewers, created_at, updated_at, ended_at)
    VALUES ('b500b6de-46a5-4c0f-a5d6-ea54a84199fa', '41aaaecf-2da0-4214-a6cd-50c53c64db70', 'Fun with Mathematics and Leland', '284b3091-455d-4476-ae67-442a19d153d4', 'Mathematics', '{"width":1280,"height":720,"bitrate":890.38}', 113, '2015-06-17 21:44:05.959000+0000', '2015-06-18 00:50:55.148600+0000', '2015-06-18 02:02:23.534300+0000');
INSERT INTO "neap"."video"(video_id, stream_id, title, type, description, status, tags, topic_id, topic, media_info, preview, views, created_at, updated_at)
    VALUES ('472bcd2c-edc2-4b8f-a1f8-0996438859bc', 'b500b6de-46a5-4c0f-a5d6-ea54a84199fa', 'Fun with Mathematics and Leland', 'record', 'Fun with Mathematics and Leland', '', '[]', '284b3091-455d-4476-ae67-442a19d153d4', 'Mathematics', '{"width":1280,"height":720,"bitrate":1007.61}', '', '25046', '2015-07-01 22:51:51.354600+0000', '2015-07-03 04:19:44.514900+0000');
INSERT INTO "neap"."stream"(stream_id, channel_id, title, topic_id, topic, media_info, viewers, created_at, updated_at, ended_at)
    VALUES ('0befe86f-0219-4156-bfd8-1349062f4fa5', '41aaaecf-2da0-4214-a6cd-50c53c64db70', 'Music?? Yeah, Music!', 'b369c464-cdea-4356-9d70-1450585652e2', 'Music', '{"width":1280,"height":720,"bitrate":856.94}', 248, '2015-07-05 16:28:05.869300+0000', '2015-07-05 18:36:16.961000+0000', '2015-07-05 18:49:15.685300+0000');
INSERT INTO "neap"."video"(video_id, stream_id, title, type, description, status, tags, topic_id, topic, media_info, preview, views, created_at, updated_at)
    VALUES ('267967ed-8e07-478d-902e-3e69e996f24d', '0befe86f-0219-4156-bfd8-1349062f4fa5', 'Music?? Yeah, Music!', 'record', 'Music?? Yeah, Music!', '', '[]', 'b369c464-cdea-4356-9d70-1450585652e2', 'Music', '{"width":1280,"height":720,"bitrate":1259.31}', '', '11322', '2015-10-29 20:58:47.317100+0000', '2015-10-30 17:48:46.249200+0000');
INSERT INTO "neap"."stream"(stream_id, channel_id, title, topic_id, topic, media_info, viewers, created_at, updated_at, ended_at)
    VALUES ('c876c97a-3b7a-4d5f-bc2b-722c47b18345', '41aaaecf-2da0-4214-a6cd-50c53c64db70', 'Come on and have fun with Leland!', 'd2ea25fc-eb67-4c63-86d0-58ba2ce51b56', 'Theology', '{"width":1920,"height":1080,"bitrate":1538.7}', 65123, '2015-10-17 00:01:56.516100+0000', '2015-10-17 00:06:34.862800+0000', '2015-10-17 01:00:21.049400+0000');
INSERT INTO "neap"."video"(video_id, stream_id, title, type, description, status, tags, topic_id, topic, media_info, preview, views, created_at, updated_at)
    VALUES ('1bfc6a10-c93a-412d-9ae6-6470a57c3e8f', 'c876c97a-3b7a-4d5f-bc2b-722c47b18345', 'Come on and have fun with Leland!', 'record', 'Come on and have fun with Leland!', '', '[]', 'd2ea25fc-eb67-4c63-86d0-58ba2ce51b56', 'Theology', '{"width":1920,"height":1080,"bitrate":3184.42}', '', '17827', '2015-10-19 11:31:57.597200+0000', '2015-10-20 13:33:23.443200+0000');
INSERT INTO "neap"."video"(video_id, stream_id, title, type, description, status, tags, topic_id, topic, media_info, preview, views, created_at, updated_at)
    VALUES ('9e3a9b38-ff95-41d7-93ee-59065b6ce392', 'c876c97a-3b7a-4d5f-bc2b-722c47b18345', 'Come on and have fun with Leland!', 'record', 'Come on and have fun with Leland!', '', '[]', 'd2ea25fc-eb67-4c63-86d0-58ba2ce51b56', 'Theology', '{"width":1920,"height":1080,"bitrate":2617.83}', '', '38262', '2015-10-31 19:13:26.616800+0000', '2015-11-01 03:55:58.923600+0000');
INSERT INTO "neap"."stream"(stream_id, channel_id, title, topic_id, topic, media_info, viewers, created_at, updated_at, ended_at)
    VALUES ('ede03e5f-59fd-4d19-af36-5d838ee05a15', '41aaaecf-2da0-4214-a6cd-50c53c64db70', 'The origins of Science', '1cae4612-f178-4a0e-b3af-343a88b99638', 'Science', '{"width":720,"height":400,"bitrate":763.03}', 316, '2015-06-25 04:11:58.847700+0000', '2015-06-25 07:09:34.682500+0000', '2015-06-25 07:31:17.781700+0000');
INSERT INTO "neap"."video"(video_id, stream_id, title, type, description, status, tags, topic_id, topic, media_info, preview, views, created_at, updated_at)
    VALUES ('8008f8a7-3dae-491b-b1e3-183b0bfa2688', 'ede03e5f-59fd-4d19-af36-5d838ee05a15', 'The origins of Science', 'record', 'The origins of Science', '', '[]', '1cae4612-f178-4a0e-b3af-343a88b99638', 'Science', '{"width":720,"height":400,"bitrate":665.15}', '', '333', '2015-07-14 09:52:43.959900+0000', '2015-07-16 14:56:02.404800+0000');
INSERT INTO "neap"."stream"(stream_id, channel_id, title, topic_id, topic, media_info, viewers, created_at, updated_at, ended_at)
    VALUES ('6a930edf-83bb-4fdf-a890-a389eba41d90', '41aaaecf-2da0-4214-a6cd-50c53c64db70', 'Theology?? Yeah, Theology!', 'd2ea25fc-eb67-4c63-86d0-58ba2ce51b56', 'Theology', '{"width":1280,"height":720,"bitrate":918.23}', 35777, '2015-06-28 17:17:57.655200+0000', '2015-06-28 17:20:50.416000+0000', '2015-06-28 18:58:11.833800+0000');
INSERT INTO "neap"."video"(video_id, stream_id, title, type, description, status, tags, topic_id, topic, media_info, preview, views, created_at, updated_at)
    VALUES ('a3ef76bf-8a7f-4fc1-85ab-56a9c4d33c65', '6a930edf-83bb-4fdf-a890-a389eba41d90', 'Theology?? Yeah, Theology!', 'record', 'Theology?? Yeah, Theology!', '', '[]', 'd2ea25fc-eb67-4c63-86d0-58ba2ce51b56', 'Theology', '{"width":1280,"height":720,"bitrate":1393.2}', '', '4005', '2015-07-14 23:18:19.946500+0000', '2015-07-17 08:50:05.735300+0000');
INSERT INTO "neap"."stream"(stream_id, channel_id, title, topic_id, topic, media_info, viewers, created_at, updated_at, ended_at)
    VALUES ('74c0ee48-5292-496e-b900-a7cad795a00f', '41aaaecf-2da0-4214-a6cd-50c53c64db70', 'The origins of Litterature', '994391cf-d41e-46f4-b6eb-ce53824e3a0c', 'Litterature', '{"width":1920,"height":1080,"bitrate":1566.04}', 1986, '2015-06-30 00:40:58.563700+0000', '2015-06-30 03:03:02.149400+0000', '2015-06-30 03:43:15.383300+0000');
INSERT INTO "neap"."stream"(stream_id, channel_id, title, topic_id, topic, media_info, viewers, created_at, updated_at, ended_at)
    VALUES ('3cd7086b-9c51-43f7-9fc6-6456723445c9', '41aaaecf-2da0-4214-a6cd-50c53c64db70', 'The origins of Mathematics', '284b3091-455d-4476-ae67-442a19d153d4', 'Mathematics', '{"width":1280,"height":720,"bitrate":1096.16}', 593, '2015-07-10 06:14:33.122700+0000', '2015-07-10 08:19:55.863000+0000', '2015-07-10 08:54:08.309100+0000');
INSERT INTO "neap"."stream"(stream_id, channel_id, title, topic_id, topic, media_info, viewers, created_at, updated_at, ended_at)
    VALUES ('5e69481a-2892-40a1-97a1-d0933b398c00', '41aaaecf-2da0-4214-a6cd-50c53c64db70', 'Relax stream', '994391cf-d41e-46f4-b6eb-ce53824e3a0c', 'Litterature', '{"width":1280,"height":720,"bitrate":1186.22}', 75349, '2015-07-15 19:50:18.024500+0000', '2015-07-16 02:12:10.699200+0000', '2015-07-16 03:47:18.670600+0000');
INSERT INTO "neap"."video"(video_id, stream_id, title, type, description, status, tags, topic_id, topic, media_info, preview, views, created_at, updated_at)
    VALUES ('36be7816-855a-4e41-aa8e-61b1aa64a3f7', '5e69481a-2892-40a1-97a1-d0933b398c00', 'Relax stream', 'record', 'Relax stream', '', '[]', '994391cf-d41e-46f4-b6eb-ce53824e3a0c', 'Litterature', '{"width":1280,"height":720,"bitrate":963.92}', '', '15039', '2015-10-24 15:09:41.898700+0000', '2015-10-26 04:58:56.008500+0000');
INSERT INTO "neap"."stream"(stream_id, channel_id, title, topic_id, topic, media_info, viewers, created_at, updated_at, ended_at)
    VALUES ('6dea1165-bae7-4806-83ad-2146398c1a57', '41aaaecf-2da0-4214-a6cd-50c53c64db70', 'Fun with Theology and Leland', 'd2ea25fc-eb67-4c63-86d0-58ba2ce51b56', 'Theology', '{"width":720,"height":400,"bitrate":697.43}', 1271, '2015-07-19 02:48:00.026800+0000', '2015-07-19 03:12:22.391400+0000', '2015-07-19 04:34:02.139600+0000');
INSERT INTO "neap"."video"(video_id, stream_id, title, type, description, status, tags, topic_id, topic, media_info, preview, views, created_at, updated_at)
    VALUES ('4bb59c94-46c5-4368-b616-b9be7f5478cb', '6dea1165-bae7-4806-83ad-2146398c1a57', 'Fun with Theology and Leland', 'record', 'Fun with Theology and Leland', '', '[]', 'd2ea25fc-eb67-4c63-86d0-58ba2ce51b56', 'Theology', '{"width":720,"height":400,"bitrate":643.45}', '', '5465', '2015-08-13 04:21:21.724500+0000', '2015-08-13 15:50:59.360600+0000');
INSERT INTO "neap"."user"(user_id, channel_id, type, username, email, password, display_name, logo, bio, created_at, updated_at)
    VALUES ('a4951569-3890-468e-b958-e34b8df85898', 'bd2f140b-592b-4e1e-a50a-59986e3b45a6', 'user', 'johanna', 'johanna@neap.io', '$2y$10$ES4kAKlcUhx4Z1LuPCTppuV7ztXKBh5pgmw6t2gIMam4wrsl7E6FC', 'Johanna', 'https://gravatar.com/avatar/e81597292d9b7cb3e9ddb14fca41815e?s=128&d=identicon', null, '2015-02-08 14:03:22.334100+0000', '2015-02-09 08:07:27.663500+0000');
INSERT INTO "neap"."channel"(channel_id, user_id, chat_id, name, display_name, topic, language, views, followers)
    VALUES ('bd2f140b-592b-4e1e-a50a-59986e3b45a6', 'a4951569-3890-468e-b958-e34b8df85898', '92d12492-1bbe-4d85-84a0-4973fd814bea', 'johanna', 'Johanna Channel', 'Litterature', 'en', 69413, 76);
INSERT INTO "neap"."chat"(chat_id, channel_id, name)
    VALUES ('92d12492-1bbe-4d85-84a0-4973fd814bea', 'bd2f140b-592b-4e1e-a50a-59986e3b45a6', 'johanna');
INSERT INTO "neap"."stream"(stream_id, channel_id, title, topic_id, topic, media_info, viewers, created_at, updated_at, ended_at)
    VALUES ('eca289f1-4958-49a8-a424-85084da495fa', 'bd2f140b-592b-4e1e-a50a-59986e3b45a6', 'Today is Science day', '1cae4612-f178-4a0e-b3af-343a88b99638', 'Science', '{"width":1920,"height":1080,"bitrate":2632.26}', 364, '2015-03-24 06:53:28.222300+0000', '2015-03-24 06:54:46.501900+0000', '2015-03-24 07:47:31.834300+0000');
INSERT INTO "neap"."video"(video_id, stream_id, title, type, description, status, tags, topic_id, topic, media_info, preview, views, created_at, updated_at)
    VALUES ('a25c2155-0a88-4502-9a10-c136532c7977', 'eca289f1-4958-49a8-a424-85084da495fa', 'Today is Science day', 'record', 'Today is Science day', '', '[]', '1cae4612-f178-4a0e-b3af-343a88b99638', 'Science', '{"width":1920,"height":1080,"bitrate":1789.35}', '', '34626', '2015-10-04 14:28:14.607500+0000', '2015-10-10 11:18:28.171900+0000');
INSERT INTO "neap"."video"(video_id, stream_id, title, type, description, status, tags, topic_id, topic, media_info, preview, views, created_at, updated_at)
    VALUES ('b47716f9-3ffc-4644-8e2b-9fce023cf177', 'eca289f1-4958-49a8-a424-85084da495fa', 'Today is Science day', 'record', 'Today is Science day', '', '[]', '1cae4612-f178-4a0e-b3af-343a88b99638', 'Science', '{"width":1920,"height":1080,"bitrate":1209.03}', '', '33671', '2015-09-04 08:25:43.577200+0000', '2015-09-06 20:49:48.026200+0000');
INSERT INTO "neap"."stream"(stream_id, channel_id, title, topic_id, topic, media_info, viewers, created_at, updated_at, ended_at)
    VALUES ('d140176f-2ac6-4b56-8ece-1a4bc226d80c', 'bd2f140b-592b-4e1e-a50a-59986e3b45a6', 'The origins of Photography', 'e496e832-363e-4228-b518-7fe126ccaa04', 'Photography', '{"width":1280,"height":720,"bitrate":789.51}', 1907, '2015-09-29 10:12:53.327600+0000', '2015-09-29 11:19:11.211500+0000', '2015-09-29 11:21:25.538300+0000');
INSERT INTO "neap"."video"(video_id, stream_id, title, type, description, status, tags, topic_id, topic, media_info, preview, views, created_at, updated_at)
    VALUES ('f3c5ac00-d667-480c-9bde-395835437f5b', 'd140176f-2ac6-4b56-8ece-1a4bc226d80c', 'The origins of Photography', 'record', 'The origins of Photography', '', '[]', 'e496e832-363e-4228-b518-7fe126ccaa04', 'Photography', '{"width":1280,"height":720,"bitrate":1005.56}', '', '35804', '2015-10-05 18:53:13.888400+0000', '2015-10-10 20:37:40.822100+0000');
INSERT INTO "neap"."stream"(stream_id, channel_id, title, topic_id, topic, media_info, viewers, created_at, updated_at, ended_at)
    VALUES ('35b9efed-7802-40fe-99b2-b411950d2909', 'bd2f140b-592b-4e1e-a50a-59986e3b45a6', 'Come on and have fun with Johanna!', '48e535f7-dba1-4d59-aac3-4c6cced32d6c', 'Video games', '{"width":1280,"height":720,"bitrate":1148.13}', 1475, '2015-10-22 08:00:42.956700+0000', '2015-10-22 11:56:32.240500+0000', '2015-10-22 12:10:11.686800+0000');
INSERT INTO "neap"."video"(video_id, stream_id, title, type, description, status, tags, topic_id, topic, media_info, preview, views, created_at, updated_at)
    VALUES ('978cb11a-14a3-4c0a-bddf-7524ae4c8837', '35b9efed-7802-40fe-99b2-b411950d2909', 'Come on and have fun with Johanna!', 'record', 'Come on and have fun with Johanna!', '', '[]', '48e535f7-dba1-4d59-aac3-4c6cced32d6c', 'Video games', '{"width":1280,"height":720,"bitrate":1306.61}', '', '28789', '2015-10-26 11:49:26.095100+0000', '2015-10-29 18:19:28.317700+0000');
INSERT INTO "neap"."stream"(stream_id, channel_id, title, topic_id, topic, media_info, viewers, created_at, updated_at, ended_at)
    VALUES ('71247426-c6e5-42f7-a4cb-1402c2e6a617', 'bd2f140b-592b-4e1e-a50a-59986e3b45a6', 'Astrology?? Yeah, Astrology!', 'e9af2f53-d2dd-4e32-9dea-26d6ac21bcb8', 'Astrology', '{"width":1280,"height":720,"bitrate":1051.54}', 974, '2015-07-30 09:48:13.330100+0000', '2015-07-30 12:38:09.412000+0000', '2015-07-30 14:08:06.963400+0000');
INSERT INTO "neap"."video"(video_id, stream_id, title, type, description, status, tags, topic_id, topic, media_info, preview, views, created_at, updated_at)
    VALUES ('49da2dce-397f-4208-9c38-ad86af8108de', '71247426-c6e5-42f7-a4cb-1402c2e6a617', 'Astrology?? Yeah, Astrology!', 'record', 'Astrology?? Yeah, Astrology!', '', '[]', 'e9af2f53-d2dd-4e32-9dea-26d6ac21bcb8', 'Astrology', '{"width":1280,"height":720,"bitrate":1333.09}', '', '14863', '2015-09-22 02:30:40.593200+0000', '2015-09-27 06:03:44.029700+0000');
INSERT INTO "neap"."video"(video_id, stream_id, title, type, description, status, tags, topic_id, topic, media_info, preview, views, created_at, updated_at)
    VALUES ('4ef79219-32fd-44a0-bc9f-c57dddc36f0a', '71247426-c6e5-42f7-a4cb-1402c2e6a617', 'Astrology?? Yeah, Astrology!', 'record', 'Astrology?? Yeah, Astrology!', '', '[]', 'e9af2f53-d2dd-4e32-9dea-26d6ac21bcb8', 'Astrology', '{"width":1280,"height":720,"bitrate":849.99}', '', '4856', '2015-08-10 08:58:16.350500+0000', '2015-08-10 17:02:54.602900+0000');
INSERT INTO "neap"."user"(user_id, channel_id, type, username, email, password, display_name, logo, bio, created_at, updated_at)
    VALUES ('a65e6211-ad40-41d1-a53c-6b9df4539558', '93910ed5-dba2-4531-9923-20e176c26efe', 'user', 'stefan', 'stefan@neap.io', '$2y$10$UmYzYzoLIOV6IOlHhIG/2u26b2vHWv.iglI/Wmk9LU6k2uGKojiBK', 'Stefan', 'https://gravatar.com/avatar/c3f783c6cc1cc810425f6b98e0fad094?s=128&d=identicon', null, '2015-09-03 11:19:51.283900+0000', '2015-10-06 05:03:10.646900+0000');
INSERT INTO "neap"."channel"(channel_id, user_id, chat_id, name, display_name, topic, language, views, followers)
    VALUES ('93910ed5-dba2-4531-9923-20e176c26efe', 'a65e6211-ad40-41d1-a53c-6b9df4539558', 'f77cc0d5-37df-4137-bbc5-e851812feadf', 'stefan', 'Stefan Channel', 'Music', 'en', 17394, 34);
INSERT INTO "neap"."chat"(chat_id, channel_id, name)
    VALUES ('f77cc0d5-37df-4137-bbc5-e851812feadf', '93910ed5-dba2-4531-9923-20e176c26efe', 'stefan');
INSERT INTO "neap"."stream"(stream_id, channel_id, title, topic_id, topic, media_info, viewers, created_at, updated_at, ended_at)
    VALUES ('7d26ee20-68ab-49ea-b81c-23f4dd137373', '93910ed5-dba2-4531-9923-20e176c26efe', 'Relax stream', 'd2ea25fc-eb67-4c63-86d0-58ba2ce51b56', 'Theology', '{"width":720,"height":400,"bitrate":649.14}', 767, '2015-09-08 22:43:41.986600+0000', '2015-09-09 05:23:05.137800+0000', '2015-09-09 05:24:48.149100+0000');
INSERT INTO "neap"."video"(video_id, stream_id, title, type, description, status, tags, topic_id, topic, media_info, preview, views, created_at, updated_at)
    VALUES ('3ebc8491-1233-4377-ae4d-3a090860e4ee', '7d26ee20-68ab-49ea-b81c-23f4dd137373', 'Relax stream', 'record', 'Relax stream', '', '[]', 'd2ea25fc-eb67-4c63-86d0-58ba2ce51b56', 'Theology', '{"width":720,"height":400,"bitrate":796.95}', '', '35431', '2015-10-04 09:30:20.087400+0000', '2015-10-05 03:25:31.957800+0000');
INSERT INTO "neap"."stream"(stream_id, channel_id, title, topic_id, topic, media_info, viewers, created_at, updated_at, ended_at)
    VALUES ('4d7b4321-b63a-4ad5-85df-55c23a2d345c', '93910ed5-dba2-4531-9923-20e176c26efe', 'Relax stream', '1cae4612-f178-4a0e-b3af-343a88b99638', 'Science', '{"width":1920,"height":1080,"bitrate":1754.26}', 86399, '2015-09-16 23:15:48.499000+0000', '2015-09-17 02:14:30.313700+0000', '2015-09-17 03:51:57.748300+0000');
INSERT INTO "neap"."stream"(stream_id, channel_id, title, topic_id, topic, media_info, viewers, created_at, updated_at, ended_at)
    VALUES ('499d9e5f-9cc4-4ea7-a77d-29e0b18f9f13', '93910ed5-dba2-4531-9923-20e176c26efe', 'Fun with Photography and Stefan', 'e496e832-363e-4228-b518-7fe126ccaa04', 'Photography', '{"width":1280,"height":720,"bitrate":874.26}', 1616, '2015-10-03 21:53:11.741300+0000', '2015-10-04 00:51:15.940100+0000', '2015-10-04 00:54:34.334200+0000');
INSERT INTO "neap"."stream"(stream_id, channel_id, title, topic_id, topic, media_info, viewers, created_at, updated_at, ended_at)
    VALUES ('56252b29-32bd-40c9-b016-512e11db794d', '93910ed5-dba2-4531-9923-20e176c26efe', 'Come on and have fun with Stefan!', 'd4f06d27-2693-4552-bd85-d9875651ce39', 'Biology', '{"width":720,"height":400,"bitrate":620.75}', 91, '2015-10-05 11:09:52.027400+0000', '2015-10-05 11:15:14.635100+0000', '2015-10-05 11:42:06.301900+0000');
INSERT INTO "neap"."video"(video_id, stream_id, title, type, description, status, tags, topic_id, topic, media_info, preview, views, created_at, updated_at)
    VALUES ('6d2689b8-0840-4902-8860-61312f6abc96', '56252b29-32bd-40c9-b016-512e11db794d', 'Come on and have fun with Stefan!', 'highlight', 'Come on and have fun with Stefan!', '', '[]', 'd4f06d27-2693-4552-bd85-d9875651ce39', 'Biology', '{"width":720,"height":400,"bitrate":759.87}', '', '11226', '2015-10-20 00:20:51.537500+0000', '2015-10-20 23:07:17.545700+0000');
INSERT INTO "neap"."stream"(stream_id, channel_id, title, topic_id, topic, media_info, viewers, created_at, updated_at, ended_at)
    VALUES ('e79c6d33-92b3-4160-84c2-db7f96a5dfec', '93910ed5-dba2-4531-9923-20e176c26efe', 'Today is Astrology day', 'e9af2f53-d2dd-4e32-9dea-26d6ac21bcb8', 'Astrology', '{"width":720,"height":400,"bitrate":675}', 366, '2015-10-31 01:35:25.434000+0000', '2015-10-31 02:22:49.684500+0000', '2015-10-31 03:14:10.521500+0000');
INSERT INTO "neap"."video"(video_id, stream_id, title, type, description, status, tags, topic_id, topic, media_info, preview, views, created_at, updated_at)
    VALUES ('ab105144-0bf1-42a2-932c-6aa6f7b48ddd', 'e79c6d33-92b3-4160-84c2-db7f96a5dfec', 'Today is Astrology day', 'record', 'Today is Astrology day', '', '[]', 'e9af2f53-d2dd-4e32-9dea-26d6ac21bcb8', 'Astrology', '{"width":720,"height":400,"bitrate":707.73}', '', '37483', '2015-11-01 04:14:04.353000+0000', '2015-11-03 04:51:48.258900+0000');
INSERT INTO "neap"."stream"(stream_id, channel_id, title, topic_id, topic, media_info, viewers, created_at, updated_at, ended_at)
    VALUES ('c414db0b-b34a-439a-ac84-817dd9957e6d', '93910ed5-dba2-4531-9923-20e176c26efe', 'Relax stream', 'd2ea25fc-eb67-4c63-86d0-58ba2ce51b56', 'Theology', '{"width":1280,"height":720,"bitrate":970.15}', 1086, '2015-09-22 15:45:38.143300+0000', '2015-09-22 16:00:20.231900+0000', '2015-09-22 16:55:51.600000+0000');
INSERT INTO "neap"."user"(user_id, channel_id, type, username, email, password, display_name, logo, bio, created_at, updated_at)
    VALUES ('fa0f15af-d934-4557-8d1d-4beee14ec83a', '1ca3eb80-4982-4ec2-a901-6cdbbe57c08d', 'user', 'elena', 'elena@neap.io', '$2y$10$QsliQEjRAamMHoqqnXESm.bL/ST.bOd2Ch6LyTPGauEjxLrI4dC0K', 'Elena', 'https://gravatar.com/avatar/de798eaea2e322a9eebb836d68b691d5?s=128&d=identicon', null, '2015-04-03 02:40:08.842500+0000', '2015-09-15 01:13:12.385900+0000');
INSERT INTO "neap"."channel"(channel_id, user_id, chat_id, name, display_name, topic, language, views, followers)
    VALUES ('1ca3eb80-4982-4ec2-a901-6cdbbe57c08d', 'fa0f15af-d934-4557-8d1d-4beee14ec83a', '973e0460-bb9b-4f8f-92e7-36a0574c4124', 'elena', 'Elena Channel', 'Litterature', 'en', 6052, 75);
INSERT INTO "neap"."chat"(chat_id, channel_id, name)
    VALUES ('973e0460-bb9b-4f8f-92e7-36a0574c4124', '1ca3eb80-4982-4ec2-a901-6cdbbe57c08d', 'elena');
INSERT INTO "neap"."stream"(stream_id, channel_id, title, topic_id, topic, media_info, viewers, created_at, updated_at, ended_at)
    VALUES ('025ddd23-1054-4b8f-9bcd-bbbf44d9292f', '1ca3eb80-4982-4ec2-a901-6cdbbe57c08d', 'Theology?? Yeah, Theology!', 'd2ea25fc-eb67-4c63-86d0-58ba2ce51b56', 'Theology', '{"width":1280,"height":720,"bitrate":770.02}', 641, '2015-04-06 08:14:46.103000+0000', '2015-04-06 09:47:34.978500+0000', '2015-04-06 10:29:28.666300+0000');
INSERT INTO "neap"."video"(video_id, stream_id, title, type, description, status, tags, topic_id, topic, media_info, preview, views, created_at, updated_at)
    VALUES ('cc9ba263-a3f3-431d-a489-035111de0358', '025ddd23-1054-4b8f-9bcd-bbbf44d9292f', 'Theology?? Yeah, Theology!', 'record', 'Theology?? Yeah, Theology!', '', '[]', 'd2ea25fc-eb67-4c63-86d0-58ba2ce51b56', 'Theology', '{"width":1280,"height":720,"bitrate":792.89}', '', '33595', '2015-04-27 10:36:58.960000+0000', '2015-04-30 07:15:32.192300+0000');
INSERT INTO "neap"."video"(video_id, stream_id, title, type, description, status, tags, topic_id, topic, media_info, preview, views, created_at, updated_at)
    VALUES ('48f75e58-08f7-45c5-a0d9-5841c5304ba8', '025ddd23-1054-4b8f-9bcd-bbbf44d9292f', 'Theology?? Yeah, Theology!', 'record', 'Theology?? Yeah, Theology!', '', '[]', 'd2ea25fc-eb67-4c63-86d0-58ba2ce51b56', 'Theology', '{"width":1280,"height":720,"bitrate":1078.66}', '', '3969', '2015-10-26 02:21:52.052400+0000', '2015-10-30 23:35:52.466900+0000');
INSERT INTO "neap"."stream"(stream_id, channel_id, title, topic_id, topic, media_info, viewers, created_at, updated_at, ended_at)
    VALUES ('10e76bd3-5bae-4094-9079-5c47fd6c00d3', '1ca3eb80-4982-4ec2-a901-6cdbbe57c08d', 'The origins of Mathematics', '284b3091-455d-4476-ae67-442a19d153d4', 'Mathematics', '{"width":1920,"height":1080,"bitrate":2571.57}', 51, '2015-08-01 22:54:26.400700+0000', '2015-08-02 05:00:13.632800+0000', '2015-08-02 05:48:53.638000+0000');
INSERT INTO "neap"."stream"(stream_id, channel_id, title, topic_id, topic, media_info, viewers, created_at, updated_at, ended_at)
    VALUES ('d89c6c92-9169-4220-9171-a4c16c40ef10', '1ca3eb80-4982-4ec2-a901-6cdbbe57c08d', 'Fun with Astrology and Elena', 'e9af2f53-d2dd-4e32-9dea-26d6ac21bcb8', 'Astrology', '{"width":1920,"height":1080,"bitrate":2143.74}', 1060, '2015-10-21 10:36:19.493100+0000', '2015-10-21 15:04:04.136000+0000', '2015-10-21 15:34:13.740300+0000');
INSERT INTO "neap"."video"(video_id, stream_id, title, type, description, status, tags, topic_id, topic, media_info, preview, views, created_at, updated_at)
    VALUES ('2efb2dc5-6879-4fad-8d9a-8fbc7ac6785e', 'd89c6c92-9169-4220-9171-a4c16c40ef10', 'Fun with Astrology and Elena', 'record', 'Fun with Astrology and Elena', '', '[]', 'e9af2f53-d2dd-4e32-9dea-26d6ac21bcb8', 'Astrology', '{"width":1920,"height":1080,"bitrate":1182.57}', '', '22118', '2015-10-31 11:32:10.919700+0000', '2015-11-02 14:20:49.934300+0000');
INSERT INTO "neap"."stream"(stream_id, channel_id, title, topic_id, topic, media_info, viewers, created_at, updated_at, ended_at)
    VALUES ('e79c8da5-874d-44c6-b453-10ec78ab9a6a', '1ca3eb80-4982-4ec2-a901-6cdbbe57c08d', 'Today is Science day', '1cae4612-f178-4a0e-b3af-343a88b99638', 'Science', '{"width":1280,"height":720,"bitrate":880.78}', 43908, '2015-08-11 09:11:39.519900+0000', '2015-08-11 10:31:55.068300+0000', '2015-08-11 10:44:37.254600+0000');
INSERT INTO "neap"."video"(video_id, stream_id, title, type, description, status, tags, topic_id, topic, media_info, preview, views, created_at, updated_at)
    VALUES ('5459859f-79e3-4bad-a235-318e26d3ecb0', 'e79c8da5-874d-44c6-b453-10ec78ab9a6a', 'Today is Science day', 'record', 'Today is Science day', '', '[]', '1cae4612-f178-4a0e-b3af-343a88b99638', 'Science', '{"width":1280,"height":720,"bitrate":1473.83}', '', '8642', '2015-08-25 20:07:15.796400+0000', '2015-08-26 06:34:22.515200+0000');
INSERT INTO "neap"."stream"(stream_id, channel_id, title, topic_id, topic, media_info, viewers, created_at, updated_at, ended_at)
    VALUES ('f234a458-b114-4c3b-a8b8-c510ec74680f', '1ca3eb80-4982-4ec2-a901-6cdbbe57c08d', 'Today is Music day', 'b369c464-cdea-4356-9d70-1450585652e2', 'Music', '{"width":1280,"height":720,"bitrate":1335.78}', 1272, '2015-05-22 08:55:45.237400+0000', '2015-05-22 10:59:35.114300+0000', '2015-05-22 11:42:56.100900+0000');
INSERT INTO "neap"."video"(video_id, stream_id, title, type, description, status, tags, topic_id, topic, media_info, preview, views, created_at, updated_at)
    VALUES ('5f2b0573-1c4d-4aa5-8124-2980d45d9295', 'f234a458-b114-4c3b-a8b8-c510ec74680f', 'Today is Music day', 'highlight', 'Today is Music day', '', '[]', 'b369c464-cdea-4356-9d70-1450585652e2', 'Music', '{"width":1280,"height":720,"bitrate":810.45}', '', '33202', '2015-09-13 15:24:45.200200+0000', '2015-09-16 05:09:26.095900+0000');
INSERT INTO "neap"."stream"(stream_id, channel_id, title, topic_id, topic, media_info, viewers, created_at, updated_at, ended_at)
    VALUES ('364ff26a-3f01-479e-ab9a-637d80b8880a', '1ca3eb80-4982-4ec2-a901-6cdbbe57c08d', 'Fun with Astrology and Elena', 'e9af2f53-d2dd-4e32-9dea-26d6ac21bcb8', 'Astrology', '{"width":720,"height":400,"bitrate":720.71}', 359, '2015-05-15 01:44:19.912600+0000', '2015-05-15 05:01:19.005800+0000', '2015-05-15 05:14:29.956000+0000');
INSERT INTO "neap"."video"(video_id, stream_id, title, type, description, status, tags, topic_id, topic, media_info, preview, views, created_at, updated_at)
    VALUES ('0afa21a9-c1f5-4848-9aa9-6d837665e774', '364ff26a-3f01-479e-ab9a-637d80b8880a', 'Fun with Astrology and Elena', 'record', 'Fun with Astrology and Elena', '', '[]', 'e9af2f53-d2dd-4e32-9dea-26d6ac21bcb8', 'Astrology', '{"width":720,"height":400,"bitrate":668.29}', '', '28060', '2015-09-02 12:17:03.892800+0000', '2015-09-02 22:54:30.055900+0000');
INSERT INTO "neap"."user"(user_id, channel_id, type, username, email, password, display_name, logo, bio, created_at, updated_at)
    VALUES ('71875996-ceae-4ab1-ac87-ebefa5ad373c', '8f7df2ff-fbd9-4b5c-8f67-8f0f89d33500', 'user', 'ariella', 'ariella@neap.io', '$2y$10$cZXMpzaYqnWKknd7.4xq5OsOU1/KxPW4A4kQ78O8AY5V4I0r7Kiv.', 'Ariella', 'https://gravatar.com/avatar/be9dd433e89d6b90720c25bc965d7486?s=128&d=identicon', null, '2015-07-01 19:07:36.410300+0000', '2015-07-07 23:39:28.095100+0000');
INSERT INTO "neap"."channel"(channel_id, user_id, chat_id, name, display_name, topic, language, views, followers)
    VALUES ('8f7df2ff-fbd9-4b5c-8f67-8f0f89d33500', '71875996-ceae-4ab1-ac87-ebefa5ad373c', '3913f683-1b5a-4f24-94dc-54490f44b43a', 'ariella', 'Ariella Channel', 'Biology', 'en', 35337, 35);
INSERT INTO "neap"."chat"(chat_id, channel_id, name)
    VALUES ('3913f683-1b5a-4f24-94dc-54490f44b43a', '8f7df2ff-fbd9-4b5c-8f67-8f0f89d33500', 'ariella');
INSERT INTO "neap"."stream"(stream_id, channel_id, title, topic_id, topic, media_info, viewers, created_at, updated_at, ended_at)
    VALUES ('52bbcfbd-d238-4239-b26d-f57027368adc', '8f7df2ff-fbd9-4b5c-8f67-8f0f89d33500', 'Relax stream', 'e9af2f53-d2dd-4e32-9dea-26d6ac21bcb8', 'Astrology', '{"width":1920,"height":1080,"bitrate":2549.14}', 1724, '2015-07-26 21:27:39.164400+0000', '2015-07-27 04:11:46.247400+0000', '2015-07-27 05:18:52.304900+0000');
INSERT INTO "neap"."video"(video_id, stream_id, title, type, description, status, tags, topic_id, topic, media_info, preview, views, created_at, updated_at)
    VALUES ('4e497391-4079-4fdf-afa5-7eff84303234', '52bbcfbd-d238-4239-b26d-f57027368adc', 'Relax stream', 'record', 'Relax stream', '', '[]', 'e9af2f53-d2dd-4e32-9dea-26d6ac21bcb8', 'Astrology', '{"width":1920,"height":1080,"bitrate":2098.8}', '', '28583', '2015-08-20 02:12:48.978700+0000', '2015-08-22 19:13:09.590400+0000');
INSERT INTO "neap"."video"(video_id, stream_id, title, type, description, status, tags, topic_id, topic, media_info, preview, views, created_at, updated_at)
    VALUES ('3948bb1f-f2bb-4371-b05d-0490b28e435a', '52bbcfbd-d238-4239-b26d-f57027368adc', 'Relax stream', 'record', 'Relax stream', '', '[]', 'e9af2f53-d2dd-4e32-9dea-26d6ac21bcb8', 'Astrology', '{"width":1920,"height":1080,"bitrate":2611.43}', '', '28348', '2015-08-21 04:51:32.448000+0000', '2015-08-21 05:26:19.738900+0000');
INSERT INTO "neap"."stream"(stream_id, channel_id, title, topic_id, topic, media_info, viewers, created_at, updated_at, ended_at)
    VALUES ('35e60702-39b5-4f9f-a131-b81bdc0aee7d', '8f7df2ff-fbd9-4b5c-8f67-8f0f89d33500', 'Today is Mathematics day', '284b3091-455d-4476-ae67-442a19d153d4', 'Mathematics', '{"width":1920,"height":1080,"bitrate":2485.19}', 631, '2015-08-25 07:37:34.814300+0000', '2015-08-25 13:33:25.537900+0000', '2015-08-25 13:55:10.262200+0000');
INSERT INTO "neap"."video"(video_id, stream_id, title, type, description, status, tags, topic_id, topic, media_info, preview, views, created_at, updated_at)
    VALUES ('312f1217-e3e6-4b09-82bf-e2a942061fab', '35e60702-39b5-4f9f-a131-b81bdc0aee7d', 'Today is Mathematics day', 'record', 'Today is Mathematics day', '', '[]', '284b3091-455d-4476-ae67-442a19d153d4', 'Mathematics', '{"width":1920,"height":1080,"bitrate":2314.35}', '', '30725', '2015-09-29 09:13:10.178400+0000', '2015-10-01 12:36:23.184600+0000');
INSERT INTO "neap"."video"(video_id, stream_id, title, type, description, status, tags, topic_id, topic, media_info, preview, views, created_at, updated_at)
    VALUES ('8a34a2f0-4ea0-47a5-9dd5-8ae852270a9d', '35e60702-39b5-4f9f-a131-b81bdc0aee7d', 'Today is Mathematics day', 'record', 'Today is Mathematics day', '', '[]', '284b3091-455d-4476-ae67-442a19d153d4', 'Mathematics', '{"width":1920,"height":1080,"bitrate":1154.85}', '', '3396', '2015-10-19 04:48:07.513900+0000', '2015-10-20 05:53:48.192500+0000');
INSERT INTO "neap"."stream"(stream_id, channel_id, title, topic_id, topic, media_info, viewers, created_at, updated_at, ended_at)
    VALUES ('75c30820-97e0-47b8-8aa8-d7408dfd7a52', '8f7df2ff-fbd9-4b5c-8f67-8f0f89d33500', 'Relax stream', '284b3091-455d-4476-ae67-442a19d153d4', 'Mathematics', '{"width":720,"height":400,"bitrate":553.18}', 1589, '2015-09-21 02:22:24.208400+0000', '2015-09-21 04:27:34.964000+0000', '2015-09-21 04:41:58.454500+0000');
INSERT INTO "neap"."user"(user_id, channel_id, type, username, email, password, display_name, logo, bio, created_at, updated_at)
    VALUES ('6142d37c-433e-42cf-8788-f9202ced51db', 'c13c627a-dc72-48c2-9870-0808382d36da', 'user', 'lia', 'lia@neap.io', '$2y$10$B0y9LlwwJ3N/J7W2YrZ3YuLYQSZk5QWQoZqxCN6.Kwy0NZzUzkSwe', 'Lia', 'https://gravatar.com/avatar/90bad250783192e8d02a751215cc99ad?s=128&d=identicon', null, '2015-09-01 10:11:04.058600+0000', '2015-10-24 15:49:44.562300+0000');
INSERT INTO "neap"."channel"(channel_id, user_id, chat_id, name, display_name, topic, language, views, followers)
    VALUES ('c13c627a-dc72-48c2-9870-0808382d36da', '6142d37c-433e-42cf-8788-f9202ced51db', 'c0fc712f-9333-4434-8ac5-e06f384a3b52', 'lia', 'Lia Channel', 'History', 'en', 51425, 147);
INSERT INTO "neap"."chat"(chat_id, channel_id, name)
    VALUES ('c0fc712f-9333-4434-8ac5-e06f384a3b52', 'c13c627a-dc72-48c2-9870-0808382d36da', 'lia');
INSERT INTO "neap"."stream"(stream_id, channel_id, title, topic_id, topic, media_info, viewers, created_at, updated_at, ended_at)
    VALUES ('052de242-2cd8-4e5a-9b57-ecfd451bfd07', 'c13c627a-dc72-48c2-9870-0808382d36da', 'Astrology?? Yeah, Astrology!', 'e9af2f53-d2dd-4e32-9dea-26d6ac21bcb8', 'Astrology', '{"width":1920,"height":1080,"bitrate":2511}', 391, '2015-10-02 11:58:37.033800+0000', '2015-10-02 13:21:17.572000+0000', '2015-10-02 14:10:47.604700+0000');
INSERT INTO "neap"."user"(user_id, channel_id, type, username, email, password, display_name, logo, bio, created_at, updated_at)
    VALUES ('bf5a0a18-6d6a-4034-a3d3-49752d806a29', '8645274e-0f33-4cd5-b882-5323db584dd4', 'user', 'jayceon', 'jayceon@neap.io', '$2y$10$zzohn3fl3m2MAXym9ZtMw.tlffo1.3RrTFcWfXOCFeeuJGTbAjNpW', 'Jayceon', 'https://gravatar.com/avatar/b87dbea72287f25f9ef4a2e2243e6be6?s=128&d=identicon', null, '2015-06-20 14:06:32.221400+0000', '2015-10-11 00:27:10.444700+0000');
INSERT INTO "neap"."channel"(channel_id, user_id, chat_id, name, display_name, topic, language, views, followers)
    VALUES ('8645274e-0f33-4cd5-b882-5323db584dd4', 'bf5a0a18-6d6a-4034-a3d3-49752d806a29', '0ca06f3b-3207-4d79-993b-defc1a373e07', 'jayceon', 'Jayceon Channel', 'Music', 'en', 42859, 70);
INSERT INTO "neap"."chat"(chat_id, channel_id, name)
    VALUES ('0ca06f3b-3207-4d79-993b-defc1a373e07', '8645274e-0f33-4cd5-b882-5323db584dd4', 'jayceon');
INSERT INTO "neap"."stream"(stream_id, channel_id, title, topic_id, topic, media_info, viewers, created_at, updated_at, ended_at)
    VALUES ('2590083e-accc-4d0f-bab5-43c879446223', '8645274e-0f33-4cd5-b882-5323db584dd4', 'Fun with Music and Jayceon', 'b369c464-cdea-4356-9d70-1450585652e2', 'Music', '{"width":720,"height":400,"bitrate":757.14}', 1623, '2015-09-24 19:36:35.883700+0000', '2015-09-24 21:14:31.874000+0000', '2015-09-24 21:33:14.092400+0000');
INSERT INTO "neap"."video"(video_id, stream_id, title, type, description, status, tags, topic_id, topic, media_info, preview, views, created_at, updated_at)
    VALUES ('aa85fb64-a671-4467-9a78-69d22e47180e', '2590083e-accc-4d0f-bab5-43c879446223', 'Fun with Music and Jayceon', 'record', 'Fun with Music and Jayceon', '', '[]', 'b369c464-cdea-4356-9d70-1450585652e2', 'Music', '{"width":720,"height":400,"bitrate":765.81}', '', '14579', '2015-10-11 04:20:42.650900+0000', '2015-10-12 05:39:57.031300+0000');
INSERT INTO "neap"."stream"(stream_id, channel_id, title, topic_id, topic, media_info, viewers, created_at, updated_at, ended_at)
    VALUES ('e04bd68d-03d5-422f-95fc-fdbc95fb8cae', '8645274e-0f33-4cd5-b882-5323db584dd4', 'Come on and have fun with Jayceon!', 'e9af2f53-d2dd-4e32-9dea-26d6ac21bcb8', 'Astrology', '{"width":1920,"height":1080,"bitrate":2928.1}', 417, '2015-10-03 21:10:26.894800+0000', '2015-10-03 23:18:50.280600+0000', '2015-10-03 23:20:11.185800+0000');
INSERT INTO "neap"."video"(video_id, stream_id, title, type, description, status, tags, topic_id, topic, media_info, preview, views, created_at, updated_at)
    VALUES ('ad607a9b-86df-4d11-9fd1-86b7f62620db', 'e04bd68d-03d5-422f-95fc-fdbc95fb8cae', 'Come on and have fun with Jayceon!', 'highlight', 'Come on and have fun with Jayceon!', '', '[]', 'e9af2f53-d2dd-4e32-9dea-26d6ac21bcb8', 'Astrology', '{"width":1920,"height":1080,"bitrate":3054.94}', '', '29736', '2015-10-16 19:09:49.987800+0000', '2015-10-17 14:23:44.335800+0000');
INSERT INTO "neap"."stream"(stream_id, channel_id, title, topic_id, topic, media_info, viewers, created_at, updated_at, ended_at)
    VALUES ('f7a1ebf0-ec13-4dd1-b3f0-4ca848f3eda1', '8645274e-0f33-4cd5-b882-5323db584dd4', 'Come on and have fun with Jayceon!', 'd4f06d27-2693-4552-bd85-d9875651ce39', 'Biology', '{"width":1920,"height":1080,"bitrate":2604.75}', 958, '2015-09-02 10:39:23.991600+0000', '2015-09-02 13:13:55.621000+0000', '2015-09-02 13:29:45.059700+0000');
INSERT INTO "neap"."video"(video_id, stream_id, title, type, description, status, tags, topic_id, topic, media_info, preview, views, created_at, updated_at)
    VALUES ('2411fb0a-d860-4f01-ad4c-881434a12ea3', 'f7a1ebf0-ec13-4dd1-b3f0-4ca848f3eda1', 'Come on and have fun with Jayceon!', 'record', 'Come on and have fun with Jayceon!', '', '[]', 'd4f06d27-2693-4552-bd85-d9875651ce39', 'Biology', '{"width":1920,"height":1080,"bitrate":1122.76}', '', '37597', '2015-11-01 11:55:17.124800+0000', '2015-11-07 14:43:39.831800+0000');
INSERT INTO "neap"."user"(user_id, channel_id, type, username, email, password, display_name, logo, bio, created_at, updated_at)
    VALUES ('e36fcddf-1022-4abc-8e67-066dfa98a048', 'c5596899-19ec-4220-97a8-6d296c66816f', 'user', 'blaine', 'blaine@neap.io', '$2y$10$6Shrr16XWrxAmGgf/nQWIuvlxov30AxNZyfwXM.4CrLHeAm5J.Lra', 'Blaine', 'https://gravatar.com/avatar/260f3ac0435a3469da6402ecee89c30c?s=128&d=identicon', null, '2015-01-12 18:32:28.623000+0000', '2015-10-01 21:32:19.831100+0000');
INSERT INTO "neap"."channel"(channel_id, user_id, chat_id, name, display_name, topic, language, views, followers)
    VALUES ('c5596899-19ec-4220-97a8-6d296c66816f', 'e36fcddf-1022-4abc-8e67-066dfa98a048', '76e50111-d683-45ac-9e4d-6fa8b496598f', 'blaine', 'Blaine Channel', 'History', 'en', 23806, 73);
INSERT INTO "neap"."chat"(chat_id, channel_id, name)
    VALUES ('76e50111-d683-45ac-9e4d-6fa8b496598f', 'c5596899-19ec-4220-97a8-6d296c66816f', 'blaine');
INSERT INTO "neap"."stream"(stream_id, channel_id, title, topic_id, topic, media_info, viewers, created_at, updated_at, ended_at)
    VALUES ('f2d30a3f-6eb2-4844-a7b3-fb8418eddd8c', 'c5596899-19ec-4220-97a8-6d296c66816f', 'Relax stream', '5f6c7ec0-84ab-4d8e-a2d7-ff1887b55d6e', 'History', '{"width":1280,"height":720,"bitrate":878.33}', 966, '2015-03-27 16:19:20.140300+0000', '2015-03-27 18:53:02.254100+0000', '2015-03-27 19:01:36.131700+0000');
INSERT INTO "neap"."video"(video_id, stream_id, title, type, description, status, tags, topic_id, topic, media_info, preview, views, created_at, updated_at)
    VALUES ('3cab75fa-74bc-41c0-bc82-04a66d17be58', 'f2d30a3f-6eb2-4844-a7b3-fb8418eddd8c', 'Relax stream', 'record', 'Relax stream', '', '[]', '5f6c7ec0-84ab-4d8e-a2d7-ff1887b55d6e', 'History', '{"width":1280,"height":720,"bitrate":849.43}', '', '36477', '2015-07-25 14:03:26.450900+0000', '2015-07-29 07:50:37.395400+0000');
INSERT INTO "neap"."stream"(stream_id, channel_id, title, topic_id, topic, media_info, viewers, created_at, updated_at, ended_at)
    VALUES ('6c9a56ee-2201-4ae3-944a-094391b58886', 'c5596899-19ec-4220-97a8-6d296c66816f', 'The origins of Theology', 'd2ea25fc-eb67-4c63-86d0-58ba2ce51b56', 'Theology', '{"width":1280,"height":720,"bitrate":897.28}', 1910, '2015-09-19 09:02:04.599400+0000', '2015-09-19 09:17:24.040400+0000', '2015-09-19 09:54:36.894900+0000');
INSERT INTO "neap"."video"(video_id, stream_id, title, type, description, status, tags, topic_id, topic, media_info, preview, views, created_at, updated_at)
    VALUES ('1f21df2a-4c8b-4e89-b405-af55f2d1749d', '6c9a56ee-2201-4ae3-944a-094391b58886', 'The origins of Theology', 'record', 'The origins of Theology', '', '[]', 'd2ea25fc-eb67-4c63-86d0-58ba2ce51b56', 'Theology', '{"width":1280,"height":720,"bitrate":1452.01}', '', '29319', '2015-09-20 21:38:00.572300+0000', '2015-09-24 09:17:54.956200+0000');
INSERT INTO "neap"."user"(user_id, channel_id, type, username, email, password, display_name, logo, bio, created_at, updated_at)
    VALUES ('85748680-27fe-4410-824e-32a8f6186769', '3004a5d3-1283-4c17-8f4e-e81b94850881', 'user', 'brayson', 'brayson@neap.io', '$2y$10$zSavCxNhhf66Q9Rf1N6wSe/peOpEuDyjZ4Uxo9JR8p9J7XX/b9EiC', 'Brayson', 'https://gravatar.com/avatar/5d29bf9c00d9293297775f8872a5d38f?s=128&d=identicon', null, '2015-10-25 22:22:37.457200+0000', '2015-10-29 22:57:28.405000+0000');
INSERT INTO "neap"."channel"(channel_id, user_id, chat_id, name, display_name, topic, language, views, followers)
    VALUES ('3004a5d3-1283-4c17-8f4e-e81b94850881', '85748680-27fe-4410-824e-32a8f6186769', '6e9ed766-3ca4-48fb-a7c8-54c49e6779bc', 'brayson', 'Brayson Channel', 'Science', 'en', 29032, 18);
INSERT INTO "neap"."chat"(chat_id, channel_id, name)
    VALUES ('6e9ed766-3ca4-48fb-a7c8-54c49e6779bc', '3004a5d3-1283-4c17-8f4e-e81b94850881', 'brayson');
INSERT INTO "neap"."stream"(stream_id, channel_id, title, topic_id, topic, media_info, viewers, created_at, updated_at, ended_at)
    VALUES ('e3d3dbe5-be08-4e0c-8d4b-b7c345c81725', '3004a5d3-1283-4c17-8f4e-e81b94850881', 'The origins of Philosophy', '35fa82dc-ed25-47fb-b6cd-58ae8a151f60', 'Philosophy', '{"width":1280,"height":720,"bitrate":1156.67}', 307, '2015-10-30 10:49:42.868600+0000', '2015-10-30 11:06:43.825700+0000', '2015-10-30 11:51:13.421600+0000');
INSERT INTO "neap"."stream"(stream_id, channel_id, title, topic_id, topic, media_info, viewers, created_at, updated_at, ended_at)
    VALUES ('39e01b8e-6263-471f-9972-c29ccc94b864', '3004a5d3-1283-4c17-8f4e-e81b94850881', 'The origins of Video games', '48e535f7-dba1-4d59-aac3-4c6cced32d6c', 'Video games', '{"width":720,"height":400,"bitrate":533.91}', 1719, '2015-10-27 09:25:15.470500+0000', '2015-10-27 14:10:19.575700+0000', '2015-10-27 14:19:26.872800+0000');
INSERT INTO "neap"."video"(video_id, stream_id, title, type, description, status, tags, topic_id, topic, media_info, preview, views, created_at, updated_at)
    VALUES ('6a723c88-7e4b-458b-9e02-d9e155bb36f7', '39e01b8e-6263-471f-9972-c29ccc94b864', 'The origins of Video games', 'record', 'The origins of Video games', '', '[]', '48e535f7-dba1-4d59-aac3-4c6cced32d6c', 'Video games', '{"width":720,"height":400,"bitrate":715.53}', '', '27633', '2015-11-01 05:17:08.392800+0000', '2015-11-01 14:43:48.026400+0000');
INSERT INTO "neap"."video"(video_id, stream_id, title, type, description, status, tags, topic_id, topic, media_info, preview, views, created_at, updated_at)
    VALUES ('f452e82a-b7a9-46da-a29d-f158fe0f9eaf', '39e01b8e-6263-471f-9972-c29ccc94b864', 'The origins of Video games', 'record', 'The origins of Video games', '', '[]', '48e535f7-dba1-4d59-aac3-4c6cced32d6c', 'Video games', '{"width":720,"height":400,"bitrate":632}', '', '8282', '2015-10-30 18:52:17.837800+0000', '2015-11-02 04:08:24.115800+0000');
INSERT INTO "neap"."stream"(stream_id, channel_id, title, topic_id, topic, media_info, viewers, created_at, updated_at, ended_at)
    VALUES ('fd69863e-60bc-4595-8c52-e63160e1037c', '3004a5d3-1283-4c17-8f4e-e81b94850881', 'Come on and have fun with Brayson!', 'e9af2f53-d2dd-4e32-9dea-26d6ac21bcb8', 'Astrology', '{"width":1920,"height":1080,"bitrate":2223.14}', 406, '2015-10-26 07:56:26.131400+0000', '2015-10-26 12:19:33.513500+0000', '2015-10-26 12:29:46.706400+0000');
INSERT INTO "neap"."video"(video_id, stream_id, title, type, description, status, tags, topic_id, topic, media_info, preview, views, created_at, updated_at)
    VALUES ('9709b26c-204e-4ee8-957e-7faab0d77201', 'fd69863e-60bc-4595-8c52-e63160e1037c', 'Come on and have fun with Brayson!', 'record', 'Come on and have fun with Brayson!', '', '[]', 'e9af2f53-d2dd-4e32-9dea-26d6ac21bcb8', 'Astrology', '{"width":1920,"height":1080,"bitrate":1250.78}', '', '19088', '2015-10-28 15:27:48.448200+0000', '2015-10-30 09:23:45.757400+0000');
INSERT INTO "neap"."stream"(stream_id, channel_id, title, topic_id, topic, media_info, viewers, created_at, updated_at, ended_at)
    VALUES ('33ca3b86-b09c-457f-b644-a12275b908d7', '3004a5d3-1283-4c17-8f4e-e81b94850881', 'Today is Litterature day', '994391cf-d41e-46f4-b6eb-ce53824e3a0c', 'Litterature', '{"width":1920,"height":1080,"bitrate":1999.51}', 1732, '2015-11-01 14:06:39.711100+0000', '2015-11-01 14:10:29.912800+0000', '2015-11-01 14:32:58.193600+0000');
INSERT INTO "neap"."stream"(stream_id, channel_id, title, topic_id, topic, media_info, viewers, created_at, updated_at, ended_at)
    VALUES ('84e6536a-a3a9-4786-9742-5c1f08b78733', '3004a5d3-1283-4c17-8f4e-e81b94850881', 'Fun with Biology and Brayson', 'd4f06d27-2693-4552-bd85-d9875651ce39', 'Biology', '{"width":1280,"height":720,"bitrate":805.95}', 1535, '2015-10-30 22:01:42.204700+0000', '2015-10-31 00:18:52.915500+0000', '2015-10-31 00:56:13.078200+0000');
INSERT INTO "neap"."video"(video_id, stream_id, title, type, description, status, tags, topic_id, topic, media_info, preview, views, created_at, updated_at)
    VALUES ('8388033a-c6e7-42a9-afe4-84113d7bd3a7', '84e6536a-a3a9-4786-9742-5c1f08b78733', 'Fun with Biology and Brayson', 'highlight', 'Fun with Biology and Brayson', '', '[]', 'd4f06d27-2693-4552-bd85-d9875651ce39', 'Biology', '{"width":1280,"height":720,"bitrate":942.65}', '', '15803', '2015-10-31 05:05:31.382200+0000', '2015-11-05 08:20:39.922000+0000');
INSERT INTO "neap"."video"(video_id, stream_id, title, type, description, status, tags, topic_id, topic, media_info, preview, views, created_at, updated_at)
    VALUES ('732ef9c3-22a2-4501-a341-b2b08ba7d6fa', '84e6536a-a3a9-4786-9742-5c1f08b78733', 'Fun with Biology and Brayson', 'highlight', 'Fun with Biology and Brayson', '', '[]', 'd4f06d27-2693-4552-bd85-d9875651ce39', 'Biology', '{"width":1280,"height":720,"bitrate":1290.86}', '', '25989', '2015-11-01 03:41:12.239000+0000', '2015-11-01 07:43:21.526500+0000');
INSERT INTO "neap"."user"(user_id, channel_id, type, username, email, password, display_name, logo, bio, created_at, updated_at)
    VALUES ('bef0ba08-84dc-44fd-a8bd-a62df182b72e', '9f29663b-d0f5-40be-b7e5-d32dcac0e175', 'user', 'martha', 'martha@neap.io', '$2y$10$JHhRFvUQ0Gp/AwramlO9vOVVaIfHTD66a1pVqDEwGRRUfju616WNi', 'Martha', 'https://gravatar.com/avatar/69d46d42642e9a4ead7fc768244e6d29?s=128&d=identicon', null, '2015-04-01 18:18:37.803000+0000', '2015-06-17 01:30:40.971100+0000');
INSERT INTO "neap"."channel"(channel_id, user_id, chat_id, name, display_name, topic, language, views, followers)
    VALUES ('9f29663b-d0f5-40be-b7e5-d32dcac0e175', 'bef0ba08-84dc-44fd-a8bd-a62df182b72e', 'd7097993-a24d-4308-b711-27973954c1a2', 'martha', 'Martha Channel', 'Video games', 'en', 23524, 52);
INSERT INTO "neap"."chat"(chat_id, channel_id, name)
    VALUES ('d7097993-a24d-4308-b711-27973954c1a2', '9f29663b-d0f5-40be-b7e5-d32dcac0e175', 'martha');
INSERT INTO "neap"."stream"(stream_id, channel_id, title, topic_id, topic, media_info, viewers, created_at, updated_at, ended_at)
    VALUES ('b7d75a82-3611-428b-9af9-1484ca4a53ea', '9f29663b-d0f5-40be-b7e5-d32dcac0e175', 'Astrology?? Yeah, Astrology!', 'e9af2f53-d2dd-4e32-9dea-26d6ac21bcb8', 'Astrology', '{"width":720,"height":400,"bitrate":676.61}', 1774, '2015-05-28 06:52:51.255100+0000', '2015-05-28 10:00:06.709800+0000', '2015-05-28 10:02:33.821900+0000');
INSERT INTO "neap"."user"(user_id, channel_id, type, username, email, password, display_name, logo, bio, created_at, updated_at)
    VALUES ('52050e25-1f42-45a3-9b3d-41e480d056a7', '898359f0-0459-429b-a217-c445f1826878', 'user', 'natalia', 'natalia@neap.io', '$2y$10$puIuNFqR5iAHZ9SN6e0n0eLEN6d49WxoVOEUYvyd2.BrMUxvvVVHK', 'Natalia', 'https://gravatar.com/avatar/f406f6c61ca052d5c396d2dc7462e827?s=128&d=identicon', null, '2015-01-19 05:11:25.048500+0000', '2015-03-16 09:45:16.440000+0000');
INSERT INTO "neap"."channel"(channel_id, user_id, chat_id, name, display_name, topic, language, views, followers)
    VALUES ('898359f0-0459-429b-a217-c445f1826878', '52050e25-1f42-45a3-9b3d-41e480d056a7', '5ce54553-3cb9-43bd-8855-1b6313aa8743', 'natalia', 'Natalia Channel', 'Biology', 'en', 84350, 26);
INSERT INTO "neap"."chat"(chat_id, channel_id, name)
    VALUES ('5ce54553-3cb9-43bd-8855-1b6313aa8743', '898359f0-0459-429b-a217-c445f1826878', 'natalia');
INSERT INTO "neap"."stream"(stream_id, channel_id, title, topic_id, topic, media_info, viewers, created_at, updated_at, ended_at)
    VALUES ('3b3ac50a-ac61-405b-9c1c-538b8109b11f', '898359f0-0459-429b-a217-c445f1826878', 'Relax stream', 'b369c464-cdea-4356-9d70-1450585652e2', 'Music', '{"width":1920,"height":1080,"bitrate":1876.23}', 725, '2015-03-28 21:49:29.481000+0000', '2015-03-28 22:48:38.469900+0000', '2015-03-28 22:58:12.838000+0000');
INSERT INTO "neap"."video"(video_id, stream_id, title, type, description, status, tags, topic_id, topic, media_info, preview, views, created_at, updated_at)
    VALUES ('d34f15d5-e5bd-4e7b-b651-aa0f584f49c1', '3b3ac50a-ac61-405b-9c1c-538b8109b11f', 'Relax stream', 'record', 'Relax stream', '', '[]', 'b369c464-cdea-4356-9d70-1450585652e2', 'Music', '{"width":1920,"height":1080,"bitrate":3369.49}', '', '22134', '2015-08-30 00:24:57.286100+0000', '2015-08-30 10:58:35.424500+0000');
INSERT INTO "neap"."stream"(stream_id, channel_id, title, topic_id, topic, media_info, viewers, created_at, updated_at, ended_at)
    VALUES ('ac7a6827-bf81-4b22-8e7d-a3fda8ed6ac9', '898359f0-0459-429b-a217-c445f1826878', 'Natalia goes live!', 'e9af2f53-d2dd-4e32-9dea-26d6ac21bcb8', 'Astrology', '{"width":1280,"height":720,"bitrate":919.49}', 472, '2015-01-23 06:02:29.132000+0000', '2015-01-23 07:05:50.947300+0000', '2015-01-23 07:07:46.635900+0000');
INSERT INTO "neap"."stream"(stream_id, channel_id, title, topic_id, topic, media_info, viewers, created_at, updated_at, ended_at)
    VALUES ('f963c41b-6b40-4f9d-a758-83dabc6f8281', '898359f0-0459-429b-a217-c445f1826878', 'Today is Litterature day', '994391cf-d41e-46f4-b6eb-ce53824e3a0c', 'Litterature', '{"width":720,"height":400,"bitrate":516.26}', 1711, '2015-08-07 00:49:52.830400+0000', '2015-08-07 01:18:56.237800+0000', '2015-08-07 01:31:15.025100+0000');
INSERT INTO "neap"."video"(video_id, stream_id, title, type, description, status, tags, topic_id, topic, media_info, preview, views, created_at, updated_at)
    VALUES ('de7964c3-d3b1-4f56-8542-e2d5d98f3aee', 'f963c41b-6b40-4f9d-a758-83dabc6f8281', 'Today is Litterature day', 'record', 'Today is Litterature day', '', '[]', '994391cf-d41e-46f4-b6eb-ce53824e3a0c', 'Litterature', '{"width":720,"height":400,"bitrate":550.02}', '', '33615', '2015-08-31 05:58:59.487400+0000', '2015-09-06 19:50:13.244800+0000');
INSERT INTO "neap"."stream"(stream_id, channel_id, title, topic_id, topic, media_info, viewers, created_at, updated_at, ended_at)
    VALUES ('151dd75c-70ff-4d40-91e9-c22ac6d66f93', '898359f0-0459-429b-a217-c445f1826878', 'Fun with Science and Natalia', '1cae4612-f178-4a0e-b3af-343a88b99638', 'Science', '{"width":1920,"height":1080,"bitrate":2241.48}', 523, '2015-06-08 13:46:02.816900+0000', '2015-06-08 15:13:50.356100+0000', '2015-06-08 15:52:01.287100+0000');
INSERT INTO "neap"."video"(video_id, stream_id, title, type, description, status, tags, topic_id, topic, media_info, preview, views, created_at, updated_at)
    VALUES ('49fd2273-4812-4807-9c14-ce6e19925811', '151dd75c-70ff-4d40-91e9-c22ac6d66f93', 'Fun with Science and Natalia', 'highlight', 'Fun with Science and Natalia', '', '[]', '1cae4612-f178-4a0e-b3af-343a88b99638', 'Science', '{"width":1920,"height":1080,"bitrate":3167.65}', '', '27775', '2015-09-28 14:38:49.965100+0000', '2015-09-29 07:38:14.852500+0000');
INSERT INTO "neap"."stream"(stream_id, channel_id, title, topic_id, topic, media_info, viewers, created_at, updated_at, ended_at)
    VALUES ('85996b59-59e7-4c5b-87ca-20ab4f77fd0b', '898359f0-0459-429b-a217-c445f1826878', 'Come on and have fun with Natalia!', 'd4f06d27-2693-4552-bd85-d9875651ce39', 'Biology', '{"width":720,"height":400,"bitrate":505.99}', 1928, '2015-03-30 18:24:41.425000+0000', '2015-03-30 21:42:45.561700+0000', '2015-03-30 22:07:37.884600+0000');
INSERT INTO "neap"."video"(video_id, stream_id, title, type, description, status, tags, topic_id, topic, media_info, preview, views, created_at, updated_at)
    VALUES ('9beb8584-d29e-4bd2-84a0-b4545478756e', '85996b59-59e7-4c5b-87ca-20ab4f77fd0b', 'Come on and have fun with Natalia!', 'record', 'Come on and have fun with Natalia!', '', '[]', 'd4f06d27-2693-4552-bd85-d9875651ce39', 'Biology', '{"width":720,"height":400,"bitrate":713.19}', '', '17597', '2015-10-20 13:42:38.474100+0000', '2015-10-20 21:30:50.926400+0000');
INSERT INTO "neap"."stream"(stream_id, channel_id, title, topic_id, topic, media_info, viewers, created_at, updated_at, ended_at)
    VALUES ('c1ac91a6-9ada-413b-a809-fa10e75bcba6', '898359f0-0459-429b-a217-c445f1826878', 'Come on and have fun with Natalia!', '5f6c7ec0-84ab-4d8e-a2d7-ff1887b55d6e', 'History', '{"width":1920,"height":1080,"bitrate":2738.64}', 856, '2015-10-18 06:17:15.557300+0000', '2015-10-18 07:14:27.874800+0000', '2015-10-18 08:04:52.939700+0000');
INSERT INTO "neap"."stream"(stream_id, channel_id, title, topic_id, topic, media_info, viewers, created_at, updated_at, ended_at)
    VALUES ('8901ff8a-6f30-40d4-9309-318a722738ee', '898359f0-0459-429b-a217-c445f1826878', 'Fun with Litterature and Natalia', '994391cf-d41e-46f4-b6eb-ce53824e3a0c', 'Litterature', '{"width":1920,"height":1080,"bitrate":1124.76}', 409, '2015-08-08 22:06:33.598900+0000', '2015-08-08 22:31:33.437800+0000', '2015-08-08 22:34:50.937600+0000');
INSERT INTO "neap"."stream"(stream_id, channel_id, title, topic_id, topic, media_info, viewers, created_at, updated_at, ended_at)
    VALUES ('a7c87f12-bd3d-43f4-8906-49045bf58540', '898359f0-0459-429b-a217-c445f1826878', 'Fun with Astrology and Natalia', 'e9af2f53-d2dd-4e32-9dea-26d6ac21bcb8', 'Astrology', '{"width":1280,"height":720,"bitrate":822.78}', 871, '2015-05-02 22:21:12.582000+0000', '2015-05-02 22:31:00.413400+0000', '2015-05-02 22:31:10.409500+0000');
INSERT INTO "neap"."video"(video_id, stream_id, title, type, description, status, tags, topic_id, topic, media_info, preview, views, created_at, updated_at)
    VALUES ('d1c19a2d-1c96-4ab6-9717-70c61419dbbe', 'a7c87f12-bd3d-43f4-8906-49045bf58540', 'Fun with Astrology and Natalia', 'record', 'Fun with Astrology and Natalia', '', '[]', 'e9af2f53-d2dd-4e32-9dea-26d6ac21bcb8', 'Astrology', '{"width":1280,"height":720,"bitrate":1331.75}', '', '27430', '2015-09-10 15:13:23.571200+0000', '2015-09-13 02:15:51.889200+0000');
INSERT INTO "neap"."user"(user_id, channel_id, type, username, email, password, display_name, logo, bio, created_at, updated_at)
    VALUES ('3877572e-d94f-42cb-9653-64f8e0f630ef', 'b986022b-6ea5-4ef3-93a7-9408bdecbf3a', 'user', 'gabriel', 'gabriel@neap.io', '$2y$10$xNlBzC8pPshD46tsr1sDy.rqObWSWWFM1g7GYwGNmZNR7XPaFcDaS', 'Gabriel', 'https://gravatar.com/avatar/d7d86c6fadf007b78dd68179c2c2cc89?s=128&d=identicon', null, '2015-02-16 21:43:32.603500+0000', '2015-07-01 21:55:44.365600+0000');
INSERT INTO "neap"."channel"(channel_id, user_id, chat_id, name, display_name, topic, language, views, followers)
    VALUES ('b986022b-6ea5-4ef3-93a7-9408bdecbf3a', '3877572e-d94f-42cb-9653-64f8e0f630ef', '50c5a05f-397a-414a-9140-0be2c4cd90a8', 'gabriel', 'Gabriel Channel', 'Biology', 'en', 75987, 99);
INSERT INTO "neap"."chat"(chat_id, channel_id, name)
    VALUES ('50c5a05f-397a-414a-9140-0be2c4cd90a8', 'b986022b-6ea5-4ef3-93a7-9408bdecbf3a', 'gabriel');
INSERT INTO "neap"."stream"(stream_id, channel_id, title, topic_id, topic, media_info, viewers, created_at, updated_at, ended_at)
    VALUES ('ed41c9a8-f577-45a5-b3e9-c51392c9bca0', 'b986022b-6ea5-4ef3-93a7-9408bdecbf3a', 'The origins of Science', '1cae4612-f178-4a0e-b3af-343a88b99638', 'Science', '{"width":1280,"height":720,"bitrate":1429.55}', 776, '2015-04-04 07:09:04.738400+0000', '2015-04-04 12:28:40.287700+0000', '2015-04-04 12:41:47.960500+0000');
INSERT INTO "neap"."stream"(stream_id, channel_id, title, topic_id, topic, media_info, viewers, created_at, updated_at, ended_at)
    VALUES ('c13cf0ef-8070-4f02-baa6-7d48f8db3056', 'b986022b-6ea5-4ef3-93a7-9408bdecbf3a', 'Mathematics?? Yeah, Mathematics!', '284b3091-455d-4476-ae67-442a19d153d4', 'Mathematics', '{"width":1280,"height":720,"bitrate":1328.45}', 1332, '2015-06-22 16:24:02.539800+0000', '2015-06-22 18:29:57.046600+0000', '2015-06-22 20:22:00.974900+0000');
INSERT INTO "neap"."stream"(stream_id, channel_id, title, topic_id, topic, media_info, viewers, created_at, updated_at, ended_at)
    VALUES ('abe26876-09e9-45ae-902f-0cff510d778c', 'b986022b-6ea5-4ef3-93a7-9408bdecbf3a', 'Fun with Video games and Gabriel', '48e535f7-dba1-4d59-aac3-4c6cced32d6c', 'Video games', '{"width":1280,"height":720,"bitrate":943.64}', 467, '2015-07-11 12:40:07.583400+0000', '2015-07-11 12:44:00.885600+0000', '2015-07-11 14:27:16.345000+0000');
INSERT INTO "neap"."stream"(stream_id, channel_id, title, topic_id, topic, media_info, viewers, created_at, updated_at, ended_at)
    VALUES ('e5c8aba2-fa7f-48a2-82e3-b61338cf395e', 'b986022b-6ea5-4ef3-93a7-9408bdecbf3a', 'Fun with Litterature and Gabriel', '994391cf-d41e-46f4-b6eb-ce53824e3a0c', 'Litterature', '{"width":1920,"height":1080,"bitrate":2313.83}', 1817, '2015-04-10 14:39:06.938900+0000', '2015-04-10 15:24:16.329800+0000', '2015-04-10 17:08:37.629600+0000');
INSERT INTO "neap"."stream"(stream_id, channel_id, title, topic_id, topic, media_info, viewers, created_at, updated_at, ended_at)
    VALUES ('c151e8b2-a08b-4724-98a8-562afcbfd2fd', 'b986022b-6ea5-4ef3-93a7-9408bdecbf3a', 'The origins of Theology', 'd2ea25fc-eb67-4c63-86d0-58ba2ce51b56', 'Theology', '{"width":1920,"height":1080,"bitrate":3112.66}', 77, '2015-06-10 23:23:04.513600+0000', '2015-06-11 02:17:16.061900+0000', '2015-06-11 02:31:04.224700+0000');
INSERT INTO "neap"."video"(video_id, stream_id, title, type, description, status, tags, topic_id, topic, media_info, preview, views, created_at, updated_at)
    VALUES ('222b5f84-467f-47e9-830f-49f7218eecc7', 'c151e8b2-a08b-4724-98a8-562afcbfd2fd', 'The origins of Theology', 'record', 'The origins of Theology', '', '[]', 'd2ea25fc-eb67-4c63-86d0-58ba2ce51b56', 'Theology', '{"width":1920,"height":1080,"bitrate":2580.04}', '', '2173', '2015-06-30 06:22:50.074400+0000', '2015-07-01 19:42:45.689400+0000');
INSERT INTO "neap"."stream"(stream_id, channel_id, title, topic_id, topic, media_info, viewers, created_at, updated_at, ended_at)
    VALUES ('16324715-b473-4722-8bf5-a9964d52eee9', 'b986022b-6ea5-4ef3-93a7-9408bdecbf3a', 'Gabriel goes live!', '994391cf-d41e-46f4-b6eb-ce53824e3a0c', 'Litterature', '{"width":1920,"height":1080,"bitrate":2533.53}', 96357, '2015-05-29 03:43:44.043000+0000', '2015-05-29 05:27:07.570200+0000', '2015-05-29 06:03:03.999200+0000');
INSERT INTO "neap"."user"(user_id, channel_id, type, username, email, password, display_name, logo, bio, created_at, updated_at)
    VALUES ('68f94d98-3d4a-48f9-ba99-7c3f59404a62', '57a0605d-694d-4eb2-a435-9c1b51987b62', 'user', 'daxton', 'daxton@neap.io', '$2y$10$QFU77e5C0yF2JeU6KLGsMOJVRpQmjt6HWjlJdg7zpCzt7jKSmrQWu', 'Daxton', 'https://gravatar.com/avatar/01901b000d4dd993c2686672b9cd2e4b?s=128&d=identicon', null, '2015-10-13 00:35:48.302700+0000', '2015-10-18 07:52:52.152600+0000');
INSERT INTO "neap"."channel"(channel_id, user_id, chat_id, name, display_name, topic, language, views, followers)
    VALUES ('57a0605d-694d-4eb2-a435-9c1b51987b62', '68f94d98-3d4a-48f9-ba99-7c3f59404a62', '09d90440-39c4-4d17-8570-bae99928a47c', 'daxton', 'Daxton Channel', 'Photography', 'en', 31713, 15);
INSERT INTO "neap"."chat"(chat_id, channel_id, name)
    VALUES ('09d90440-39c4-4d17-8570-bae99928a47c', '57a0605d-694d-4eb2-a435-9c1b51987b62', 'daxton');
INSERT INTO "neap"."stream"(stream_id, channel_id, title, topic_id, topic, media_info, viewers, created_at, updated_at, ended_at)
    VALUES ('057003d0-3c45-4df8-9909-242deea972eb', '57a0605d-694d-4eb2-a435-9c1b51987b62', 'Relax stream', 'e9af2f53-d2dd-4e32-9dea-26d6ac21bcb8', 'Astrology', '{"width":720,"height":400,"bitrate":622.7}', 408, '2015-10-20 07:40:55.126900+0000', '2015-10-20 10:47:06.319000+0000', '2015-10-20 11:17:33.224200+0000');
INSERT INTO "neap"."video"(video_id, stream_id, title, type, description, status, tags, topic_id, topic, media_info, preview, views, created_at, updated_at)
    VALUES ('6d9bcce3-cabc-4e1e-847d-d9ee51da1516', '057003d0-3c45-4df8-9909-242deea972eb', 'Relax stream', 'record', 'Relax stream', '', '[]', 'e9af2f53-d2dd-4e32-9dea-26d6ac21bcb8', 'Astrology', '{"width":720,"height":400,"bitrate":726.69}', '', '5250', '2015-10-28 00:13:21.570900+0000', '2015-10-30 13:32:15.474700+0000');
INSERT INTO "neap"."video"(video_id, stream_id, title, type, description, status, tags, topic_id, topic, media_info, preview, views, created_at, updated_at)
    VALUES ('1909d90e-930f-4e27-a547-2b802a559bb6', '057003d0-3c45-4df8-9909-242deea972eb', 'Relax stream', 'record', 'Relax stream', '', '[]', 'e9af2f53-d2dd-4e32-9dea-26d6ac21bcb8', 'Astrology', '{"width":720,"height":400,"bitrate":582.9}', '', '4984', '2015-10-21 13:02:41.486700+0000', '2015-10-22 03:17:01.199200+0000');
INSERT INTO "neap"."stream"(stream_id, channel_id, title, topic_id, topic, media_info, viewers, created_at, updated_at, ended_at)
    VALUES ('881de8d6-b7ea-4264-83a6-2f5b4c8c221c', '57a0605d-694d-4eb2-a435-9c1b51987b62', 'Fun with Photography and Daxton', 'e496e832-363e-4228-b518-7fe126ccaa04', 'Photography', '{"width":1280,"height":720,"bitrate":1453.88}', 27219, '2015-10-26 13:16:16.346300+0000', '2015-10-26 18:02:42.351700+0000', '2015-10-26 18:56:35.394500+0000');
INSERT INTO "neap"."user"(user_id, channel_id, type, username, email, password, display_name, logo, bio, created_at, updated_at)
    VALUES ('9e9b12c2-3b4b-4941-ba68-3b1e2bd8db2c', 'f4522c5e-63be-4ff8-8000-1e76eabd431a', 'user', 'paityn', 'paityn@neap.io', '$2y$10$vFpDNaHNPcyfJwyf.rOWEOvLTwF./sGeOKhJu/RqwpLbaH1uT6UPu', 'Paityn', 'https://gravatar.com/avatar/c3b3efae87e4d2d5127312b34ccda533?s=128&d=identicon', null, '2015-08-01 00:49:30.894800+0000', '2015-08-24 10:27:15.895300+0000');
INSERT INTO "neap"."channel"(channel_id, user_id, chat_id, name, display_name, topic, language, views, followers)
    VALUES ('f4522c5e-63be-4ff8-8000-1e76eabd431a', '9e9b12c2-3b4b-4941-ba68-3b1e2bd8db2c', '41b3625c-7678-4b28-a4fa-7a08ec3e6bd3', 'paityn', 'Paityn Channel', 'Photography', 'en', 31430, 36);
INSERT INTO "neap"."chat"(chat_id, channel_id, name)
    VALUES ('41b3625c-7678-4b28-a4fa-7a08ec3e6bd3', 'f4522c5e-63be-4ff8-8000-1e76eabd431a', 'paityn');
INSERT INTO "neap"."user"(user_id, channel_id, type, username, email, password, display_name, logo, bio, created_at, updated_at)
    VALUES ('19a25b97-e291-4ac2-b80a-51f04af0c0ac', 'd7bdd0e9-ba8a-4d14-a6ad-0ab1cdc05c78', 'user', 'danika', 'danika@neap.io', '$2y$10$8OVvwAZyRacDLvv1um6cR.vqR40Y/wdbabn3x0Y8ot8MMTBZPaYke', 'Danika', 'https://gravatar.com/avatar/875ea0d02702ea34bbecb49293cadca4?s=128&d=identicon', null, '2015-09-29 08:47:23.231400+0000', '2015-10-27 22:58:45.965000+0000');
INSERT INTO "neap"."channel"(channel_id, user_id, chat_id, name, display_name, topic, language, views, followers)
    VALUES ('d7bdd0e9-ba8a-4d14-a6ad-0ab1cdc05c78', '19a25b97-e291-4ac2-b80a-51f04af0c0ac', 'fb9bce4c-0dbd-4914-8404-b259de8492e5', 'danika', 'Danika Channel', 'Astrology', 'en', 82138, 97);
INSERT INTO "neap"."chat"(chat_id, channel_id, name)
    VALUES ('fb9bce4c-0dbd-4914-8404-b259de8492e5', 'd7bdd0e9-ba8a-4d14-a6ad-0ab1cdc05c78', 'danika');
INSERT INTO "neap"."stream"(stream_id, channel_id, title, topic_id, topic, media_info, viewers, created_at, updated_at, ended_at)
    VALUES ('aedc3191-93f9-4b40-a904-fc6b5f15a6ad', 'd7bdd0e9-ba8a-4d14-a6ad-0ab1cdc05c78', 'Relax stream', '35fa82dc-ed25-47fb-b6cd-58ae8a151f60', 'Philosophy', '{"width":1280,"height":720,"bitrate":1003.95}', 833, '2015-10-18 05:21:31.707300+0000', '2015-10-18 05:37:20.467100+0000', '2015-10-18 05:38:10.918700+0000');
INSERT INTO "neap"."stream"(stream_id, channel_id, title, topic_id, topic, media_info, viewers, created_at, updated_at, ended_at)
    VALUES ('b4cb0551-d38a-4abc-ab53-c5802fe46dab', 'd7bdd0e9-ba8a-4d14-a6ad-0ab1cdc05c78', 'Come on and have fun with Danika!', '284b3091-455d-4476-ae67-442a19d153d4', 'Mathematics', '{"width":1280,"height":720,"bitrate":942.66}', 1313, '2015-10-05 10:48:07.649300+0000', '2015-10-05 14:01:52.729100+0000', '2015-10-05 14:22:53.116000+0000');
INSERT INTO "neap"."video"(video_id, stream_id, title, type, description, status, tags, topic_id, topic, media_info, preview, views, created_at, updated_at)
    VALUES ('42b52b94-1c4d-4893-bb6d-da6df8bde3d5', 'b4cb0551-d38a-4abc-ab53-c5802fe46dab', 'Come on and have fun with Danika!', 'record', 'Come on and have fun with Danika!', '', '[]', '284b3091-455d-4476-ae67-442a19d153d4', 'Mathematics', '{"width":1280,"height":720,"bitrate":1420.1}', '', '30186', '2015-10-22 13:26:24.401600+0000', '2015-10-23 21:19:19.591900+0000');
INSERT INTO "neap"."video"(video_id, stream_id, title, type, description, status, tags, topic_id, topic, media_info, preview, views, created_at, updated_at)
    VALUES ('3e902057-ae24-4036-9e03-4527f8e016f0', 'b4cb0551-d38a-4abc-ab53-c5802fe46dab', 'Come on and have fun with Danika!', 'record', 'Come on and have fun with Danika!', '', '[]', '284b3091-455d-4476-ae67-442a19d153d4', 'Mathematics', '{"width":1280,"height":720,"bitrate":906.22}', '', '23515', '2015-10-25 01:41:50.280100+0000', '2015-10-25 11:34:36.526600+0000');
INSERT INTO "neap"."stream"(stream_id, channel_id, title, topic_id, topic, media_info, viewers, created_at, updated_at, ended_at)
    VALUES ('03b246c1-1a9a-4047-afb8-4158ea7fd9ce', 'd7bdd0e9-ba8a-4d14-a6ad-0ab1cdc05c78', 'Danika goes live!', 'd2ea25fc-eb67-4c63-86d0-58ba2ce51b56', 'Theology', '{"width":1920,"height":1080,"bitrate":1005.31}', 1810, '2015-10-11 11:11:39.390900+0000', '2015-10-11 12:57:18.397500+0000', '2015-10-11 13:27:13.269500+0000');
INSERT INTO "neap"."video"(video_id, stream_id, title, type, description, status, tags, topic_id, topic, media_info, preview, views, created_at, updated_at)
    VALUES ('3b1ef729-c98c-4a49-8761-6b0544073041', '03b246c1-1a9a-4047-afb8-4158ea7fd9ce', 'Danika goes live!', 'highlight', 'Danika goes live!', '', '[]', 'd2ea25fc-eb67-4c63-86d0-58ba2ce51b56', 'Theology', '{"width":1920,"height":1080,"bitrate":1297.67}', '', '18103', '2015-10-12 01:23:10.409000+0000', '2015-10-13 15:08:44.717800+0000');
INSERT INTO "neap"."user"(user_id, channel_id, type, username, email, password, display_name, logo, bio, created_at, updated_at)
    VALUES ('c3a9aa52-3966-4cff-a5b4-f31e568aa67d', 'bdfc8e24-2fec-4194-b38c-57ff954cd71c', 'user', 'matias', 'matias@neap.io', '$2y$10$0dkyYh/j3HlOjqO.U9i5dOrckKpvKrpmlsB5EzICmJMZl3XXVNzuy', 'Matias', 'https://gravatar.com/avatar/43720010776c1573c8f96ae283f06f89?s=128&d=identicon', null, '2015-06-09 23:39:25.981100+0000', '2015-09-15 18:15:44.445100+0000');
INSERT INTO "neap"."channel"(channel_id, user_id, chat_id, name, display_name, topic, language, views, followers)
    VALUES ('bdfc8e24-2fec-4194-b38c-57ff954cd71c', 'c3a9aa52-3966-4cff-a5b4-f31e568aa67d', 'e7e22088-0717-484c-8f33-c211c346c38e', 'matias', 'Matias Channel', 'Video games', 'en', 36514, 30);
INSERT INTO "neap"."chat"(chat_id, channel_id, name)
    VALUES ('e7e22088-0717-484c-8f33-c211c346c38e', 'bdfc8e24-2fec-4194-b38c-57ff954cd71c', 'matias');
INSERT INTO "neap"."stream"(stream_id, channel_id, title, topic_id, topic, media_info, viewers, created_at, updated_at, ended_at)
    VALUES ('fc3cb55f-df8e-4eb6-8023-70e0a78e3e50', 'bdfc8e24-2fec-4194-b38c-57ff954cd71c', 'Matias goes live!', '5f6c7ec0-84ab-4d8e-a2d7-ff1887b55d6e', 'History', '{"width":1920,"height":1080,"bitrate":2149.69}', 1668, '2015-09-30 16:26:02.691100+0000', '2015-09-30 21:53:33.827400+0000', '2015-09-30 21:59:50.678800+0000');
INSERT INTO "neap"."stream"(stream_id, channel_id, title, topic_id, topic, media_info, viewers, created_at, updated_at, ended_at)
    VALUES ('44967789-2cef-4731-b98f-0f9909a860f9', 'bdfc8e24-2fec-4194-b38c-57ff954cd71c', 'Fun with Video games and Matias', '48e535f7-dba1-4d59-aac3-4c6cced32d6c', 'Video games', '{"width":720,"height":400,"bitrate":735.4}', 138, '2015-08-28 17:21:54.071300+0000', '2015-08-28 18:44:48.856700+0000', '2015-08-28 19:45:51.509700+0000');
INSERT INTO "neap"."stream"(stream_id, channel_id, title, topic_id, topic, media_info, viewers, created_at, updated_at, ended_at)
    VALUES ('a60d29a6-b126-441d-a116-7b214daf2c38', 'bdfc8e24-2fec-4194-b38c-57ff954cd71c', 'Relax stream', '994391cf-d41e-46f4-b6eb-ce53824e3a0c', 'Litterature', '{"width":1280,"height":720,"bitrate":994.93}', 52509, '2015-08-01 06:13:34.530700+0000', '2015-08-01 07:14:01.207300+0000', '2015-08-01 07:50:22.369500+0000');
INSERT INTO "neap"."stream"(stream_id, channel_id, title, topic_id, topic, media_info, viewers, created_at, updated_at, ended_at)
    VALUES ('7b564a51-bea2-4ea0-8840-71866aa5dde0', 'bdfc8e24-2fec-4194-b38c-57ff954cd71c', 'The origins of Science', '1cae4612-f178-4a0e-b3af-343a88b99638', 'Science', '{"width":1280,"height":720,"bitrate":1089.86}', 450, '2015-09-08 22:43:01.328400+0000', '2015-09-08 23:21:21.155200+0000', '2015-09-08 23:56:10.607000+0000');
INSERT INTO "neap"."stream"(stream_id, channel_id, title, topic_id, topic, media_info, viewers, created_at, updated_at, ended_at)
    VALUES ('aeef3ca6-e233-4226-ac79-a928f897552e', 'bdfc8e24-2fec-4194-b38c-57ff954cd71c', 'Relax stream', '284b3091-455d-4476-ae67-442a19d153d4', 'Mathematics', '{"width":1920,"height":1080,"bitrate":3499.15}', 337, '2015-09-30 08:38:08.619700+0000', '2015-09-30 08:40:48.403800+0000', '2015-09-30 09:08:28.453200+0000');
INSERT INTO "neap"."user"(user_id, channel_id, type, username, email, password, display_name, logo, bio, created_at, updated_at)
    VALUES ('377aba1a-5a7f-4970-8214-875e7c9bb6e0', '5e012814-a0ca-44a5-84e4-30051b069ec3', 'user', 'lilith', 'lilith@neap.io', '$2y$10$rYYqTYPAMOw3ZI6sInZv2eLr7NuJmkPSvRlHiPDhJLrAgY9nTGMkC', 'Lilith', 'https://gravatar.com/avatar/f2cbba865a0985b6c73ce8d905cbf5dc?s=128&d=identicon', null, '2015-02-05 07:31:44.945500+0000', '2015-09-17 13:41:22.721500+0000');
INSERT INTO "neap"."channel"(channel_id, user_id, chat_id, name, display_name, topic, language, views, followers)
    VALUES ('5e012814-a0ca-44a5-84e4-30051b069ec3', '377aba1a-5a7f-4970-8214-875e7c9bb6e0', 'e1b4ebc9-c6e6-4f1a-888b-81c0f74067ec', 'lilith', 'Lilith Channel', 'Mathematics', 'en', 34271, 122);
INSERT INTO "neap"."chat"(chat_id, channel_id, name)
    VALUES ('e1b4ebc9-c6e6-4f1a-888b-81c0f74067ec', '5e012814-a0ca-44a5-84e4-30051b069ec3', 'lilith');
INSERT INTO "neap"."stream"(stream_id, channel_id, title, topic_id, topic, media_info, viewers, created_at, updated_at, ended_at)
    VALUES ('040ae510-eb68-48e7-98c3-b0edb7852365', '5e012814-a0ca-44a5-84e4-30051b069ec3', 'Litterature?? Yeah, Litterature!', '994391cf-d41e-46f4-b6eb-ce53824e3a0c', 'Litterature', '{"width":720,"height":400,"bitrate":675.52}', 156, '2015-10-06 23:41:28.076300+0000', '2015-10-07 00:32:22.629500+0000', '2015-10-07 00:49:27.999400+0000');
INSERT INTO "neap"."video"(video_id, stream_id, title, type, description, status, tags, topic_id, topic, media_info, preview, views, created_at, updated_at)
    VALUES ('73563230-08c7-485e-9fe5-819443cdc5d1', '040ae510-eb68-48e7-98c3-b0edb7852365', 'Litterature?? Yeah, Litterature!', 'record', 'Litterature?? Yeah, Litterature!', '', '[]', '994391cf-d41e-46f4-b6eb-ce53824e3a0c', 'Litterature', '{"width":720,"height":400,"bitrate":683.7}', '', '28891', '2015-10-19 00:11:40.618000+0000', '2015-10-20 09:39:36.705600+0000');
INSERT INTO "neap"."stream"(stream_id, channel_id, title, topic_id, topic, media_info, viewers, created_at, updated_at, ended_at)
    VALUES ('6c9a1577-c246-42f8-b036-7474228a24bc', '5e012814-a0ca-44a5-84e4-30051b069ec3', 'Fun with Photography and Lilith', 'e496e832-363e-4228-b518-7fe126ccaa04', 'Photography', '{"width":720,"height":400,"bitrate":502.63}', 1446, '2015-04-17 03:15:23.311900+0000', '2015-04-17 07:58:33.328800+0000', '2015-04-17 08:03:16.350600+0000');
INSERT INTO "neap"."video"(video_id, stream_id, title, type, description, status, tags, topic_id, topic, media_info, preview, views, created_at, updated_at)
    VALUES ('94097331-eef6-4482-92cf-b0bdf6dae367', '6c9a1577-c246-42f8-b036-7474228a24bc', 'Fun with Photography and Lilith', 'record', 'Fun with Photography and Lilith', '', '[]', 'e496e832-363e-4228-b518-7fe126ccaa04', 'Photography', '{"width":720,"height":400,"bitrate":528.64}', '', '31042', '2015-04-26 04:57:20.754600+0000', '2015-04-26 21:08:48.836200+0000');
INSERT INTO "neap"."stream"(stream_id, channel_id, title, topic_id, topic, media_info, viewers, created_at, updated_at, ended_at)
    VALUES ('bbdec497-eb41-42c6-b7f4-ef673b578d55', '5e012814-a0ca-44a5-84e4-30051b069ec3', 'Relax stream', '48e535f7-dba1-4d59-aac3-4c6cced32d6c', 'Video games', '{"width":1920,"height":1080,"bitrate":2463.95}', 133, '2015-04-11 02:16:53.430400+0000', '2015-04-11 09:04:59.489800+0000', '2015-04-11 09:18:29.280000+0000');
INSERT INTO "neap"."user"(user_id, channel_id, type, username, email, password, display_name, logo, bio, created_at, updated_at)
    VALUES ('f69dfe72-c913-451e-aaf3-a95f2fb61d9a', 'f94c631a-ee1a-4059-a7cd-1ecf95418cb3', 'user', 'quinn', 'quinn@neap.io', '$2y$10$AMiHR.m/dDOcVHpU7YUvze9TJcXoHz.WWkCZbN4z.K/dcWgIyN9K.', 'Quinn', 'https://gravatar.com/avatar/4cc9a84b13a3f21164ba5577974316be?s=128&d=identicon', null, '2015-03-21 00:05:15.537200+0000', '2015-10-09 11:01:05.532800+0000');
INSERT INTO "neap"."channel"(channel_id, user_id, chat_id, name, display_name, topic, language, views, followers)
    VALUES ('f94c631a-ee1a-4059-a7cd-1ecf95418cb3', 'f69dfe72-c913-451e-aaf3-a95f2fb61d9a', '84a56377-6247-49f5-be1d-5482ea355428', 'quinn', 'Quinn Channel', 'Photography', 'en', 8906, 49);
INSERT INTO "neap"."chat"(chat_id, channel_id, name)
    VALUES ('84a56377-6247-49f5-be1d-5482ea355428', 'f94c631a-ee1a-4059-a7cd-1ecf95418cb3', 'quinn');
INSERT INTO "neap"."user"(user_id, channel_id, type, username, email, password, display_name, logo, bio, created_at, updated_at)
    VALUES ('181b2020-9fcc-4e58-96d8-2a3a1471421e', 'aedf6e5f-9d26-4e5d-8e89-d7b38c7e3547', 'user', 'alexander', 'alexander@neap.io', '$2y$10$qUbi.quNZuHcN8ag9Z1kBu/IfGDLHoOrL5oDqVWL2BQP7Y/rUHu/6', 'Alexander', 'https://gravatar.com/avatar/ce1df70041ff605f8de85a8fb792541c?s=128&d=identicon', null, '2015-10-26 06:07:35.120800+0000', '2015-10-29 04:14:44.486600+0000');
INSERT INTO "neap"."channel"(channel_id, user_id, chat_id, name, display_name, topic, language, views, followers)
    VALUES ('aedf6e5f-9d26-4e5d-8e89-d7b38c7e3547', '181b2020-9fcc-4e58-96d8-2a3a1471421e', '0e0e6a0f-0408-48ec-b0ad-75c6ea9c37a5', 'alexander', 'Alexander Channel', 'Mathematics', 'en', 82499, 34);
INSERT INTO "neap"."chat"(chat_id, channel_id, name)
    VALUES ('0e0e6a0f-0408-48ec-b0ad-75c6ea9c37a5', 'aedf6e5f-9d26-4e5d-8e89-d7b38c7e3547', 'alexander');
INSERT INTO "neap"."stream"(stream_id, channel_id, title, topic_id, topic, media_info, viewers, created_at, updated_at, ended_at)
    VALUES ('b8deedfa-4cd6-412c-b869-88b2e418482d', 'aedf6e5f-9d26-4e5d-8e89-d7b38c7e3547', 'Today is Mathematics day', '284b3091-455d-4476-ae67-442a19d153d4', 'Mathematics', '{"width":1280,"height":720,"bitrate":1257.58}', 1646, '2015-10-29 11:25:06.464100+0000', '2015-10-29 13:36:41.183300+0000', '2015-10-29 13:42:39.473500+0000');
INSERT INTO "neap"."video"(video_id, stream_id, title, type, description, status, tags, topic_id, topic, media_info, preview, views, created_at, updated_at)
    VALUES ('63bf7d32-63de-4969-bf4f-20f429548d31', 'b8deedfa-4cd6-412c-b869-88b2e418482d', 'Today is Mathematics day', 'record', 'Today is Mathematics day', '', '[]', '284b3091-455d-4476-ae67-442a19d153d4', 'Mathematics', '{"width":1280,"height":720,"bitrate":1416.29}', '', '15535', '2015-10-29 14:51:59.556200+0000', '2015-10-31 18:10:25.972600+0000');
INSERT INTO "neap"."video"(video_id, stream_id, title, type, description, status, tags, topic_id, topic, media_info, preview, views, created_at, updated_at)
    VALUES ('4eee28b6-356c-4d04-a090-d6d9f8d9a73d', 'b8deedfa-4cd6-412c-b869-88b2e418482d', 'Today is Mathematics day', 'record', 'Today is Mathematics day', '', '[]', '284b3091-455d-4476-ae67-442a19d153d4', 'Mathematics', '{"width":1280,"height":720,"bitrate":813.2}', '', '17369', '2015-10-29 18:35:52.722200+0000', '2015-10-30 20:35:39.696000+0000');
INSERT INTO "neap"."stream"(stream_id, channel_id, title, topic_id, topic, media_info, viewers, created_at, updated_at, ended_at)
    VALUES ('a8558eb6-ccdd-46ed-9742-b332bd4c64dc', 'aedf6e5f-9d26-4e5d-8e89-d7b38c7e3547', 'Relax stream', '5f6c7ec0-84ab-4d8e-a2d7-ff1887b55d6e', 'History', '{"width":1920,"height":1080,"bitrate":1237.97}', 1798, '2015-11-01 00:47:18.219500+0000', '2015-11-01 06:29:13.895800+0000', '2015-11-01 07:07:33.544100+0000');
INSERT INTO "neap"."stream"(stream_id, channel_id, title, topic_id, topic, media_info, viewers, created_at, updated_at, ended_at)
    VALUES ('738973de-cfac-4710-8a73-41db147588cc', 'aedf6e5f-9d26-4e5d-8e89-d7b38c7e3547', 'Alexander goes live!', 'b369c464-cdea-4356-9d70-1450585652e2', 'Music', '{"width":720,"height":400,"bitrate":527.5}', 400, '2015-10-26 13:51:36.123200+0000', '2015-10-26 14:08:42.685200+0000', '2015-10-26 14:27:21.532700+0000');
INSERT INTO "neap"."video"(video_id, stream_id, title, type, description, status, tags, topic_id, topic, media_info, preview, views, created_at, updated_at)
    VALUES ('57bb264a-bc20-40e2-9f29-eb6ed05821d9', '738973de-cfac-4710-8a73-41db147588cc', 'Alexander goes live!', 'highlight', 'Alexander goes live!', '', '[]', 'b369c464-cdea-4356-9d70-1450585652e2', 'Music', '{"width":720,"height":400,"bitrate":747.89}', '', '38229', '2015-10-30 00:46:12.680600+0000', '2015-10-31 07:31:50.385700+0000');
INSERT INTO "neap"."video"(video_id, stream_id, title, type, description, status, tags, topic_id, topic, media_info, preview, views, created_at, updated_at)
    VALUES ('ca6bef7a-8589-4775-a9cf-650d797f4b32', '738973de-cfac-4710-8a73-41db147588cc', 'Alexander goes live!', 'highlight', 'Alexander goes live!', '', '[]', 'b369c464-cdea-4356-9d70-1450585652e2', 'Music', '{"width":720,"height":400,"bitrate":510.11}', '', '26996', '2015-10-31 16:39:23.706000+0000', '2015-11-02 04:11:38.467800+0000');
INSERT INTO "neap"."stream"(stream_id, channel_id, title, topic_id, topic, media_info, viewers, created_at, updated_at, ended_at)
    VALUES ('83b29df0-7fe1-4070-ad84-72db56eef632', 'aedf6e5f-9d26-4e5d-8e89-d7b38c7e3547', 'The origins of Biology', 'd4f06d27-2693-4552-bd85-d9875651ce39', 'Biology', '{"width":720,"height":400,"bitrate":517.47}', 372, '2015-10-28 01:50:18.992100+0000', '2015-10-28 06:07:15.309400+0000', '2015-10-28 06:32:27.313900+0000');
INSERT INTO "neap"."video"(video_id, stream_id, title, type, description, status, tags, topic_id, topic, media_info, preview, views, created_at, updated_at)
    VALUES ('fd3265df-1118-40c7-a56a-97ac6910582f', '83b29df0-7fe1-4070-ad84-72db56eef632', 'The origins of Biology', 'highlight', 'The origins of Biology', '', '[]', 'd4f06d27-2693-4552-bd85-d9875651ce39', 'Biology', '{"width":720,"height":400,"bitrate":694.02}', '', '8317', '2015-11-01 01:05:07.064500+0000', '2015-11-01 02:59:52.121000+0000');
INSERT INTO "neap"."user"(user_id, channel_id, type, username, email, password, display_name, logo, bio, created_at, updated_at)
    VALUES ('2ddb1347-d45a-4210-b89b-27eb3bc5219c', '16302772-ab84-4f44-864b-fa564260a8ec', 'user', 'cayden', 'cayden@neap.io', '$2y$10$Irx1g93XXWeISDTLGyvGv.Opw26WHAKVUdBYjfWg4hz7q.H97rEsy', 'Cayden', 'https://gravatar.com/avatar/f18546af289bc1b47b592245b256a9c8?s=128&d=identicon', null, '2015-03-21 00:21:36.597800+0000', '2015-05-16 23:43:02.380300+0000');
INSERT INTO "neap"."channel"(channel_id, user_id, chat_id, name, display_name, topic, language, views, followers)
    VALUES ('16302772-ab84-4f44-864b-fa564260a8ec', '2ddb1347-d45a-4210-b89b-27eb3bc5219c', 'c367d8cd-dbe8-4bdd-853e-f1ca1111b3b5', 'cayden', 'Cayden Channel', 'Photography', 'en', 56208, 48);
INSERT INTO "neap"."chat"(chat_id, channel_id, name)
    VALUES ('c367d8cd-dbe8-4bdd-853e-f1ca1111b3b5', '16302772-ab84-4f44-864b-fa564260a8ec', 'cayden');
INSERT INTO "neap"."stream"(stream_id, channel_id, title, topic_id, topic, media_info, viewers, created_at, updated_at, ended_at)
    VALUES ('0bbae023-6e5b-4bef-8cdc-20ca1446d069', '16302772-ab84-4f44-864b-fa564260a8ec', 'Cayden goes live!', '5f6c7ec0-84ab-4d8e-a2d7-ff1887b55d6e', 'History', '{"width":1920,"height":1080,"bitrate":1609.43}', 3113, '2015-08-08 09:20:11.845600+0000', '2015-08-08 09:54:14.494600+0000', '2015-08-08 10:04:54.268200+0000');
INSERT INTO "neap"."video"(video_id, stream_id, title, type, description, status, tags, topic_id, topic, media_info, preview, views, created_at, updated_at)
    VALUES ('49a5b6fd-9d74-4b01-bf66-763a4b840da5', '0bbae023-6e5b-4bef-8cdc-20ca1446d069', 'Cayden goes live!', 'record', 'Cayden goes live!', '', '[]', '5f6c7ec0-84ab-4d8e-a2d7-ff1887b55d6e', 'History', '{"width":1920,"height":1080,"bitrate":3319.63}', '', '21419', '2015-10-22 08:25:46.590000+0000', '2015-10-24 10:48:01.211300+0000');
INSERT INTO "neap"."stream"(stream_id, channel_id, title, topic_id, topic, media_info, viewers, created_at, updated_at, ended_at)
    VALUES ('38cb7a06-7c2c-4fea-b22e-17d7578564e5', '16302772-ab84-4f44-864b-fa564260a8ec', 'Today is Mathematics day', '284b3091-455d-4476-ae67-442a19d153d4', 'Mathematics', '{"width":1920,"height":1080,"bitrate":1738.82}', 1237, '2015-06-30 12:46:36.302100+0000', '2015-06-30 12:50:38.726700+0000', '2015-06-30 13:03:02.408400+0000');
INSERT INTO "neap"."stream"(stream_id, channel_id, title, topic_id, topic, media_info, viewers, created_at, updated_at, ended_at)
    VALUES ('5196e972-7ec9-4460-a495-8443365faf55', '16302772-ab84-4f44-864b-fa564260a8ec', 'Relax stream', 'd2ea25fc-eb67-4c63-86d0-58ba2ce51b56', 'Theology', '{"width":1280,"height":720,"bitrate":1427.84}', 76, '2015-09-20 17:12:30.972700+0000', '2015-09-20 22:58:13.509100+0000', '2015-09-20 23:48:45.482900+0000');
INSERT INTO "neap"."video"(video_id, stream_id, title, type, description, status, tags, topic_id, topic, media_info, preview, views, created_at, updated_at)
    VALUES ('1a8e8e00-863e-4fac-899f-a0a69adbff86', '5196e972-7ec9-4460-a495-8443365faf55', 'Relax stream', 'record', 'Relax stream', '', '[]', 'd2ea25fc-eb67-4c63-86d0-58ba2ce51b56', 'Theology', '{"width":1280,"height":720,"bitrate":1237.09}', '', '2603', '2015-10-09 10:25:31.974000+0000', '2015-10-09 16:06:25.586100+0000');
INSERT INTO "neap"."stream"(stream_id, channel_id, title, topic_id, topic, media_info, viewers, created_at, updated_at, ended_at)
    VALUES ('b090c681-990e-4a5c-8e55-9c25c6870dd5', '16302772-ab84-4f44-864b-fa564260a8ec', 'Today is Theology day', 'd2ea25fc-eb67-4c63-86d0-58ba2ce51b56', 'Theology', '{"width":1280,"height":720,"bitrate":1490.85}', 1640, '2015-10-28 14:55:44.840300+0000', '2015-10-28 15:19:43.177600+0000', '2015-10-28 15:30:21.189400+0000');
INSERT INTO "neap"."user"(user_id, channel_id, type, username, email, password, display_name, logo, bio, created_at, updated_at)
    VALUES ('2d2c1ddc-84f1-47c0-a239-836d89e739a7', 'd2880694-c365-462c-82b2-e34ddafd2920', 'user', 'dominik', 'dominik@neap.io', '$2y$10$aqpirpKNfSVtzulvkKivm./npafGPdkny4rmu6WqmFKSFfAN0iT8K', 'Dominik', 'https://gravatar.com/avatar/4d018d400eb0481116dc11cde6351e4e?s=128&d=identicon', null, '2015-08-18 08:40:46.002800+0000', '2015-10-13 16:04:30.693700+0000');
INSERT INTO "neap"."channel"(channel_id, user_id, chat_id, name, display_name, topic, language, views, followers)
    VALUES ('d2880694-c365-462c-82b2-e34ddafd2920', '2d2c1ddc-84f1-47c0-a239-836d89e739a7', 'fb172041-fffd-4ff7-ab3d-e9ae03bdbea6', 'dominik', 'Dominik Channel', 'Litterature', 'en', 57467, 53);
INSERT INTO "neap"."chat"(chat_id, channel_id, name)
    VALUES ('fb172041-fffd-4ff7-ab3d-e9ae03bdbea6', 'd2880694-c365-462c-82b2-e34ddafd2920', 'dominik');
INSERT INTO "neap"."stream"(stream_id, channel_id, title, topic_id, topic, media_info, viewers, created_at, updated_at, ended_at)
    VALUES ('8e523bcb-613d-4ae8-a7e6-67dbba400018', 'd2880694-c365-462c-82b2-e34ddafd2920', 'The origins of Science', '1cae4612-f178-4a0e-b3af-343a88b99638', 'Science', '{"width":720,"height":400,"bitrate":735.36}', 951, '2015-10-27 08:18:36.859500+0000', '2015-10-27 09:03:43.629300+0000', '2015-10-27 09:12:40.228300+0000');
INSERT INTO "neap"."video"(video_id, stream_id, title, type, description, status, tags, topic_id, topic, media_info, preview, views, created_at, updated_at)
    VALUES ('3fac21f4-26b2-4783-a2ca-51562e7f9ab9', '8e523bcb-613d-4ae8-a7e6-67dbba400018', 'The origins of Science', 'record', 'The origins of Science', '', '[]', '1cae4612-f178-4a0e-b3af-343a88b99638', 'Science', '{"width":720,"height":400,"bitrate":536.73}', '', '20793', '2015-10-28 14:22:30.768900+0000', '2015-10-28 22:21:40.084200+0000');
INSERT INTO "neap"."stream"(stream_id, channel_id, title, topic_id, topic, media_info, viewers, created_at, updated_at, ended_at)
    VALUES ('eadbf09e-e0cb-465e-be93-bbe9f009d22c', 'd2880694-c365-462c-82b2-e34ddafd2920', 'The origins of Astrology', 'e9af2f53-d2dd-4e32-9dea-26d6ac21bcb8', 'Astrology', '{"width":1280,"height":720,"bitrate":1487.82}', 316, '2015-10-11 01:48:26.535200+0000', '2015-10-11 01:48:58.809800+0000', '2015-10-11 02:39:19.632200+0000');
INSERT INTO "neap"."video"(video_id, stream_id, title, type, description, status, tags, topic_id, topic, media_info, preview, views, created_at, updated_at)
    VALUES ('4a55a20a-320e-4bb3-a526-184b0ecd42ba', 'eadbf09e-e0cb-465e-be93-bbe9f009d22c', 'The origins of Astrology', 'record', 'The origins of Astrology', '', '[]', 'e9af2f53-d2dd-4e32-9dea-26d6ac21bcb8', 'Astrology', '{"width":1280,"height":720,"bitrate":762.67}', '', '33098', '2015-10-24 20:58:10.669100+0000', '2015-10-25 00:02:13.821000+0000');
INSERT INTO "neap"."stream"(stream_id, channel_id, title, topic_id, topic, media_info, viewers, created_at, updated_at, ended_at)
    VALUES ('bffa6f17-9a3a-458c-9b35-0326dfdfa581', 'd2880694-c365-462c-82b2-e34ddafd2920', 'Today is Mathematics day', '284b3091-455d-4476-ae67-442a19d153d4', 'Mathematics', '{"width":1920,"height":1080,"bitrate":1761.82}', 1222, '2015-08-30 09:11:07.382300+0000', '2015-08-30 10:38:49.783100+0000', '2015-08-30 11:24:49.948900+0000');
INSERT INTO "neap"."video"(video_id, stream_id, title, type, description, status, tags, topic_id, topic, media_info, preview, views, created_at, updated_at)
    VALUES ('f176bfd4-ceac-4490-975b-85c971658acf', 'bffa6f17-9a3a-458c-9b35-0326dfdfa581', 'Today is Mathematics day', 'record', 'Today is Mathematics day', '', '[]', '284b3091-455d-4476-ae67-442a19d153d4', 'Mathematics', '{"width":1920,"height":1080,"bitrate":1945.73}', '', '38732', '2015-09-09 21:21:47.099900+0000', '2015-09-12 20:13:10.585800+0000');
INSERT INTO "neap"."user"(user_id, channel_id, type, username, email, password, display_name, logo, bio, created_at, updated_at)
    VALUES ('960e6712-8b60-4aff-8c3f-4f99ddd2669c', '5a51fcdb-c180-4a5f-b897-20b5bcdfc50c', 'user', 'kiera', 'kiera@neap.io', '$2y$10$dp0eyXVxrmt7pjVR4H0IJem.gk2aBHL8AOfhcH3giT5saNdHKLgd.', 'Kiera', 'https://gravatar.com/avatar/55697a61325a96856fc29f9e9844635b?s=128&d=identicon', null, '2015-02-07 23:15:11.744800+0000', '2015-10-01 19:56:11.350100+0000');
INSERT INTO "neap"."channel"(channel_id, user_id, chat_id, name, display_name, topic, language, views, followers)
    VALUES ('5a51fcdb-c180-4a5f-b897-20b5bcdfc50c', '960e6712-8b60-4aff-8c3f-4f99ddd2669c', '9650d812-788d-4e4b-839f-3f2a4bc78fba', 'kiera', 'Kiera Channel', 'Photography', 'en', 83132, 148);
INSERT INTO "neap"."chat"(chat_id, channel_id, name)
    VALUES ('9650d812-788d-4e4b-839f-3f2a4bc78fba', '5a51fcdb-c180-4a5f-b897-20b5bcdfc50c', 'kiera');
INSERT INTO "neap"."stream"(stream_id, channel_id, title, topic_id, topic, media_info, viewers, created_at, updated_at, ended_at)
    VALUES ('b5da985c-185b-41dc-a1ac-be3c82bf3f6f', '5a51fcdb-c180-4a5f-b897-20b5bcdfc50c', 'The origins of Philosophy', '35fa82dc-ed25-47fb-b6cd-58ae8a151f60', 'Philosophy', '{"width":720,"height":400,"bitrate":730.78}', 1983, '2015-06-11 16:52:03.218000+0000', '2015-06-11 19:24:13.941300+0000', '2015-06-11 19:37:51.385300+0000');
INSERT INTO "neap"."video"(video_id, stream_id, title, type, description, status, tags, topic_id, topic, media_info, preview, views, created_at, updated_at)
    VALUES ('3ead46c4-9925-4154-a0da-1de33c768ec5', 'b5da985c-185b-41dc-a1ac-be3c82bf3f6f', 'The origins of Philosophy', 'highlight', 'The origins of Philosophy', '', '[]', '35fa82dc-ed25-47fb-b6cd-58ae8a151f60', 'Philosophy', '{"width":720,"height":400,"bitrate":618.49}', '', '30917', '2015-08-06 05:00:12.494400+0000', '2015-08-06 07:40:22.471800+0000');
INSERT INTO "neap"."video"(video_id, stream_id, title, type, description, status, tags, topic_id, topic, media_info, preview, views, created_at, updated_at)
    VALUES ('0702715e-ce93-4177-8226-622ed0b7cf08', 'b5da985c-185b-41dc-a1ac-be3c82bf3f6f', 'The origins of Philosophy', 'record', 'The origins of Philosophy', '', '[]', '35fa82dc-ed25-47fb-b6cd-58ae8a151f60', 'Philosophy', '{"width":720,"height":400,"bitrate":699.07}', '', '26930', '2015-09-07 06:50:40.895100+0000', '2015-09-07 13:31:40.848800+0000');
INSERT INTO "neap"."stream"(stream_id, channel_id, title, topic_id, topic, media_info, viewers, created_at, updated_at, ended_at)
    VALUES ('43c39489-ac7c-4804-adf6-e29368a512f4', '5a51fcdb-c180-4a5f-b897-20b5bcdfc50c', 'Kiera goes live!', 'e9af2f53-d2dd-4e32-9dea-26d6ac21bcb8', 'Astrology', '{"width":1920,"height":1080,"bitrate":1061.06}', 518, '2015-05-09 02:10:13.478100+0000', '2015-05-09 03:13:22.158400+0000', '2015-05-09 04:00:09.378900+0000');
INSERT INTO "neap"."video"(video_id, stream_id, title, type, description, status, tags, topic_id, topic, media_info, preview, views, created_at, updated_at)
    VALUES ('2e700544-1e35-41e7-8cf8-3c1cec78724e', '43c39489-ac7c-4804-adf6-e29368a512f4', 'Kiera goes live!', 'record', 'Kiera goes live!', '', '[]', 'e9af2f53-d2dd-4e32-9dea-26d6ac21bcb8', 'Astrology', '{"width":1920,"height":1080,"bitrate":1582.53}', '', '9323', '2015-11-01 04:18:58.112900+0000', '2015-11-05 23:47:13.567500+0000');
INSERT INTO "neap"."stream"(stream_id, channel_id, title, topic_id, topic, media_info, viewers, created_at, updated_at, ended_at)
    VALUES ('84f053c0-7032-464c-bb03-f54872301611', '5a51fcdb-c180-4a5f-b897-20b5bcdfc50c', 'Mathematics?? Yeah, Mathematics!', '284b3091-455d-4476-ae67-442a19d153d4', 'Mathematics', '{"width":1920,"height":1080,"bitrate":3132.89}', 1430, '2015-10-31 08:03:12.958000+0000', '2015-10-31 08:16:51.972300+0000', '2015-10-31 08:19:03.509600+0000');
INSERT INTO "neap"."video"(video_id, stream_id, title, type, description, status, tags, topic_id, topic, media_info, preview, views, created_at, updated_at)
    VALUES ('be51d7a2-c5fb-47b7-9f7d-d441c68e83c2', '84f053c0-7032-464c-bb03-f54872301611', 'Mathematics?? Yeah, Mathematics!', 'highlight', 'Mathematics?? Yeah, Mathematics!', '', '[]', '284b3091-455d-4476-ae67-442a19d153d4', 'Mathematics', '{"width":1920,"height":1080,"bitrate":1751.04}', '', '975', '2015-10-31 21:21:04.063800+0000', '2015-11-01 18:22:15.031300+0000');
INSERT INTO "neap"."video"(video_id, stream_id, title, type, description, status, tags, topic_id, topic, media_info, preview, views, created_at, updated_at)
    VALUES ('cbe2bd5b-6288-4f55-b5b6-9f36b41f39c5', '84f053c0-7032-464c-bb03-f54872301611', 'Mathematics?? Yeah, Mathematics!', 'record', 'Mathematics?? Yeah, Mathematics!', '', '[]', '284b3091-455d-4476-ae67-442a19d153d4', 'Mathematics', '{"width":1920,"height":1080,"bitrate":3206}', '', '30318', '2015-11-01 07:07:17.364800+0000', '2015-11-04 13:57:31.269400+0000');
INSERT INTO "neap"."stream"(stream_id, channel_id, title, topic_id, topic, media_info, viewers, created_at, updated_at, ended_at)
    VALUES ('0d267903-38a8-4b2e-b505-efeeb59f6084', '5a51fcdb-c180-4a5f-b897-20b5bcdfc50c', 'Fun with Theology and Kiera', 'd2ea25fc-eb67-4c63-86d0-58ba2ce51b56', 'Theology', '{"width":1920,"height":1080,"bitrate":1953.09}', 1859, '2015-03-09 05:39:22.878900+0000', '2015-03-09 05:39:34.806100+0000', '2015-03-09 06:53:21.013400+0000');
INSERT INTO "neap"."video"(video_id, stream_id, title, type, description, status, tags, topic_id, topic, media_info, preview, views, created_at, updated_at)
    VALUES ('67a011cc-1326-4f87-81a1-6b218545bd49', '0d267903-38a8-4b2e-b505-efeeb59f6084', 'Fun with Theology and Kiera', 'record', 'Fun with Theology and Kiera', '', '[]', 'd2ea25fc-eb67-4c63-86d0-58ba2ce51b56', 'Theology', '{"width":1920,"height":1080,"bitrate":1878.75}', '', '160', '2015-09-15 05:41:49.470400+0000', '2015-09-15 10:26:07.291200+0000');
INSERT INTO "neap"."stream"(stream_id, channel_id, title, topic_id, topic, media_info, viewers, created_at, updated_at, ended_at)
    VALUES ('b171d34f-a03c-4c6d-a2d4-63aa900676f5', '5a51fcdb-c180-4a5f-b897-20b5bcdfc50c', 'History?? Yeah, History!', '5f6c7ec0-84ab-4d8e-a2d7-ff1887b55d6e', 'History', '{"width":720,"height":400,"bitrate":679.45}', 643, '2015-05-11 13:17:41.644300+0000', '2015-05-11 14:26:41.221100+0000', '2015-05-11 15:19:31.066900+0000');
INSERT INTO "neap"."user"(user_id, channel_id, type, username, email, password, display_name, logo, bio, created_at, updated_at)
    VALUES ('0d8ed049-e262-445b-a626-f8749797704a', '71c3d42d-874a-4794-bafb-8e19f5b92f1c', 'user', 'alvaro', 'alvaro@neap.io', '$2y$10$HZQuOwzrJ0oi.WuX4pj4lOT04aoYEzfjgbet1bsdp6tDh3JSVfJAq', 'Alvaro', 'https://gravatar.com/avatar/87aab497d73c36d6513c1f9d81ed49b8?s=128&d=identicon', null, '2015-04-11 09:39:53.529100+0000', '2015-10-21 05:49:59.395300+0000');
INSERT INTO "neap"."channel"(channel_id, user_id, chat_id, name, display_name, topic, language, views, followers)
    VALUES ('71c3d42d-874a-4794-bafb-8e19f5b92f1c', '0d8ed049-e262-445b-a626-f8749797704a', 'efdc1072-de26-4206-ba84-fd4871e6be51', 'alvaro', 'Alvaro Channel', 'Theology', 'en', 89948, 94);
INSERT INTO "neap"."chat"(chat_id, channel_id, name)
    VALUES ('efdc1072-de26-4206-ba84-fd4871e6be51', '71c3d42d-874a-4794-bafb-8e19f5b92f1c', 'alvaro');
INSERT INTO "neap"."stream"(stream_id, channel_id, title, topic_id, topic, media_info, viewers, created_at, updated_at, ended_at)
    VALUES ('351575d9-4f84-48b0-865c-00ed5681a426', '71c3d42d-874a-4794-bafb-8e19f5b92f1c', 'Fun with Science and Alvaro', '1cae4612-f178-4a0e-b3af-343a88b99638', 'Science', '{"width":720,"height":400,"bitrate":573.57}', 227, '2015-10-30 09:44:37.963800+0000', '2015-10-30 10:33:21.673200+0000', '2015-10-30 11:26:21.310500+0000');
INSERT INTO "neap"."video"(video_id, stream_id, title, type, description, status, tags, topic_id, topic, media_info, preview, views, created_at, updated_at)
    VALUES ('1bc6da3d-c65f-4305-ba18-346317682fae', '351575d9-4f84-48b0-865c-00ed5681a426', 'Fun with Science and Alvaro', 'record', 'Fun with Science and Alvaro', '', '[]', '1cae4612-f178-4a0e-b3af-343a88b99638', 'Science', '{"width":720,"height":400,"bitrate":589.49}', '', '1812', '2015-10-31 16:08:31.071500+0000', '2015-10-31 23:23:19.127400+0000');
INSERT INTO "neap"."video"(video_id, stream_id, title, type, description, status, tags, topic_id, topic, media_info, preview, views, created_at, updated_at)
    VALUES ('a4245433-6b0c-4ac5-af40-bb88ec8d520d', '351575d9-4f84-48b0-865c-00ed5681a426', 'Fun with Science and Alvaro', 'record', 'Fun with Science and Alvaro', '', '[]', '1cae4612-f178-4a0e-b3af-343a88b99638', 'Science', '{"width":720,"height":400,"bitrate":550.47}', '', '592', '2015-10-31 03:26:25.370900+0000', '2015-11-02 03:37:54.620900+0000');
INSERT INTO "neap"."stream"(stream_id, channel_id, title, topic_id, topic, media_info, viewers, created_at, updated_at, ended_at)
    VALUES ('7a01e942-a5b8-40f6-935c-765ed40e03f3', '71c3d42d-874a-4794-bafb-8e19f5b92f1c', 'Fun with Astrology and Alvaro', 'e9af2f53-d2dd-4e32-9dea-26d6ac21bcb8', 'Astrology', '{"width":1920,"height":1080,"bitrate":2349.09}', 796, '2015-07-26 10:07:37.268700+0000', '2015-07-26 14:44:54.917200+0000', '2015-07-26 14:47:28.228000+0000');
INSERT INTO "neap"."stream"(stream_id, channel_id, title, topic_id, topic, media_info, viewers, created_at, updated_at, ended_at)
    VALUES ('6971d578-967d-4084-9174-c431eb40d39b', '71c3d42d-874a-4794-bafb-8e19f5b92f1c', 'Relax stream', 'e496e832-363e-4228-b518-7fe126ccaa04', 'Photography', '{"width":720,"height":400,"bitrate":501.84}', 1626, '2015-10-27 21:20:36.683300+0000', '2015-10-27 21:42:00.521000+0000', '2015-10-27 21:50:18.461300+0000');
INSERT INTO "neap"."video"(video_id, stream_id, title, type, description, status, tags, topic_id, topic, media_info, preview, views, created_at, updated_at)
    VALUES ('050d1501-7a4a-4be4-b48b-d7f2aa685c04', '6971d578-967d-4084-9174-c431eb40d39b', 'Relax stream', 'record', 'Relax stream', '', '[]', 'e496e832-363e-4228-b518-7fe126ccaa04', 'Photography', '{"width":720,"height":400,"bitrate":659.39}', '', '36767', '2015-11-01 08:50:58.433300+0000', '2015-11-02 10:47:21.834700+0000');
INSERT INTO "neap"."stream"(stream_id, channel_id, title, topic_id, topic, media_info, viewers, created_at, updated_at, ended_at)
    VALUES ('16919a5e-6312-4183-af14-2cdcf99c45cb', '71c3d42d-874a-4794-bafb-8e19f5b92f1c', 'Fun with Video games and Alvaro', '48e535f7-dba1-4d59-aac3-4c6cced32d6c', 'Video games', '{"width":1920,"height":1080,"bitrate":1256.88}', 818, '2015-07-13 09:56:57.157300+0000', '2015-07-13 11:26:57.226600+0000', '2015-07-13 12:11:03.546600+0000');
INSERT INTO "neap"."video"(video_id, stream_id, title, type, description, status, tags, topic_id, topic, media_info, preview, views, created_at, updated_at)
    VALUES ('37e4e37b-b639-49cb-ae53-04245348cc18', '16919a5e-6312-4183-af14-2cdcf99c45cb', 'Fun with Video games and Alvaro', 'record', 'Fun with Video games and Alvaro', '', '[]', '48e535f7-dba1-4d59-aac3-4c6cced32d6c', 'Video games', '{"width":1920,"height":1080,"bitrate":3265.93}', '', '36605', '2015-09-17 06:22:42.854400+0000', '2015-09-17 16:40:04.332000+0000');
INSERT INTO "neap"."stream"(stream_id, channel_id, title, topic_id, topic, media_info, viewers, created_at, updated_at, ended_at)
    VALUES ('7f4cc9f0-3659-4eb5-a941-370c84d159c3', '71c3d42d-874a-4794-bafb-8e19f5b92f1c', 'Relax stream', '994391cf-d41e-46f4-b6eb-ce53824e3a0c', 'Litterature', '{"width":1280,"height":720,"bitrate":1212.86}', 20, '2015-10-12 03:35:50.232900+0000', '2015-10-12 03:41:50.257600+0000', '2015-10-12 03:44:35.556500+0000');
INSERT INTO "neap"."video"(video_id, stream_id, title, type, description, status, tags, topic_id, topic, media_info, preview, views, created_at, updated_at)
    VALUES ('77c6a192-8eeb-4f1a-a99b-41e904e45693', '7f4cc9f0-3659-4eb5-a941-370c84d159c3', 'Relax stream', 'record', 'Relax stream', '', '[]', '994391cf-d41e-46f4-b6eb-ce53824e3a0c', 'Litterature', '{"width":1280,"height":720,"bitrate":966.16}', '', '29224', '2015-10-24 23:05:56.986900+0000', '2015-10-25 15:09:22.798800+0000');
INSERT INTO "neap"."stream"(stream_id, channel_id, title, topic_id, topic, media_info, viewers, created_at, updated_at, ended_at)
    VALUES ('3f4582f7-1871-4918-b0f1-27cc9ba040dc', '71c3d42d-874a-4794-bafb-8e19f5b92f1c', 'Relax stream', 'd4f06d27-2693-4552-bd85-d9875651ce39', 'Biology', '{"width":1280,"height":720,"bitrate":975.93}', 145, '2015-04-16 03:19:44.435200+0000', '2015-04-16 03:35:36.440100+0000', '2015-04-16 03:54:59.732700+0000');
INSERT INTO "neap"."video"(video_id, stream_id, title, type, description, status, tags, topic_id, topic, media_info, preview, views, created_at, updated_at)
    VALUES ('e5e10a42-0279-4880-b4ed-7a5805554756', '3f4582f7-1871-4918-b0f1-27cc9ba040dc', 'Relax stream', 'record', 'Relax stream', '', '[]', 'd4f06d27-2693-4552-bd85-d9875651ce39', 'Biology', '{"width":1280,"height":720,"bitrate":1396.14}', '', '9501', '2015-06-09 07:10:09.478900+0000', '2015-06-13 08:40:22.059000+0000');
INSERT INTO "neap"."video"(video_id, stream_id, title, type, description, status, tags, topic_id, topic, media_info, preview, views, created_at, updated_at)
    VALUES ('807d90e2-1700-4c87-b316-3b6932df309d', '3f4582f7-1871-4918-b0f1-27cc9ba040dc', 'Relax stream', 'record', 'Relax stream', '', '[]', 'd4f06d27-2693-4552-bd85-d9875651ce39', 'Biology', '{"width":1280,"height":720,"bitrate":1404.5}', '', '33770', '2015-08-18 16:23:50.822000+0000', '2015-08-19 03:17:01.634300+0000');
INSERT INTO "neap"."stream"(stream_id, channel_id, title, topic_id, topic, media_info, viewers, created_at, updated_at, ended_at)
    VALUES ('75807e59-8cde-4b10-baeb-e068be305cc9', '71c3d42d-874a-4794-bafb-8e19f5b92f1c', 'Video games?? Yeah, Video games!', '48e535f7-dba1-4d59-aac3-4c6cced32d6c', 'Video games', '{"width":720,"height":400,"bitrate":545.84}', 1911, '2015-05-14 10:45:17.401600+0000', '2015-05-14 13:30:23.406500+0000', '2015-05-14 14:20:25.270000+0000');
INSERT INTO "neap"."video"(video_id, stream_id, title, type, description, status, tags, topic_id, topic, media_info, preview, views, created_at, updated_at)
    VALUES ('f06197aa-1826-4610-a0bc-1b14ebbc3e29', '75807e59-8cde-4b10-baeb-e068be305cc9', 'Video games?? Yeah, Video games!', 'highlight', 'Video games?? Yeah, Video games!', '', '[]', '48e535f7-dba1-4d59-aac3-4c6cced32d6c', 'Video games', '{"width":720,"height":400,"bitrate":587.81}', '', '30009', '2015-06-07 00:56:39.123800+0000', '2015-06-07 04:21:34.374100+0000');
INSERT INTO "neap"."stream"(stream_id, channel_id, title, topic_id, topic, media_info, viewers, created_at, updated_at, ended_at)
    VALUES ('079f3155-471f-4c38-9234-4d51de88e25d', '71c3d42d-874a-4794-bafb-8e19f5b92f1c', 'Relax stream', '1cae4612-f178-4a0e-b3af-343a88b99638', 'Science', '{"width":1280,"height":720,"bitrate":904.41}', 304, '2015-07-28 01:18:29.052200+0000', '2015-07-28 03:59:15.505200+0000', '2015-07-28 04:46:17.878100+0000');
INSERT INTO "neap"."video"(video_id, stream_id, title, type, description, status, tags, topic_id, topic, media_info, preview, views, created_at, updated_at)
    VALUES ('b2266e9a-b596-4bf8-ab88-16f8fe5a9397', '079f3155-471f-4c38-9234-4d51de88e25d', 'Relax stream', 'highlight', 'Relax stream', '', '[]', '1cae4612-f178-4a0e-b3af-343a88b99638', 'Science', '{"width":1280,"height":720,"bitrate":1238.5}', '', '35722', '2015-08-19 20:51:49.817100+0000', '2015-08-20 19:22:41.686200+0000');
INSERT INTO "neap"."video"(video_id, stream_id, title, type, description, status, tags, topic_id, topic, media_info, preview, views, created_at, updated_at)
    VALUES ('70e09aae-56d8-4ce3-8eea-2335d1bc5690', '079f3155-471f-4c38-9234-4d51de88e25d', 'Relax stream', 'record', 'Relax stream', '', '[]', '1cae4612-f178-4a0e-b3af-343a88b99638', 'Science', '{"width":1280,"height":720,"bitrate":1493.11}', '', '9820', '2015-09-18 12:13:58.946300+0000', '2015-09-20 21:25:03.155800+0000');
INSERT INTO "neap"."stream"(stream_id, channel_id, title, topic_id, topic, media_info, viewers, created_at, updated_at, ended_at)
    VALUES ('d644abb3-2e07-409a-a09b-9a2b3921dd6c', '71c3d42d-874a-4794-bafb-8e19f5b92f1c', 'Alvaro goes live!', 'e9af2f53-d2dd-4e32-9dea-26d6ac21bcb8', 'Astrology', '{"width":720,"height":400,"bitrate":592.23}', 792, '2015-09-11 15:01:37.518300+0000', '2015-09-11 16:09:38.733100+0000', '2015-09-11 16:33:24.454000+0000');
INSERT INTO "neap"."video"(video_id, stream_id, title, type, description, status, tags, topic_id, topic, media_info, preview, views, created_at, updated_at)
    VALUES ('b08d2838-2dd9-485c-a831-20aad429c5aa', 'd644abb3-2e07-409a-a09b-9a2b3921dd6c', 'Alvaro goes live!', 'record', 'Alvaro goes live!', '', '[]', 'e9af2f53-d2dd-4e32-9dea-26d6ac21bcb8', 'Astrology', '{"width":720,"height":400,"bitrate":579.08}', '', '23800', '2015-09-11 15:06:58.825700+0000', '2015-09-13 21:12:24.696700+0000');
INSERT INTO "neap"."stream"(stream_id, channel_id, title, topic_id, topic, media_info, viewers, created_at, updated_at, ended_at)
    VALUES ('600c4cbc-4032-4695-a3d5-cfc68254a4cb', '71c3d42d-874a-4794-bafb-8e19f5b92f1c', 'Come on and have fun with Alvaro!', 'e496e832-363e-4228-b518-7fe126ccaa04', 'Photography', '{"width":1280,"height":720,"bitrate":969.78}', 1507, '2015-07-28 18:25:52.658000+0000', '2015-07-28 22:35:48.545300+0000', '2015-07-28 23:12:06.434100+0000');
INSERT INTO "neap"."video"(video_id, stream_id, title, type, description, status, tags, topic_id, topic, media_info, preview, views, created_at, updated_at)
    VALUES ('8e831079-c568-4fb5-9e27-40f713d6ffce', '600c4cbc-4032-4695-a3d5-cfc68254a4cb', 'Come on and have fun with Alvaro!', 'record', 'Come on and have fun with Alvaro!', '', '[]', 'e496e832-363e-4228-b518-7fe126ccaa04', 'Photography', '{"width":1280,"height":720,"bitrate":778.4}', '', '2774', '2015-09-30 20:33:00.440600+0000', '2015-10-01 01:02:24.729600+0000');
INSERT INTO "neap"."video"(video_id, stream_id, title, type, description, status, tags, topic_id, topic, media_info, preview, views, created_at, updated_at)
    VALUES ('88e329b1-bc1e-4f5f-b993-e2d3a9c5c6d3', '600c4cbc-4032-4695-a3d5-cfc68254a4cb', 'Come on and have fun with Alvaro!', 'record', 'Come on and have fun with Alvaro!', '', '[]', 'e496e832-363e-4228-b518-7fe126ccaa04', 'Photography', '{"width":1280,"height":720,"bitrate":887.78}', '', '34701', '2015-08-13 09:18:18.666900+0000', '2015-08-17 01:04:18.046000+0000');
INSERT INTO "neap"."stream"(stream_id, channel_id, title, topic_id, topic, media_info, viewers, created_at, updated_at, ended_at)
    VALUES ('2a10aa22-9909-40dd-97cc-5dcb39f67820', '71c3d42d-874a-4794-bafb-8e19f5b92f1c', 'Relax stream', '994391cf-d41e-46f4-b6eb-ce53824e3a0c', 'Litterature', '{"width":1280,"height":720,"bitrate":1393.17}', 1401, '2015-08-17 21:23:21.764600+0000', '2015-08-17 22:21:01.605400+0000', '2015-08-17 23:11:39.296600+0000');
INSERT INTO "neap"."video"(video_id, stream_id, title, type, description, status, tags, topic_id, topic, media_info, preview, views, created_at, updated_at)
    VALUES ('b5e30d0b-748d-447a-9fdb-b59a968ea972', '2a10aa22-9909-40dd-97cc-5dcb39f67820', 'Relax stream', 'highlight', 'Relax stream', '', '[]', '994391cf-d41e-46f4-b6eb-ce53824e3a0c', 'Litterature', '{"width":1280,"height":720,"bitrate":1121.69}', '', '31070', '2015-09-06 20:08:47.973200+0000', '2015-09-07 12:46:06.483300+0000');
INSERT INTO "neap"."video"(video_id, stream_id, title, type, description, status, tags, topic_id, topic, media_info, preview, views, created_at, updated_at)
    VALUES ('89bf7afe-c881-4ade-ac46-2e112730bdd8', '2a10aa22-9909-40dd-97cc-5dcb39f67820', 'Relax stream', 'record', 'Relax stream', '', '[]', '994391cf-d41e-46f4-b6eb-ce53824e3a0c', 'Litterature', '{"width":1280,"height":720,"bitrate":1401.43}', '', '12099', '2015-09-27 15:47:23.582600+0000', '2015-10-01 09:58:59.594800+0000');
INSERT INTO "neap"."user"(user_id, channel_id, type, username, email, password, display_name, logo, bio, created_at, updated_at)
    VALUES ('53b00bd6-c30e-4620-bdd0-b657d0bfdb75', '8f7dc4a9-0c04-4b3c-a218-153f40833940', 'user', 'jennifer', 'jennifer@neap.io', '$2y$10$1gxg2kmDo15Ow7PUTHCXcODzO7pk6qiM4rNqWpWaFQIL2xGV5pCWK', 'Jennifer', 'https://gravatar.com/avatar/fe578c483975569b96f1b7885315b9d5?s=128&d=identicon', null, '2015-06-18 08:04:46.862700+0000', '2015-08-24 10:47:53.802300+0000');
INSERT INTO "neap"."channel"(channel_id, user_id, chat_id, name, display_name, topic, language, views, followers)
    VALUES ('8f7dc4a9-0c04-4b3c-a218-153f40833940', '53b00bd6-c30e-4620-bdd0-b657d0bfdb75', '7079d6d2-7bb4-49da-b25f-8b7c15b0f633', 'jennifer', 'Jennifer Channel', 'Music', 'en', 69788, 81);
INSERT INTO "neap"."chat"(chat_id, channel_id, name)
    VALUES ('7079d6d2-7bb4-49da-b25f-8b7c15b0f633', '8f7dc4a9-0c04-4b3c-a218-153f40833940', 'jennifer');
INSERT INTO "neap"."stream"(stream_id, channel_id, title, topic_id, topic, media_info, viewers, created_at, updated_at, ended_at)
    VALUES ('1de509e3-9cbf-4987-9550-428701a8b9f7', '8f7dc4a9-0c04-4b3c-a218-153f40833940', 'Mathematics?? Yeah, Mathematics!', '284b3091-455d-4476-ae67-442a19d153d4', 'Mathematics', '{"width":1280,"height":720,"bitrate":876.57}', 1441, '2015-07-07 14:59:46.834200+0000', '2015-07-07 16:11:48.259300+0000', '2015-07-07 17:04:44.700800+0000');
INSERT INTO "neap"."stream"(stream_id, channel_id, title, topic_id, topic, media_info, viewers, created_at, updated_at, ended_at)
    VALUES ('8b60abdd-3f77-45b1-8f3b-e1f176a8b7b2', '8f7dc4a9-0c04-4b3c-a218-153f40833940', 'Jennifer goes live!', 'b369c464-cdea-4356-9d70-1450585652e2', 'Music', '{"width":1920,"height":1080,"bitrate":1281.76}', 408, '2015-10-30 06:17:14.124700+0000', '2015-10-30 08:54:17.007800+0000', '2015-10-30 08:55:30.540700+0000');
INSERT INTO "neap"."stream"(stream_id, channel_id, title, topic_id, topic, media_info, viewers, created_at, updated_at, ended_at)
    VALUES ('87e8e51b-f351-4097-8609-c315af324a38', '8f7dc4a9-0c04-4b3c-a218-153f40833940', 'Photography?? Yeah, Photography!', 'e496e832-363e-4228-b518-7fe126ccaa04', 'Photography', '{"width":720,"height":400,"bitrate":606.62}', 966, '2015-06-29 21:35:41.983500+0000', '2015-06-29 22:05:36.265600+0000', '2015-06-29 22:24:43.249000+0000');
INSERT INTO "neap"."stream"(stream_id, channel_id, title, topic_id, topic, media_info, viewers, created_at, updated_at, ended_at)
    VALUES ('7261ef4b-01d3-476b-8576-476bcce7f1b2', '8f7dc4a9-0c04-4b3c-a218-153f40833940', 'Today is Biology day', 'd4f06d27-2693-4552-bd85-d9875651ce39', 'Biology', '{"width":720,"height":400,"bitrate":612.45}', 44, '2015-09-03 02:43:29.852500+0000', '2015-09-03 03:43:04.121100+0000', '2015-09-03 04:15:00.280300+0000');
INSERT INTO "neap"."video"(video_id, stream_id, title, type, description, status, tags, topic_id, topic, media_info, preview, views, created_at, updated_at)
    VALUES ('7ac9db1d-49ae-4c46-adb7-3fd2b068b4bd', '7261ef4b-01d3-476b-8576-476bcce7f1b2', 'Today is Biology day', 'record', 'Today is Biology day', '', '[]', 'd4f06d27-2693-4552-bd85-d9875651ce39', 'Biology', '{"width":720,"height":400,"bitrate":781.57}', '', '37511', '2015-09-19 13:02:15.778600+0000', '2015-09-20 11:43:00.030300+0000');
INSERT INTO "neap"."stream"(stream_id, channel_id, title, topic_id, topic, media_info, viewers, created_at, updated_at, ended_at)
    VALUES ('8c7ee131-b2cd-46d7-abb5-688627f58aa0', '8f7dc4a9-0c04-4b3c-a218-153f40833940', 'Relax stream', 'd2ea25fc-eb67-4c63-86d0-58ba2ce51b56', 'Theology', '{"width":1280,"height":720,"bitrate":828.45}', 1178, '2015-07-17 21:59:55.358100+0000', '2015-07-18 00:04:11.202900+0000', '2015-07-18 01:01:46.037500+0000');
INSERT INTO "neap"."user"(user_id, channel_id, type, username, email, password, display_name, logo, bio, created_at, updated_at)
    VALUES ('289225a0-4ce8-4b37-9fe3-31e5d662155b', 'e396d421-8eae-492e-bb3c-b2573a70b8d0', 'user', 'amara', 'amara@neap.io', '$2y$10$GUOdAqhTwbTfOoJEPJ/k1.8N95ZAQVftGjXmXqRSfRkjRXgIzaGgu', 'Amara', 'https://gravatar.com/avatar/c04a9938998a71f32ea79d06eecc6863?s=128&d=identicon', null, '2015-05-18 09:14:06.008200+0000', '2015-08-01 03:37:54.763700+0000');
INSERT INTO "neap"."channel"(channel_id, user_id, chat_id, name, display_name, topic, language, views, followers)
    VALUES ('e396d421-8eae-492e-bb3c-b2573a70b8d0', '289225a0-4ce8-4b37-9fe3-31e5d662155b', '33ba6e7b-837d-4747-8fbe-5f130daf1fac', 'amara', 'Amara Channel', 'Biology', 'en', 21847, 44);
INSERT INTO "neap"."chat"(chat_id, channel_id, name)
    VALUES ('33ba6e7b-837d-4747-8fbe-5f130daf1fac', 'e396d421-8eae-492e-bb3c-b2573a70b8d0', 'amara');
INSERT INTO "neap"."stream"(stream_id, channel_id, title, topic_id, topic, media_info, viewers, created_at, updated_at, ended_at)
    VALUES ('8ab2eff2-1113-49e5-a136-9edf8410a20a', 'e396d421-8eae-492e-bb3c-b2573a70b8d0', 'Come on and have fun with Amara!', 'b369c464-cdea-4356-9d70-1450585652e2', 'Music', '{"width":720,"height":400,"bitrate":572.58}', 19679, '2015-09-01 08:28:31.285600+0000', '2015-09-01 12:58:52.945900+0000', '2015-09-01 13:01:31.925400+0000');
INSERT INTO "neap"."video"(video_id, stream_id, title, type, description, status, tags, topic_id, topic, media_info, preview, views, created_at, updated_at)
    VALUES ('46836d0b-389b-4f79-bc72-79017a523b9c', '8ab2eff2-1113-49e5-a136-9edf8410a20a', 'Come on and have fun with Amara!', 'record', 'Come on and have fun with Amara!', '', '[]', 'b369c464-cdea-4356-9d70-1450585652e2', 'Music', '{"width":720,"height":400,"bitrate":651.81}', '', '39715', '2015-10-24 09:19:27.714600+0000', '2015-10-24 15:52:48.516100+0000');
INSERT INTO "neap"."stream"(stream_id, channel_id, title, topic_id, topic, media_info, viewers, created_at, updated_at, ended_at)
    VALUES ('41ed025d-8933-407c-a339-b27410bfebe0', 'e396d421-8eae-492e-bb3c-b2573a70b8d0', 'Come on and have fun with Amara!', '5f6c7ec0-84ab-4d8e-a2d7-ff1887b55d6e', 'History', '{"width":1280,"height":720,"bitrate":803.48}', 628, '2015-06-26 03:22:53.117500+0000', '2015-06-26 03:48:59.538200+0000', '2015-06-26 04:25:40.397200+0000');
INSERT INTO "neap"."stream"(stream_id, channel_id, title, topic_id, topic, media_info, viewers, created_at, updated_at, ended_at)
    VALUES ('ff1530c6-403d-4e2f-904f-aefd1e75c926', 'e396d421-8eae-492e-bb3c-b2573a70b8d0', 'Come on and have fun with Amara!', 'b369c464-cdea-4356-9d70-1450585652e2', 'Music', '{"width":1280,"height":720,"bitrate":1132.42}', 1759, '2015-10-26 11:32:38.595000+0000', '2015-10-26 12:52:28.713300+0000', '2015-10-26 12:53:45.798500+0000');
INSERT INTO "neap"."user"(user_id, channel_id, type, username, email, password, display_name, logo, bio, created_at, updated_at)
    VALUES ('9e632474-b255-4659-a571-445cb1e6c995', '8bdd0564-1b3a-4505-ac9b-0b07607d22d3', 'user', 'jayleen', 'jayleen@neap.io', '$2y$10$9uDbINxfMmDqi0ppMXSo4.HaLSLQZYGZ4SU.KASGfZ1qNyWx3S.PW', 'Jayleen', 'https://gravatar.com/avatar/8ab58abba6366c95c13ce07e3f73d94a?s=128&d=identicon', null, '2015-07-24 10:46:13.134800+0000', '2015-09-03 15:20:28.712700+0000');
INSERT INTO "neap"."channel"(channel_id, user_id, chat_id, name, display_name, topic, language, views, followers)
    VALUES ('8bdd0564-1b3a-4505-ac9b-0b07607d22d3', '9e632474-b255-4659-a571-445cb1e6c995', '198c9ca9-f099-477f-a9f1-ee1b3c5e441a', 'jayleen', 'Jayleen Channel', 'Philosophy', 'en', 64779, 39);
INSERT INTO "neap"."chat"(chat_id, channel_id, name)
    VALUES ('198c9ca9-f099-477f-a9f1-ee1b3c5e441a', '8bdd0564-1b3a-4505-ac9b-0b07607d22d3', 'jayleen');
INSERT INTO "neap"."stream"(stream_id, channel_id, title, topic_id, topic, media_info, viewers, created_at, updated_at, ended_at)
    VALUES ('1289f385-b1df-43f4-80e6-617a6374aa7b', '8bdd0564-1b3a-4505-ac9b-0b07607d22d3', 'Astrology?? Yeah, Astrology!', 'e9af2f53-d2dd-4e32-9dea-26d6ac21bcb8', 'Astrology', '{"width":1280,"height":720,"bitrate":1015.57}', 215, '2015-08-30 01:18:14.961900+0000', '2015-08-30 07:24:20.559600+0000', '2015-08-30 07:57:03.640900+0000');
INSERT INTO "neap"."video"(video_id, stream_id, title, type, description, status, tags, topic_id, topic, media_info, preview, views, created_at, updated_at)
    VALUES ('8b01170e-d1ff-4816-aea1-9bcb3b443d88', '1289f385-b1df-43f4-80e6-617a6374aa7b', 'Astrology?? Yeah, Astrology!', 'record', 'Astrology?? Yeah, Astrology!', '', '[]', 'e9af2f53-d2dd-4e32-9dea-26d6ac21bcb8', 'Astrology', '{"width":1280,"height":720,"bitrate":1395.9}', '', '5928', '2015-09-16 00:37:39.462200+0000', '2015-09-17 17:03:35.599900+0000');
INSERT INTO "neap"."stream"(stream_id, channel_id, title, topic_id, topic, media_info, viewers, created_at, updated_at, ended_at)
    VALUES ('bee3d9a4-4309-440d-909d-8dc23a8d8324', '8bdd0564-1b3a-4505-ac9b-0b07607d22d3', 'History?? Yeah, History!', '5f6c7ec0-84ab-4d8e-a2d7-ff1887b55d6e', 'History', '{"width":1920,"height":1080,"bitrate":1779.29}', 220, '2015-10-10 18:58:57.343400+0000', '2015-10-11 01:42:32.379800+0000', '2015-10-11 01:47:57.327200+0000');
INSERT INTO "neap"."video"(video_id, stream_id, title, type, description, status, tags, topic_id, topic, media_info, preview, views, created_at, updated_at)
    VALUES ('d910a65b-a717-48e1-990f-79b91570f1fb', 'bee3d9a4-4309-440d-909d-8dc23a8d8324', 'History?? Yeah, History!', 'record', 'History?? Yeah, History!', '', '[]', '5f6c7ec0-84ab-4d8e-a2d7-ff1887b55d6e', 'History', '{"width":1920,"height":1080,"bitrate":1602.12}', '', '18731', '2015-10-28 18:35:17.916800+0000', '2015-10-31 18:15:28.577900+0000');
INSERT INTO "neap"."stream"(stream_id, channel_id, title, topic_id, topic, media_info, viewers, created_at, updated_at, ended_at)
    VALUES ('a4786245-5d96-4d37-9944-c41d6dafc7e2', '8bdd0564-1b3a-4505-ac9b-0b07607d22d3', 'Today is Science day', '1cae4612-f178-4a0e-b3af-343a88b99638', 'Science', '{"width":1280,"height":720,"bitrate":1344.53}', 1675, '2015-07-29 22:17:10.059300+0000', '2015-07-30 01:32:12.838500+0000', '2015-07-30 01:44:40.081600+0000');
INSERT INTO "neap"."user"(user_id, channel_id, type, username, email, password, display_name, logo, bio, created_at, updated_at)
    VALUES ('e0d9b729-e4e8-4531-8657-09934cf9ad3b', '04b41096-9bbd-442d-962f-2ae350873791', 'user', 'randy', 'randy@neap.io', '$2y$10$SaeFSlfxzDzvdxh7okbgeeGwx2dBQzZSPVgtxlHv9/h0RrL36IsBW', 'Randy', 'https://gravatar.com/avatar/1e6e8ba3f6f5af2f88cecf8707b4e74e?s=128&d=identicon', null, '2015-01-13 18:58:26.021000+0000', '2015-01-17 02:58:07.553400+0000');
INSERT INTO "neap"."channel"(channel_id, user_id, chat_id, name, display_name, topic, language, views, followers)
    VALUES ('04b41096-9bbd-442d-962f-2ae350873791', 'e0d9b729-e4e8-4531-8657-09934cf9ad3b', '888a4b3d-bf8a-4022-8bca-0f09affb48b9', 'randy', 'Randy Channel', 'Science', 'en', 94891, 118);
INSERT INTO "neap"."chat"(chat_id, channel_id, name)
    VALUES ('888a4b3d-bf8a-4022-8bca-0f09affb48b9', '04b41096-9bbd-442d-962f-2ae350873791', 'randy');
INSERT INTO "neap"."stream"(stream_id, channel_id, title, topic_id, topic, media_info, viewers, created_at, updated_at, ended_at)
    VALUES ('d1d040fd-0f72-44d7-8cdc-7c0e81ee2c20', '04b41096-9bbd-442d-962f-2ae350873791', 'Video games?? Yeah, Video games!', '48e535f7-dba1-4d59-aac3-4c6cced32d6c', 'Video games', '{"width":1920,"height":1080,"bitrate":2997.51}', 591, '2015-04-09 23:43:06.206600+0000', '2015-04-09 23:59:02.874400+0000', '2015-04-10 00:14:56.575000+0000');
INSERT INTO "neap"."video"(video_id, stream_id, title, type, description, status, tags, topic_id, topic, media_info, preview, views, created_at, updated_at)
    VALUES ('4a9bbb7f-b375-4f9c-a73d-120e668aadcb', 'd1d040fd-0f72-44d7-8cdc-7c0e81ee2c20', 'Video games?? Yeah, Video games!', 'record', 'Video games?? Yeah, Video games!', '', '[]', '48e535f7-dba1-4d59-aac3-4c6cced32d6c', 'Video games', '{"width":1920,"height":1080,"bitrate":2462.54}', '', '19579', '2015-10-25 16:13:58.190800+0000', '2015-10-26 18:26:34.922100+0000');
INSERT INTO "neap"."stream"(stream_id, channel_id, title, topic_id, topic, media_info, viewers, created_at, updated_at, ended_at)
    VALUES ('7a226fe8-e658-4eb8-8552-24625a9a4d4c', '04b41096-9bbd-442d-962f-2ae350873791', 'Relax stream', '994391cf-d41e-46f4-b6eb-ce53824e3a0c', 'Litterature', '{"width":1280,"height":720,"bitrate":1330.74}', 1712, '2015-05-01 21:35:57.866400+0000', '2015-05-02 01:56:47.484700+0000', '2015-05-02 02:37:19.567700+0000');
INSERT INTO "neap"."stream"(stream_id, channel_id, title, topic_id, topic, media_info, viewers, created_at, updated_at, ended_at)
    VALUES ('e9e5e869-ca30-41dd-8eda-e9e40b37bb7c', '04b41096-9bbd-442d-962f-2ae350873791', 'Come on and have fun with Randy!', '284b3091-455d-4476-ae67-442a19d153d4', 'Mathematics', '{"width":1280,"height":720,"bitrate":1436.36}', 968, '2015-09-17 18:06:40.860700+0000', '2015-09-17 19:42:36.564200+0000', '2015-09-17 20:48:55.554200+0000');
INSERT INTO "neap"."stream"(stream_id, channel_id, title, topic_id, topic, media_info, viewers, created_at, updated_at, ended_at)
    VALUES ('dcb6a4c1-b794-4dda-afff-4220f3ef4526', '04b41096-9bbd-442d-962f-2ae350873791', 'Fun with Photography and Randy', 'e496e832-363e-4228-b518-7fe126ccaa04', 'Photography', '{"width":1920,"height":1080,"bitrate":3214.15}', 1262, '2015-05-24 17:10:56.606000+0000', '2015-05-24 19:43:11.337200+0000', '2015-05-24 20:16:26.328900+0000');
INSERT INTO "neap"."video"(video_id, stream_id, title, type, description, status, tags, topic_id, topic, media_info, preview, views, created_at, updated_at)
    VALUES ('1ce90bc7-4e91-46aa-9021-360a77b56bbf', 'dcb6a4c1-b794-4dda-afff-4220f3ef4526', 'Fun with Photography and Randy', 'record', 'Fun with Photography and Randy', '', '[]', 'e496e832-363e-4228-b518-7fe126ccaa04', 'Photography', '{"width":1920,"height":1080,"bitrate":2559.37}', '', '5891', '2015-06-18 16:58:27.962900+0000', '2015-06-22 20:09:37.177800+0000');
INSERT INTO "neap"."stream"(stream_id, channel_id, title, topic_id, topic, media_info, viewers, created_at, updated_at, ended_at)
    VALUES ('35a1fa03-ed83-49d0-b544-5884f3437191', '04b41096-9bbd-442d-962f-2ae350873791', 'Randy goes live!', 'd2ea25fc-eb67-4c63-86d0-58ba2ce51b56', 'Theology', '{"width":720,"height":400,"bitrate":670.42}', 1333, '2015-04-21 18:00:38.078100+0000', '2015-04-21 20:12:47.237700+0000', '2015-04-21 21:26:47.084800+0000');
INSERT INTO "neap"."user"(user_id, channel_id, type, username, email, password, display_name, logo, bio, created_at, updated_at)
    VALUES ('4221d0d7-b113-4401-a02c-e2a3499f32c1', '4c557487-1fc3-4d03-8660-b62f09d5a416', 'user', 'mauricio', 'mauricio@neap.io', '$2y$10$iJAWuLlzU.VcUCE2rMr5ye/LgWEBcgcrv.yxvRo9Ni4lFJnLYEv8m', 'Mauricio', 'https://gravatar.com/avatar/fca0938141ddb05b8136804f757067ec?s=128&d=identicon', null, '2015-05-06 23:10:41.483300+0000', '2015-09-17 08:26:47.852500+0000');
INSERT INTO "neap"."channel"(channel_id, user_id, chat_id, name, display_name, topic, language, views, followers)
    VALUES ('4c557487-1fc3-4d03-8660-b62f09d5a416', '4221d0d7-b113-4401-a02c-e2a3499f32c1', '8895f559-41ba-4487-866f-2142617c2d71', 'mauricio', 'Mauricio Channel', 'Music', 'en', 70409, 92);
INSERT INTO "neap"."chat"(chat_id, channel_id, name)
    VALUES ('8895f559-41ba-4487-866f-2142617c2d71', '4c557487-1fc3-4d03-8660-b62f09d5a416', 'mauricio');
INSERT INTO "neap"."stream"(stream_id, channel_id, title, topic_id, topic, media_info, viewers, created_at, updated_at, ended_at)
    VALUES ('aa0f4047-a2b8-4fc0-a037-3c951c944ae8', '4c557487-1fc3-4d03-8660-b62f09d5a416', 'Come on and have fun with Mauricio!', '48e535f7-dba1-4d59-aac3-4c6cced32d6c', 'Video games', '{"width":720,"height":400,"bitrate":628.42}', 1314, '2015-05-17 08:28:07.687300+0000', '2015-05-17 10:10:43.607300+0000', '2015-05-17 10:19:40.782500+0000');
INSERT INTO "neap"."video"(video_id, stream_id, title, type, description, status, tags, topic_id, topic, media_info, preview, views, created_at, updated_at)
    VALUES ('76e93a58-1606-4757-a300-224b9d5f59b6', 'aa0f4047-a2b8-4fc0-a037-3c951c944ae8', 'Come on and have fun with Mauricio!', 'record', 'Come on and have fun with Mauricio!', '', '[]', '48e535f7-dba1-4d59-aac3-4c6cced32d6c', 'Video games', '{"width":720,"height":400,"bitrate":543.41}', '', '23392', '2015-08-02 05:44:59.404800+0000', '2015-08-02 12:23:25.000300+0000');
INSERT INTO "neap"."stream"(stream_id, channel_id, title, topic_id, topic, media_info, viewers, created_at, updated_at, ended_at)
    VALUES ('e650f09a-117d-4276-b5d9-1f1bed83fbdb', '4c557487-1fc3-4d03-8660-b62f09d5a416', 'Mauricio goes live!', '1cae4612-f178-4a0e-b3af-343a88b99638', 'Science', '{"width":1920,"height":1080,"bitrate":1095.69}', 1066, '2015-05-28 22:09:47.958600+0000', '2015-05-28 22:53:24.530500+0000', '2015-05-28 23:31:45.264100+0000');
INSERT INTO "neap"."video"(video_id, stream_id, title, type, description, status, tags, topic_id, topic, media_info, preview, views, created_at, updated_at)
    VALUES ('c49e842b-fd39-4731-96da-b69c16afa7df', 'e650f09a-117d-4276-b5d9-1f1bed83fbdb', 'Mauricio goes live!', 'highlight', 'Mauricio goes live!', '', '[]', '1cae4612-f178-4a0e-b3af-343a88b99638', 'Science', '{"width":1920,"height":1080,"bitrate":1450.27}', '', '5479', '2015-10-18 01:56:39.132800+0000', '2015-10-18 06:54:40.239700+0000');
INSERT INTO "neap"."stream"(stream_id, channel_id, title, topic_id, topic, media_info, viewers, created_at, updated_at, ended_at)
    VALUES ('f2555270-4f19-4fd1-a2b6-73c29aef66ee', '4c557487-1fc3-4d03-8660-b62f09d5a416', 'Mauricio goes live!', '35fa82dc-ed25-47fb-b6cd-58ae8a151f60', 'Philosophy', '{"width":1920,"height":1080,"bitrate":1064.2}', 1803, '2015-09-20 22:45:16.199200+0000', '2015-09-20 22:45:21.403800+0000', '2015-09-20 23:21:32.084600+0000');
INSERT INTO "neap"."stream"(stream_id, channel_id, title, topic_id, topic, media_info, viewers, created_at, updated_at, ended_at)
    VALUES ('cb5376bd-62b9-4f12-929f-397c264cc030', '4c557487-1fc3-4d03-8660-b62f09d5a416', 'Fun with Litterature and Mauricio', '994391cf-d41e-46f4-b6eb-ce53824e3a0c', 'Litterature', '{"width":1280,"height":720,"bitrate":760.92}', 1749, '2015-05-28 19:15:55.956600+0000', '2015-05-29 01:32:25.888300+0000', '2015-05-29 02:13:50.204400+0000');
INSERT INTO "neap"."video"(video_id, stream_id, title, type, description, status, tags, topic_id, topic, media_info, preview, views, created_at, updated_at)
    VALUES ('a12c177a-c3ff-4e92-ac23-29a86272ad67', 'cb5376bd-62b9-4f12-929f-397c264cc030', 'Fun with Litterature and Mauricio', 'record', 'Fun with Litterature and Mauricio', '', '[]', '994391cf-d41e-46f4-b6eb-ce53824e3a0c', 'Litterature', '{"width":1280,"height":720,"bitrate":828.17}', '', '39912', '2015-08-24 02:38:10.341100+0000', '2015-08-24 06:56:47.590400+0000');
INSERT INTO "neap"."user"(user_id, channel_id, type, username, email, password, display_name, logo, bio, created_at, updated_at)
    VALUES ('cca82dd1-3fbc-40b5-be0b-ae28de6fe857', 'b1809e9a-38bd-4c1f-a5ed-febc69ceeea4', 'user', 'wynter', 'wynter@neap.io', '$2y$10$MHb3Xw/6lerATo7jMOF6guNeW8mkJ6Zgb8xSgTzvxWcDfLyIDWt/m', 'Wynter', 'https://gravatar.com/avatar/7803f3e13eb44b1a504d19931beca60d?s=128&d=identicon', null, '2015-02-23 01:07:08.061700+0000', '2015-04-29 15:41:49.999300+0000');
INSERT INTO "neap"."channel"(channel_id, user_id, chat_id, name, display_name, topic, language, views, followers)
    VALUES ('b1809e9a-38bd-4c1f-a5ed-febc69ceeea4', 'cca82dd1-3fbc-40b5-be0b-ae28de6fe857', '85398185-c9fa-4757-90e8-c2daeeaf7b86', 'wynter', 'Wynter Channel', 'Science', 'en', 37857, 4);
INSERT INTO "neap"."chat"(chat_id, channel_id, name)
    VALUES ('85398185-c9fa-4757-90e8-c2daeeaf7b86', 'b1809e9a-38bd-4c1f-a5ed-febc69ceeea4', 'wynter');
INSERT INTO "neap"."stream"(stream_id, channel_id, title, topic_id, topic, media_info, viewers, created_at, updated_at, ended_at)
    VALUES ('dab4bcd7-db8f-4e1d-bdd8-dc258491433a', 'b1809e9a-38bd-4c1f-a5ed-febc69ceeea4', 'Come on and have fun with Wynter!', '5f6c7ec0-84ab-4d8e-a2d7-ff1887b55d6e', 'History', '{"width":1280,"height":720,"bitrate":882.65}', 479, '2015-05-13 02:55:26.251000+0000', '2015-05-13 03:28:16.906600+0000', '2015-05-13 04:26:55.264700+0000');
INSERT INTO "neap"."video"(video_id, stream_id, title, type, description, status, tags, topic_id, topic, media_info, preview, views, created_at, updated_at)
    VALUES ('dd6597e5-9034-4317-8a06-250ce0b3b3a7', 'dab4bcd7-db8f-4e1d-bdd8-dc258491433a', 'Come on and have fun with Wynter!', 'highlight', 'Come on and have fun with Wynter!', '', '[]', '5f6c7ec0-84ab-4d8e-a2d7-ff1887b55d6e', 'History', '{"width":1280,"height":720,"bitrate":1230.37}', '', '34411', '2015-09-12 16:16:16.064100+0000', '2015-09-13 09:13:14.792000+0000');
INSERT INTO "neap"."stream"(stream_id, channel_id, title, topic_id, topic, media_info, viewers, created_at, updated_at, ended_at)
    VALUES ('3ab1f97c-a6fe-4d7c-a5ae-4f4de269233e', 'b1809e9a-38bd-4c1f-a5ed-febc69ceeea4', 'Relax stream', '5f6c7ec0-84ab-4d8e-a2d7-ff1887b55d6e', 'History', '{"width":1920,"height":1080,"bitrate":1817.63}', 692, '2015-08-16 03:42:54.703800+0000', '2015-08-16 06:08:46.458300+0000', '2015-08-16 06:51:03.996700+0000');
INSERT INTO "neap"."video"(video_id, stream_id, title, type, description, status, tags, topic_id, topic, media_info, preview, views, created_at, updated_at)
    VALUES ('403dc5ff-2f32-45dd-a901-68a4292a8f02', '3ab1f97c-a6fe-4d7c-a5ae-4f4de269233e', 'Relax stream', 'record', 'Relax stream', '', '[]', '5f6c7ec0-84ab-4d8e-a2d7-ff1887b55d6e', 'History', '{"width":1920,"height":1080,"bitrate":2257.69}', '', '3612', '2015-08-26 11:10:36.866400+0000', '2015-08-30 04:02:57.154800+0000');
INSERT INTO "neap"."video"(video_id, stream_id, title, type, description, status, tags, topic_id, topic, media_info, preview, views, created_at, updated_at)
    VALUES ('4fc50353-4b7d-4f4b-b67f-a81894fa5e96', '3ab1f97c-a6fe-4d7c-a5ae-4f4de269233e', 'Relax stream', 'highlight', 'Relax stream', '', '[]', '5f6c7ec0-84ab-4d8e-a2d7-ff1887b55d6e', 'History', '{"width":1920,"height":1080,"bitrate":1990.24}', '', '39811', '2015-10-19 12:08:35.044800+0000', '2015-10-20 12:37:11.266000+0000');
INSERT INTO "neap"."stream"(stream_id, channel_id, title, topic_id, topic, media_info, viewers, created_at, updated_at, ended_at)
    VALUES ('5982399d-b7cf-4890-9d3a-e85a50e63368', 'b1809e9a-38bd-4c1f-a5ed-febc69ceeea4', 'Wynter goes live!', 'e9af2f53-d2dd-4e32-9dea-26d6ac21bcb8', 'Astrology', '{"width":1920,"height":1080,"bitrate":1164.22}', 1956, '2015-09-16 14:44:48.417300+0000', '2015-09-16 17:08:16.607400+0000', '2015-09-16 17:42:56.514400+0000');
INSERT INTO "neap"."stream"(stream_id, channel_id, title, topic_id, topic, media_info, viewers, created_at, updated_at, ended_at)
    VALUES ('46db043a-ab8b-4741-972f-52438d42301b', 'b1809e9a-38bd-4c1f-a5ed-febc69ceeea4', 'Today is History day', '5f6c7ec0-84ab-4d8e-a2d7-ff1887b55d6e', 'History', '{"width":1280,"height":720,"bitrate":1090.91}', 22, '2015-03-02 12:44:23.220100+0000', '2015-03-02 13:12:29.655600+0000', '2015-03-02 13:45:19.530600+0000');
INSERT INTO "neap"."video"(video_id, stream_id, title, type, description, status, tags, topic_id, topic, media_info, preview, views, created_at, updated_at)
    VALUES ('6d50faf9-3082-4933-aee6-34fc21be7fad', '46db043a-ab8b-4741-972f-52438d42301b', 'Today is History day', 'record', 'Today is History day', '', '[]', '5f6c7ec0-84ab-4d8e-a2d7-ff1887b55d6e', 'History', '{"width":1280,"height":720,"bitrate":878.1}', '', '28601', '2015-10-29 22:26:36.670200+0000', '2015-10-31 01:57:08.753400+0000');
INSERT INTO "neap"."video"(video_id, stream_id, title, type, description, status, tags, topic_id, topic, media_info, preview, views, created_at, updated_at)
    VALUES ('3139e647-1d51-4a16-a4ad-3c0d4fbfa820', '46db043a-ab8b-4741-972f-52438d42301b', 'Today is History day', 'record', 'Today is History day', '', '[]', '5f6c7ec0-84ab-4d8e-a2d7-ff1887b55d6e', 'History', '{"width":1280,"height":720,"bitrate":1139.16}', '', '37827', '2015-10-03 13:39:14.787300+0000', '2015-10-03 14:47:17.525300+0000');
INSERT INTO "neap"."stream"(stream_id, channel_id, title, topic_id, topic, media_info, viewers, created_at, updated_at, ended_at)
    VALUES ('aac8dcbe-77f7-49bb-97fa-ad27a3d918da', 'b1809e9a-38bd-4c1f-a5ed-febc69ceeea4', 'Fun with History and Wynter', '5f6c7ec0-84ab-4d8e-a2d7-ff1887b55d6e', 'History', '{"width":1920,"height":1080,"bitrate":1354.3}', 64926, '2015-07-13 00:11:03.945600+0000', '2015-07-13 00:18:03.047900+0000', '2015-07-13 00:27:17.599800+0000');
INSERT INTO "neap"."video"(video_id, stream_id, title, type, description, status, tags, topic_id, topic, media_info, preview, views, created_at, updated_at)
    VALUES ('cefd883d-987e-4c8c-b52a-e738de0e0eef', 'aac8dcbe-77f7-49bb-97fa-ad27a3d918da', 'Fun with History and Wynter', 'highlight', 'Fun with History and Wynter', '', '[]', '5f6c7ec0-84ab-4d8e-a2d7-ff1887b55d6e', 'History', '{"width":1920,"height":1080,"bitrate":3207.53}', '', '1533', '2015-10-11 18:23:28.576500+0000', '2015-10-15 01:31:57.513600+0000');
INSERT INTO "neap"."user"(user_id, channel_id, type, username, email, password, display_name, logo, bio, created_at, updated_at)
    VALUES ('aba719ec-f2f8-4983-9417-3df01820c704', '5ff9bc4c-8ee2-4df2-8a04-66559403e0e8', 'user', 'janae', 'janae@neap.io', '$2y$10$UFKMftlOIT.FXJXY3VxfNePima1xUPQ3SuTUSY5eCmOiwVXqgYD4S', 'Janae', 'https://gravatar.com/avatar/d0ea0825978eb9ef04c8c80da5c92881?s=128&d=identicon', null, '2015-08-07 12:32:17.988900+0000', '2015-09-25 15:22:19.147700+0000');
INSERT INTO "neap"."channel"(channel_id, user_id, chat_id, name, display_name, topic, language, views, followers)
    VALUES ('5ff9bc4c-8ee2-4df2-8a04-66559403e0e8', 'aba719ec-f2f8-4983-9417-3df01820c704', '00ed1d82-5791-48c3-9b49-cd347a8c102c', 'janae', 'Janae Channel', 'Science', 'en', 24298, 8);
INSERT INTO "neap"."chat"(chat_id, channel_id, name)
    VALUES ('00ed1d82-5791-48c3-9b49-cd347a8c102c', '5ff9bc4c-8ee2-4df2-8a04-66559403e0e8', 'janae');
INSERT INTO "neap"."stream"(stream_id, channel_id, title, topic_id, topic, media_info, viewers, created_at, updated_at, ended_at)
    VALUES ('2759a488-6fc8-41c1-81da-b02cb2198d3a', '5ff9bc4c-8ee2-4df2-8a04-66559403e0e8', 'Relax stream', 'd2ea25fc-eb67-4c63-86d0-58ba2ce51b56', 'Theology', '{"width":1920,"height":1080,"bitrate":1998.84}', 1592, '2015-10-08 06:19:28.770700+0000', '2015-10-08 07:38:35.253600+0000', '2015-10-08 07:42:41.957600+0000');
INSERT INTO "neap"."video"(video_id, stream_id, title, type, description, status, tags, topic_id, topic, media_info, preview, views, created_at, updated_at)
    VALUES ('c8197626-e9c6-4200-b372-b827bd48f5e7', '2759a488-6fc8-41c1-81da-b02cb2198d3a', 'Relax stream', 'record', 'Relax stream', '', '[]', 'd2ea25fc-eb67-4c63-86d0-58ba2ce51b56', 'Theology', '{"width":1920,"height":1080,"bitrate":1406.2}', '', '13467', '2015-10-27 10:09:55.919200+0000', '2015-10-27 12:56:07.576700+0000');
INSERT INTO "neap"."video"(video_id, stream_id, title, type, description, status, tags, topic_id, topic, media_info, preview, views, created_at, updated_at)
    VALUES ('f26b8cac-4479-4ee9-b7ca-0d8b91b91b22', '2759a488-6fc8-41c1-81da-b02cb2198d3a', 'Relax stream', 'record', 'Relax stream', '', '[]', 'd2ea25fc-eb67-4c63-86d0-58ba2ce51b56', 'Theology', '{"width":1920,"height":1080,"bitrate":1310.93}', '', '30512', '2015-10-29 23:54:04.566100+0000', '2015-10-30 00:11:05.120200+0000');
INSERT INTO "neap"."stream"(stream_id, channel_id, title, topic_id, topic, media_info, viewers, created_at, updated_at, ended_at)
    VALUES ('fe7f10a1-1d39-4aa5-81ed-800883cf737a', '5ff9bc4c-8ee2-4df2-8a04-66559403e0e8', 'Janae goes live!', '48e535f7-dba1-4d59-aac3-4c6cced32d6c', 'Video games', '{"width":720,"height":400,"bitrate":662.01}', 1435, '2015-10-19 08:34:17.837200+0000', '2015-10-19 08:55:07.483300+0000', '2015-10-19 09:43:56.746600+0000');
INSERT INTO "neap"."video"(video_id, stream_id, title, type, description, status, tags, topic_id, topic, media_info, preview, views, created_at, updated_at)
    VALUES ('5f6dc048-4f98-44d9-bd99-3703124628f7', 'fe7f10a1-1d39-4aa5-81ed-800883cf737a', 'Janae goes live!', 'record', 'Janae goes live!', '', '[]', '48e535f7-dba1-4d59-aac3-4c6cced32d6c', 'Video games', '{"width":720,"height":400,"bitrate":615.7}', '', '34794', '2015-10-26 08:05:26.354900+0000', '2015-10-26 13:30:16.077500+0000');
INSERT INTO "neap"."stream"(stream_id, channel_id, title, topic_id, topic, media_info, viewers, created_at, updated_at, ended_at)
    VALUES ('f68610a3-2ea2-42b1-aaca-a1b3b3ffe032', '5ff9bc4c-8ee2-4df2-8a04-66559403e0e8', 'Philosophy?? Yeah, Philosophy!', '35fa82dc-ed25-47fb-b6cd-58ae8a151f60', 'Philosophy', '{"width":720,"height":400,"bitrate":544.55}', 1530, '2015-10-09 21:01:20.586700+0000', '2015-10-10 04:14:39.933400+0000', '2015-10-10 04:34:46.446900+0000');
INSERT INTO "neap"."video"(video_id, stream_id, title, type, description, status, tags, topic_id, topic, media_info, preview, views, created_at, updated_at)
    VALUES ('a0f8166a-b962-4d9d-9471-0aa299dc7b7c', 'f68610a3-2ea2-42b1-aaca-a1b3b3ffe032', 'Philosophy?? Yeah, Philosophy!', 'record', 'Philosophy?? Yeah, Philosophy!', '', '[]', '35fa82dc-ed25-47fb-b6cd-58ae8a151f60', 'Philosophy', '{"width":720,"height":400,"bitrate":642.85}', '', '22163', '2015-10-30 03:28:32.921200+0000', '2015-10-30 06:24:16.552700+0000');
INSERT INTO "neap"."stream"(stream_id, channel_id, title, topic_id, topic, media_info, viewers, created_at, updated_at, ended_at)
    VALUES ('1caf452f-9be3-4808-a58d-817ba5ef2e9b', '5ff9bc4c-8ee2-4df2-8a04-66559403e0e8', 'Video games?? Yeah, Video games!', '48e535f7-dba1-4d59-aac3-4c6cced32d6c', 'Video games', '{"width":720,"height":400,"bitrate":678.89}', 1825, '2015-08-20 08:26:21.875200+0000', '2015-08-20 08:27:29.502000+0000', '2015-08-20 08:32:18.452700+0000');
INSERT INTO "neap"."video"(video_id, stream_id, title, type, description, status, tags, topic_id, topic, media_info, preview, views, created_at, updated_at)
    VALUES ('d144e74d-c90c-47dd-af35-38079779d9fb', '1caf452f-9be3-4808-a58d-817ba5ef2e9b', 'Video games?? Yeah, Video games!', 'record', 'Video games?? Yeah, Video games!', '', '[]', '48e535f7-dba1-4d59-aac3-4c6cced32d6c', 'Video games', '{"width":720,"height":400,"bitrate":578.71}', '', '34061', '2015-09-01 14:41:25.265500+0000', '2015-09-01 17:12:19.184500+0000');
INSERT INTO "neap"."user"(user_id, channel_id, type, username, email, password, display_name, logo, bio, created_at, updated_at)
    VALUES ('4462a892-62c8-4992-b007-adc0ef5517b8', '6e32ab20-50e1-410b-b33d-7fb022ec7aba', 'user', 'thalia', 'thalia@neap.io', '$2y$10$6HCyTLVbTCPW/iRqFy4vxOB.Jocz7pwN/giDoJFm8I1.9BgQr5DIa', 'Thalia', 'https://gravatar.com/avatar/9401dfe40cb8cba3ab2a682c92a81de7?s=128&d=identicon', null, '2015-05-29 18:03:43.831800+0000', '2015-06-14 02:28:34.496100+0000');
INSERT INTO "neap"."channel"(channel_id, user_id, chat_id, name, display_name, topic, language, views, followers)
    VALUES ('6e32ab20-50e1-410b-b33d-7fb022ec7aba', '4462a892-62c8-4992-b007-adc0ef5517b8', '4adfc3e1-b8f0-499f-a987-ff690ae90814', 'thalia', 'Thalia Channel', 'Biology', 'en', 89403, 121);
INSERT INTO "neap"."chat"(chat_id, channel_id, name)
    VALUES ('4adfc3e1-b8f0-499f-a987-ff690ae90814', '6e32ab20-50e1-410b-b33d-7fb022ec7aba', 'thalia');
INSERT INTO "neap"."stream"(stream_id, channel_id, title, topic_id, topic, media_info, viewers, created_at, updated_at, ended_at)
    VALUES ('a31006d1-281c-49b9-b8f8-ee70c842d34d', '6e32ab20-50e1-410b-b33d-7fb022ec7aba', 'Biology?? Yeah, Biology!', 'd4f06d27-2693-4552-bd85-d9875651ce39', 'Biology', '{"width":1920,"height":1080,"bitrate":1942.71}', 1684, '2015-10-17 02:21:09.962200+0000', '2015-10-17 03:22:57.581600+0000', '2015-10-17 03:44:26.263400+0000');
INSERT INTO "neap"."video"(video_id, stream_id, title, type, description, status, tags, topic_id, topic, media_info, preview, views, created_at, updated_at)
    VALUES ('bf1e0a6c-141e-440b-9b61-ce2742e09e32', 'a31006d1-281c-49b9-b8f8-ee70c842d34d', 'Biology?? Yeah, Biology!', 'record', 'Biology?? Yeah, Biology!', '', '[]', 'd4f06d27-2693-4552-bd85-d9875651ce39', 'Biology', '{"width":1920,"height":1080,"bitrate":1266.63}', '', '3494', '2015-10-26 18:25:27.036000+0000', '2015-10-31 18:41:59.181500+0000');
INSERT INTO "neap"."stream"(stream_id, channel_id, title, topic_id, topic, media_info, viewers, created_at, updated_at, ended_at)
    VALUES ('618ec5ae-e05a-48fb-a2de-cc4b1ea7331e', '6e32ab20-50e1-410b-b33d-7fb022ec7aba', 'The origins of Science', '1cae4612-f178-4a0e-b3af-343a88b99638', 'Science', '{"width":720,"height":400,"bitrate":758.88}', 335, '2015-07-22 18:11:40.789500+0000', '2015-07-22 22:59:29.817700+0000', '2015-07-22 23:08:10.025900+0000');
INSERT INTO "neap"."video"(video_id, stream_id, title, type, description, status, tags, topic_id, topic, media_info, preview, views, created_at, updated_at)
    VALUES ('41a53026-9347-424e-9a6d-5f997c40ea5d', '618ec5ae-e05a-48fb-a2de-cc4b1ea7331e', 'The origins of Science', 'highlight', 'The origins of Science', '', '[]', '1cae4612-f178-4a0e-b3af-343a88b99638', 'Science', '{"width":720,"height":400,"bitrate":735.3}', '', '33669', '2015-09-08 12:25:16.311900+0000', '2015-09-09 01:50:12.184100+0000');
INSERT INTO "neap"."stream"(stream_id, channel_id, title, topic_id, topic, media_info, viewers, created_at, updated_at, ended_at)
    VALUES ('aff3b44a-7c8e-46b3-a51d-7bc80e7de41e', '6e32ab20-50e1-410b-b33d-7fb022ec7aba', 'Video games?? Yeah, Video games!', '48e535f7-dba1-4d59-aac3-4c6cced32d6c', 'Video games', '{"width":720,"height":400,"bitrate":747.51}', 195, '2015-08-30 13:37:55.885100+0000', '2015-08-30 15:13:34.014400+0000', '2015-08-30 15:37:41.309500+0000');
INSERT INTO "neap"."user"(user_id, channel_id, type, username, email, password, display_name, logo, bio, created_at, updated_at)
    VALUES ('ef76a3af-d284-47aa-8a17-9395baa37ec8', '147eb24d-3b52-4aa9-b6df-5030184d37d7', 'user', 'vihaan', 'vihaan@neap.io', '$2y$10$2FmkIgoAmAiMWLIUNuJyBufg4IgC.SqSHhmuuolEb5xhFoDiAfXHK', 'Vihaan', 'https://gravatar.com/avatar/01345fe1d0de10eb7231aef7c859d703?s=128&d=identicon', null, '2015-10-25 06:06:32.255400+0000', '2015-10-28 10:56:46.643800+0000');
INSERT INTO "neap"."channel"(channel_id, user_id, chat_id, name, display_name, topic, language, views, followers)
    VALUES ('147eb24d-3b52-4aa9-b6df-5030184d37d7', 'ef76a3af-d284-47aa-8a17-9395baa37ec8', '5cd78d6a-69cf-4ed2-92d2-43ca1f298eb6', 'vihaan', 'Vihaan Channel', 'Mathematics', 'en', 66898, 81);
INSERT INTO "neap"."chat"(chat_id, channel_id, name)
    VALUES ('5cd78d6a-69cf-4ed2-92d2-43ca1f298eb6', '147eb24d-3b52-4aa9-b6df-5030184d37d7', 'vihaan');
INSERT INTO "neap"."stream"(stream_id, channel_id, title, topic_id, topic, media_info, viewers, created_at, updated_at, ended_at)
    VALUES ('626639e3-a27f-416c-9617-922447ed7cbb', '147eb24d-3b52-4aa9-b6df-5030184d37d7', 'Fun with Litterature and Vihaan', '994391cf-d41e-46f4-b6eb-ce53824e3a0c', 'Litterature', '{"width":1280,"height":720,"bitrate":1106.82}', 587, '2015-10-29 01:30:48.597000+0000', '2015-10-29 02:37:38.130600+0000', '2015-10-29 02:50:26.848300+0000');
INSERT INTO "neap"."stream"(stream_id, channel_id, title, topic_id, topic, media_info, viewers, created_at, updated_at, ended_at)
    VALUES ('5e366c6b-037d-40ce-a97c-d334951798eb', '147eb24d-3b52-4aa9-b6df-5030184d37d7', 'Relax stream', '35fa82dc-ed25-47fb-b6cd-58ae8a151f60', 'Philosophy', '{"width":1920,"height":1080,"bitrate":2372.19}', 381, '2015-10-29 14:51:44.170700+0000', '2015-10-29 16:47:11.025400+0000', '2015-10-29 18:13:40.979500+0000');
INSERT INTO "neap"."video"(video_id, stream_id, title, type, description, status, tags, topic_id, topic, media_info, preview, views, created_at, updated_at)
    VALUES ('6e563458-8a7e-464d-9711-15af780d06ef', '5e366c6b-037d-40ce-a97c-d334951798eb', 'Relax stream', 'highlight', 'Relax stream', '', '[]', '35fa82dc-ed25-47fb-b6cd-58ae8a151f60', 'Philosophy', '{"width":1920,"height":1080,"bitrate":1842.46}', '', '11066', '2015-10-30 13:43:14.043800+0000', '2015-10-31 23:48:19.585200+0000');
INSERT INTO "neap"."video"(video_id, stream_id, title, type, description, status, tags, topic_id, topic, media_info, preview, views, created_at, updated_at)
    VALUES ('b2f8a9f5-9770-4fc5-85a9-70ef9f6b3f65', '5e366c6b-037d-40ce-a97c-d334951798eb', 'Relax stream', 'record', 'Relax stream', '', '[]', '35fa82dc-ed25-47fb-b6cd-58ae8a151f60', 'Philosophy', '{"width":1920,"height":1080,"bitrate":3134.33}', '', '24763', '2015-10-31 18:41:40.565200+0000', '2015-11-03 22:48:21.836600+0000');
INSERT INTO "neap"."user"(user_id, channel_id, type, username, email, password, display_name, logo, bio, created_at, updated_at)
    VALUES ('d5e5955f-609a-4c4a-99d1-9cf4b38c401c', '448ced64-7ef3-415c-9b4d-78cad4c22d55', 'user', 'darius', 'darius@neap.io', '$2y$10$XcW4tC3FQFZ0Tpcd4nzZYeq3GS3zgwNIGDodvD2oJZQGydLG/dTaa', 'Darius', 'https://gravatar.com/avatar/a040c319bb06ac8b5f5371ece58f7d17?s=128&d=identicon', null, '2015-05-18 01:18:36.368500+0000', '2015-08-09 10:24:44.011200+0000');
INSERT INTO "neap"."channel"(channel_id, user_id, chat_id, name, display_name, topic, language, views, followers)
    VALUES ('448ced64-7ef3-415c-9b4d-78cad4c22d55', 'd5e5955f-609a-4c4a-99d1-9cf4b38c401c', 'e61b5fdf-9b48-4667-92e0-051d132d171c', 'darius', 'Darius Channel', 'Photography', 'en', 58559, 2);
INSERT INTO "neap"."chat"(chat_id, channel_id, name)
    VALUES ('e61b5fdf-9b48-4667-92e0-051d132d171c', '448ced64-7ef3-415c-9b4d-78cad4c22d55', 'darius');
INSERT INTO "neap"."stream"(stream_id, channel_id, title, topic_id, topic, media_info, viewers, created_at, updated_at, ended_at)
    VALUES ('a30f44c7-bf6e-42b3-914f-669f3871a250', '448ced64-7ef3-415c-9b4d-78cad4c22d55', 'Come on and have fun with Darius!', '35fa82dc-ed25-47fb-b6cd-58ae8a151f60', 'Philosophy', '{"width":1920,"height":1080,"bitrate":2524.71}', 1206, '2015-07-17 13:50:37.658800+0000', '2015-07-17 15:25:35.467000+0000', '2015-07-17 15:44:44.457000+0000');
INSERT INTO "neap"."video"(video_id, stream_id, title, type, description, status, tags, topic_id, topic, media_info, preview, views, created_at, updated_at)
    VALUES ('1ccf54da-2284-4634-94f7-3653cdc4cbca', 'a30f44c7-bf6e-42b3-914f-669f3871a250', 'Come on and have fun with Darius!', 'highlight', 'Come on and have fun with Darius!', '', '[]', '35fa82dc-ed25-47fb-b6cd-58ae8a151f60', 'Philosophy', '{"width":1920,"height":1080,"bitrate":1617.6}', '', '19275', '2015-09-25 06:44:28.543700+0000', '2015-09-27 14:49:36.312900+0000');
INSERT INTO "neap"."stream"(stream_id, channel_id, title, topic_id, topic, media_info, viewers, created_at, updated_at, ended_at)
    VALUES ('d97afa16-172b-4f22-bd09-2135a2fe558c', '448ced64-7ef3-415c-9b4d-78cad4c22d55', 'The origins of Philosophy', '35fa82dc-ed25-47fb-b6cd-58ae8a151f60', 'Philosophy', '{"width":720,"height":400,"bitrate":759.71}', 750, '2015-07-06 08:35:24.762400+0000', '2015-07-06 09:18:38.884400+0000', '2015-07-06 10:15:33.971900+0000');
INSERT INTO "neap"."video"(video_id, stream_id, title, type, description, status, tags, topic_id, topic, media_info, preview, views, created_at, updated_at)
    VALUES ('a3255643-0266-406e-8417-ef97201f86d3', 'd97afa16-172b-4f22-bd09-2135a2fe558c', 'The origins of Philosophy', 'record', 'The origins of Philosophy', '', '[]', '35fa82dc-ed25-47fb-b6cd-58ae8a151f60', 'Philosophy', '{"width":720,"height":400,"bitrate":609.01}', '', '21403', '2015-08-12 10:56:02.836600+0000', '2015-08-18 12:25:18.573100+0000');
INSERT INTO "neap"."stream"(stream_id, channel_id, title, topic_id, topic, media_info, viewers, created_at, updated_at, ended_at)
    VALUES ('2039ef3d-2bd3-4557-a8b2-d86ee8f96710', '448ced64-7ef3-415c-9b4d-78cad4c22d55', 'Darius goes live!', '48e535f7-dba1-4d59-aac3-4c6cced32d6c', 'Video games', '{"width":720,"height":400,"bitrate":746.05}', 798, '2015-07-21 00:32:48.220600+0000', '2015-07-21 02:29:10.821900+0000', '2015-07-21 03:45:34.550100+0000');
INSERT INTO "neap"."stream"(stream_id, channel_id, title, topic_id, topic, media_info, viewers, created_at, updated_at, ended_at)
    VALUES ('73744389-5f6a-4f06-8c4f-0863aca0d444', '448ced64-7ef3-415c-9b4d-78cad4c22d55', 'Litterature?? Yeah, Litterature!', '994391cf-d41e-46f4-b6eb-ce53824e3a0c', 'Litterature', '{"width":1920,"height":1080,"bitrate":2932.06}', 66, '2015-07-16 00:13:08.958500+0000', '2015-07-16 02:25:42.904700+0000', '2015-07-16 02:35:06.539500+0000');
INSERT INTO "neap"."stream"(stream_id, channel_id, title, topic_id, topic, media_info, viewers, created_at, updated_at, ended_at)
    VALUES ('8a4dbf81-a161-48ea-802d-25d64b80c54e', '448ced64-7ef3-415c-9b4d-78cad4c22d55', 'Darius goes live!', '284b3091-455d-4476-ae67-442a19d153d4', 'Mathematics', '{"width":720,"height":400,"bitrate":652.76}', 832, '2015-07-03 04:35:40.563400+0000', '2015-07-03 08:06:19.060300+0000', '2015-07-03 08:39:27.608000+0000');
INSERT INTO "neap"."user"(user_id, channel_id, type, username, email, password, display_name, logo, bio, created_at, updated_at)
    VALUES ('cf327737-bcf2-4868-a4b1-ad0040258606', 'e9023fea-b442-4093-8f27-4ddea6db5c80', 'user', 'grey', 'grey@neap.io', '$2y$10$VXmBBPD7u8DTHlvFkMMrCemUhMeThuv3p8Uce9qXTfn3xVrMuGzVO', 'Grey', 'https://gravatar.com/avatar/a3efa619a31c788ab1770dad11c0498b?s=128&d=identicon', null, '2015-09-20 04:02:42.797600+0000', '2015-10-17 03:50:51.502300+0000');
INSERT INTO "neap"."channel"(channel_id, user_id, chat_id, name, display_name, topic, language, views, followers)
    VALUES ('e9023fea-b442-4093-8f27-4ddea6db5c80', 'cf327737-bcf2-4868-a4b1-ad0040258606', 'ab3aa01f-c14d-4297-b9d2-79bdf03aac52', 'grey', 'Grey Channel', 'Mathematics', 'en', 59115, 84);
INSERT INTO "neap"."chat"(chat_id, channel_id, name)
    VALUES ('ab3aa01f-c14d-4297-b9d2-79bdf03aac52', 'e9023fea-b442-4093-8f27-4ddea6db5c80', 'grey');
INSERT INTO "neap"."stream"(stream_id, channel_id, title, topic_id, topic, media_info, viewers, created_at, updated_at, ended_at)
    VALUES ('482e7669-4cd8-4986-862b-b37249a90fc6', 'e9023fea-b442-4093-8f27-4ddea6db5c80', 'Grey goes live!', 'b369c464-cdea-4356-9d70-1450585652e2', 'Music', '{"width":1920,"height":1080,"bitrate":3211.3}', 416, '2015-09-21 01:23:31.222100+0000', '2015-09-21 01:33:12.634200+0000', '2015-09-21 01:55:12.498600+0000');
INSERT INTO "neap"."video"(video_id, stream_id, title, type, description, status, tags, topic_id, topic, media_info, preview, views, created_at, updated_at)
    VALUES ('4da99838-c9ed-43ac-8822-5c7a726af61b', '482e7669-4cd8-4986-862b-b37249a90fc6', 'Grey goes live!', 'record', 'Grey goes live!', '', '[]', 'b369c464-cdea-4356-9d70-1450585652e2', 'Music', '{"width":1920,"height":1080,"bitrate":1474.01}', '', '14829', '2015-10-26 10:19:22.341900+0000', '2015-10-31 16:37:51.475800+0000');
INSERT INTO "neap"."stream"(stream_id, channel_id, title, topic_id, topic, media_info, viewers, created_at, updated_at, ended_at)
    VALUES ('0cfa5b9e-7d15-4fab-b502-fdad178ecac8', 'e9023fea-b442-4093-8f27-4ddea6db5c80', 'Fun with Photography and Grey', 'e496e832-363e-4228-b518-7fe126ccaa04', 'Photography', '{"width":1920,"height":1080,"bitrate":3323.61}', 219, '2015-09-29 15:33:58.895900+0000', '2015-09-29 18:59:36.619000+0000', '2015-09-29 19:09:21.168400+0000');
INSERT INTO "neap"."video"(video_id, stream_id, title, type, description, status, tags, topic_id, topic, media_info, preview, views, created_at, updated_at)
    VALUES ('503f8e1f-2c87-45ec-b7bd-182d87f85beb', '0cfa5b9e-7d15-4fab-b502-fdad178ecac8', 'Fun with Photography and Grey', 'highlight', 'Fun with Photography and Grey', '', '[]', 'e496e832-363e-4228-b518-7fe126ccaa04', 'Photography', '{"width":1920,"height":1080,"bitrate":1470.06}', '', '16431', '2015-10-08 21:43:38.320100+0000', '2015-10-09 23:13:36.809100+0000');
INSERT INTO "neap"."stream"(stream_id, channel_id, title, topic_id, topic, media_info, viewers, created_at, updated_at, ended_at)
    VALUES ('2106ec2c-25bc-4d26-9618-073bcd09676d', 'e9023fea-b442-4093-8f27-4ddea6db5c80', 'The origins of Biology', 'd4f06d27-2693-4552-bd85-d9875651ce39', 'Biology', '{"width":720,"height":400,"bitrate":727.2}', 1379, '2015-09-23 16:17:50.392400+0000', '2015-09-23 17:42:52.954600+0000', '2015-09-23 19:12:09.872600+0000');
INSERT INTO "neap"."video"(video_id, stream_id, title, type, description, status, tags, topic_id, topic, media_info, preview, views, created_at, updated_at)
    VALUES ('8131fe4b-e158-4a50-8733-ef4c84d0bb3d', '2106ec2c-25bc-4d26-9618-073bcd09676d', 'The origins of Biology', 'record', 'The origins of Biology', '', '[]', 'd4f06d27-2693-4552-bd85-d9875651ce39', 'Biology', '{"width":720,"height":400,"bitrate":785.15}', '', '13325', '2015-10-23 15:49:28.477400+0000', '2015-10-24 17:34:17.812700+0000');
INSERT INTO "neap"."stream"(stream_id, channel_id, title, topic_id, topic, media_info, viewers, created_at, updated_at, ended_at)
    VALUES ('8e343266-ba76-4961-9874-cbac51029092', 'e9023fea-b442-4093-8f27-4ddea6db5c80', 'Come on and have fun with Grey!', 'd2ea25fc-eb67-4c63-86d0-58ba2ce51b56', 'Theology', '{"width":1280,"height":720,"bitrate":1465.88}', 881, '2015-10-03 22:33:00.012900+0000', '2015-10-03 22:51:23.421400+0000', '2015-10-04 00:11:52.411700+0000');
INSERT INTO "neap"."video"(video_id, stream_id, title, type, description, status, tags, topic_id, topic, media_info, preview, views, created_at, updated_at)
    VALUES ('bfdd2208-49ec-448c-b6d6-9efa47cb0cde', '8e343266-ba76-4961-9874-cbac51029092', 'Come on and have fun with Grey!', 'record', 'Come on and have fun with Grey!', '', '[]', 'd2ea25fc-eb67-4c63-86d0-58ba2ce51b56', 'Theology', '{"width":1280,"height":720,"bitrate":971.05}', '', '17806', '2015-10-23 18:11:17.418100+0000', '2015-10-29 03:49:47.959000+0000');
INSERT INTO "neap"."video"(video_id, stream_id, title, type, description, status, tags, topic_id, topic, media_info, preview, views, created_at, updated_at)
    VALUES ('b72936f7-b6ce-4998-b793-0a45cef2b71f', '8e343266-ba76-4961-9874-cbac51029092', 'Come on and have fun with Grey!', 'record', 'Come on and have fun with Grey!', '', '[]', 'd2ea25fc-eb67-4c63-86d0-58ba2ce51b56', 'Theology', '{"width":1280,"height":720,"bitrate":1067.6}', '', '6198', '2015-10-12 06:06:23.328600+0000', '2015-10-13 10:08:02.740900+0000');
INSERT INTO "neap"."stream"(stream_id, channel_id, title, topic_id, topic, media_info, viewers, created_at, updated_at, ended_at)
    VALUES ('9ea3135e-e686-4951-9b44-84de87d36299', 'e9023fea-b442-4093-8f27-4ddea6db5c80', 'Fun with Photography and Grey', 'e496e832-363e-4228-b518-7fe126ccaa04', 'Photography', '{"width":1920,"height":1080,"bitrate":1378.55}', 1135, '2015-10-17 10:50:25.260900+0000', '2015-10-17 13:11:35.890000+0000', '2015-10-17 13:27:16.525000+0000');
INSERT INTO "neap"."video"(video_id, stream_id, title, type, description, status, tags, topic_id, topic, media_info, preview, views, created_at, updated_at)
    VALUES ('8082d721-7cf5-4ba3-97ed-c6405364e024', '9ea3135e-e686-4951-9b44-84de87d36299', 'Fun with Photography and Grey', 'record', 'Fun with Photography and Grey', '', '[]', 'e496e832-363e-4228-b518-7fe126ccaa04', 'Photography', '{"width":1920,"height":1080,"bitrate":1904.55}', '', '38527', '2015-10-29 21:35:55.730800+0000', '2015-10-31 23:17:33.046700+0000');
INSERT INTO "neap"."video"(video_id, stream_id, title, type, description, status, tags, topic_id, topic, media_info, preview, views, created_at, updated_at)
    VALUES ('05b9c270-2c15-407c-a65d-477990d7e963', '9ea3135e-e686-4951-9b44-84de87d36299', 'Fun with Photography and Grey', 'record', 'Fun with Photography and Grey', '', '[]', 'e496e832-363e-4228-b518-7fe126ccaa04', 'Photography', '{"width":1920,"height":1080,"bitrate":2006.65}', '', '18664', '2015-10-20 07:33:59.362200+0000', '2015-10-21 04:27:37.515900+0000');
INSERT INTO "neap"."user"(user_id, channel_id, type, username, email, password, display_name, logo, bio, created_at, updated_at)
    VALUES ('3a1b4beb-17aa-454c-a406-cd4c56698e37', '2b03e638-eff4-474c-9d29-e354789a7a21', 'user', 'bryce', 'bryce@neap.io', '$2y$10$cM5h7KhTBdA0JtZfNCx0geM3HLkTpadX8uRcPvvRYiQ3CVii.dpeu', 'Bryce', 'https://gravatar.com/avatar/87d15ff01e5faca10b5b8c9f6e52296b?s=128&d=identicon', null, '2015-09-07 14:27:35.874000+0000', '2015-10-01 19:58:57.708000+0000');
INSERT INTO "neap"."channel"(channel_id, user_id, chat_id, name, display_name, topic, language, views, followers)
    VALUES ('2b03e638-eff4-474c-9d29-e354789a7a21', '3a1b4beb-17aa-454c-a406-cd4c56698e37', '2f156e7e-1659-4265-ba64-6ddea4c1bd32', 'bryce', 'Bryce Channel', 'Biology', 'en', 14963, 118);
INSERT INTO "neap"."chat"(chat_id, channel_id, name)
    VALUES ('2f156e7e-1659-4265-ba64-6ddea4c1bd32', '2b03e638-eff4-474c-9d29-e354789a7a21', 'bryce');
INSERT INTO "neap"."stream"(stream_id, channel_id, title, topic_id, topic, media_info, viewers, created_at, updated_at, ended_at)
    VALUES ('5d4c8a98-3c4c-4c92-927d-5b758ecd22a4', '2b03e638-eff4-474c-9d29-e354789a7a21', 'Today is Litterature day', '994391cf-d41e-46f4-b6eb-ce53824e3a0c', 'Litterature', '{"width":1920,"height":1080,"bitrate":2675.25}', 455, '2015-10-11 01:50:04.718900+0000', '2015-10-11 04:28:15.050600+0000', '2015-10-11 04:59:11.773200+0000');
INSERT INTO "neap"."stream"(stream_id, channel_id, title, topic_id, topic, media_info, viewers, created_at, updated_at, ended_at)
    VALUES ('c742ada3-d801-42f8-89cc-b68bdf8aee7e', '2b03e638-eff4-474c-9d29-e354789a7a21', 'Relax stream', 'd4f06d27-2693-4552-bd85-d9875651ce39', 'Biology', '{"width":720,"height":400,"bitrate":743.6}', 1512, '2015-10-31 13:09:28.886600+0000', '2015-10-31 13:16:17.847000+0000', '2015-10-31 14:14:22.825600+0000');
INSERT INTO "neap"."stream"(stream_id, channel_id, title, topic_id, topic, media_info, viewers, created_at, updated_at, ended_at)
    VALUES ('6bf57e46-73e2-450c-aaf7-5fa258fa354a', '2b03e638-eff4-474c-9d29-e354789a7a21', 'Relax stream', 'e9af2f53-d2dd-4e32-9dea-26d6ac21bcb8', 'Astrology', '{"width":720,"height":400,"bitrate":780.59}', 1112, '2015-09-10 03:09:09.766700+0000', '2015-09-10 04:26:33.069200+0000', '2015-09-10 04:26:52.350000+0000');
INSERT INTO "neap"."video"(video_id, stream_id, title, type, description, status, tags, topic_id, topic, media_info, preview, views, created_at, updated_at)
    VALUES ('714c878f-e4a4-4661-a17a-0de06c08c114', '6bf57e46-73e2-450c-aaf7-5fa258fa354a', 'Relax stream', 'record', 'Relax stream', '', '[]', 'e9af2f53-d2dd-4e32-9dea-26d6ac21bcb8', 'Astrology', '{"width":720,"height":400,"bitrate":707.53}', '', '35819', '2015-11-01 02:37:54.034200+0000', '2015-11-02 05:35:55.945000+0000');
INSERT INTO "neap"."stream"(stream_id, channel_id, title, topic_id, topic, media_info, viewers, created_at, updated_at, ended_at)
    VALUES ('f501dafe-7a9b-413b-96e1-7184f4748ee6', '2b03e638-eff4-474c-9d29-e354789a7a21', 'Relax stream', 'd4f06d27-2693-4552-bd85-d9875651ce39', 'Biology', '{"width":720,"height":400,"bitrate":570.89}', 1970, '2015-09-12 22:33:26.791200+0000', '2015-09-12 23:59:48.759300+0000', '2015-09-13 00:14:17.218000+0000');
INSERT INTO "neap"."video"(video_id, stream_id, title, type, description, status, tags, topic_id, topic, media_info, preview, views, created_at, updated_at)
    VALUES ('9c1031e3-5adc-48f6-ae63-27008df9a718', 'f501dafe-7a9b-413b-96e1-7184f4748ee6', 'Relax stream', 'record', 'Relax stream', '', '[]', 'd4f06d27-2693-4552-bd85-d9875651ce39', 'Biology', '{"width":720,"height":400,"bitrate":713.2}', '', '25071', '2015-10-01 18:56:20.407800+0000', '2015-10-04 05:19:07.815700+0000');
INSERT INTO "neap"."user"(user_id, channel_id, type, username, email, password, display_name, logo, bio, created_at, updated_at)
    VALUES ('26c27522-ad92-4f38-8308-b70f2940aecc', '05395b51-cbae-4d5d-9323-fe7df26e0d06', 'user', 'liana', 'liana@neap.io', '$2y$10$BcGPms9rUn.jgp3UMBKhLuu5CskMH/J7wLT7R9rzXLQBJpTzS2.yO', 'Liana', 'https://gravatar.com/avatar/1b7a0823c974e635750b755c87dd2569?s=128&d=identicon', null, '2015-08-07 13:09:17.208800+0000', '2015-09-19 21:43:59.320000+0000');
INSERT INTO "neap"."channel"(channel_id, user_id, chat_id, name, display_name, topic, language, views, followers)
    VALUES ('05395b51-cbae-4d5d-9323-fe7df26e0d06', '26c27522-ad92-4f38-8308-b70f2940aecc', '8ad20ec2-42cd-403d-bcef-bfc7eddbb116', 'liana', 'Liana Channel', 'Science', 'en', 47474, 95);
INSERT INTO "neap"."chat"(chat_id, channel_id, name)
    VALUES ('8ad20ec2-42cd-403d-bcef-bfc7eddbb116', '05395b51-cbae-4d5d-9323-fe7df26e0d06', 'liana');
INSERT INTO "neap"."stream"(stream_id, channel_id, title, topic_id, topic, media_info, viewers, created_at, updated_at, ended_at)
    VALUES ('eb0432a4-311b-40e0-b94e-5f98dcc82734', '05395b51-cbae-4d5d-9323-fe7df26e0d06', 'Liana goes live!', 'e496e832-363e-4228-b518-7fe126ccaa04', 'Photography', '{"width":1280,"height":720,"bitrate":1134.9}', 1847, '2015-10-24 11:25:54.290400+0000', '2015-10-24 13:02:49.300400+0000', '2015-10-24 13:05:49.806500+0000');
INSERT INTO "neap"."video"(video_id, stream_id, title, type, description, status, tags, topic_id, topic, media_info, preview, views, created_at, updated_at)
    VALUES ('33b7efa2-7723-4fed-a5b4-97402c762dc6', 'eb0432a4-311b-40e0-b94e-5f98dcc82734', 'Liana goes live!', 'record', 'Liana goes live!', '', '[]', 'e496e832-363e-4228-b518-7fe126ccaa04', 'Photography', '{"width":1280,"height":720,"bitrate":1142.21}', '', '16465', '2015-10-31 06:55:46.875300+0000', '2015-11-03 20:23:15.223500+0000');
INSERT INTO "neap"."stream"(stream_id, channel_id, title, topic_id, topic, media_info, viewers, created_at, updated_at, ended_at)
    VALUES ('7175f77e-6db6-4314-8e52-6e03e86e69e4', '05395b51-cbae-4d5d-9323-fe7df26e0d06', 'The origins of Biology', 'd4f06d27-2693-4552-bd85-d9875651ce39', 'Biology', '{"width":720,"height":400,"bitrate":683.22}', 888, '2015-08-17 00:42:42.604400+0000', '2015-08-17 02:47:01.705400+0000', '2015-08-17 03:08:56.758700+0000');
INSERT INTO "neap"."stream"(stream_id, channel_id, title, topic_id, topic, media_info, viewers, created_at, updated_at, ended_at)
    VALUES ('550a19e1-4d7b-4c12-af58-9e0ddb3be804', '05395b51-cbae-4d5d-9323-fe7df26e0d06', 'Come on and have fun with Liana!', 'b369c464-cdea-4356-9d70-1450585652e2', 'Music', '{"width":720,"height":400,"bitrate":569.08}', 1274, '2015-10-28 16:06:58.117800+0000', '2015-10-28 22:30:56.674800+0000', '2015-10-29 00:00:48.534200+0000');
INSERT INTO "neap"."video"(video_id, stream_id, title, type, description, status, tags, topic_id, topic, media_info, preview, views, created_at, updated_at)
    VALUES ('4aad6b79-42db-4670-b660-2de027b0f9fe', '550a19e1-4d7b-4c12-af58-9e0ddb3be804', 'Come on and have fun with Liana!', 'record', 'Come on and have fun with Liana!', '', '[]', 'b369c464-cdea-4356-9d70-1450585652e2', 'Music', '{"width":720,"height":400,"bitrate":542.62}', '', '34564', '2015-11-01 13:03:31.949600+0000', '2015-11-01 13:05:48.027200+0000');
INSERT INTO "neap"."stream"(stream_id, channel_id, title, topic_id, topic, media_info, viewers, created_at, updated_at, ended_at)
    VALUES ('c044c01d-abee-4316-a44c-9308616e6af9', '05395b51-cbae-4d5d-9323-fe7df26e0d06', 'Liana goes live!', '35fa82dc-ed25-47fb-b6cd-58ae8a151f60', 'Philosophy', '{"width":1280,"height":720,"bitrate":1326.1}', 1383, '2015-10-04 18:03:40.096900+0000', '2015-10-04 18:06:18.469600+0000', '2015-10-04 18:10:34.567800+0000');
INSERT INTO "neap"."video"(video_id, stream_id, title, type, description, status, tags, topic_id, topic, media_info, preview, views, created_at, updated_at)
    VALUES ('e7d19395-0abb-4e02-8063-e0d2e399a9f1', 'c044c01d-abee-4316-a44c-9308616e6af9', 'Liana goes live!', 'record', 'Liana goes live!', '', '[]', '35fa82dc-ed25-47fb-b6cd-58ae8a151f60', 'Philosophy', '{"width":1280,"height":720,"bitrate":1088.76}', '', '34595', '2015-10-24 02:58:39.439600+0000', '2015-10-25 18:23:04.755200+0000');
INSERT INTO "neap"."video"(video_id, stream_id, title, type, description, status, tags, topic_id, topic, media_info, preview, views, created_at, updated_at)
    VALUES ('ec064b00-69c9-4639-a645-bec1386d5aca', 'c044c01d-abee-4316-a44c-9308616e6af9', 'Liana goes live!', 'record', 'Liana goes live!', '', '[]', '35fa82dc-ed25-47fb-b6cd-58ae8a151f60', 'Philosophy', '{"width":1280,"height":720,"bitrate":1108.86}', '', '4041', '2015-10-12 19:06:28.764700+0000', '2015-10-14 01:53:26.499100+0000');
INSERT INTO "neap"."user"(user_id, channel_id, type, username, email, password, display_name, logo, bio, created_at, updated_at)
    VALUES ('4aae49b1-53cf-4d31-a230-3d6f38279768', '05619c01-4593-4c56-909f-59deb9096b1a', 'user', 'santiago', 'santiago@neap.io', '$2y$10$c9zi2lwMeD41KLbVbK0n6e2Zy617jN2fg7RD0VasWRGAn3uNW59ea', 'Santiago', 'https://gravatar.com/avatar/28dfc04777557d67f3a2e6f9855d5cce?s=128&d=identicon', null, '2015-04-18 05:04:37.456400+0000', '2015-05-06 00:31:17.836000+0000');
INSERT INTO "neap"."channel"(channel_id, user_id, chat_id, name, display_name, topic, language, views, followers)
    VALUES ('05619c01-4593-4c56-909f-59deb9096b1a', '4aae49b1-53cf-4d31-a230-3d6f38279768', '68283cf1-07ce-4674-b6d3-f2d5dd7cebab', 'santiago', 'Santiago Channel', 'Photography', 'en', 17509, 112);
INSERT INTO "neap"."chat"(chat_id, channel_id, name)
    VALUES ('68283cf1-07ce-4674-b6d3-f2d5dd7cebab', '05619c01-4593-4c56-909f-59deb9096b1a', 'santiago');
INSERT INTO "neap"."stream"(stream_id, channel_id, title, topic_id, topic, media_info, viewers, created_at, updated_at, ended_at)
    VALUES ('c34cbf2b-2d07-4f32-b17a-00070c609d58', '05619c01-4593-4c56-909f-59deb9096b1a', 'Today is Theology day', 'd2ea25fc-eb67-4c63-86d0-58ba2ce51b56', 'Theology', '{"width":1920,"height":1080,"bitrate":1034.33}', 1400, '2015-10-11 00:30:55.787300+0000', '2015-10-11 08:30:50.150900+0000', '2015-10-11 08:37:56.963400+0000');
INSERT INTO "neap"."video"(video_id, stream_id, title, type, description, status, tags, topic_id, topic, media_info, preview, views, created_at, updated_at)
    VALUES ('ce88b8bb-a6f0-4dae-9cbd-fb457249a13c', 'c34cbf2b-2d07-4f32-b17a-00070c609d58', 'Today is Theology day', 'record', 'Today is Theology day', '', '[]', 'd2ea25fc-eb67-4c63-86d0-58ba2ce51b56', 'Theology', '{"width":1920,"height":1080,"bitrate":1780.51}', '', '24345', '2015-10-22 21:25:45.877800+0000', '2015-10-28 09:09:28.441300+0000');
INSERT INTO "neap"."video"(video_id, stream_id, title, type, description, status, tags, topic_id, topic, media_info, preview, views, created_at, updated_at)
    VALUES ('0c7fa00e-28d2-40b3-b9d4-482ad94ec210', 'c34cbf2b-2d07-4f32-b17a-00070c609d58', 'Today is Theology day', 'highlight', 'Today is Theology day', '', '[]', 'd2ea25fc-eb67-4c63-86d0-58ba2ce51b56', 'Theology', '{"width":1920,"height":1080,"bitrate":2093.97}', '', '3795', '2015-10-21 11:14:00.258100+0000', '2015-10-22 22:23:25.973400+0000');
INSERT INTO "neap"."stream"(stream_id, channel_id, title, topic_id, topic, media_info, viewers, created_at, updated_at, ended_at)
    VALUES ('1f951cc7-4969-4556-af0d-ee72116f0e9c', '05619c01-4593-4c56-909f-59deb9096b1a', 'Fun with Mathematics and Santiago', '284b3091-455d-4476-ae67-442a19d153d4', 'Mathematics', '{"width":1920,"height":1080,"bitrate":1140.93}', 1689, '2015-05-17 13:24:37.000300+0000', '2015-05-17 13:31:09.586000+0000', '2015-05-17 14:33:23.688100+0000');
INSERT INTO "neap"."video"(video_id, stream_id, title, type, description, status, tags, topic_id, topic, media_info, preview, views, created_at, updated_at)
    VALUES ('ea6e2c96-b4a2-4f23-a46f-0567b5212b14', '1f951cc7-4969-4556-af0d-ee72116f0e9c', 'Fun with Mathematics and Santiago', 'record', 'Fun with Mathematics and Santiago', '', '[]', '284b3091-455d-4476-ae67-442a19d153d4', 'Mathematics', '{"width":1920,"height":1080,"bitrate":1477.69}', '', '10080', '2015-08-30 10:12:54.190300+0000', '2015-08-30 12:12:57.602300+0000');
INSERT INTO "neap"."stream"(stream_id, channel_id, title, topic_id, topic, media_info, viewers, created_at, updated_at, ended_at)
    VALUES ('20d9f9be-57f2-456d-b7fc-7cb93cf2dc59', '05619c01-4593-4c56-909f-59deb9096b1a', 'The origins of Mathematics', '284b3091-455d-4476-ae67-442a19d153d4', 'Mathematics', '{"width":720,"height":400,"bitrate":729.29}', 1498, '2015-09-30 04:27:59.000200+0000', '2015-09-30 08:16:36.727300+0000', '2015-09-30 08:51:43.763000+0000');
INSERT INTO "neap"."video"(video_id, stream_id, title, type, description, status, tags, topic_id, topic, media_info, preview, views, created_at, updated_at)
    VALUES ('70da5f9d-f255-47b4-ba69-66c454cb2f6a', '20d9f9be-57f2-456d-b7fc-7cb93cf2dc59', 'The origins of Mathematics', 'highlight', 'The origins of Mathematics', '', '[]', '284b3091-455d-4476-ae67-442a19d153d4', 'Mathematics', '{"width":720,"height":400,"bitrate":547.07}', '', '18977', '2015-10-08 07:11:57.076900+0000', '2015-10-12 04:25:29.279000+0000');
INSERT INTO "neap"."video"(video_id, stream_id, title, type, description, status, tags, topic_id, topic, media_info, preview, views, created_at, updated_at)
    VALUES ('02b608e1-1875-4664-b471-a0ba76034c27', '20d9f9be-57f2-456d-b7fc-7cb93cf2dc59', 'The origins of Mathematics', 'record', 'The origins of Mathematics', '', '[]', '284b3091-455d-4476-ae67-442a19d153d4', 'Mathematics', '{"width":720,"height":400,"bitrate":560.18}', '', '34414', '2015-10-18 00:30:13.346400+0000', '2015-10-19 16:15:30.657200+0000');
INSERT INTO "neap"."stream"(stream_id, channel_id, title, topic_id, topic, media_info, viewers, created_at, updated_at, ended_at)
    VALUES ('d7280989-f35a-41cd-95c4-ed5ee0353140', '05619c01-4593-4c56-909f-59deb9096b1a', 'Fun with History and Santiago', '5f6c7ec0-84ab-4d8e-a2d7-ff1887b55d6e', 'History', '{"width":1920,"height":1080,"bitrate":3176.53}', 934, '2015-08-01 15:12:55.966400+0000', '2015-08-01 16:13:16.504300+0000', '2015-08-01 16:24:01.999000+0000');
INSERT INTO "neap"."video"(video_id, stream_id, title, type, description, status, tags, topic_id, topic, media_info, preview, views, created_at, updated_at)
    VALUES ('bc11f5ae-f71b-4440-b899-1899711fb324', 'd7280989-f35a-41cd-95c4-ed5ee0353140', 'Fun with History and Santiago', 'record', 'Fun with History and Santiago', '', '[]', '5f6c7ec0-84ab-4d8e-a2d7-ff1887b55d6e', 'History', '{"width":1920,"height":1080,"bitrate":2380.84}', '', '23936', '2015-10-25 04:23:10.087900+0000', '2015-10-27 09:31:55.574100+0000');
INSERT INTO "neap"."video"(video_id, stream_id, title, type, description, status, tags, topic_id, topic, media_info, preview, views, created_at, updated_at)
    VALUES ('b88e7d2f-9735-4590-9cf0-fb5962b9b3cb', 'd7280989-f35a-41cd-95c4-ed5ee0353140', 'Fun with History and Santiago', 'record', 'Fun with History and Santiago', '', '[]', '5f6c7ec0-84ab-4d8e-a2d7-ff1887b55d6e', 'History', '{"width":1920,"height":1080,"bitrate":2686.37}', '', '2326', '2015-09-13 15:04:46.921800+0000', '2015-09-18 05:30:50.778500+0000');
INSERT INTO "neap"."stream"(stream_id, channel_id, title, topic_id, topic, media_info, viewers, created_at, updated_at, ended_at)
    VALUES ('302cdbc6-e6c1-4aa9-8dc4-d10987c389c3', '05619c01-4593-4c56-909f-59deb9096b1a', 'Fun with Biology and Santiago', 'd4f06d27-2693-4552-bd85-d9875651ce39', 'Biology', '{"width":1920,"height":1080,"bitrate":2245.73}', 1915, '2015-10-09 12:16:10.596300+0000', '2015-10-09 18:14:44.549600+0000', '2015-10-09 18:52:23.025000+0000');
INSERT INTO "neap"."user"(user_id, channel_id, type, username, email, password, display_name, logo, bio, created_at, updated_at)
    VALUES ('891b0374-4e1b-4160-82f9-bfd93425c092', '3502385d-630e-4a93-89e4-fba49fa13d21', 'user', 'dominick', 'dominick@neap.io', '$2y$10$CXqzflUKlyspEWkCu2fAjeCQ4CgVTxFJMhC.I6H44.5ISPReNfE9i', 'Dominick', 'https://gravatar.com/avatar/d4b0daeef05af2e4f686da7fda6baf91?s=128&d=identicon', null, '2015-03-04 18:29:33.830500+0000', '2015-08-30 22:32:49.213900+0000');
INSERT INTO "neap"."channel"(channel_id, user_id, chat_id, name, display_name, topic, language, views, followers)
    VALUES ('3502385d-630e-4a93-89e4-fba49fa13d21', '891b0374-4e1b-4160-82f9-bfd93425c092', '68b66725-7261-454a-ba87-39f5991c6f20', 'dominick', 'Dominick Channel', 'Video games', 'en', 34269, 100);
INSERT INTO "neap"."chat"(chat_id, channel_id, name)
    VALUES ('68b66725-7261-454a-ba87-39f5991c6f20', '3502385d-630e-4a93-89e4-fba49fa13d21', 'dominick');
INSERT INTO "neap"."stream"(stream_id, channel_id, title, topic_id, topic, media_info, viewers, created_at, updated_at, ended_at)
    VALUES ('d852c51b-8dd6-4ef0-80f5-97737f7f48d4', '3502385d-630e-4a93-89e4-fba49fa13d21', 'Today is Photography day', 'e496e832-363e-4228-b518-7fe126ccaa04', 'Photography', '{"width":1920,"height":1080,"bitrate":3452.97}', 1689, '2015-07-09 23:51:06.607400+0000', '2015-07-10 04:06:18.979500+0000', '2015-07-10 04:59:20.745500+0000');
INSERT INTO "neap"."video"(video_id, stream_id, title, type, description, status, tags, topic_id, topic, media_info, preview, views, created_at, updated_at)
    VALUES ('b5cd7948-5995-4f09-a45d-24d74b92168d', 'd852c51b-8dd6-4ef0-80f5-97737f7f48d4', 'Today is Photography day', 'record', 'Today is Photography day', '', '[]', 'e496e832-363e-4228-b518-7fe126ccaa04', 'Photography', '{"width":1920,"height":1080,"bitrate":2533.57}', '', '35826', '2015-10-26 18:49:15.201000+0000', '2015-10-26 20:58:52.597300+0000');
INSERT INTO "neap"."video"(video_id, stream_id, title, type, description, status, tags, topic_id, topic, media_info, preview, views, created_at, updated_at)
    VALUES ('383b4f06-5b61-412a-8a07-274ddc6806d2', 'd852c51b-8dd6-4ef0-80f5-97737f7f48d4', 'Today is Photography day', 'record', 'Today is Photography day', '', '[]', 'e496e832-363e-4228-b518-7fe126ccaa04', 'Photography', '{"width":1920,"height":1080,"bitrate":1981.8}', '', '4668', '2015-09-25 12:30:58.308700+0000', '2015-09-26 21:14:58.548400+0000');
INSERT INTO "neap"."stream"(stream_id, channel_id, title, topic_id, topic, media_info, viewers, created_at, updated_at, ended_at)
    VALUES ('71061f26-0085-485b-8e41-e6a6d2d679b9', '3502385d-630e-4a93-89e4-fba49fa13d21', 'The origins of Litterature', '994391cf-d41e-46f4-b6eb-ce53824e3a0c', 'Litterature', '{"width":1920,"height":1080,"bitrate":2379.06}', 1049, '2015-07-04 14:19:30.847100+0000', '2015-07-04 18:37:47.643700+0000', '2015-07-04 18:40:23.454100+0000');
INSERT INTO "neap"."stream"(stream_id, channel_id, title, topic_id, topic, media_info, viewers, created_at, updated_at, ended_at)
    VALUES ('2f8a77b5-6556-472d-953a-22882cdb37b3', '3502385d-630e-4a93-89e4-fba49fa13d21', 'Dominick goes live!', 'd2ea25fc-eb67-4c63-86d0-58ba2ce51b56', 'Theology', '{"width":1280,"height":720,"bitrate":1125.09}', 1575, '2015-08-26 10:12:50.057400+0000', '2015-08-26 10:17:04.836200+0000', '2015-08-26 10:43:08.901800+0000');
INSERT INTO "neap"."stream"(stream_id, channel_id, title, topic_id, topic, media_info, viewers, created_at, updated_at, ended_at)
    VALUES ('78dc738c-8621-4705-b17f-739580481a7e', '3502385d-630e-4a93-89e4-fba49fa13d21', 'Today is Philosophy day', '35fa82dc-ed25-47fb-b6cd-58ae8a151f60', 'Philosophy', '{"width":1920,"height":1080,"bitrate":2313.86}', 250, '2015-05-09 07:08:02.958500+0000', '2015-05-09 07:21:23.504200+0000', '2015-05-09 07:38:20.266700+0000');
INSERT INTO "neap"."video"(video_id, stream_id, title, type, description, status, tags, topic_id, topic, media_info, preview, views, created_at, updated_at)
    VALUES ('8998d5b4-f1e9-42db-b9fb-b7a9ca3bcb74', '78dc738c-8621-4705-b17f-739580481a7e', 'Today is Philosophy day', 'record', 'Today is Philosophy day', '', '[]', '35fa82dc-ed25-47fb-b6cd-58ae8a151f60', 'Philosophy', '{"width":1920,"height":1080,"bitrate":1869.01}', '', '22606', '2015-10-26 22:36:42.911800+0000', '2015-10-30 14:00:38.774500+0000');
INSERT INTO "neap"."video"(video_id, stream_id, title, type, description, status, tags, topic_id, topic, media_info, preview, views, created_at, updated_at)
    VALUES ('318a5eb0-ac63-45c8-abe4-eefba40da5d3', '78dc738c-8621-4705-b17f-739580481a7e', 'Today is Philosophy day', 'record', 'Today is Philosophy day', '', '[]', '35fa82dc-ed25-47fb-b6cd-58ae8a151f60', 'Philosophy', '{"width":1920,"height":1080,"bitrate":3374.9}', '', '15069', '2015-09-08 07:19:56.229000+0000', '2015-09-08 13:46:48.264000+0000');
INSERT INTO "neap"."stream"(stream_id, channel_id, title, topic_id, topic, media_info, viewers, created_at, updated_at, ended_at)
    VALUES ('2944a626-56f3-4005-b4fb-a907b31d34bb', '3502385d-630e-4a93-89e4-fba49fa13d21', 'Come on and have fun with Dominick!', 'b369c464-cdea-4356-9d70-1450585652e2', 'Music', '{"width":1920,"height":1080,"bitrate":1565.64}', 1506, '2015-04-16 12:24:14.717400+0000', '2015-04-16 15:08:40.440500+0000', '2015-04-16 16:45:39.607500+0000');
INSERT INTO "neap"."stream"(stream_id, channel_id, title, topic_id, topic, media_info, viewers, created_at, updated_at, ended_at)
    VALUES ('da03468a-9f35-49ac-9155-e253d9bc9194', '3502385d-630e-4a93-89e4-fba49fa13d21', 'Dominick goes live!', 'd4f06d27-2693-4552-bd85-d9875651ce39', 'Biology', '{"width":720,"height":400,"bitrate":515.38}', 773, '2015-08-30 01:43:09.563600+0000', '2015-08-30 03:20:38.125100+0000', '2015-08-30 03:46:47.301300+0000');
INSERT INTO "neap"."video"(video_id, stream_id, title, type, description, status, tags, topic_id, topic, media_info, preview, views, created_at, updated_at)
    VALUES ('af8bc2fd-339d-4594-b8bc-d7ed0bdc2e45', 'da03468a-9f35-49ac-9155-e253d9bc9194', 'Dominick goes live!', 'record', 'Dominick goes live!', '', '[]', 'd4f06d27-2693-4552-bd85-d9875651ce39', 'Biology', '{"width":720,"height":400,"bitrate":660.88}', '', '39296', '2015-10-03 00:00:27.037300+0000', '2015-10-09 21:50:21.395200+0000');
INSERT INTO "neap"."video"(video_id, stream_id, title, type, description, status, tags, topic_id, topic, media_info, preview, views, created_at, updated_at)
    VALUES ('ef9d4957-7989-4b75-b38c-4cf5225e6052', 'da03468a-9f35-49ac-9155-e253d9bc9194', 'Dominick goes live!', 'record', 'Dominick goes live!', '', '[]', 'd4f06d27-2693-4552-bd85-d9875651ce39', 'Biology', '{"width":720,"height":400,"bitrate":605.69}', '', '7584', '2015-10-22 07:18:56.299100+0000', '2015-10-22 09:17:08.485400+0000');
INSERT INTO "neap"."stream"(stream_id, channel_id, title, topic_id, topic, media_info, viewers, created_at, updated_at, ended_at)
    VALUES ('31f822f4-1018-42af-9cfd-17f2039dde8d', '3502385d-630e-4a93-89e4-fba49fa13d21', 'The origins of Mathematics', '284b3091-455d-4476-ae67-442a19d153d4', 'Mathematics', '{"width":1920,"height":1080,"bitrate":2929.56}', 673, '2015-08-10 09:49:55.815600+0000', '2015-08-10 10:21:29.988700+0000', '2015-08-10 12:15:39.061000+0000');
INSERT INTO "neap"."stream"(stream_id, channel_id, title, topic_id, topic, media_info, viewers, created_at, updated_at, ended_at)
    VALUES ('7628f840-4824-4d93-ae13-9e6709b97a50', '3502385d-630e-4a93-89e4-fba49fa13d21', 'Mathematics?? Yeah, Mathematics!', '284b3091-455d-4476-ae67-442a19d153d4', 'Mathematics', '{"width":1280,"height":720,"bitrate":1045.46}', 940, '2015-05-04 19:00:49.320900+0000', '2015-05-04 20:38:27.110600+0000', '2015-05-04 20:48:53.725600+0000');
INSERT INTO "neap"."user"(user_id, channel_id, type, username, email, password, display_name, logo, bio, created_at, updated_at)
    VALUES ('a3623e5c-327e-4de8-8310-87e7b01ffba7', '8707b3eb-2477-49f2-b508-db88549a6013', 'user', 'maximus', 'maximus@neap.io', '$2y$10$bK76yXws1X7NkuqaMe.hrOQHL/5EzvK9PnrGmlwK8.N3nxm7nRZTy', 'Maximus', 'https://gravatar.com/avatar/9d4ad41eca64f18dee45bd2bbedad222?s=128&d=identicon', null, '2015-02-09 15:50:02.668200+0000', '2015-07-29 09:23:45.980600+0000');
INSERT INTO "neap"."channel"(channel_id, user_id, chat_id, name, display_name, topic, language, views, followers)
    VALUES ('8707b3eb-2477-49f2-b508-db88549a6013', 'a3623e5c-327e-4de8-8310-87e7b01ffba7', '07437f2c-552e-4929-9ce1-c59e5718e1ef', 'maximus', 'Maximus Channel', 'Litterature', 'en', 6629, 139);
INSERT INTO "neap"."chat"(chat_id, channel_id, name)
    VALUES ('07437f2c-552e-4929-9ce1-c59e5718e1ef', '8707b3eb-2477-49f2-b508-db88549a6013', 'maximus');
INSERT INTO "neap"."stream"(stream_id, channel_id, title, topic_id, topic, media_info, viewers, created_at, updated_at, ended_at)
    VALUES ('fb4d493d-13c3-49bd-af3d-1b75f2049616', '8707b3eb-2477-49f2-b508-db88549a6013', 'Maximus goes live!', 'b369c464-cdea-4356-9d70-1450585652e2', 'Music', '{"width":1920,"height":1080,"bitrate":2006.6}', 550, '2015-04-26 06:11:14.369700+0000', '2015-04-26 09:30:01.096000+0000', '2015-04-26 10:34:38.996800+0000');
INSERT INTO "neap"."stream"(stream_id, channel_id, title, topic_id, topic, media_info, viewers, created_at, updated_at, ended_at)
    VALUES ('ea873c58-815e-4417-ba93-65f6cc02267e', '8707b3eb-2477-49f2-b508-db88549a6013', 'Fun with Science and Maximus', '1cae4612-f178-4a0e-b3af-343a88b99638', 'Science', '{"width":1280,"height":720,"bitrate":1250.4}', 1478, '2015-10-24 21:01:52.608600+0000', '2015-10-25 00:48:05.959200+0000', '2015-10-25 01:38:00.545300+0000');
INSERT INTO "neap"."stream"(stream_id, channel_id, title, topic_id, topic, media_info, viewers, created_at, updated_at, ended_at)
    VALUES ('81186d7f-f8fa-4803-8a50-4d470cab96d5', '8707b3eb-2477-49f2-b508-db88549a6013', 'Maximus goes live!', '5f6c7ec0-84ab-4d8e-a2d7-ff1887b55d6e', 'History', '{"width":1920,"height":1080,"bitrate":2043.46}', 878, '2015-06-21 02:49:13.592900+0000', '2015-06-21 08:10:52.442500+0000', '2015-06-21 09:13:10.014100+0000');
INSERT INTO "neap"."video"(video_id, stream_id, title, type, description, status, tags, topic_id, topic, media_info, preview, views, created_at, updated_at)
    VALUES ('849d58c2-f91d-4872-9495-d09fbbf7bfe0', '81186d7f-f8fa-4803-8a50-4d470cab96d5', 'Maximus goes live!', 'record', 'Maximus goes live!', '', '[]', '5f6c7ec0-84ab-4d8e-a2d7-ff1887b55d6e', 'History', '{"width":1920,"height":1080,"bitrate":2272.83}', '', '8105', '2015-09-23 05:39:17.502300+0000', '2015-09-25 05:10:12.248600+0000');
INSERT INTO "neap"."video"(video_id, stream_id, title, type, description, status, tags, topic_id, topic, media_info, preview, views, created_at, updated_at)
    VALUES ('75ea8959-faba-4611-8048-06319606dfd3', '81186d7f-f8fa-4803-8a50-4d470cab96d5', 'Maximus goes live!', 'highlight', 'Maximus goes live!', '', '[]', '5f6c7ec0-84ab-4d8e-a2d7-ff1887b55d6e', 'History', '{"width":1920,"height":1080,"bitrate":2849.4}', '', '5417', '2015-09-14 07:36:28.585900+0000', '2015-09-15 18:35:45.514700+0000');
INSERT INTO "neap"."stream"(stream_id, channel_id, title, topic_id, topic, media_info, viewers, created_at, updated_at, ended_at)
    VALUES ('78a7bc79-b0d5-499d-ad48-921bca040577', '8707b3eb-2477-49f2-b508-db88549a6013', 'Come on and have fun with Maximus!', '1cae4612-f178-4a0e-b3af-343a88b99638', 'Science', '{"width":1280,"height":720,"bitrate":1019.54}', 963, '2015-08-08 03:24:43.431000+0000', '2015-08-08 04:00:39.050600+0000', '2015-08-08 04:07:43.746000+0000');
INSERT INTO "neap"."video"(video_id, stream_id, title, type, description, status, tags, topic_id, topic, media_info, preview, views, created_at, updated_at)
    VALUES ('86bff9b1-1ba4-4736-b50b-3d7325788d89', '78a7bc79-b0d5-499d-ad48-921bca040577', 'Come on and have fun with Maximus!', 'record', 'Come on and have fun with Maximus!', '', '[]', '1cae4612-f178-4a0e-b3af-343a88b99638', 'Science', '{"width":1280,"height":720,"bitrate":856.91}', '', '38155', '2015-09-28 22:20:48.282500+0000', '2015-09-28 23:10:55.059900+0000');
INSERT INTO "neap"."video"(video_id, stream_id, title, type, description, status, tags, topic_id, topic, media_info, preview, views, created_at, updated_at)
    VALUES ('4d5c638b-886d-4d59-a78d-b08774e0ed0c', '78a7bc79-b0d5-499d-ad48-921bca040577', 'Come on and have fun with Maximus!', 'record', 'Come on and have fun with Maximus!', '', '[]', '1cae4612-f178-4a0e-b3af-343a88b99638', 'Science', '{"width":1280,"height":720,"bitrate":1154.25}', '', '22812', '2015-09-12 02:07:10.569800+0000', '2015-09-15 16:35:35.917400+0000');
INSERT INTO "neap"."stream"(stream_id, channel_id, title, topic_id, topic, media_info, viewers, created_at, updated_at, ended_at)
    VALUES ('863d575d-723c-4375-ab27-5025b4880941', '8707b3eb-2477-49f2-b508-db88549a6013', 'Relax stream', '5f6c7ec0-84ab-4d8e-a2d7-ff1887b55d6e', 'History', '{"width":1920,"height":1080,"bitrate":1774.44}', 1562, '2015-09-27 06:55:33.764600+0000', '2015-09-27 08:18:47.569100+0000', '2015-09-27 08:38:26.690100+0000');
INSERT INTO "neap"."video"(video_id, stream_id, title, type, description, status, tags, topic_id, topic, media_info, preview, views, created_at, updated_at)
    VALUES ('10f03fa8-44c1-4d11-a932-a0979c2504f5', '863d575d-723c-4375-ab27-5025b4880941', 'Relax stream', 'record', 'Relax stream', '', '[]', '5f6c7ec0-84ab-4d8e-a2d7-ff1887b55d6e', 'History', '{"width":1920,"height":1080,"bitrate":2122.69}', '', '7899', '2015-10-06 19:08:58.832000+0000', '2015-10-11 06:22:58.798700+0000');
INSERT INTO "neap"."stream"(stream_id, channel_id, title, topic_id, topic, media_info, viewers, created_at, updated_at, ended_at)
    VALUES ('c651690e-9abe-4117-81aa-e6d82098bb49', '8707b3eb-2477-49f2-b508-db88549a6013', 'Fun with Video games and Maximus', '48e535f7-dba1-4d59-aac3-4c6cced32d6c', 'Video games', '{"width":1280,"height":720,"bitrate":1379.11}', 825, '2015-09-07 17:21:14.458400+0000', '2015-09-07 18:00:48.100500+0000', '2015-09-07 18:15:48.683300+0000');
INSERT INTO "neap"."stream"(stream_id, channel_id, title, topic_id, topic, media_info, viewers, created_at, updated_at, ended_at)
    VALUES ('b3b59c8f-b601-468a-90de-9cc16af54daa', '8707b3eb-2477-49f2-b508-db88549a6013', 'Today is Photography day', 'e496e832-363e-4228-b518-7fe126ccaa04', 'Photography', '{"width":1920,"height":1080,"bitrate":3253.11}', 1960, '2015-03-09 04:58:02.617800+0000', '2015-03-09 05:58:53.975900+0000', '2015-03-09 06:44:18.766400+0000');
INSERT INTO "neap"."video"(video_id, stream_id, title, type, description, status, tags, topic_id, topic, media_info, preview, views, created_at, updated_at)
    VALUES ('eea877ff-ee99-48d3-8b50-c32f4070aa9e', 'b3b59c8f-b601-468a-90de-9cc16af54daa', 'Today is Photography day', 'record', 'Today is Photography day', '', '[]', 'e496e832-363e-4228-b518-7fe126ccaa04', 'Photography', '{"width":1920,"height":1080,"bitrate":2128.61}', '', '1859', '2015-07-12 23:33:32.177500+0000', '2015-07-13 10:52:22.012000+0000');
INSERT INTO "neap"."video"(video_id, stream_id, title, type, description, status, tags, topic_id, topic, media_info, preview, views, created_at, updated_at)
    VALUES ('299fb2ae-2ae9-4423-a5df-256463c5a491', 'b3b59c8f-b601-468a-90de-9cc16af54daa', 'Today is Photography day', 'record', 'Today is Photography day', '', '[]', 'e496e832-363e-4228-b518-7fe126ccaa04', 'Photography', '{"width":1920,"height":1080,"bitrate":2799.77}', '', '28308', '2015-05-11 12:14:53.765000+0000', '2015-05-16 09:36:56.929700+0000');
INSERT INTO "neap"."stream"(stream_id, channel_id, title, topic_id, topic, media_info, viewers, created_at, updated_at, ended_at)
    VALUES ('882061e4-5327-48c9-a532-f99b219dfaeb', '8707b3eb-2477-49f2-b508-db88549a6013', 'Biology?? Yeah, Biology!', 'd4f06d27-2693-4552-bd85-d9875651ce39', 'Biology', '{"width":1280,"height":720,"bitrate":1410.41}', 834, '2015-03-09 08:17:33.317500+0000', '2015-03-09 13:51:16.818100+0000', '2015-03-09 13:55:25.838200+0000');
INSERT INTO "neap"."stream"(stream_id, channel_id, title, topic_id, topic, media_info, viewers, created_at, updated_at, ended_at)
    VALUES ('dd85f134-8b2c-4451-8215-c6d0a51499e7', '8707b3eb-2477-49f2-b508-db88549a6013', 'Come on and have fun with Maximus!', 'd4f06d27-2693-4552-bd85-d9875651ce39', 'Biology', '{"width":1920,"height":1080,"bitrate":1133.92}', 1736, '2015-08-27 11:24:35.499500+0000', '2015-08-27 12:04:55.506300+0000', '2015-08-27 12:16:33.278500+0000');
INSERT INTO "neap"."video"(video_id, stream_id, title, type, description, status, tags, topic_id, topic, media_info, preview, views, created_at, updated_at)
    VALUES ('1ebaec58-dc19-4f94-aed7-1023e5faa2c9', 'dd85f134-8b2c-4451-8215-c6d0a51499e7', 'Come on and have fun with Maximus!', 'record', 'Come on and have fun with Maximus!', '', '[]', 'd4f06d27-2693-4552-bd85-d9875651ce39', 'Biology', '{"width":1920,"height":1080,"bitrate":3132.07}', '', '20623', '2015-09-12 11:56:35.468900+0000', '2015-09-14 10:28:31.351000+0000');
INSERT INTO "neap"."stream"(stream_id, channel_id, title, topic_id, topic, media_info, viewers, created_at, updated_at, ended_at)
    VALUES ('2d6c390e-56a5-4491-9e27-7bb438edfb93', '8707b3eb-2477-49f2-b508-db88549a6013', 'Come on and have fun with Maximus!', 'b369c464-cdea-4356-9d70-1450585652e2', 'Music', '{"width":1920,"height":1080,"bitrate":3031.74}', 44512, '2015-07-15 00:55:43.878600+0000', '2015-07-15 04:08:54.398000+0000', '2015-07-15 04:19:36.782300+0000');
INSERT INTO "neap"."video"(video_id, stream_id, title, type, description, status, tags, topic_id, topic, media_info, preview, views, created_at, updated_at)
    VALUES ('1a051994-15be-4c9a-a20b-22282f190438', '2d6c390e-56a5-4491-9e27-7bb438edfb93', 'Come on and have fun with Maximus!', 'highlight', 'Come on and have fun with Maximus!', '', '[]', 'b369c464-cdea-4356-9d70-1450585652e2', 'Music', '{"width":1920,"height":1080,"bitrate":2047.44}', '', '1806', '2015-10-17 17:47:33.903400+0000', '2015-10-18 07:10:57.037800+0000');
INSERT INTO "neap"."stream"(stream_id, channel_id, title, topic_id, topic, media_info, viewers, created_at, updated_at, ended_at)
    VALUES ('ebd4470d-7341-4ef4-8538-7870db1a3f20', '8707b3eb-2477-49f2-b508-db88549a6013', 'The origins of Video games', '48e535f7-dba1-4d59-aac3-4c6cced32d6c', 'Video games', '{"width":1920,"height":1080,"bitrate":1555.97}', 1947, '2015-03-19 07:50:57.196200+0000', '2015-03-19 12:59:22.177400+0000', '2015-03-19 13:53:17.933200+0000');
INSERT INTO "neap"."video"(video_id, stream_id, title, type, description, status, tags, topic_id, topic, media_info, preview, views, created_at, updated_at)
    VALUES ('ed6bdd34-a465-4b01-9da0-9bbb7ba33ce6', 'ebd4470d-7341-4ef4-8538-7870db1a3f20', 'The origins of Video games', 'record', 'The origins of Video games', '', '[]', '48e535f7-dba1-4d59-aac3-4c6cced32d6c', 'Video games', '{"width":1920,"height":1080,"bitrate":1380.01}', '', '27445', '2015-10-29 18:41:02.193500+0000', '2015-10-30 12:10:16.549100+0000');
INSERT INTO "neap"."stream"(stream_id, channel_id, title, topic_id, topic, media_info, viewers, created_at, updated_at, ended_at)
    VALUES ('ed955c5c-1fdc-4618-80c3-8a15eb1eb2b2', '8707b3eb-2477-49f2-b508-db88549a6013', 'Relax stream', '35fa82dc-ed25-47fb-b6cd-58ae8a151f60', 'Philosophy', '{"width":1280,"height":720,"bitrate":942.19}', 1678, '2015-03-27 14:08:13.181200+0000', '2015-03-27 14:32:20.097200+0000', '2015-03-27 14:33:40.755900+0000');
INSERT INTO "neap"."video"(video_id, stream_id, title, type, description, status, tags, topic_id, topic, media_info, preview, views, created_at, updated_at)
    VALUES ('43c35ccc-4106-4007-bde0-c03221c8ad7b', 'ed955c5c-1fdc-4618-80c3-8a15eb1eb2b2', 'Relax stream', 'record', 'Relax stream', '', '[]', '35fa82dc-ed25-47fb-b6cd-58ae8a151f60', 'Philosophy', '{"width":1280,"height":720,"bitrate":1278.3}', '', '26964', '2015-10-07 19:44:35.391300+0000', '2015-10-09 04:22:46.234800+0000');
INSERT INTO "neap"."user"(user_id, channel_id, type, username, email, password, display_name, logo, bio, created_at, updated_at)
    VALUES ('6ca1c44c-c681-4561-a2a8-c0158a254daa', '6932e704-3778-48f7-8176-577839e38c42', 'user', 'brenda', 'brenda@neap.io', '$2y$10$c82j6io4qjmMGp9eQgriq.l1lDlQFYhhfs50p3IgIVdp8OLc2.Xiq', 'Brenda', 'https://gravatar.com/avatar/04f03c40ba49b01a1070a43877917597?s=128&d=identicon', null, '2015-05-21 18:50:49.610300+0000', '2015-09-06 00:02:54.426000+0000');
INSERT INTO "neap"."channel"(channel_id, user_id, chat_id, name, display_name, topic, language, views, followers)
    VALUES ('6932e704-3778-48f7-8176-577839e38c42', '6ca1c44c-c681-4561-a2a8-c0158a254daa', 'f76d0623-4157-4500-8c0e-8036ab44c6a7', 'brenda', 'Brenda Channel', 'Theology', 'en', 73417, 45);
INSERT INTO "neap"."chat"(chat_id, channel_id, name)
    VALUES ('f76d0623-4157-4500-8c0e-8036ab44c6a7', '6932e704-3778-48f7-8176-577839e38c42', 'brenda');
INSERT INTO "neap"."stream"(stream_id, channel_id, title, topic_id, topic, media_info, viewers, created_at, updated_at, ended_at)
    VALUES ('a8d40a87-5168-45e6-82bc-1a99bae88130', '6932e704-3778-48f7-8176-577839e38c42', 'Come on and have fun with Brenda!', 'b369c464-cdea-4356-9d70-1450585652e2', 'Music', '{"width":1920,"height":1080,"bitrate":2332.21}', 1471, '2015-09-10 21:05:16.947500+0000', '2015-09-10 22:42:22.524300+0000', '2015-09-10 23:34:06.915700+0000');
INSERT INTO "neap"."video"(video_id, stream_id, title, type, description, status, tags, topic_id, topic, media_info, preview, views, created_at, updated_at)
    VALUES ('08d3820c-4103-4e21-a7c5-5f590be79c77', 'a8d40a87-5168-45e6-82bc-1a99bae88130', 'Come on and have fun with Brenda!', 'record', 'Come on and have fun with Brenda!', '', '[]', 'b369c464-cdea-4356-9d70-1450585652e2', 'Music', '{"width":1920,"height":1080,"bitrate":2691.32}', '', '17036', '2015-09-17 18:19:21.688000+0000', '2015-09-17 21:42:57.359100+0000');
INSERT INTO "neap"."video"(video_id, stream_id, title, type, description, status, tags, topic_id, topic, media_info, preview, views, created_at, updated_at)
    VALUES ('985035cd-2660-4866-8cf8-0ae67aa5e05d', 'a8d40a87-5168-45e6-82bc-1a99bae88130', 'Come on and have fun with Brenda!', 'record', 'Come on and have fun with Brenda!', '', '[]', 'b369c464-cdea-4356-9d70-1450585652e2', 'Music', '{"width":1920,"height":1080,"bitrate":1940.79}', '', '30549', '2015-10-26 05:49:35.377600+0000', '2015-10-26 17:40:30.695400+0000');
INSERT INTO "neap"."stream"(stream_id, channel_id, title, topic_id, topic, media_info, viewers, created_at, updated_at, ended_at)
    VALUES ('e226ab0d-eac9-4ff8-9cfb-6136c5d5d56f', '6932e704-3778-48f7-8176-577839e38c42', 'Fun with Philosophy and Brenda', '35fa82dc-ed25-47fb-b6cd-58ae8a151f60', 'Philosophy', '{"width":1920,"height":1080,"bitrate":3243.12}', 749, '2015-07-23 13:12:38.886500+0000', '2015-07-23 15:52:16.329500+0000', '2015-07-23 16:24:51.171800+0000');
INSERT INTO "neap"."stream"(stream_id, channel_id, title, topic_id, topic, media_info, viewers, created_at, updated_at, ended_at)
    VALUES ('f4a98af0-81cf-4900-a8ff-c809f8ec3221', '6932e704-3778-48f7-8176-577839e38c42', 'History?? Yeah, History!', '5f6c7ec0-84ab-4d8e-a2d7-ff1887b55d6e', 'History', '{"width":1920,"height":1080,"bitrate":3291.59}', 131, '2015-07-15 23:53:26.083000+0000', '2015-07-16 00:15:32.009500+0000', '2015-07-16 00:52:41.063200+0000');
INSERT INTO "neap"."user"(user_id, channel_id, type, username, email, password, display_name, logo, bio, created_at, updated_at)
    VALUES ('2dca3e10-36a3-40db-bce1-eb8f975bab02', '74b96bf0-ccd6-4764-be03-01e2ef063ce7', 'user', 'van', 'van@neap.io', '$2y$10$bUH9Pw.f3Jp7MhVuuFVMDOq.435NfWOdSGVoDLzEFZ0WkMtpQtHau', 'Van', 'https://gravatar.com/avatar/bff0d6a9ff623e4323bad941a455dbfe?s=128&d=identicon', null, '2015-04-19 01:51:28.040200+0000', '2015-10-23 12:12:53.260900+0000');
INSERT INTO "neap"."channel"(channel_id, user_id, chat_id, name, display_name, topic, language, views, followers)
    VALUES ('74b96bf0-ccd6-4764-be03-01e2ef063ce7', '2dca3e10-36a3-40db-bce1-eb8f975bab02', 'a451a294-c4b6-4a8e-9f3c-0b8cab9e2e40', 'van', 'Van Channel', 'Philosophy', 'en', 51116, 77);
INSERT INTO "neap"."chat"(chat_id, channel_id, name)
    VALUES ('a451a294-c4b6-4a8e-9f3c-0b8cab9e2e40', '74b96bf0-ccd6-4764-be03-01e2ef063ce7', 'van');
INSERT INTO "neap"."stream"(stream_id, channel_id, title, topic_id, topic, media_info, viewers, created_at, updated_at, ended_at)
    VALUES ('ead864e8-6825-4fa9-abf4-1471f1676280', '74b96bf0-ccd6-4764-be03-01e2ef063ce7', 'Fun with Science and Van', '1cae4612-f178-4a0e-b3af-343a88b99638', 'Science', '{"width":1920,"height":1080,"bitrate":2107.43}', 993, '2015-10-10 11:35:35.050000+0000', '2015-10-10 11:57:29.836000+0000', '2015-10-10 13:24:55.670700+0000');
INSERT INTO "neap"."video"(video_id, stream_id, title, type, description, status, tags, topic_id, topic, media_info, preview, views, created_at, updated_at)
    VALUES ('39866dfc-a491-42a2-81b6-b276412b78cb', 'ead864e8-6825-4fa9-abf4-1471f1676280', 'Fun with Science and Van', 'highlight', 'Fun with Science and Van', '', '[]', '1cae4612-f178-4a0e-b3af-343a88b99638', 'Science', '{"width":1920,"height":1080,"bitrate":2380.46}', '', '33305', '2015-10-22 00:38:52.928400+0000', '2015-10-25 12:44:40.613300+0000');
INSERT INTO "neap"."stream"(stream_id, channel_id, title, topic_id, topic, media_info, viewers, created_at, updated_at, ended_at)
    VALUES ('93804c95-98b3-4caa-a4e2-b090b0d72288', '74b96bf0-ccd6-4764-be03-01e2ef063ce7', 'History?? Yeah, History!', '5f6c7ec0-84ab-4d8e-a2d7-ff1887b55d6e', 'History', '{"width":720,"height":400,"bitrate":522.95}', 1513, '2015-05-24 03:53:40.257900+0000', '2015-05-24 13:43:06.508100+0000', '2015-05-24 14:23:52.280000+0000');
INSERT INTO "neap"."user"(user_id, channel_id, type, username, email, password, display_name, logo, bio, created_at, updated_at)
    VALUES ('4efd5362-d51c-43bd-a680-99c1a798def9', '73a4275e-6030-41e4-9b27-5573a512f058', 'user', 'maximiliano', 'maximiliano@neap.io', '$2y$10$k9TqgzPUUVWDwoGyBsQfou31QrySSrsJAr5zWLPMla3cEeuq7GU..', 'Maximiliano', 'https://gravatar.com/avatar/26be147694e1d2704cdea9194976279e?s=128&d=identicon', null, '2015-08-20 07:41:57.507400+0000', '2015-10-23 18:16:37.932600+0000');
INSERT INTO "neap"."channel"(channel_id, user_id, chat_id, name, display_name, topic, language, views, followers)
    VALUES ('73a4275e-6030-41e4-9b27-5573a512f058', '4efd5362-d51c-43bd-a680-99c1a798def9', '14ad9552-5c44-4304-845c-939d49572eed', 'maximiliano', 'Maximiliano Channel', 'Mathematics', 'en', 47711, 72);
INSERT INTO "neap"."chat"(chat_id, channel_id, name)
    VALUES ('14ad9552-5c44-4304-845c-939d49572eed', '73a4275e-6030-41e4-9b27-5573a512f058', 'maximiliano');
INSERT INTO "neap"."stream"(stream_id, channel_id, title, topic_id, topic, media_info, viewers, created_at, updated_at, ended_at)
    VALUES ('a9f0a793-4382-4841-ad29-3f6152ec6dda', '73a4275e-6030-41e4-9b27-5573a512f058', 'The origins of Science', '1cae4612-f178-4a0e-b3af-343a88b99638', 'Science', '{"width":1280,"height":720,"bitrate":1015.39}', 982, '2015-08-23 23:18:37.030200+0000', '2015-08-24 00:13:44.157900+0000', '2015-08-24 01:07:27.959600+0000');
INSERT INTO "neap"."video"(video_id, stream_id, title, type, description, status, tags, topic_id, topic, media_info, preview, views, created_at, updated_at)
    VALUES ('3f500f0d-5c76-4165-b0db-dcac501ae5ac', 'a9f0a793-4382-4841-ad29-3f6152ec6dda', 'The origins of Science', 'record', 'The origins of Science', '', '[]', '1cae4612-f178-4a0e-b3af-343a88b99638', 'Science', '{"width":1280,"height":720,"bitrate":919.04}', '', '3319', '2015-09-10 15:21:54.113700+0000', '2015-09-11 17:14:55.084700+0000');
INSERT INTO "neap"."stream"(stream_id, channel_id, title, topic_id, topic, media_info, viewers, created_at, updated_at, ended_at)
    VALUES ('24344244-ea7f-40d7-a22f-b76145d80b87', '73a4275e-6030-41e4-9b27-5573a512f058', 'Fun with History and Maximiliano', '5f6c7ec0-84ab-4d8e-a2d7-ff1887b55d6e', 'History', '{"width":1280,"height":720,"bitrate":1482.79}', 246, '2015-10-04 06:47:19.332900+0000', '2015-10-04 08:53:32.468300+0000', '2015-10-04 09:01:12.849200+0000');
INSERT INTO "neap"."video"(video_id, stream_id, title, type, description, status, tags, topic_id, topic, media_info, preview, views, created_at, updated_at)
    VALUES ('dc0316bb-b0cb-442c-8f6a-8c48949ddd47', '24344244-ea7f-40d7-a22f-b76145d80b87', 'Fun with History and Maximiliano', 'record', 'Fun with History and Maximiliano', '', '[]', '5f6c7ec0-84ab-4d8e-a2d7-ff1887b55d6e', 'History', '{"width":1280,"height":720,"bitrate":836.9}', '', '9651', '2015-10-18 14:30:57.257400+0000', '2015-10-19 21:41:04.479500+0000');
INSERT INTO "neap"."video"(video_id, stream_id, title, type, description, status, tags, topic_id, topic, media_info, preview, views, created_at, updated_at)
    VALUES ('156bba8c-4d96-46aa-a3b0-371ccdb3ace0', '24344244-ea7f-40d7-a22f-b76145d80b87', 'Fun with History and Maximiliano', 'record', 'Fun with History and Maximiliano', '', '[]', '5f6c7ec0-84ab-4d8e-a2d7-ff1887b55d6e', 'History', '{"width":1280,"height":720,"bitrate":1016.37}', '', '1622', '2015-10-14 19:43:41.986100+0000', '2015-10-15 08:05:24.788400+0000');
INSERT INTO "neap"."stream"(stream_id, channel_id, title, topic_id, topic, media_info, viewers, created_at, updated_at, ended_at)
    VALUES ('cdd25f11-b83f-4c9a-85d3-2467112b0207', '73a4275e-6030-41e4-9b27-5573a512f058', 'The origins of Astrology', 'e9af2f53-d2dd-4e32-9dea-26d6ac21bcb8', 'Astrology', '{"width":720,"height":400,"bitrate":550.14}', 1727, '2015-08-29 16:11:12.136500+0000', '2015-08-29 17:56:37.473200+0000', '2015-08-29 18:27:25.484000+0000');
INSERT INTO "neap"."stream"(stream_id, channel_id, title, topic_id, topic, media_info, viewers, created_at, updated_at, ended_at)
    VALUES ('05802eae-d4f4-44dc-bc1c-419a6b95c82b', '73a4275e-6030-41e4-9b27-5573a512f058', 'The origins of History', '5f6c7ec0-84ab-4d8e-a2d7-ff1887b55d6e', 'History', '{"width":720,"height":400,"bitrate":525.35}', 35555, '2015-09-10 02:46:08.325500+0000', '2015-09-10 03:05:35.163600+0000', '2015-09-10 03:12:54.073700+0000');
INSERT INTO "neap"."video"(video_id, stream_id, title, type, description, status, tags, topic_id, topic, media_info, preview, views, created_at, updated_at)
    VALUES ('0f521ba7-ec12-4c14-b89a-457a2c6c2925', '05802eae-d4f4-44dc-bc1c-419a6b95c82b', 'The origins of History', 'highlight', 'The origins of History', '', '[]', '5f6c7ec0-84ab-4d8e-a2d7-ff1887b55d6e', 'History', '{"width":720,"height":400,"bitrate":561.8}', '', '23946', '2015-10-08 11:06:39.769900+0000', '2015-10-09 07:17:31.559900+0000');
INSERT INTO "neap"."stream"(stream_id, channel_id, title, topic_id, topic, media_info, viewers, created_at, updated_at, ended_at)
    VALUES ('9e8f5683-35f6-49b0-b5ae-0b03ad37d484', '73a4275e-6030-41e4-9b27-5573a512f058', 'Today is Litterature day', '994391cf-d41e-46f4-b6eb-ce53824e3a0c', 'Litterature', '{"width":1920,"height":1080,"bitrate":1954.44}', 89336, '2015-09-21 08:37:36.108600+0000', '2015-09-21 09:36:42.677100+0000', '2015-09-21 10:14:19.651600+0000');
INSERT INTO "neap"."video"(video_id, stream_id, title, type, description, status, tags, topic_id, topic, media_info, preview, views, created_at, updated_at)
    VALUES ('3a4328a0-4e5c-4bf5-9785-aa26238ab7f1', '9e8f5683-35f6-49b0-b5ae-0b03ad37d484', 'Today is Litterature day', 'record', 'Today is Litterature day', '', '[]', '994391cf-d41e-46f4-b6eb-ce53824e3a0c', 'Litterature', '{"width":1920,"height":1080,"bitrate":1202.54}', '', '34234', '2015-09-23 06:23:43.432300+0000', '2015-09-23 07:40:45.923900+0000');
INSERT INTO "neap"."video"(video_id, stream_id, title, type, description, status, tags, topic_id, topic, media_info, preview, views, created_at, updated_at)
    VALUES ('6c204863-925c-4201-9e22-dd6b6cfb3269', '9e8f5683-35f6-49b0-b5ae-0b03ad37d484', 'Today is Litterature day', 'record', 'Today is Litterature day', '', '[]', '994391cf-d41e-46f4-b6eb-ce53824e3a0c', 'Litterature', '{"width":1920,"height":1080,"bitrate":1015.9}', '', '20676', '2015-10-07 07:56:28.702400+0000', '2015-10-10 03:38:57.270000+0000');
INSERT INTO "neap"."stream"(stream_id, channel_id, title, topic_id, topic, media_info, viewers, created_at, updated_at, ended_at)
    VALUES ('a0771224-e8ba-4055-8b53-f509dda4119c', '73a4275e-6030-41e4-9b27-5573a512f058', 'Photography?? Yeah, Photography!', 'e496e832-363e-4228-b518-7fe126ccaa04', 'Photography', '{"width":1280,"height":720,"bitrate":1436.94}', 1302, '2015-09-03 11:44:50.333800+0000', '2015-09-03 16:05:23.024800+0000', '2015-09-03 16:07:07.546700+0000');
INSERT INTO "neap"."stream"(stream_id, channel_id, title, topic_id, topic, media_info, viewers, created_at, updated_at, ended_at)
    VALUES ('bb246320-8048-4682-a747-99104f1ed8cd', '73a4275e-6030-41e4-9b27-5573a512f058', 'Relax stream', 'd2ea25fc-eb67-4c63-86d0-58ba2ce51b56', 'Theology', '{"width":720,"height":400,"bitrate":710.52}', 1249, '2015-11-01 08:56:35.883700+0000', '2015-11-01 10:53:24.033800+0000', '2015-11-01 11:02:15.385600+0000');
INSERT INTO "neap"."video"(video_id, stream_id, title, type, description, status, tags, topic_id, topic, media_info, preview, views, created_at, updated_at)
    VALUES ('5387ac78-7145-4716-90d9-4145cb87696b', 'bb246320-8048-4682-a747-99104f1ed8cd', 'Relax stream', 'record', 'Relax stream', '', '[]', 'd2ea25fc-eb67-4c63-86d0-58ba2ce51b56', 'Theology', '{"width":720,"height":400,"bitrate":720.14}', '', '23357', '2015-11-01 19:12:36.900700+0000', '2015-11-02 21:34:37.523800+0000');
INSERT INTO "neap"."video"(video_id, stream_id, title, type, description, status, tags, topic_id, topic, media_info, preview, views, created_at, updated_at)
    VALUES ('5c6a8ba8-5641-43d6-970f-2c155596f3bd', 'bb246320-8048-4682-a747-99104f1ed8cd', 'Relax stream', 'record', 'Relax stream', '', '[]', 'd2ea25fc-eb67-4c63-86d0-58ba2ce51b56', 'Theology', '{"width":720,"height":400,"bitrate":625.3}', '', '7139', '2015-11-01 11:32:37.593700+0000', '2015-11-02 02:52:35.027200+0000');
INSERT INTO "neap"."stream"(stream_id, channel_id, title, topic_id, topic, media_info, viewers, created_at, updated_at, ended_at)
    VALUES ('7407e727-08f7-44b8-9b9a-95fa242d2991', '73a4275e-6030-41e4-9b27-5573a512f058', 'Relax stream', 'e496e832-363e-4228-b518-7fe126ccaa04', 'Photography', '{"width":1920,"height":1080,"bitrate":1350.73}', 1081, '2015-10-20 22:28:54.900400+0000', '2015-10-20 22:40:20.570600+0000', '2015-10-20 23:03:53.304400+0000');
INSERT INTO "neap"."video"(video_id, stream_id, title, type, description, status, tags, topic_id, topic, media_info, preview, views, created_at, updated_at)
    VALUES ('fa016ade-08fb-4fef-9c63-cc70de9ee9b7', '7407e727-08f7-44b8-9b9a-95fa242d2991', 'Relax stream', 'record', 'Relax stream', '', '[]', 'e496e832-363e-4228-b518-7fe126ccaa04', 'Photography', '{"width":1920,"height":1080,"bitrate":1698.38}', '', '14107', '2015-10-22 17:31:23.669600+0000', '2015-10-25 17:03:44.254700+0000');
INSERT INTO "neap"."user"(user_id, channel_id, type, username, email, password, display_name, logo, bio, created_at, updated_at)
    VALUES ('02ee8d92-cb69-46fb-8b94-d2a8961f4d40', 'c6e8b3e8-aabd-4257-b085-6e50fc5ac0df', 'user', 'xavier', 'xavier@neap.io', '$2y$10$t8WNWVFAsSoJFDidVJvbgOqqgqhV7rm4AC1uNABCGk68qvY56mMoi', 'Xavier', 'https://gravatar.com/avatar/82b8dee9cc8680cb2a22117d44b6c81e?s=128&d=identicon', null, '2015-10-05 10:14:41.992500+0000', '2015-10-26 18:09:00.380300+0000');
INSERT INTO "neap"."channel"(channel_id, user_id, chat_id, name, display_name, topic, language, views, followers)
    VALUES ('c6e8b3e8-aabd-4257-b085-6e50fc5ac0df', '02ee8d92-cb69-46fb-8b94-d2a8961f4d40', 'f65cd729-c810-49fe-a162-f86251edfa5c', 'xavier', 'Xavier Channel', 'Photography', 'en', 20757, 12);
INSERT INTO "neap"."chat"(chat_id, channel_id, name)
    VALUES ('f65cd729-c810-49fe-a162-f86251edfa5c', 'c6e8b3e8-aabd-4257-b085-6e50fc5ac0df', 'xavier');
INSERT INTO "neap"."stream"(stream_id, channel_id, title, topic_id, topic, media_info, viewers, created_at, updated_at, ended_at)
    VALUES ('36e15172-4989-4272-bab0-c81f12c074f5', 'c6e8b3e8-aabd-4257-b085-6e50fc5ac0df', 'Xavier goes live!', 'd2ea25fc-eb67-4c63-86d0-58ba2ce51b56', 'Theology', '{"width":720,"height":400,"bitrate":624.86}', 607, '2015-10-21 15:40:34.552600+0000', '2015-10-21 17:46:13.008600+0000', '2015-10-21 18:00:44.474900+0000');
INSERT INTO "neap"."video"(video_id, stream_id, title, type, description, status, tags, topic_id, topic, media_info, preview, views, created_at, updated_at)
    VALUES ('02692fe4-3398-4fd1-a688-331ac9f80182', '36e15172-4989-4272-bab0-c81f12c074f5', 'Xavier goes live!', 'record', 'Xavier goes live!', '', '[]', 'd2ea25fc-eb67-4c63-86d0-58ba2ce51b56', 'Theology', '{"width":720,"height":400,"bitrate":632.03}', '', '31882', '2015-10-25 03:33:21.553500+0000', '2015-10-25 06:09:29.888000+0000');
INSERT INTO "neap"."user"(user_id, channel_id, type, username, email, password, display_name, logo, bio, created_at, updated_at)
    VALUES ('acefa31a-d64a-4420-a13c-dc459bd597a1', 'ebbac654-89a2-4dce-aa4a-2317e9c70bc9', 'user', 'alanna', 'alanna@neap.io', '$2y$10$UGwuLUFI9psShaA11QJRaufzo298.VmV1lHmwiuJG1i62zXDqu3Hi', 'Alanna', 'https://gravatar.com/avatar/49d75f61dea7b2dcf3ea8d7dcbff3598?s=128&d=identicon', null, '2015-05-23 21:07:32.469400+0000', '2015-09-03 06:40:43.937200+0000');
INSERT INTO "neap"."channel"(channel_id, user_id, chat_id, name, display_name, topic, language, views, followers)
    VALUES ('ebbac654-89a2-4dce-aa4a-2317e9c70bc9', 'acefa31a-d64a-4420-a13c-dc459bd597a1', 'a4cc04cb-234d-4e42-8403-81d263d0bd27', 'alanna', 'Alanna Channel', 'Mathematics', 'en', 36042, 118);
INSERT INTO "neap"."chat"(chat_id, channel_id, name)
    VALUES ('a4cc04cb-234d-4e42-8403-81d263d0bd27', 'ebbac654-89a2-4dce-aa4a-2317e9c70bc9', 'alanna');
INSERT INTO "neap"."stream"(stream_id, channel_id, title, topic_id, topic, media_info, viewers, created_at, updated_at, ended_at)
    VALUES ('5fac5eea-771a-4710-9e10-d67f9cd26b0b', 'ebbac654-89a2-4dce-aa4a-2317e9c70bc9', 'Today is Biology day', 'd4f06d27-2693-4552-bd85-d9875651ce39', 'Biology', '{"width":1920,"height":1080,"bitrate":3424.36}', 21294, '2015-07-17 11:42:18.315100+0000', '2015-07-17 12:42:13.248500+0000', '2015-07-17 13:38:46.689900+0000');
INSERT INTO "neap"."video"(video_id, stream_id, title, type, description, status, tags, topic_id, topic, media_info, preview, views, created_at, updated_at)
    VALUES ('9b66ac02-93e8-4692-a6de-e2e17a13b1c2', '5fac5eea-771a-4710-9e10-d67f9cd26b0b', 'Today is Biology day', 'record', 'Today is Biology day', '', '[]', 'd4f06d27-2693-4552-bd85-d9875651ce39', 'Biology', '{"width":1920,"height":1080,"bitrate":2904.06}', '', '4623', '2015-08-05 10:01:13.361900+0000', '2015-08-07 03:22:38.575000+0000');
INSERT INTO "neap"."video"(video_id, stream_id, title, type, description, status, tags, topic_id, topic, media_info, preview, views, created_at, updated_at)
    VALUES ('1ccff427-edb8-4ef8-99d6-51f0ac4a93bf', '5fac5eea-771a-4710-9e10-d67f9cd26b0b', 'Today is Biology day', 'record', 'Today is Biology day', '', '[]', 'd4f06d27-2693-4552-bd85-d9875651ce39', 'Biology', '{"width":1920,"height":1080,"bitrate":2161.55}', '', '25398', '2015-10-17 06:39:01.900400+0000', '2015-10-22 12:05:53.003600+0000');
INSERT INTO "neap"."stream"(stream_id, channel_id, title, topic_id, topic, media_info, viewers, created_at, updated_at, ended_at)
    VALUES ('036742ad-c17b-4e98-82af-791e21cefbdb', 'ebbac654-89a2-4dce-aa4a-2317e9c70bc9', 'Astrology?? Yeah, Astrology!', 'e9af2f53-d2dd-4e32-9dea-26d6ac21bcb8', 'Astrology', '{"width":1280,"height":720,"bitrate":790.55}', 1547, '2015-09-27 01:51:55.340000+0000', '2015-09-27 05:04:36.308800+0000', '2015-09-27 05:36:54.068100+0000');
INSERT INTO "neap"."stream"(stream_id, channel_id, title, topic_id, topic, media_info, viewers, created_at, updated_at, ended_at)
    VALUES ('c98c3e55-0fa4-49b2-b8b6-ca5ff94bdd53', 'ebbac654-89a2-4dce-aa4a-2317e9c70bc9', 'The origins of Astrology', 'e9af2f53-d2dd-4e32-9dea-26d6ac21bcb8', 'Astrology', '{"width":1920,"height":1080,"bitrate":3484.88}', 228, '2015-08-19 07:07:02.196600+0000', '2015-08-19 10:12:12.577200+0000', '2015-08-19 10:33:58.354900+0000');
INSERT INTO "neap"."video"(video_id, stream_id, title, type, description, status, tags, topic_id, topic, media_info, preview, views, created_at, updated_at)
    VALUES ('dfeb1b7b-236a-4cd1-b36a-5d03056fe74a', 'c98c3e55-0fa4-49b2-b8b6-ca5ff94bdd53', 'The origins of Astrology', 'record', 'The origins of Astrology', '', '[]', 'e9af2f53-d2dd-4e32-9dea-26d6ac21bcb8', 'Astrology', '{"width":1920,"height":1080,"bitrate":1898.26}', '', '20755', '2015-10-14 11:12:51.408400+0000', '2015-10-16 19:44:20.435300+0000');
INSERT INTO "neap"."video"(video_id, stream_id, title, type, description, status, tags, topic_id, topic, media_info, preview, views, created_at, updated_at)
    VALUES ('338cbc6f-0580-46ec-b218-a9a61dd16c67', 'c98c3e55-0fa4-49b2-b8b6-ca5ff94bdd53', 'The origins of Astrology', 'record', 'The origins of Astrology', '', '[]', 'e9af2f53-d2dd-4e32-9dea-26d6ac21bcb8', 'Astrology', '{"width":1920,"height":1080,"bitrate":2603.6}', '', '14528', '2015-09-04 20:59:32.678000+0000', '2015-09-07 11:11:20.165900+0000');
INSERT INTO "neap"."stream"(stream_id, channel_id, title, topic_id, topic, media_info, viewers, created_at, updated_at, ended_at)
    VALUES ('5872d550-eec2-4561-a97b-efcf896ad6aa', 'ebbac654-89a2-4dce-aa4a-2317e9c70bc9', 'Photography?? Yeah, Photography!', 'e496e832-363e-4228-b518-7fe126ccaa04', 'Photography', '{"width":720,"height":400,"bitrate":798.31}', 1426, '2015-09-19 07:35:37.014000+0000', '2015-09-19 08:10:11.695200+0000', '2015-09-19 09:10:58.585600+0000');
INSERT INTO "neap"."video"(video_id, stream_id, title, type, description, status, tags, topic_id, topic, media_info, preview, views, created_at, updated_at)
    VALUES ('fa440d19-e3b3-4ee3-95e7-2120717d9b24', '5872d550-eec2-4561-a97b-efcf896ad6aa', 'Photography?? Yeah, Photography!', 'record', 'Photography?? Yeah, Photography!', '', '[]', 'e496e832-363e-4228-b518-7fe126ccaa04', 'Photography', '{"width":720,"height":400,"bitrate":686.65}', '', '14157', '2015-10-30 20:00:34.629000+0000', '2015-10-31 04:40:14.009300+0000');
INSERT INTO "neap"."video"(video_id, stream_id, title, type, description, status, tags, topic_id, topic, media_info, preview, views, created_at, updated_at)
    VALUES ('ab72d0e4-17ee-4efb-bbf4-fcba3cac34be', '5872d550-eec2-4561-a97b-efcf896ad6aa', 'Photography?? Yeah, Photography!', 'record', 'Photography?? Yeah, Photography!', '', '[]', 'e496e832-363e-4228-b518-7fe126ccaa04', 'Photography', '{"width":720,"height":400,"bitrate":730.63}', '', '32294', '2015-10-11 18:34:06.189800+0000', '2015-10-13 00:40:50.548200+0000');
INSERT INTO "neap"."stream"(stream_id, channel_id, title, topic_id, topic, media_info, viewers, created_at, updated_at, ended_at)
    VALUES ('b4317e20-7bfe-4141-8773-c59be6c58340', 'ebbac654-89a2-4dce-aa4a-2317e9c70bc9', 'Come on and have fun with Alanna!', '48e535f7-dba1-4d59-aac3-4c6cced32d6c', 'Video games', '{"width":720,"height":400,"bitrate":639.7}', 1463, '2015-10-16 09:47:52.980200+0000', '2015-10-16 10:23:40.828900+0000', '2015-10-16 11:03:38.581100+0000');
INSERT INTO "neap"."video"(video_id, stream_id, title, type, description, status, tags, topic_id, topic, media_info, preview, views, created_at, updated_at)
    VALUES ('21c081f1-336e-4648-acbe-b781b564a6c1', 'b4317e20-7bfe-4141-8773-c59be6c58340', 'Come on and have fun with Alanna!', 'record', 'Come on and have fun with Alanna!', '', '[]', '48e535f7-dba1-4d59-aac3-4c6cced32d6c', 'Video games', '{"width":720,"height":400,"bitrate":606.17}', '', '5873', '2015-11-01 16:03:39.398200+0000', '2015-11-06 11:18:20.457100+0000');
INSERT INTO "neap"."stream"(stream_id, channel_id, title, topic_id, topic, media_info, viewers, created_at, updated_at, ended_at)
    VALUES ('97919333-f25f-4acf-bbeb-c50ba92a836e', 'ebbac654-89a2-4dce-aa4a-2317e9c70bc9', 'Alanna goes live!', '994391cf-d41e-46f4-b6eb-ce53824e3a0c', 'Litterature', '{"width":1920,"height":1080,"bitrate":2150.83}', 1188, '2015-07-12 10:54:13.760500+0000', '2015-07-12 13:56:29.380700+0000', '2015-07-12 14:20:46.779100+0000');
INSERT INTO "neap"."video"(video_id, stream_id, title, type, description, status, tags, topic_id, topic, media_info, preview, views, created_at, updated_at)
    VALUES ('80f13c92-e41a-4dd9-9b83-3dcee9d14903', '97919333-f25f-4acf-bbeb-c50ba92a836e', 'Alanna goes live!', 'record', 'Alanna goes live!', '', '[]', '994391cf-d41e-46f4-b6eb-ce53824e3a0c', 'Litterature', '{"width":1920,"height":1080,"bitrate":1086.46}', '', '12274', '2015-09-03 18:27:19.061100+0000', '2015-09-03 21:58:12.592200+0000');
INSERT INTO "neap"."stream"(stream_id, channel_id, title, topic_id, topic, media_info, viewers, created_at, updated_at, ended_at)
    VALUES ('a735c98d-31e4-4273-9355-fd619dd4c515', 'ebbac654-89a2-4dce-aa4a-2317e9c70bc9', 'Come on and have fun with Alanna!', 'd4f06d27-2693-4552-bd85-d9875651ce39', 'Biology', '{"width":720,"height":400,"bitrate":733.23}', 80261, '2015-08-23 13:19:31.861900+0000', '2015-08-23 16:14:48.706400+0000', '2015-08-23 16:29:17.684400+0000');
INSERT INTO "neap"."video"(video_id, stream_id, title, type, description, status, tags, topic_id, topic, media_info, preview, views, created_at, updated_at)
    VALUES ('6eea92c0-a901-4124-af95-525024a15893', 'a735c98d-31e4-4273-9355-fd619dd4c515', 'Come on and have fun with Alanna!', 'record', 'Come on and have fun with Alanna!', '', '[]', 'd4f06d27-2693-4552-bd85-d9875651ce39', 'Biology', '{"width":720,"height":400,"bitrate":528.67}', '', '26230', '2015-10-13 00:46:38.241900+0000', '2015-10-14 07:29:00.064800+0000');
INSERT INTO "neap"."stream"(stream_id, channel_id, title, topic_id, topic, media_info, viewers, created_at, updated_at, ended_at)
    VALUES ('1165d65c-55b8-4365-8bd0-c66841870714', 'ebbac654-89a2-4dce-aa4a-2317e9c70bc9', 'Relax stream', 'd4f06d27-2693-4552-bd85-d9875651ce39', 'Biology', '{"width":720,"height":400,"bitrate":528.36}', 753, '2015-08-20 14:47:02.114700+0000', '2015-08-20 19:14:02.117100+0000', '2015-08-20 19:30:48.003900+0000');
INSERT INTO "neap"."user"(user_id, channel_id, type, username, email, password, display_name, logo, bio, created_at, updated_at)
    VALUES ('ae68d186-cf0d-4e11-b0f8-ae1fd1d74517', 'e770de7a-5c9d-431f-aec9-3332992f78ce', 'user', 'holden', 'holden@neap.io', '$2y$10$65GidDKSX.t1cLu5It70ke/a92PoF2Ghzev0ddg.BfjRgXR8Fdy3m', 'Holden', 'https://gravatar.com/avatar/fb7e954c97b9ed8d8163a8bbad6901b7?s=128&d=identicon', null, '2015-06-11 23:47:00.895900+0000', '2015-10-10 14:59:01.851900+0000');
INSERT INTO "neap"."channel"(channel_id, user_id, chat_id, name, display_name, topic, language, views, followers)
    VALUES ('e770de7a-5c9d-431f-aec9-3332992f78ce', 'ae68d186-cf0d-4e11-b0f8-ae1fd1d74517', '9859707b-2b49-4b15-a2fc-891715be0132', 'holden', 'Holden Channel', 'Astrology', 'en', 54645, 142);
INSERT INTO "neap"."chat"(chat_id, channel_id, name)
    VALUES ('9859707b-2b49-4b15-a2fc-891715be0132', 'e770de7a-5c9d-431f-aec9-3332992f78ce', 'holden');
INSERT INTO "neap"."stream"(stream_id, channel_id, title, topic_id, topic, media_info, viewers, created_at, updated_at, ended_at)
    VALUES ('fc3c5c7c-968e-44aa-b9d7-ac2f358e5973', 'e770de7a-5c9d-431f-aec9-3332992f78ce', 'Today is Video games day', '48e535f7-dba1-4d59-aac3-4c6cced32d6c', 'Video games', '{"width":720,"height":400,"bitrate":708.3}', 27, '2015-06-21 20:44:08.117700+0000', '2015-06-21 20:47:59.931700+0000', '2015-06-21 21:14:34.081800+0000');
INSERT INTO "neap"."video"(video_id, stream_id, title, type, description, status, tags, topic_id, topic, media_info, preview, views, created_at, updated_at)
    VALUES ('cc676f0c-8fde-42eb-aa22-2a25d59d821a', 'fc3c5c7c-968e-44aa-b9d7-ac2f358e5973', 'Today is Video games day', 'record', 'Today is Video games day', '', '[]', '48e535f7-dba1-4d59-aac3-4c6cced32d6c', 'Video games', '{"width":720,"height":400,"bitrate":530.48}', '', '31257', '2015-09-09 00:35:53.646300+0000', '2015-09-09 03:45:14.558900+0000');
INSERT INTO "neap"."video"(video_id, stream_id, title, type, description, status, tags, topic_id, topic, media_info, preview, views, created_at, updated_at)
    VALUES ('66c9af7a-e7ed-4e80-9f96-8b7dd05091c2', 'fc3c5c7c-968e-44aa-b9d7-ac2f358e5973', 'Today is Video games day', 'record', 'Today is Video games day', '', '[]', '48e535f7-dba1-4d59-aac3-4c6cced32d6c', 'Video games', '{"width":720,"height":400,"bitrate":662.31}', '', '7833', '2015-10-11 05:23:42.896100+0000', '2015-10-11 18:59:55.484700+0000');
INSERT INTO "neap"."stream"(stream_id, channel_id, title, topic_id, topic, media_info, viewers, created_at, updated_at, ended_at)
    VALUES ('0be7dd9c-adca-45ea-bcd7-47a5baf5651b', 'e770de7a-5c9d-431f-aec9-3332992f78ce', 'Holden goes live!', 'e9af2f53-d2dd-4e32-9dea-26d6ac21bcb8', 'Astrology', '{"width":1920,"height":1080,"bitrate":3359.9}', 1517, '2015-07-08 10:24:05.821300+0000', '2015-07-08 15:12:32.068600+0000', '2015-07-08 16:35:26.584200+0000');
INSERT INTO "neap"."video"(video_id, stream_id, title, type, description, status, tags, topic_id, topic, media_info, preview, views, created_at, updated_at)
    VALUES ('48a07967-bf31-489d-af0f-95481b7f39da', '0be7dd9c-adca-45ea-bcd7-47a5baf5651b', 'Holden goes live!', 'record', 'Holden goes live!', '', '[]', 'e9af2f53-d2dd-4e32-9dea-26d6ac21bcb8', 'Astrology', '{"width":1920,"height":1080,"bitrate":2083.46}', '', '2346', '2015-10-15 06:39:20.651500+0000', '2015-10-18 18:33:19.252500+0000');
INSERT INTO "neap"."user"(user_id, channel_id, type, username, email, password, display_name, logo, bio, created_at, updated_at)
    VALUES ('b16fceeb-1e0a-4cbf-b19c-e22e2426851a', '08e50caa-9260-4c05-9529-9a53bf9d72a1', 'user', 'molly', 'molly@neap.io', '$2y$10$cNCd6U8LJjZA0AQJ4uwlb.64S.hi34ecdvBB91i4et6jHZhZRIlWK', 'Molly', 'https://gravatar.com/avatar/5513b01f98a10b8734c0f0813d57d415?s=128&d=identicon', null, '2015-05-28 19:09:02.786100+0000', '2015-07-01 17:55:55.888000+0000');
INSERT INTO "neap"."channel"(channel_id, user_id, chat_id, name, display_name, topic, language, views, followers)
    VALUES ('08e50caa-9260-4c05-9529-9a53bf9d72a1', 'b16fceeb-1e0a-4cbf-b19c-e22e2426851a', 'aed94ced-4cb7-4124-b338-a0c583dcd239', 'molly', 'Molly Channel', 'Astrology', 'en', 36466, 67);
INSERT INTO "neap"."chat"(chat_id, channel_id, name)
    VALUES ('aed94ced-4cb7-4124-b338-a0c583dcd239', '08e50caa-9260-4c05-9529-9a53bf9d72a1', 'molly');
INSERT INTO "neap"."stream"(stream_id, channel_id, title, topic_id, topic, media_info, viewers, created_at, updated_at, ended_at)
    VALUES ('e6c51a66-7521-43b1-aa4a-4c1ddac095e8', '08e50caa-9260-4c05-9529-9a53bf9d72a1', 'Fun with Theology and Molly', 'd2ea25fc-eb67-4c63-86d0-58ba2ce51b56', 'Theology', '{"width":1280,"height":720,"bitrate":949.68}', 1371, '2015-07-12 09:27:55.479600+0000', '2015-07-12 10:11:08.001800+0000', '2015-07-12 11:53:26.441300+0000');
INSERT INTO "neap"."stream"(stream_id, channel_id, title, topic_id, topic, media_info, viewers, created_at, updated_at, ended_at)
    VALUES ('944ff9d9-838b-4e88-b590-d1f28d7aefb6', '08e50caa-9260-4c05-9529-9a53bf9d72a1', 'Today is Photography day', 'e496e832-363e-4228-b518-7fe126ccaa04', 'Photography', '{"width":1280,"height":720,"bitrate":1367.87}', 1667, '2015-08-24 15:20:07.891400+0000', '2015-08-24 15:42:29.365600+0000', '2015-08-24 16:04:55.649300+0000');
INSERT INTO "neap"."video"(video_id, stream_id, title, type, description, status, tags, topic_id, topic, media_info, preview, views, created_at, updated_at)
    VALUES ('e58141ba-1bf7-4201-ab4c-f2b08eee4c40', '944ff9d9-838b-4e88-b590-d1f28d7aefb6', 'Today is Photography day', 'highlight', 'Today is Photography day', '', '[]', 'e496e832-363e-4228-b518-7fe126ccaa04', 'Photography', '{"width":1280,"height":720,"bitrate":1338.07}', '', '33549', '2015-09-01 05:24:58.424200+0000', '2015-09-01 22:38:43.467000+0000');
INSERT INTO "neap"."stream"(stream_id, channel_id, title, topic_id, topic, media_info, viewers, created_at, updated_at, ended_at)
    VALUES ('d00d0a07-2ca3-4a1f-8ca3-95acc6a3b12a', '08e50caa-9260-4c05-9529-9a53bf9d72a1', 'The origins of Photography', 'e496e832-363e-4228-b518-7fe126ccaa04', 'Photography', '{"width":1920,"height":1080,"bitrate":3312.28}', 1459, '2015-09-23 08:56:50.147500+0000', '2015-09-23 12:01:09.418800+0000', '2015-09-23 12:19:05.223000+0000');
INSERT INTO "neap"."user"(user_id, channel_id, type, username, email, password, display_name, logo, bio, created_at, updated_at)
    VALUES ('d01c8c4e-e77c-429c-8963-9a44886eac44', '0519933f-552c-4c41-af94-287cfdb273d9', 'user', 'efrain', 'efrain@neap.io', '$2y$10$cpoMU8JXRDcqVILCaK4oP.eHpFyeSJSfJvpLGV2HWZ/VZm0toOZjS', 'Efrain', 'https://gravatar.com/avatar/08df2cfd4092772812f1c44f398fe61d?s=128&d=identicon', null, '2015-08-08 05:11:17.630500+0000', '2015-09-07 03:19:32.831500+0000');
INSERT INTO "neap"."channel"(channel_id, user_id, chat_id, name, display_name, topic, language, views, followers)
    VALUES ('0519933f-552c-4c41-af94-287cfdb273d9', 'd01c8c4e-e77c-429c-8963-9a44886eac44', '5ac91160-eada-4d64-8366-fa9272fd9da5', 'efrain', 'Efrain Channel', 'Photography', 'en', 75332, 134);
INSERT INTO "neap"."chat"(chat_id, channel_id, name)
    VALUES ('5ac91160-eada-4d64-8366-fa9272fd9da5', '0519933f-552c-4c41-af94-287cfdb273d9', 'efrain');
INSERT INTO "neap"."stream"(stream_id, channel_id, title, topic_id, topic, media_info, viewers, created_at, updated_at, ended_at)
    VALUES ('67ed753e-756a-4127-9900-915f9294a409', '0519933f-552c-4c41-af94-287cfdb273d9', 'Efrain goes live!', 'b369c464-cdea-4356-9d70-1450585652e2', 'Music', '{"width":720,"height":400,"bitrate":727.23}', 914, '2015-08-25 01:52:52.445800+0000', '2015-08-25 01:59:33.431700+0000', '2015-08-25 02:07:08.256400+0000');
INSERT INTO "neap"."video"(video_id, stream_id, title, type, description, status, tags, topic_id, topic, media_info, preview, views, created_at, updated_at)
    VALUES ('c9382260-ccb6-4372-a005-6219517c47a5', '67ed753e-756a-4127-9900-915f9294a409', 'Efrain goes live!', 'record', 'Efrain goes live!', '', '[]', 'b369c464-cdea-4356-9d70-1450585652e2', 'Music', '{"width":720,"height":400,"bitrate":787.42}', '', '36396', '2015-10-14 09:32:31.942300+0000', '2015-10-16 12:31:26.317300+0000');
INSERT INTO "neap"."stream"(stream_id, channel_id, title, topic_id, topic, media_info, viewers, created_at, updated_at, ended_at)
    VALUES ('76c33458-81f6-4c07-9bf4-02260ef3c08c', '0519933f-552c-4c41-af94-287cfdb273d9', 'Efrain goes live!', 'e9af2f53-d2dd-4e32-9dea-26d6ac21bcb8', 'Astrology', '{"width":720,"height":400,"bitrate":500.41}', 1396, '2015-09-03 13:28:33.914100+0000', '2015-09-03 17:08:01.889000+0000', '2015-09-03 17:11:17.981100+0000');
INSERT INTO "neap"."video"(video_id, stream_id, title, type, description, status, tags, topic_id, topic, media_info, preview, views, created_at, updated_at)
    VALUES ('69560db7-d953-4a5e-872d-65629cfc5e4b', '76c33458-81f6-4c07-9bf4-02260ef3c08c', 'Efrain goes live!', 'record', 'Efrain goes live!', '', '[]', 'e9af2f53-d2dd-4e32-9dea-26d6ac21bcb8', 'Astrology', '{"width":720,"height":400,"bitrate":520.91}', '', '25153', '2015-09-04 05:23:14.111300+0000', '2015-09-09 12:28:12.040700+0000');
INSERT INTO "neap"."stream"(stream_id, channel_id, title, topic_id, topic, media_info, viewers, created_at, updated_at, ended_at)
    VALUES ('c70c0acd-c7fa-45ef-8ffc-f96672eb95e8', '0519933f-552c-4c41-af94-287cfdb273d9', 'The origins of Video games', '48e535f7-dba1-4d59-aac3-4c6cced32d6c', 'Video games', '{"width":720,"height":400,"bitrate":763.32}', 466, '2015-08-23 09:05:41.272900+0000', '2015-08-23 09:54:05.602100+0000', '2015-08-23 09:57:42.816600+0000');
INSERT INTO "neap"."video"(video_id, stream_id, title, type, description, status, tags, topic_id, topic, media_info, preview, views, created_at, updated_at)
    VALUES ('accd0fae-a7a4-4646-b260-7184e4347131', 'c70c0acd-c7fa-45ef-8ffc-f96672eb95e8', 'The origins of Video games', 'record', 'The origins of Video games', '', '[]', '48e535f7-dba1-4d59-aac3-4c6cced32d6c', 'Video games', '{"width":720,"height":400,"bitrate":643.92}', '', '8843', '2015-09-19 14:41:08.963600+0000', '2015-09-25 10:57:04.621400+0000');
INSERT INTO "neap"."stream"(stream_id, channel_id, title, topic_id, topic, media_info, viewers, created_at, updated_at, ended_at)
    VALUES ('c05c1087-5206-4d09-8786-31d4619715cb', '0519933f-552c-4c41-af94-287cfdb273d9', 'The origins of Video games', '48e535f7-dba1-4d59-aac3-4c6cced32d6c', 'Video games', '{"width":1280,"height":720,"bitrate":1052.22}', 72712, '2015-09-06 19:32:48.502000+0000', '2015-09-06 20:45:28.972900+0000', '2015-09-06 21:08:15.138500+0000');
INSERT INTO "neap"."video"(video_id, stream_id, title, type, description, status, tags, topic_id, topic, media_info, preview, views, created_at, updated_at)
    VALUES ('a78647e6-0901-4173-b6cf-2cd6fa6b457b', 'c05c1087-5206-4d09-8786-31d4619715cb', 'The origins of Video games', 'record', 'The origins of Video games', '', '[]', '48e535f7-dba1-4d59-aac3-4c6cced32d6c', 'Video games', '{"width":1280,"height":720,"bitrate":1165.07}', '', '16961', '2015-10-25 22:34:31.935500+0000', '2015-10-26 04:05:02.103700+0000');
INSERT INTO "neap"."video"(video_id, stream_id, title, type, description, status, tags, topic_id, topic, media_info, preview, views, created_at, updated_at)
    VALUES ('f692bae9-3214-4c7a-8b98-1f6f82faca9a', 'c05c1087-5206-4d09-8786-31d4619715cb', 'The origins of Video games', 'highlight', 'The origins of Video games', '', '[]', '48e535f7-dba1-4d59-aac3-4c6cced32d6c', 'Video games', '{"width":1280,"height":720,"bitrate":1274.9}', '', '9825', '2015-10-25 08:53:43.900100+0000', '2015-10-26 08:06:31.095000+0000');
INSERT INTO "neap"."stream"(stream_id, channel_id, title, topic_id, topic, media_info, viewers, created_at, updated_at, ended_at)
    VALUES ('5cc6de6b-bbfb-405e-84c8-e3cc35f1927c', '0519933f-552c-4c41-af94-287cfdb273d9', 'Come on and have fun with Efrain!', 'e9af2f53-d2dd-4e32-9dea-26d6ac21bcb8', 'Astrology', '{"width":720,"height":400,"bitrate":595.21}', 884, '2015-09-05 00:42:18.532900+0000', '2015-09-05 03:55:19.202700+0000', '2015-09-05 04:07:22.248700+0000');
INSERT INTO "neap"."video"(video_id, stream_id, title, type, description, status, tags, topic_id, topic, media_info, preview, views, created_at, updated_at)
    VALUES ('834b7775-1bfb-4ef2-b97e-7cf3d7ff4bb3', '5cc6de6b-bbfb-405e-84c8-e3cc35f1927c', 'Come on and have fun with Efrain!', 'record', 'Come on and have fun with Efrain!', '', '[]', 'e9af2f53-d2dd-4e32-9dea-26d6ac21bcb8', 'Astrology', '{"width":720,"height":400,"bitrate":756.88}', '', '16961', '2015-09-22 05:11:36.726400+0000', '2015-09-22 15:05:11.736500+0000');
INSERT INTO "neap"."video"(video_id, stream_id, title, type, description, status, tags, topic_id, topic, media_info, preview, views, created_at, updated_at)
    VALUES ('dfcaadc3-38dc-4748-b7fc-c8eb0c62b815', '5cc6de6b-bbfb-405e-84c8-e3cc35f1927c', 'Come on and have fun with Efrain!', 'record', 'Come on and have fun with Efrain!', '', '[]', 'e9af2f53-d2dd-4e32-9dea-26d6ac21bcb8', 'Astrology', '{"width":720,"height":400,"bitrate":531.64}', '', '32116', '2015-10-09 02:32:10.039400+0000', '2015-10-09 18:48:28.907100+0000');
INSERT INTO "neap"."user"(user_id, channel_id, type, username, email, password, display_name, logo, bio, created_at, updated_at)
    VALUES ('b4183bf7-1ed7-4477-a5d3-0e90b4d1e14d', 'f62a4fca-3aa5-4a15-8e7e-1835794e5fc6', 'user', 'karsyn', 'karsyn@neap.io', '$2y$10$EbWcINY.p3IAY5rNnE1x/OHlxvQu2Cjmud4yvghHvDVoPouIbRcR6', 'Karsyn', 'https://gravatar.com/avatar/f32d3be52e748ad3d9ecf1797f521059?s=128&d=identicon', null, '2015-09-07 17:22:52.962900+0000', '2015-09-22 19:57:39.830400+0000');
INSERT INTO "neap"."channel"(channel_id, user_id, chat_id, name, display_name, topic, language, views, followers)
    VALUES ('f62a4fca-3aa5-4a15-8e7e-1835794e5fc6', 'b4183bf7-1ed7-4477-a5d3-0e90b4d1e14d', 'ddbddbb1-3214-49d6-ac97-a80ed5d6331f', 'karsyn', 'Karsyn Channel', 'Philosophy', 'en', 96505, 60);
INSERT INTO "neap"."chat"(chat_id, channel_id, name)
    VALUES ('ddbddbb1-3214-49d6-ac97-a80ed5d6331f', 'f62a4fca-3aa5-4a15-8e7e-1835794e5fc6', 'karsyn');
INSERT INTO "neap"."stream"(stream_id, channel_id, title, topic_id, topic, media_info, viewers, created_at, updated_at, ended_at)
    VALUES ('ee97d450-53fc-49a4-a9a6-dcd44296f3f3', 'f62a4fca-3aa5-4a15-8e7e-1835794e5fc6', 'Science?? Yeah, Science!', '1cae4612-f178-4a0e-b3af-343a88b99638', 'Science', '{"width":1920,"height":1080,"bitrate":2281.95}', 1990, '2015-10-20 12:51:06.440200+0000', '2015-10-20 14:20:36.129000+0000', '2015-10-20 14:22:13.071700+0000');
INSERT INTO "neap"."video"(video_id, stream_id, title, type, description, status, tags, topic_id, topic, media_info, preview, views, created_at, updated_at)
    VALUES ('6d6110ec-298e-4126-b027-c95fe9069f70', 'ee97d450-53fc-49a4-a9a6-dcd44296f3f3', 'Science?? Yeah, Science!', 'record', 'Science?? Yeah, Science!', '', '[]', '1cae4612-f178-4a0e-b3af-343a88b99638', 'Science', '{"width":1920,"height":1080,"bitrate":3079.87}', '', '15978', '2015-10-22 04:07:36.764600+0000', '2015-10-23 01:32:11.887900+0000');
INSERT INTO "neap"."stream"(stream_id, channel_id, title, topic_id, topic, media_info, viewers, created_at, updated_at, ended_at)
    VALUES ('7e1b21d3-0b03-4e6c-ba3a-b883f42895cb', 'f62a4fca-3aa5-4a15-8e7e-1835794e5fc6', 'Come on and have fun with Karsyn!', 'e9af2f53-d2dd-4e32-9dea-26d6ac21bcb8', 'Astrology', '{"width":1920,"height":1080,"bitrate":2661.62}', 619, '2015-09-13 13:03:40.973700+0000', '2015-09-13 17:22:53.814700+0000', '2015-09-13 17:32:40.976800+0000');
INSERT INTO "neap"."video"(video_id, stream_id, title, type, description, status, tags, topic_id, topic, media_info, preview, views, created_at, updated_at)
    VALUES ('cc0d538a-abb8-469f-94cd-d5bc3e46c113', '7e1b21d3-0b03-4e6c-ba3a-b883f42895cb', 'Come on and have fun with Karsyn!', 'record', 'Come on and have fun with Karsyn!', '', '[]', 'e9af2f53-d2dd-4e32-9dea-26d6ac21bcb8', 'Astrology', '{"width":1920,"height":1080,"bitrate":2200.5}', '', '12242', '2015-10-09 17:16:05.274900+0000', '2015-10-10 07:47:56.743500+0000');
INSERT INTO "neap"."stream"(stream_id, channel_id, title, topic_id, topic, media_info, viewers, created_at, updated_at, ended_at)
    VALUES ('66dcfaa0-f412-48e1-8ab1-e3a4c63fdd31', 'f62a4fca-3aa5-4a15-8e7e-1835794e5fc6', 'Fun with Philosophy and Karsyn', '35fa82dc-ed25-47fb-b6cd-58ae8a151f60', 'Philosophy', '{"width":720,"height":400,"bitrate":673.92}', 163, '2015-10-25 10:50:55.640600+0000', '2015-10-25 11:31:18.159800+0000', '2015-10-25 11:31:46.429900+0000');
INSERT INTO "neap"."stream"(stream_id, channel_id, title, topic_id, topic, media_info, viewers, created_at, updated_at, ended_at)
    VALUES ('61f2f278-d916-47ab-87f6-5784cf8dc817', 'f62a4fca-3aa5-4a15-8e7e-1835794e5fc6', 'Relax stream', '48e535f7-dba1-4d59-aac3-4c6cced32d6c', 'Video games', '{"width":720,"height":400,"bitrate":594.75}', 1237, '2015-10-29 09:35:44.718100+0000', '2015-10-29 15:50:16.533300+0000', '2015-10-29 16:39:40.568000+0000');
INSERT INTO "neap"."stream"(stream_id, channel_id, title, topic_id, topic, media_info, viewers, created_at, updated_at, ended_at)
    VALUES ('89c9512c-00d8-4111-ad3c-825209dca52c', 'f62a4fca-3aa5-4a15-8e7e-1835794e5fc6', 'Karsyn goes live!', '284b3091-455d-4476-ae67-442a19d153d4', 'Mathematics', '{"width":1280,"height":720,"bitrate":1138.33}', 1050, '2015-10-26 07:19:59.627600+0000', '2015-10-26 07:21:45.416500+0000', '2015-10-26 08:15:06.018300+0000');
INSERT INTO "neap"."video"(video_id, stream_id, title, type, description, status, tags, topic_id, topic, media_info, preview, views, created_at, updated_at)
    VALUES ('69f03a16-01bb-4bfe-b2ac-ad0861a4cc1c', '89c9512c-00d8-4111-ad3c-825209dca52c', 'Karsyn goes live!', 'record', 'Karsyn goes live!', '', '[]', '284b3091-455d-4476-ae67-442a19d153d4', 'Mathematics', '{"width":1280,"height":720,"bitrate":1420.78}', '', '28656', '2015-11-01 14:30:39.372100+0000', '2015-11-02 12:40:20.947700+0000');
INSERT INTO "neap"."stream"(stream_id, channel_id, title, topic_id, topic, media_info, viewers, created_at, updated_at, ended_at)
    VALUES ('22afbf44-8e92-40e9-90ee-d451cce78b31', 'f62a4fca-3aa5-4a15-8e7e-1835794e5fc6', 'Fun with Photography and Karsyn', 'e496e832-363e-4228-b518-7fe126ccaa04', 'Photography', '{"width":1280,"height":720,"bitrate":773.91}', 34567, '2015-10-20 03:13:35.025200+0000', '2015-10-20 07:12:34.653800+0000', '2015-10-20 07:17:22.577100+0000');
INSERT INTO "neap"."video"(video_id, stream_id, title, type, description, status, tags, topic_id, topic, media_info, preview, views, created_at, updated_at)
    VALUES ('e825da48-75cf-4473-af5d-e7981b223227', '22afbf44-8e92-40e9-90ee-d451cce78b31', 'Fun with Photography and Karsyn', 'highlight', 'Fun with Photography and Karsyn', '', '[]', 'e496e832-363e-4228-b518-7fe126ccaa04', 'Photography', '{"width":1280,"height":720,"bitrate":1448.21}', '', '14531', '2015-10-23 15:32:38.605600+0000', '2015-10-26 07:10:12.391700+0000');
INSERT INTO "neap"."video"(video_id, stream_id, title, type, description, status, tags, topic_id, topic, media_info, preview, views, created_at, updated_at)
    VALUES ('cfb97abb-df8e-4fb9-b0a3-9f900f67abfe', '22afbf44-8e92-40e9-90ee-d451cce78b31', 'Fun with Photography and Karsyn', 'record', 'Fun with Photography and Karsyn', '', '[]', 'e496e832-363e-4228-b518-7fe126ccaa04', 'Photography', '{"width":1280,"height":720,"bitrate":1143.87}', '', '2442', '2015-10-31 02:18:14.468800+0000', '2015-11-05 12:47:06.826400+0000');
INSERT INTO "neap"."stream"(stream_id, channel_id, title, topic_id, topic, media_info, viewers, created_at, updated_at, ended_at)
    VALUES ('a0be4334-7ca2-4b5d-b3c8-bc7f2b948363', 'f62a4fca-3aa5-4a15-8e7e-1835794e5fc6', 'Science?? Yeah, Science!', '1cae4612-f178-4a0e-b3af-343a88b99638', 'Science', '{"width":1280,"height":720,"bitrate":815.68}', 1893, '2015-09-30 23:23:18.256100+0000', '2015-10-01 02:04:31.833500+0000', '2015-10-01 02:15:31.438700+0000');
INSERT INTO "neap"."video"(video_id, stream_id, title, type, description, status, tags, topic_id, topic, media_info, preview, views, created_at, updated_at)
    VALUES ('a4f4638d-7faa-4ece-9c43-616a6a06dca6', 'a0be4334-7ca2-4b5d-b3c8-bc7f2b948363', 'Science?? Yeah, Science!', 'record', 'Science?? Yeah, Science!', '', '[]', '1cae4612-f178-4a0e-b3af-343a88b99638', 'Science', '{"width":1280,"height":720,"bitrate":918.67}', '', '3269', '2015-10-13 08:18:05.303700+0000', '2015-10-14 05:29:08.336300+0000');
INSERT INTO "neap"."stream"(stream_id, channel_id, title, topic_id, topic, media_info, viewers, created_at, updated_at, ended_at)
    VALUES ('512548e5-fbb0-40b2-a69c-01a8c280b6cf', 'f62a4fca-3aa5-4a15-8e7e-1835794e5fc6', 'Fun with History and Karsyn', '5f6c7ec0-84ab-4d8e-a2d7-ff1887b55d6e', 'History', '{"width":1920,"height":1080,"bitrate":3366.07}', 1423, '2015-09-19 05:28:07.906400+0000', '2015-09-19 06:55:53.848600+0000', '2015-09-19 07:13:40.267200+0000');
INSERT INTO "neap"."stream"(stream_id, channel_id, title, topic_id, topic, media_info, viewers, created_at, updated_at, ended_at)
    VALUES ('6def38e1-f9b4-4c9a-9b2a-aabadaf31cfa', 'f62a4fca-3aa5-4a15-8e7e-1835794e5fc6', 'Fun with Video games and Karsyn', '48e535f7-dba1-4d59-aac3-4c6cced32d6c', 'Video games', '{"width":1280,"height":720,"bitrate":1320.84}', 1156, '2015-10-28 05:02:56.114300+0000', '2015-10-28 07:33:10.164400+0000', '2015-10-28 09:04:07.221900+0000');
INSERT INTO "neap"."video"(video_id, stream_id, title, type, description, status, tags, topic_id, topic, media_info, preview, views, created_at, updated_at)
    VALUES ('18933f63-e6fe-4210-814a-0f71acf03a07', '6def38e1-f9b4-4c9a-9b2a-aabadaf31cfa', 'Fun with Video games and Karsyn', 'record', 'Fun with Video games and Karsyn', '', '[]', '48e535f7-dba1-4d59-aac3-4c6cced32d6c', 'Video games', '{"width":1280,"height":720,"bitrate":1237.52}', '', '36626', '2015-10-30 13:47:09.111800+0000', '2015-11-03 12:23:21.977700+0000');
INSERT INTO "neap"."video"(video_id, stream_id, title, type, description, status, tags, topic_id, topic, media_info, preview, views, created_at, updated_at)
    VALUES ('c6f8ab1f-b337-4929-9bd6-8c25cb559383', '6def38e1-f9b4-4c9a-9b2a-aabadaf31cfa', 'Fun with Video games and Karsyn', 'record', 'Fun with Video games and Karsyn', '', '[]', '48e535f7-dba1-4d59-aac3-4c6cced32d6c', 'Video games', '{"width":1280,"height":720,"bitrate":970.7}', '', '13131', '2015-10-31 18:21:44.607500+0000', '2015-10-31 19:15:50.692900+0000');
INSERT INTO "neap"."stream"(stream_id, channel_id, title, topic_id, topic, media_info, viewers, created_at, updated_at, ended_at)
    VALUES ('a33e32e8-c5c9-4c1a-aa5e-7db55216028f', 'f62a4fca-3aa5-4a15-8e7e-1835794e5fc6', 'Relax stream', 'e496e832-363e-4228-b518-7fe126ccaa04', 'Photography', '{"width":1920,"height":1080,"bitrate":2046.62}', 126, '2015-09-10 06:52:45.011100+0000', '2015-09-10 07:24:06.834600+0000', '2015-09-10 08:48:31.875500+0000');
INSERT INTO "neap"."video"(video_id, stream_id, title, type, description, status, tags, topic_id, topic, media_info, preview, views, created_at, updated_at)
    VALUES ('fa80167c-d758-436d-85da-ed779fc8bba3', 'a33e32e8-c5c9-4c1a-aa5e-7db55216028f', 'Relax stream', 'highlight', 'Relax stream', '', '[]', 'e496e832-363e-4228-b518-7fe126ccaa04', 'Photography', '{"width":1920,"height":1080,"bitrate":2374.23}', '', '27685', '2015-10-11 02:41:25.082300+0000', '2015-10-12 13:01:30.874900+0000');
INSERT INTO "neap"."user"(user_id, channel_id, type, username, email, password, display_name, logo, bio, created_at, updated_at)
    VALUES ('97a39727-4775-4307-8204-a9a63bc2533b', 'c7a0a9bf-6442-42c5-9a31-d3c286c7ce8d', 'user', 'julianna', 'julianna@neap.io', '$2y$10$y/TPWN0eKvSJttoip59vEeNxcw5IfINJCxT.SF5EYREuGCb3.q9tq', 'Julianna', 'https://gravatar.com/avatar/27d1b8042bf2f0b9c39d733f3dc32504?s=128&d=identicon', null, '2015-10-14 01:54:08.170300+0000', '2015-10-27 15:46:50.072700+0000');
INSERT INTO "neap"."channel"(channel_id, user_id, chat_id, name, display_name, topic, language, views, followers)
    VALUES ('c7a0a9bf-6442-42c5-9a31-d3c286c7ce8d', '97a39727-4775-4307-8204-a9a63bc2533b', 'd3fc7b50-4177-4ed0-a386-32980465ff26', 'julianna', 'Julianna Channel', 'Photography', 'en', 57699, 40);
INSERT INTO "neap"."chat"(chat_id, channel_id, name)
    VALUES ('d3fc7b50-4177-4ed0-a386-32980465ff26', 'c7a0a9bf-6442-42c5-9a31-d3c286c7ce8d', 'julianna');
INSERT INTO "neap"."stream"(stream_id, channel_id, title, topic_id, topic, media_info, viewers, created_at, updated_at, ended_at)
    VALUES ('2fafda2b-5062-4838-816f-d62ad0bbbeff', 'c7a0a9bf-6442-42c5-9a31-d3c286c7ce8d', 'Relax stream', 'd4f06d27-2693-4552-bd85-d9875651ce39', 'Biology', '{"width":1280,"height":720,"bitrate":1185.37}', 251, '2015-10-18 05:04:56.131100+0000', '2015-10-18 07:35:21.947900+0000', '2015-10-18 08:00:42.250200+0000');
INSERT INTO "neap"."video"(video_id, stream_id, title, type, description, status, tags, topic_id, topic, media_info, preview, views, created_at, updated_at)
    VALUES ('5cfb79b3-6191-4ff5-9c2b-85790db5a809', '2fafda2b-5062-4838-816f-d62ad0bbbeff', 'Relax stream', 'record', 'Relax stream', '', '[]', 'd4f06d27-2693-4552-bd85-d9875651ce39', 'Biology', '{"width":1280,"height":720,"bitrate":988.28}', '', '2099', '2015-10-26 20:51:19.589300+0000', '2015-10-29 17:17:19.330800+0000');
INSERT INTO "neap"."stream"(stream_id, channel_id, title, topic_id, topic, media_info, viewers, created_at, updated_at, ended_at)
    VALUES ('194d066e-ee9d-4c83-ad36-5dfaf53e2a4f', 'c7a0a9bf-6442-42c5-9a31-d3c286c7ce8d', 'Come on and have fun with Julianna!', 'e496e832-363e-4228-b518-7fe126ccaa04', 'Photography', '{"width":1280,"height":720,"bitrate":1207.6}', 428, '2015-10-21 12:22:36.085100+0000', '2015-10-21 13:01:03.424100+0000', '2015-10-21 13:04:19.540600+0000');
INSERT INTO "neap"."video"(video_id, stream_id, title, type, description, status, tags, topic_id, topic, media_info, preview, views, created_at, updated_at)
    VALUES ('c57e559a-3481-4548-91a4-11013938339e', '194d066e-ee9d-4c83-ad36-5dfaf53e2a4f', 'Come on and have fun with Julianna!', 'highlight', 'Come on and have fun with Julianna!', '', '[]', 'e496e832-363e-4228-b518-7fe126ccaa04', 'Photography', '{"width":1280,"height":720,"bitrate":999.34}', '', '9516', '2015-10-21 22:01:03.738600+0000', '2015-10-22 02:24:43.364000+0000');
INSERT INTO "neap"."stream"(stream_id, channel_id, title, topic_id, topic, media_info, viewers, created_at, updated_at, ended_at)
    VALUES ('3064db41-8183-4b01-887e-33425f9e79c1', 'c7a0a9bf-6442-42c5-9a31-d3c286c7ce8d', 'Video games?? Yeah, Video games!', '48e535f7-dba1-4d59-aac3-4c6cced32d6c', 'Video games', '{"width":720,"height":400,"bitrate":575.58}', 1927, '2015-10-25 22:21:07.006200+0000', '2015-10-26 05:05:16.177400+0000', '2015-10-26 06:01:43.903200+0000');
INSERT INTO "neap"."stream"(stream_id, channel_id, title, topic_id, topic, media_info, viewers, created_at, updated_at, ended_at)
    VALUES ('29c426c7-3d29-4ae5-be3a-43a849125186', 'c7a0a9bf-6442-42c5-9a31-d3c286c7ce8d', 'Photography?? Yeah, Photography!', 'e496e832-363e-4228-b518-7fe126ccaa04', 'Photography', '{"width":1920,"height":1080,"bitrate":2865.54}', 5, '2015-10-31 17:26:56.784300+0000', '2015-10-31 17:47:23.723100+0000', '2015-10-31 18:15:09.084700+0000');
INSERT INTO "neap"."video"(video_id, stream_id, title, type, description, status, tags, topic_id, topic, media_info, preview, views, created_at, updated_at)
    VALUES ('d6951c4e-a237-48a4-9144-11aa70ef6fb0', '29c426c7-3d29-4ae5-be3a-43a849125186', 'Photography?? Yeah, Photography!', 'record', 'Photography?? Yeah, Photography!', '', '[]', 'e496e832-363e-4228-b518-7fe126ccaa04', 'Photography', '{"width":1920,"height":1080,"bitrate":3150.72}', '', '28498', '2015-11-01 18:21:28.655800+0000', '2015-11-02 09:19:31.830900+0000');
INSERT INTO "neap"."user"(user_id, channel_id, type, username, email, password, display_name, logo, bio, created_at, updated_at)
    VALUES ('b948e495-3809-4848-856f-3b1069827ba4', '6cbf0df7-0170-49a9-b624-143e05f351f0', 'user', 'kolby', 'kolby@neap.io', '$2y$10$cAxGP0emqsWG5BYo4XZ5weKygY6VLZJEdaMOFTeULjB1RoRKcMmy2', 'Kolby', 'https://gravatar.com/avatar/336680c38fb157ebde4757beb6e3f708?s=128&d=identicon', null, '2015-04-24 20:35:03.598500+0000', '2015-08-21 20:57:35.113400+0000');
INSERT INTO "neap"."channel"(channel_id, user_id, chat_id, name, display_name, topic, language, views, followers)
    VALUES ('6cbf0df7-0170-49a9-b624-143e05f351f0', 'b948e495-3809-4848-856f-3b1069827ba4', '8ea50d02-a2f2-489f-8c41-f40e69fc664a', 'kolby', 'Kolby Channel', 'Video games', 'en', 3152, 1);
INSERT INTO "neap"."chat"(chat_id, channel_id, name)
    VALUES ('8ea50d02-a2f2-489f-8c41-f40e69fc664a', '6cbf0df7-0170-49a9-b624-143e05f351f0', 'kolby');
INSERT INTO "neap"."stream"(stream_id, channel_id, title, topic_id, topic, media_info, viewers, created_at, updated_at, ended_at)
    VALUES ('fd120cdb-d8fa-4ce0-98cf-e25b372346f7', '6cbf0df7-0170-49a9-b624-143e05f351f0', 'Photography?? Yeah, Photography!', 'e496e832-363e-4228-b518-7fe126ccaa04', 'Photography', '{"width":1920,"height":1080,"bitrate":1028.91}', 98, '2015-09-28 23:37:20.807400+0000', '2015-09-28 23:45:02.214000+0000', '2015-09-29 00:21:20.538800+0000');
INSERT INTO "neap"."user"(user_id, channel_id, type, username, email, password, display_name, logo, bio, created_at, updated_at)
    VALUES ('e489732d-a5ed-4304-b06b-8eede01098d8', 'bf41d887-8d40-47ec-8935-a5da7b139dff', 'user', 'atlas', 'atlas@neap.io', '$2y$10$J.Cc2ofV8CIrDUNuSrBMYujqurbSm7dlcNuC7/kcq0JY47qM4n6oW', 'Atlas', 'https://gravatar.com/avatar/d95188ff014d1d48fbdf72b5cd3e6095?s=128&d=identicon', null, '2015-08-23 01:23:42.690800+0000', '2015-10-21 05:09:32.762300+0000');
INSERT INTO "neap"."channel"(channel_id, user_id, chat_id, name, display_name, topic, language, views, followers)
    VALUES ('bf41d887-8d40-47ec-8935-a5da7b139dff', 'e489732d-a5ed-4304-b06b-8eede01098d8', 'be854fb6-68b1-4eba-82df-ca961446f433', 'atlas', 'Atlas Channel', 'Video games', 'en', 179, 123);
INSERT INTO "neap"."chat"(chat_id, channel_id, name)
    VALUES ('be854fb6-68b1-4eba-82df-ca961446f433', 'bf41d887-8d40-47ec-8935-a5da7b139dff', 'atlas');
INSERT INTO "neap"."stream"(stream_id, channel_id, title, topic_id, topic, media_info, viewers, created_at, updated_at, ended_at)
    VALUES ('5883a0aa-ce9c-48f2-bd5e-26bdf2d5f0ad', 'bf41d887-8d40-47ec-8935-a5da7b139dff', 'The origins of Biology', 'd4f06d27-2693-4552-bd85-d9875651ce39', 'Biology', '{"width":720,"height":400,"bitrate":630.65}', 1123, '2015-09-25 21:16:46.101900+0000', '2015-09-25 21:28:02.799100+0000', '2015-09-25 22:18:41.389300+0000');
INSERT INTO "neap"."stream"(stream_id, channel_id, title, topic_id, topic, media_info, viewers, created_at, updated_at, ended_at)
    VALUES ('0c1f0d7c-59d7-4e2f-9ffa-9ad51712ee72', 'bf41d887-8d40-47ec-8935-a5da7b139dff', 'Come on and have fun with Atlas!', '284b3091-455d-4476-ae67-442a19d153d4', 'Mathematics', '{"width":720,"height":400,"bitrate":520.35}', 364, '2015-09-03 20:23:30.613300+0000', '2015-09-03 20:46:07.083800+0000', '2015-09-03 20:48:31.957600+0000');
INSERT INTO "neap"."video"(video_id, stream_id, title, type, description, status, tags, topic_id, topic, media_info, preview, views, created_at, updated_at)
    VALUES ('d4d65246-2a80-42d0-9d1c-dbd79489187d', '0c1f0d7c-59d7-4e2f-9ffa-9ad51712ee72', 'Come on and have fun with Atlas!', 'record', 'Come on and have fun with Atlas!', '', '[]', '284b3091-455d-4476-ae67-442a19d153d4', 'Mathematics', '{"width":720,"height":400,"bitrate":748.76}', '', '3349', '2015-09-11 02:19:18.075400+0000', '2015-09-13 21:00:50.137000+0000');
INSERT INTO "neap"."stream"(stream_id, channel_id, title, topic_id, topic, media_info, viewers, created_at, updated_at, ended_at)
    VALUES ('25acc8d5-928a-4ca6-89d6-ca2940345665', 'bf41d887-8d40-47ec-8935-a5da7b139dff', 'Atlas goes live!', 'b369c464-cdea-4356-9d70-1450585652e2', 'Music', '{"width":720,"height":400,"bitrate":654.08}', 1170, '2015-09-19 12:35:21.384200+0000', '2015-09-19 14:59:11.606600+0000', '2015-09-19 15:29:40.413200+0000');
INSERT INTO "neap"."stream"(stream_id, channel_id, title, topic_id, topic, media_info, viewers, created_at, updated_at, ended_at)
    VALUES ('81dfa02a-aab3-46af-8618-24f9f5358705', 'bf41d887-8d40-47ec-8935-a5da7b139dff', 'Relax stream', 'b369c464-cdea-4356-9d70-1450585652e2', 'Music', '{"width":1920,"height":1080,"bitrate":1961.18}', 1052, '2015-09-25 05:10:35.787200+0000', '2015-09-25 05:10:38.453100+0000', '2015-09-25 06:11:47.784100+0000');
INSERT INTO "neap"."stream"(stream_id, channel_id, title, topic_id, topic, media_info, viewers, created_at, updated_at, ended_at)
    VALUES ('5d0bbd18-c051-4f00-8ed4-050ae2398c78', 'bf41d887-8d40-47ec-8935-a5da7b139dff', 'Fun with Philosophy and Atlas', '35fa82dc-ed25-47fb-b6cd-58ae8a151f60', 'Philosophy', '{"width":720,"height":400,"bitrate":568.81}', 368, '2015-08-28 17:36:06.012400+0000', '2015-08-28 23:37:40.154100+0000', '2015-08-28 23:40:51.418000+0000');
INSERT INTO "neap"."video"(video_id, stream_id, title, type, description, status, tags, topic_id, topic, media_info, preview, views, created_at, updated_at)
    VALUES ('6a338c8c-7f8b-4f0e-a115-115bc7617220', '5d0bbd18-c051-4f00-8ed4-050ae2398c78', 'Fun with Philosophy and Atlas', 'record', 'Fun with Philosophy and Atlas', '', '[]', '35fa82dc-ed25-47fb-b6cd-58ae8a151f60', 'Philosophy', '{"width":720,"height":400,"bitrate":638.02}', '', '25931', '2015-10-05 04:19:24.997300+0000', '2015-10-05 05:44:33.407600+0000');
INSERT INTO "neap"."stream"(stream_id, channel_id, title, topic_id, topic, media_info, viewers, created_at, updated_at, ended_at)
    VALUES ('bdea1152-ca36-473b-bef6-2e2441fc36c2', 'bf41d887-8d40-47ec-8935-a5da7b139dff', 'Science?? Yeah, Science!', '1cae4612-f178-4a0e-b3af-343a88b99638', 'Science', '{"width":1280,"height":720,"bitrate":1497.08}', 1399, '2015-09-16 12:24:44.748500+0000', '2015-09-16 13:44:42.227100+0000', '2015-09-16 14:18:33.414600+0000');
INSERT INTO "neap"."stream"(stream_id, channel_id, title, topic_id, topic, media_info, viewers, created_at, updated_at, ended_at)
    VALUES ('8bb79733-1e77-462f-9d7d-9034bc1a2a6c', 'bf41d887-8d40-47ec-8935-a5da7b139dff', 'Come on and have fun with Atlas!', '284b3091-455d-4476-ae67-442a19d153d4', 'Mathematics', '{"width":720,"height":400,"bitrate":705.72}', 29, '2015-10-09 14:12:22.667300+0000', '2015-10-09 14:34:37.140200+0000', '2015-10-09 15:19:02.991200+0000');
INSERT INTO "neap"."user"(user_id, channel_id, type, username, email, password, display_name, logo, bio, created_at, updated_at)
    VALUES ('48e46969-4d1c-4752-a677-0e0a4c34e235', '554c16fc-a056-4c53-93f6-9f5723927e47', 'user', 'anya', 'anya@neap.io', '$2y$10$ejkGDWpWk..Yv5z85N7yseVrPmqZZSmEbxz1V/1vzrmutD7c8q.g6', 'Anya', 'https://gravatar.com/avatar/63f4311b6b092635ec03cdef70f9fe9e?s=128&d=identicon', null, '2015-03-07 20:10:17.087500+0000', '2015-09-11 21:43:17.449400+0000');
INSERT INTO "neap"."channel"(channel_id, user_id, chat_id, name, display_name, topic, language, views, followers)
    VALUES ('554c16fc-a056-4c53-93f6-9f5723927e47', '48e46969-4d1c-4752-a677-0e0a4c34e235', 'cf2ccd3d-934b-423e-823d-81604f2ac62c', 'anya', 'Anya Channel', 'Theology', 'en', 73600, 37);
INSERT INTO "neap"."chat"(chat_id, channel_id, name)
    VALUES ('cf2ccd3d-934b-423e-823d-81604f2ac62c', '554c16fc-a056-4c53-93f6-9f5723927e47', 'anya');
INSERT INTO "neap"."stream"(stream_id, channel_id, title, topic_id, topic, media_info, viewers, created_at, updated_at, ended_at)
    VALUES ('b00bc7dd-6e37-4844-b6c8-870242659d96', '554c16fc-a056-4c53-93f6-9f5723927e47', 'Theology?? Yeah, Theology!', 'd2ea25fc-eb67-4c63-86d0-58ba2ce51b56', 'Theology', '{"width":720,"height":400,"bitrate":726.33}', 99585, '2015-06-16 15:14:15.454400+0000', '2015-06-16 20:38:27.179400+0000', '2015-06-16 20:50:19.111600+0000');
INSERT INTO "neap"."video"(video_id, stream_id, title, type, description, status, tags, topic_id, topic, media_info, preview, views, created_at, updated_at)
    VALUES ('e620e5fb-3505-486b-b736-361ba963eb8b', 'b00bc7dd-6e37-4844-b6c8-870242659d96', 'Theology?? Yeah, Theology!', 'record', 'Theology?? Yeah, Theology!', '', '[]', 'd2ea25fc-eb67-4c63-86d0-58ba2ce51b56', 'Theology', '{"width":720,"height":400,"bitrate":509.72}', '', '23272', '2015-09-27 11:28:29.330300+0000', '2015-09-27 19:38:24.742800+0000');
INSERT INTO "neap"."stream"(stream_id, channel_id, title, topic_id, topic, media_info, viewers, created_at, updated_at, ended_at)
    VALUES ('90b1ee20-204d-41a1-8d82-c8cc12df1ff1', '554c16fc-a056-4c53-93f6-9f5723927e47', 'Anya goes live!', 'b369c464-cdea-4356-9d70-1450585652e2', 'Music', '{"width":1280,"height":720,"bitrate":955.79}', 786, '2015-09-25 04:01:37.012900+0000', '2015-09-25 05:10:27.665900+0000', '2015-09-25 05:41:49.042900+0000');
INSERT INTO "neap"."video"(video_id, stream_id, title, type, description, status, tags, topic_id, topic, media_info, preview, views, created_at, updated_at)
    VALUES ('60f5c20c-eb2c-4295-a2a9-a35d38bad711', '90b1ee20-204d-41a1-8d82-c8cc12df1ff1', 'Anya goes live!', 'record', 'Anya goes live!', '', '[]', 'b369c464-cdea-4356-9d70-1450585652e2', 'Music', '{"width":1280,"height":720,"bitrate":1189.74}', '', '13849', '2015-10-30 18:15:15.788500+0000', '2015-11-02 06:09:30.794900+0000');
INSERT INTO "neap"."video"(video_id, stream_id, title, type, description, status, tags, topic_id, topic, media_info, preview, views, created_at, updated_at)
    VALUES ('b0eed954-71a5-4da8-be45-295cd86e6e35', '90b1ee20-204d-41a1-8d82-c8cc12df1ff1', 'Anya goes live!', 'highlight', 'Anya goes live!', '', '[]', 'b369c464-cdea-4356-9d70-1450585652e2', 'Music', '{"width":1280,"height":720,"bitrate":1274.37}', '', '9402', '2015-10-17 19:26:57.124500+0000', '2015-10-19 01:52:48.251400+0000');
INSERT INTO "neap"."user"(user_id, channel_id, type, username, email, password, display_name, logo, bio, created_at, updated_at)
    VALUES ('be8d8084-d2d9-445d-b40e-b5d6774ceb44', '1ada5921-b0b8-4f9f-9f85-371fbb1ad43b', 'user', 'gerardo', 'gerardo@neap.io', '$2y$10$lgA9prD.MbrMbvLEcZLe..GNuUbydyn4MlF9Ck6aIprUApWmFGNm6', 'Gerardo', 'https://gravatar.com/avatar/98a68c7bf572720a8fda2ed3f8a42e20?s=128&d=identicon', null, '2015-04-03 23:42:36.888100+0000', '2015-04-06 03:37:46.832500+0000');
INSERT INTO "neap"."channel"(channel_id, user_id, chat_id, name, display_name, topic, language, views, followers)
    VALUES ('1ada5921-b0b8-4f9f-9f85-371fbb1ad43b', 'be8d8084-d2d9-445d-b40e-b5d6774ceb44', '9a44d4ca-348e-4c1f-b32c-5d3234b93bfa', 'gerardo', 'Gerardo Channel', 'Biology', 'en', 4974, 52);
INSERT INTO "neap"."chat"(chat_id, channel_id, name)
    VALUES ('9a44d4ca-348e-4c1f-b32c-5d3234b93bfa', '1ada5921-b0b8-4f9f-9f85-371fbb1ad43b', 'gerardo');
INSERT INTO "neap"."user"(user_id, channel_id, type, username, email, password, display_name, logo, bio, created_at, updated_at)
    VALUES ('7d95e215-50f6-4e47-b315-24c1f1809e9e', '8a020e67-eaeb-4baa-bc09-352f69c7d692', 'user', 'cruz', 'cruz@neap.io', '$2y$10$VoIP8JdhtLss7brgVYpoiegq0Hrrme6fFB1DYXF9Dyci88Yd0bzFS', 'Cruz', 'https://gravatar.com/avatar/fd011097e4852e875dd7ad236a1e08b5?s=128&d=identicon', null, '2015-08-15 03:11:47.894300+0000', '2015-10-28 18:51:36.675400+0000');
INSERT INTO "neap"."channel"(channel_id, user_id, chat_id, name, display_name, topic, language, views, followers)
    VALUES ('8a020e67-eaeb-4baa-bc09-352f69c7d692', '7d95e215-50f6-4e47-b315-24c1f1809e9e', 'e1f01659-f4d7-4f6c-9141-fa8759ce2228', 'cruz', 'Cruz Channel', 'Science', 'en', 65086, 68);
INSERT INTO "neap"."chat"(chat_id, channel_id, name)
    VALUES ('e1f01659-f4d7-4f6c-9141-fa8759ce2228', '8a020e67-eaeb-4baa-bc09-352f69c7d692', 'cruz');
INSERT INTO "neap"."stream"(stream_id, channel_id, title, topic_id, topic, media_info, viewers, created_at, updated_at, ended_at)
    VALUES ('32d0d8a7-259d-4f14-b1e7-f3fa45a1c729', '8a020e67-eaeb-4baa-bc09-352f69c7d692', 'Video games?? Yeah, Video games!', '48e535f7-dba1-4d59-aac3-4c6cced32d6c', 'Video games', '{"width":720,"height":400,"bitrate":799.96}', 1962, '2015-10-23 08:13:44.317900+0000', '2015-10-23 09:42:28.402800+0000', '2015-10-23 10:14:58.230500+0000');
INSERT INTO "neap"."stream"(stream_id, channel_id, title, topic_id, topic, media_info, viewers, created_at, updated_at, ended_at)
    VALUES ('16cb68f0-4141-46f6-b171-a3d7669f30d5', '8a020e67-eaeb-4baa-bc09-352f69c7d692', 'Today is Science day', '1cae4612-f178-4a0e-b3af-343a88b99638', 'Science', '{"width":1280,"height":720,"bitrate":802}', 56, '2015-10-31 13:53:46.678800+0000', '2015-10-31 14:22:48.739600+0000', '2015-10-31 14:44:19.738600+0000');
INSERT INTO "neap"."video"(video_id, stream_id, title, type, description, status, tags, topic_id, topic, media_info, preview, views, created_at, updated_at)
    VALUES ('c1f98085-1137-4c09-81c0-d47a02d913b3', '16cb68f0-4141-46f6-b171-a3d7669f30d5', 'Today is Science day', 'record', 'Today is Science day', '', '[]', '1cae4612-f178-4a0e-b3af-343a88b99638', 'Science', '{"width":1280,"height":720,"bitrate":953.26}', '', '20781', '2015-11-01 20:26:58.040300+0000', '2015-11-01 21:13:09.692200+0000');
INSERT INTO "neap"."video"(video_id, stream_id, title, type, description, status, tags, topic_id, topic, media_info, preview, views, created_at, updated_at)
    VALUES ('2b0fca3b-edf4-4271-8c51-4b8788e22a6b', '16cb68f0-4141-46f6-b171-a3d7669f30d5', 'Today is Science day', 'record', 'Today is Science day', '', '[]', '1cae4612-f178-4a0e-b3af-343a88b99638', 'Science', '{"width":1280,"height":720,"bitrate":1431}', '', '24272', '2015-11-01 08:39:02.732900+0000', '2015-11-02 07:28:00.444700+0000');
INSERT INTO "neap"."stream"(stream_id, channel_id, title, topic_id, topic, media_info, viewers, created_at, updated_at, ended_at)
    VALUES ('1e2a672e-c578-4cf9-bd4e-ff5ccfbb2d8a', '8a020e67-eaeb-4baa-bc09-352f69c7d692', 'Cruz goes live!', 'd2ea25fc-eb67-4c63-86d0-58ba2ce51b56', 'Theology', '{"width":1920,"height":1080,"bitrate":1664.35}', 506, '2015-09-15 17:55:25.940500+0000', '2015-09-15 19:24:57.455200+0000', '2015-09-15 19:29:47.083800+0000');
INSERT INTO "neap"."stream"(stream_id, channel_id, title, topic_id, topic, media_info, viewers, created_at, updated_at, ended_at)
    VALUES ('3b14c650-d162-4eda-a9f3-494ce63f73d4', '8a020e67-eaeb-4baa-bc09-352f69c7d692', 'Today is Science day', '1cae4612-f178-4a0e-b3af-343a88b99638', 'Science', '{"width":720,"height":400,"bitrate":586.95}', 1670, '2015-09-15 00:19:44.684200+0000', '2015-09-15 01:20:04.991600+0000', '2015-09-15 01:21:00.333400+0000');
INSERT INTO "neap"."video"(video_id, stream_id, title, type, description, status, tags, topic_id, topic, media_info, preview, views, created_at, updated_at)
    VALUES ('9189c5be-2479-49bd-b477-3715aef8cea6', '3b14c650-d162-4eda-a9f3-494ce63f73d4', 'Today is Science day', 'record', 'Today is Science day', '', '[]', '1cae4612-f178-4a0e-b3af-343a88b99638', 'Science', '{"width":720,"height":400,"bitrate":756.28}', '', '5073', '2015-10-05 19:40:15.864700+0000', '2015-10-09 04:12:43.281600+0000');
INSERT INTO "neap"."user"(user_id, channel_id, type, username, email, password, display_name, logo, bio, created_at, updated_at)
    VALUES ('bd33841d-330d-43fd-9b6f-f2f088ae6462', 'ceceaed9-7177-4987-91b6-f4d0b109ad0b', 'user', 'celia', 'celia@neap.io', '$2y$10$1YQM/9.n1trVnrfWodwJVeGUsBynmVDXk1cIdn9dv9oB1xGv2x9Rq', 'Celia', 'https://gravatar.com/avatar/a6dd4ee0f95444b4035d8b3c25a0d3eb?s=128&d=identicon', null, '2015-04-01 20:35:21.452500+0000', '2015-07-14 02:53:18.271000+0000');
INSERT INTO "neap"."channel"(channel_id, user_id, chat_id, name, display_name, topic, language, views, followers)
    VALUES ('ceceaed9-7177-4987-91b6-f4d0b109ad0b', 'bd33841d-330d-43fd-9b6f-f2f088ae6462', '74c1caad-ebe2-4515-95a1-ce24a379d6e7', 'celia', 'Celia Channel', 'Astrology', 'en', 93134, 104);
INSERT INTO "neap"."chat"(chat_id, channel_id, name)
    VALUES ('74c1caad-ebe2-4515-95a1-ce24a379d6e7', 'ceceaed9-7177-4987-91b6-f4d0b109ad0b', 'celia');
INSERT INTO "neap"."stream"(stream_id, channel_id, title, topic_id, topic, media_info, viewers, created_at, updated_at, ended_at)
    VALUES ('e623ab12-aa14-4213-8cad-86b475788c39', 'ceceaed9-7177-4987-91b6-f4d0b109ad0b', 'Today is Philosophy day', '35fa82dc-ed25-47fb-b6cd-58ae8a151f60', 'Philosophy', '{"width":1280,"height":720,"bitrate":1390.26}', 803, '2015-08-31 22:49:10.525800+0000', '2015-08-31 22:50:22.227200+0000', '2015-08-31 22:50:33.979600+0000');
INSERT INTO "neap"."stream"(stream_id, channel_id, title, topic_id, topic, media_info, viewers, created_at, updated_at, ended_at)
    VALUES ('5855dd6b-489f-4034-beef-1e332500a0a3', 'ceceaed9-7177-4987-91b6-f4d0b109ad0b', 'Fun with Science and Celia', '1cae4612-f178-4a0e-b3af-343a88b99638', 'Science', '{"width":720,"height":400,"bitrate":770.95}', 357, '2015-07-10 14:53:06.296100+0000', '2015-07-10 17:24:23.443500+0000', '2015-07-10 17:45:07.788300+0000');
INSERT INTO "neap"."video"(video_id, stream_id, title, type, description, status, tags, topic_id, topic, media_info, preview, views, created_at, updated_at)
    VALUES ('eec0a544-a949-48b8-9c24-06d49908579f', '5855dd6b-489f-4034-beef-1e332500a0a3', 'Fun with Science and Celia', 'record', 'Fun with Science and Celia', '', '[]', '1cae4612-f178-4a0e-b3af-343a88b99638', 'Science', '{"width":720,"height":400,"bitrate":684.87}', '', '5312', '2015-08-08 04:28:11.294200+0000', '2015-08-10 09:17:49.619700+0000');
INSERT INTO "neap"."stream"(stream_id, channel_id, title, topic_id, topic, media_info, viewers, created_at, updated_at, ended_at)
    VALUES ('e619baa0-a55d-4899-9b23-15268561b220', 'ceceaed9-7177-4987-91b6-f4d0b109ad0b', 'Relax stream', '994391cf-d41e-46f4-b6eb-ce53824e3a0c', 'Litterature', '{"width":720,"height":400,"bitrate":592.11}', 1324, '2015-08-30 23:46:23.495500+0000', '2015-08-31 01:46:32.930200+0000', '2015-08-31 02:09:14.891400+0000');
INSERT INTO "neap"."video"(video_id, stream_id, title, type, description, status, tags, topic_id, topic, media_info, preview, views, created_at, updated_at)
    VALUES ('37a05e7a-0926-457a-8263-d210431d01f9', 'e619baa0-a55d-4899-9b23-15268561b220', 'Relax stream', 'record', 'Relax stream', '', '[]', '994391cf-d41e-46f4-b6eb-ce53824e3a0c', 'Litterature', '{"width":720,"height":400,"bitrate":720.44}', '', '36573', '2015-09-16 01:48:07.885400+0000', '2015-09-16 02:12:03.511100+0000');
INSERT INTO "neap"."stream"(stream_id, channel_id, title, topic_id, topic, media_info, viewers, created_at, updated_at, ended_at)
    VALUES ('5f6b0b9d-f536-4104-85b6-a2ade9b6ed1c', 'ceceaed9-7177-4987-91b6-f4d0b109ad0b', 'Come on and have fun with Celia!', 'e496e832-363e-4228-b518-7fe126ccaa04', 'Photography', '{"width":720,"height":400,"bitrate":714.99}', 758, '2015-06-20 19:37:58.097500+0000', '2015-06-20 20:17:35.984300+0000', '2015-06-20 20:35:26.534700+0000');
INSERT INTO "neap"."stream"(stream_id, channel_id, title, topic_id, topic, media_info, viewers, created_at, updated_at, ended_at)
    VALUES ('2fa3b26a-4858-4986-90e1-63dd7c8db5bc', 'ceceaed9-7177-4987-91b6-f4d0b109ad0b', 'Come on and have fun with Celia!', '35fa82dc-ed25-47fb-b6cd-58ae8a151f60', 'Philosophy', '{"width":720,"height":400,"bitrate":797.88}', 1476, '2015-08-18 22:56:24.549900+0000', '2015-08-19 06:45:18.192900+0000', '2015-08-19 06:59:28.782300+0000');
INSERT INTO "neap"."video"(video_id, stream_id, title, type, description, status, tags, topic_id, topic, media_info, preview, views, created_at, updated_at)
    VALUES ('d2b09f6d-739a-4bda-9011-06d2574e264b', '2fa3b26a-4858-4986-90e1-63dd7c8db5bc', 'Come on and have fun with Celia!', 'record', 'Come on and have fun with Celia!', '', '[]', '35fa82dc-ed25-47fb-b6cd-58ae8a151f60', 'Philosophy', '{"width":720,"height":400,"bitrate":583.05}', '', '1033', '2015-10-23 21:14:29.154000+0000', '2015-10-26 11:06:24.377900+0000');
INSERT INTO "neap"."video"(video_id, stream_id, title, type, description, status, tags, topic_id, topic, media_info, preview, views, created_at, updated_at)
    VALUES ('cf86efac-e636-4e9f-a634-f896a7e644d6', '2fa3b26a-4858-4986-90e1-63dd7c8db5bc', 'Come on and have fun with Celia!', 'record', 'Come on and have fun with Celia!', '', '[]', '35fa82dc-ed25-47fb-b6cd-58ae8a151f60', 'Philosophy', '{"width":720,"height":400,"bitrate":721.17}', '', '13934', '2015-10-25 06:51:47.708100+0000', '2015-10-25 12:14:20.085300+0000');
INSERT INTO "neap"."user"(user_id, channel_id, type, username, email, password, display_name, logo, bio, created_at, updated_at)
    VALUES ('a96ea090-be2c-4e3a-a421-c598c8e3dd1c', 'baed6de5-0d7a-421a-a425-4e8713f6433a', 'user', 'nasir', 'nasir@neap.io', '$2y$10$MuJUk7k.s9fS1ZRKWiiD.OzMiZrLayWm9f15J5a5x5b.DQKryZg5a', 'Nasir', 'https://gravatar.com/avatar/e611098e3fc5e6369846257cb5c672d3?s=128&d=identicon', null, '2015-08-10 20:46:42.512900+0000', '2015-08-28 15:28:49.982900+0000');
INSERT INTO "neap"."channel"(channel_id, user_id, chat_id, name, display_name, topic, language, views, followers)
    VALUES ('baed6de5-0d7a-421a-a425-4e8713f6433a', 'a96ea090-be2c-4e3a-a421-c598c8e3dd1c', '24a77d7b-90a9-4584-b5a4-c9eee85c3001', 'nasir', 'Nasir Channel', 'Video games', 'en', 61533, 73);
INSERT INTO "neap"."chat"(chat_id, channel_id, name)
    VALUES ('24a77d7b-90a9-4584-b5a4-c9eee85c3001', 'baed6de5-0d7a-421a-a425-4e8713f6433a', 'nasir');
INSERT INTO "neap"."stream"(stream_id, channel_id, title, topic_id, topic, media_info, viewers, created_at, updated_at, ended_at)
    VALUES ('542195eb-51a0-40d3-b326-5e9e19cefc95', 'baed6de5-0d7a-421a-a425-4e8713f6433a', 'Fun with Litterature and Nasir', '994391cf-d41e-46f4-b6eb-ce53824e3a0c', 'Litterature', '{"width":1280,"height":720,"bitrate":1222.99}', 1065, '2015-10-05 13:00:20.435500+0000', '2015-10-05 18:22:15.087900+0000', '2015-10-05 19:08:28.377000+0000');
INSERT INTO "neap"."video"(video_id, stream_id, title, type, description, status, tags, topic_id, topic, media_info, preview, views, created_at, updated_at)
    VALUES ('1d0bfbc9-ce0d-43ef-861a-798fb3c387c6', '542195eb-51a0-40d3-b326-5e9e19cefc95', 'Fun with Litterature and Nasir', 'record', 'Fun with Litterature and Nasir', '', '[]', '994391cf-d41e-46f4-b6eb-ce53824e3a0c', 'Litterature', '{"width":1280,"height":720,"bitrate":793.38}', '', '6563', '2015-10-21 03:31:48.164700+0000', '2015-10-24 09:53:47.420300+0000');
INSERT INTO "neap"."stream"(stream_id, channel_id, title, topic_id, topic, media_info, viewers, created_at, updated_at, ended_at)
    VALUES ('877a006f-e240-488b-b997-80975ab92f52', 'baed6de5-0d7a-421a-a425-4e8713f6433a', 'Nasir goes live!', 'e9af2f53-d2dd-4e32-9dea-26d6ac21bcb8', 'Astrology', '{"width":720,"height":400,"bitrate":552.53}', 874, '2015-10-19 15:21:22.930700+0000', '2015-10-19 18:04:54.616100+0000', '2015-10-19 18:29:33.076700+0000');
INSERT INTO "neap"."video"(video_id, stream_id, title, type, description, status, tags, topic_id, topic, media_info, preview, views, created_at, updated_at)
    VALUES ('aad4f214-6293-4a4a-9231-c619b206295c', '877a006f-e240-488b-b997-80975ab92f52', 'Nasir goes live!', 'record', 'Nasir goes live!', '', '[]', 'e9af2f53-d2dd-4e32-9dea-26d6ac21bcb8', 'Astrology', '{"width":720,"height":400,"bitrate":565.73}', '', '15666', '2015-10-26 16:39:16.127400+0000', '2015-10-28 07:10:45.841300+0000');
INSERT INTO "neap"."video"(video_id, stream_id, title, type, description, status, tags, topic_id, topic, media_info, preview, views, created_at, updated_at)
    VALUES ('c91446d0-de1b-433f-92c5-6667c6252143', '877a006f-e240-488b-b997-80975ab92f52', 'Nasir goes live!', 'record', 'Nasir goes live!', '', '[]', 'e9af2f53-d2dd-4e32-9dea-26d6ac21bcb8', 'Astrology', '{"width":720,"height":400,"bitrate":720.41}', '', '24554', '2015-10-27 01:57:54.411800+0000', '2015-10-31 10:35:40.128200+0000');
INSERT INTO "neap"."stream"(stream_id, channel_id, title, topic_id, topic, media_info, viewers, created_at, updated_at, ended_at)
    VALUES ('4f863b7e-d132-40e3-9d63-c7e9d26a1d65', 'baed6de5-0d7a-421a-a425-4e8713f6433a', 'Come on and have fun with Nasir!', 'd2ea25fc-eb67-4c63-86d0-58ba2ce51b56', 'Theology', '{"width":720,"height":400,"bitrate":613.92}', 1918, '2015-10-07 13:51:26.020400+0000', '2015-10-07 14:21:50.292400+0000', '2015-10-07 14:38:38.933500+0000');
INSERT INTO "neap"."video"(video_id, stream_id, title, type, description, status, tags, topic_id, topic, media_info, preview, views, created_at, updated_at)
    VALUES ('d7e699a7-423d-4894-b23b-ec18351da83f', '4f863b7e-d132-40e3-9d63-c7e9d26a1d65', 'Come on and have fun with Nasir!', 'record', 'Come on and have fun with Nasir!', '', '[]', 'd2ea25fc-eb67-4c63-86d0-58ba2ce51b56', 'Theology', '{"width":720,"height":400,"bitrate":751.52}', '', '36375', '2015-10-30 11:06:26.599400+0000', '2015-10-31 18:29:49.793500+0000');
INSERT INTO "neap"."user"(user_id, channel_id, type, username, email, password, display_name, logo, bio, created_at, updated_at)
    VALUES ('b509b19c-9cae-4a04-a3e5-38488bd8c6b5', '0f3b852b-2a43-428c-be6c-1be6e815ced1', 'user', 'giana', 'giana@neap.io', '$2y$10$ZNdDb6WrjXSdCppf9aVPX.kamSayIsR2o81ssITQM/kbtzmDk6Z8W', 'Giana', 'https://gravatar.com/avatar/4249af3ba3446fccc12efa4fab220947?s=128&d=identicon', null, '2015-07-06 16:23:09.135000+0000', '2015-10-30 15:01:24.214300+0000');
INSERT INTO "neap"."channel"(channel_id, user_id, chat_id, name, display_name, topic, language, views, followers)
    VALUES ('0f3b852b-2a43-428c-be6c-1be6e815ced1', 'b509b19c-9cae-4a04-a3e5-38488bd8c6b5', 'a6079dbb-8a93-4db9-b951-5f6cfa167ec5', 'giana', 'Giana Channel', 'Theology', 'en', 87578, 63);
INSERT INTO "neap"."chat"(chat_id, channel_id, name)
    VALUES ('a6079dbb-8a93-4db9-b951-5f6cfa167ec5', '0f3b852b-2a43-428c-be6c-1be6e815ced1', 'giana');
INSERT INTO "neap"."stream"(stream_id, channel_id, title, topic_id, topic, media_info, viewers, created_at, updated_at, ended_at)
    VALUES ('2900a599-fbbf-445a-b5e1-ad0836c51460', '0f3b852b-2a43-428c-be6c-1be6e815ced1', 'Come on and have fun with Giana!', '35fa82dc-ed25-47fb-b6cd-58ae8a151f60', 'Philosophy', '{"width":1920,"height":1080,"bitrate":3451.51}', 192, '2015-09-11 19:56:51.455800+0000', '2015-09-11 20:28:18.674000+0000', '2015-09-11 21:29:42.604800+0000');
INSERT INTO "neap"."video"(video_id, stream_id, title, type, description, status, tags, topic_id, topic, media_info, preview, views, created_at, updated_at)
    VALUES ('d0994f87-3408-4bbe-84aa-109886edd66b', '2900a599-fbbf-445a-b5e1-ad0836c51460', 'Come on and have fun with Giana!', 'record', 'Come on and have fun with Giana!', '', '[]', '35fa82dc-ed25-47fb-b6cd-58ae8a151f60', 'Philosophy', '{"width":1920,"height":1080,"bitrate":3493.79}', '', '34426', '2015-10-03 20:46:01.792500+0000', '2015-10-04 06:26:21.104000+0000');
INSERT INTO "neap"."stream"(stream_id, channel_id, title, topic_id, topic, media_info, viewers, created_at, updated_at, ended_at)
    VALUES ('9400d46c-17f5-4c87-9f2f-58a269bc56cf', '0f3b852b-2a43-428c-be6c-1be6e815ced1', 'The origins of Astrology', 'e9af2f53-d2dd-4e32-9dea-26d6ac21bcb8', 'Astrology', '{"width":720,"height":400,"bitrate":655.67}', 1760, '2015-09-17 09:44:06.044300+0000', '2015-09-17 10:13:04.706800+0000', '2015-09-17 10:18:06.175700+0000');
INSERT INTO "neap"."video"(video_id, stream_id, title, type, description, status, tags, topic_id, topic, media_info, preview, views, created_at, updated_at)
    VALUES ('2769057e-c545-4585-b7de-42a73cf417e5', '9400d46c-17f5-4c87-9f2f-58a269bc56cf', 'The origins of Astrology', 'highlight', 'The origins of Astrology', '', '[]', 'e9af2f53-d2dd-4e32-9dea-26d6ac21bcb8', 'Astrology', '{"width":720,"height":400,"bitrate":673.55}', '', '23770', '2015-09-22 16:01:28.428400+0000', '2015-09-24 06:55:21.238300+0000');
INSERT INTO "neap"."stream"(stream_id, channel_id, title, topic_id, topic, media_info, viewers, created_at, updated_at, ended_at)
    VALUES ('6a496848-78fb-41cb-9ccc-346a28fff8f2', '0f3b852b-2a43-428c-be6c-1be6e815ced1', 'Relax stream', 'd2ea25fc-eb67-4c63-86d0-58ba2ce51b56', 'Theology', '{"width":720,"height":400,"bitrate":717.01}', 1531, '2015-07-20 06:30:47.068900+0000', '2015-07-20 09:03:45.525200+0000', '2015-07-20 09:05:22.320900+0000');
INSERT INTO "neap"."stream"(stream_id, channel_id, title, topic_id, topic, media_info, viewers, created_at, updated_at, ended_at)
    VALUES ('3f08564e-73c7-4787-8575-bec15ff736f7', '0f3b852b-2a43-428c-be6c-1be6e815ced1', 'The origins of Litterature', '994391cf-d41e-46f4-b6eb-ce53824e3a0c', 'Litterature', '{"width":1920,"height":1080,"bitrate":2991.56}', 85427, '2015-10-28 05:14:14.069700+0000', '2015-10-28 06:59:41.020700+0000', '2015-10-28 06:59:49.065700+0000');
INSERT INTO "neap"."video"(video_id, stream_id, title, type, description, status, tags, topic_id, topic, media_info, preview, views, created_at, updated_at)
    VALUES ('86845dd8-0831-406a-bad0-8c9eba7d2981', '3f08564e-73c7-4787-8575-bec15ff736f7', 'The origins of Litterature', 'record', 'The origins of Litterature', '', '[]', '994391cf-d41e-46f4-b6eb-ce53824e3a0c', 'Litterature', '{"width":1920,"height":1080,"bitrate":3085.18}', '', '25380', '2015-10-29 16:33:16.698800+0000', '2015-10-31 11:08:52.979400+0000');
INSERT INTO "neap"."stream"(stream_id, channel_id, title, topic_id, topic, media_info, viewers, created_at, updated_at, ended_at)
    VALUES ('348a68eb-604f-4214-ad39-014d9eb67e02', '0f3b852b-2a43-428c-be6c-1be6e815ced1', 'The origins of Photography', 'e496e832-363e-4228-b518-7fe126ccaa04', 'Photography', '{"width":1280,"height":720,"bitrate":1446.59}', 49210, '2015-07-18 06:17:49.777600+0000', '2015-07-18 12:13:29.896000+0000', '2015-07-18 13:03:18.873800+0000');
INSERT INTO "neap"."stream"(stream_id, channel_id, title, topic_id, topic, media_info, viewers, created_at, updated_at, ended_at)
    VALUES ('e4bbcd2a-47da-414e-9c38-9b08f46921a5', '0f3b852b-2a43-428c-be6c-1be6e815ced1', 'Fun with Science and Giana', '1cae4612-f178-4a0e-b3af-343a88b99638', 'Science', '{"width":1920,"height":1080,"bitrate":1126.81}', 1, '2015-10-14 21:25:33.705300+0000', '2015-10-15 00:21:16.869600+0000', '2015-10-15 00:53:02.859600+0000');
INSERT INTO "neap"."stream"(stream_id, channel_id, title, topic_id, topic, media_info, viewers, created_at, updated_at, ended_at)
    VALUES ('60dbe279-04e7-4cb0-ae50-3ff7495f6717', '0f3b852b-2a43-428c-be6c-1be6e815ced1', 'Relax stream', '35fa82dc-ed25-47fb-b6cd-58ae8a151f60', 'Philosophy', '{"width":720,"height":400,"bitrate":515.91}', 1633, '2015-09-23 22:23:50.651900+0000', '2015-09-23 22:59:49.571900+0000', '2015-09-23 23:11:07.243900+0000');
INSERT INTO "neap"."video"(video_id, stream_id, title, type, description, status, tags, topic_id, topic, media_info, preview, views, created_at, updated_at)
    VALUES ('6c5b105f-c106-43fd-a594-2d7e24d31bfa', '60dbe279-04e7-4cb0-ae50-3ff7495f6717', 'Relax stream', 'record', 'Relax stream', '', '[]', '35fa82dc-ed25-47fb-b6cd-58ae8a151f60', 'Philosophy', '{"width":720,"height":400,"bitrate":593.02}', '', '31065', '2015-10-23 21:01:17.506300+0000', '2015-10-28 02:57:49.341800+0000');
INSERT INTO "neap"."stream"(stream_id, channel_id, title, topic_id, topic, media_info, viewers, created_at, updated_at, ended_at)
    VALUES ('2473606b-af72-49f2-9a0c-d32c1a4e70ab', '0f3b852b-2a43-428c-be6c-1be6e815ced1', 'Relax stream', '994391cf-d41e-46f4-b6eb-ce53824e3a0c', 'Litterature', '{"width":720,"height":400,"bitrate":795.68}', 1211, '2015-09-15 17:35:05.471900+0000', '2015-09-15 20:15:38.480200+0000', '2015-09-15 20:18:52.896000+0000');
INSERT INTO "neap"."video"(video_id, stream_id, title, type, description, status, tags, topic_id, topic, media_info, preview, views, created_at, updated_at)
    VALUES ('f14e5c4f-9028-4955-bcd7-6f4eb6db23eb', '2473606b-af72-49f2-9a0c-d32c1a4e70ab', 'Relax stream', 'record', 'Relax stream', '', '[]', '994391cf-d41e-46f4-b6eb-ce53824e3a0c', 'Litterature', '{"width":720,"height":400,"bitrate":712.02}', '', '22841', '2015-10-15 00:11:01.166400+0000', '2015-10-16 23:10:44.331000+0000');
INSERT INTO "neap"."user"(user_id, channel_id, type, username, email, password, display_name, logo, bio, created_at, updated_at)
    VALUES ('82c5bdbf-469c-42f4-8f35-b015e76592e7', '939329a5-922d-476e-b6ea-3adde0cd70e0', 'user', 'rosa', 'rosa@neap.io', '$2y$10$oMEQxOEn6rZZnnOzRp7iSucaFrr6YnxDrbQ6jIfWA./TwfPj/.2TG', 'Rosa', 'https://gravatar.com/avatar/f1661a9a4a6e4ce50b03cfd2b63bd2b1?s=128&d=identicon', null, '2015-06-13 20:40:58.665100+0000', '2015-08-11 02:29:04.325500+0000');
INSERT INTO "neap"."channel"(channel_id, user_id, chat_id, name, display_name, topic, language, views, followers)
    VALUES ('939329a5-922d-476e-b6ea-3adde0cd70e0', '82c5bdbf-469c-42f4-8f35-b015e76592e7', '4c47f62a-c0ce-4187-bde4-fb0e981f4c94', 'rosa', 'Rosa Channel', 'Mathematics', 'en', 25129, 36);
INSERT INTO "neap"."chat"(chat_id, channel_id, name)
    VALUES ('4c47f62a-c0ce-4187-bde4-fb0e981f4c94', '939329a5-922d-476e-b6ea-3adde0cd70e0', 'rosa');
INSERT INTO "neap"."stream"(stream_id, channel_id, title, topic_id, topic, media_info, viewers, created_at, updated_at, ended_at)
    VALUES ('b7570af5-2b47-4647-859b-4a25262059a8', '939329a5-922d-476e-b6ea-3adde0cd70e0', 'Theology?? Yeah, Theology!', 'd2ea25fc-eb67-4c63-86d0-58ba2ce51b56', 'Theology', '{"width":1920,"height":1080,"bitrate":3298.81}', 1389, '2015-09-03 22:54:29.794700+0000', '2015-09-04 03:04:22.174000+0000', '2015-09-04 04:38:35.804900+0000');
INSERT INTO "neap"."video"(video_id, stream_id, title, type, description, status, tags, topic_id, topic, media_info, preview, views, created_at, updated_at)
    VALUES ('f0a6d069-81e6-47ff-8716-967ff2066ee3', 'b7570af5-2b47-4647-859b-4a25262059a8', 'Theology?? Yeah, Theology!', 'record', 'Theology?? Yeah, Theology!', '', '[]', 'd2ea25fc-eb67-4c63-86d0-58ba2ce51b56', 'Theology', '{"width":1920,"height":1080,"bitrate":1377.12}', '', '4490', '2015-09-09 17:02:41.157100+0000', '2015-09-10 15:32:22.194000+0000');
INSERT INTO "neap"."video"(video_id, stream_id, title, type, description, status, tags, topic_id, topic, media_info, preview, views, created_at, updated_at)
    VALUES ('4ddf6607-c351-4a16-8a5f-110dd89e580d', 'b7570af5-2b47-4647-859b-4a25262059a8', 'Theology?? Yeah, Theology!', 'record', 'Theology?? Yeah, Theology!', '', '[]', 'd2ea25fc-eb67-4c63-86d0-58ba2ce51b56', 'Theology', '{"width":1920,"height":1080,"bitrate":2840.46}', '', '2492', '2015-09-17 06:57:08.842500+0000', '2015-09-18 00:16:01.890100+0000');
INSERT INTO "neap"."stream"(stream_id, channel_id, title, topic_id, topic, media_info, viewers, created_at, updated_at, ended_at)
    VALUES ('d0905d07-aa36-4260-9936-eeba6d143e9d', '939329a5-922d-476e-b6ea-3adde0cd70e0', 'Relax stream', 'e496e832-363e-4228-b518-7fe126ccaa04', 'Photography', '{"width":1280,"height":720,"bitrate":1328.99}', 585, '2015-06-29 00:20:56.530100+0000', '2015-06-29 00:40:52.355000+0000', '2015-06-29 00:55:08.969200+0000');
INSERT INTO "neap"."video"(video_id, stream_id, title, type, description, status, tags, topic_id, topic, media_info, preview, views, created_at, updated_at)
    VALUES ('d89a39e4-3031-4b1c-bcaa-2faff20681f8', 'd0905d07-aa36-4260-9936-eeba6d143e9d', 'Relax stream', 'highlight', 'Relax stream', '', '[]', 'e496e832-363e-4228-b518-7fe126ccaa04', 'Photography', '{"width":1280,"height":720,"bitrate":854.1}', '', '23667', '2015-09-29 14:40:59.251000+0000', '2015-09-30 14:09:03.690300+0000');
INSERT INTO "neap"."stream"(stream_id, channel_id, title, topic_id, topic, media_info, viewers, created_at, updated_at, ended_at)
    VALUES ('35a1c22d-f58d-4b2d-ab04-bf1de11157fb', '939329a5-922d-476e-b6ea-3adde0cd70e0', 'Rosa goes live!', 'e9af2f53-d2dd-4e32-9dea-26d6ac21bcb8', 'Astrology', '{"width":720,"height":400,"bitrate":523.61}', 290, '2015-08-19 00:08:09.645700+0000', '2015-08-19 05:49:55.791600+0000', '2015-08-19 06:11:16.848200+0000');
INSERT INTO "neap"."video"(video_id, stream_id, title, type, description, status, tags, topic_id, topic, media_info, preview, views, created_at, updated_at)
    VALUES ('e5447f82-38e0-4ad6-b8d0-99ba995a9ed6', '35a1c22d-f58d-4b2d-ab04-bf1de11157fb', 'Rosa goes live!', 'record', 'Rosa goes live!', '', '[]', 'e9af2f53-d2dd-4e32-9dea-26d6ac21bcb8', 'Astrology', '{"width":720,"height":400,"bitrate":551.65}', '', '7419', '2015-09-01 16:16:49.690500+0000', '2015-09-04 15:33:51.502000+0000');
INSERT INTO "neap"."video"(video_id, stream_id, title, type, description, status, tags, topic_id, topic, media_info, preview, views, created_at, updated_at)
    VALUES ('ad1306c4-abdd-4498-a51a-812c786774b8', '35a1c22d-f58d-4b2d-ab04-bf1de11157fb', 'Rosa goes live!', 'record', 'Rosa goes live!', '', '[]', 'e9af2f53-d2dd-4e32-9dea-26d6ac21bcb8', 'Astrology', '{"width":720,"height":400,"bitrate":792.36}', '', '33445', '2015-09-20 06:24:18.942300+0000', '2015-09-20 09:34:00.105000+0000');
INSERT INTO "neap"."stream"(stream_id, channel_id, title, topic_id, topic, media_info, viewers, created_at, updated_at, ended_at)
    VALUES ('a36462d5-b51f-47fd-ad63-f40449abb0d2', '939329a5-922d-476e-b6ea-3adde0cd70e0', 'Come on and have fun with Rosa!', 'b369c464-cdea-4356-9d70-1450585652e2', 'Music', '{"width":1920,"height":1080,"bitrate":1332.21}', 792, '2015-08-25 02:31:54.690700+0000', '2015-08-25 06:33:57.619000+0000', '2015-08-25 07:04:33.011600+0000');
INSERT INTO "neap"."video"(video_id, stream_id, title, type, description, status, tags, topic_id, topic, media_info, preview, views, created_at, updated_at)
    VALUES ('1463d2b4-cef2-4f5e-bf84-c704f2fbea74', 'a36462d5-b51f-47fd-ad63-f40449abb0d2', 'Come on and have fun with Rosa!', 'record', 'Come on and have fun with Rosa!', '', '[]', 'b369c464-cdea-4356-9d70-1450585652e2', 'Music', '{"width":1920,"height":1080,"bitrate":2691.67}', '', '15491', '2015-09-01 21:45:01.274300+0000', '2015-09-02 08:18:12.258300+0000');
INSERT INTO "neap"."stream"(stream_id, channel_id, title, topic_id, topic, media_info, viewers, created_at, updated_at, ended_at)
    VALUES ('88dee662-39d6-4632-9c78-5d20a3f8abff', '939329a5-922d-476e-b6ea-3adde0cd70e0', 'Rosa goes live!', '35fa82dc-ed25-47fb-b6cd-58ae8a151f60', 'Philosophy', '{"width":720,"height":400,"bitrate":786.72}', 1190, '2015-08-22 08:32:25.163100+0000', '2015-08-22 11:46:19.176000+0000', '2015-08-22 11:57:08.530200+0000');
INSERT INTO "neap"."video"(video_id, stream_id, title, type, description, status, tags, topic_id, topic, media_info, preview, views, created_at, updated_at)
    VALUES ('bca08732-c4f9-4b87-957b-bdbdc537aed1', '88dee662-39d6-4632-9c78-5d20a3f8abff', 'Rosa goes live!', 'record', 'Rosa goes live!', '', '[]', '35fa82dc-ed25-47fb-b6cd-58ae8a151f60', 'Philosophy', '{"width":720,"height":400,"bitrate":518.66}', '', '26607', '2015-10-13 00:13:04.668300+0000', '2015-10-13 06:57:17.085600+0000');
INSERT INTO "neap"."video"(video_id, stream_id, title, type, description, status, tags, topic_id, topic, media_info, preview, views, created_at, updated_at)
    VALUES ('65232d86-6817-4d8d-9bf1-8889ebb61406', '88dee662-39d6-4632-9c78-5d20a3f8abff', 'Rosa goes live!', 'highlight', 'Rosa goes live!', '', '[]', '35fa82dc-ed25-47fb-b6cd-58ae8a151f60', 'Philosophy', '{"width":720,"height":400,"bitrate":683.48}', '', '27510', '2015-09-07 12:34:13.289400+0000', '2015-09-08 11:41:12.757900+0000');
INSERT INTO "neap"."stream"(stream_id, channel_id, title, topic_id, topic, media_info, viewers, created_at, updated_at, ended_at)
    VALUES ('db82c5a0-385d-45e8-b5b1-25bf011c4e84', '939329a5-922d-476e-b6ea-3adde0cd70e0', 'Come on and have fun with Rosa!', '994391cf-d41e-46f4-b6eb-ce53824e3a0c', 'Litterature', '{"width":720,"height":400,"bitrate":795.03}', 81939, '2015-09-30 06:00:05.163300+0000', '2015-09-30 06:13:19.134000+0000', '2015-09-30 06:21:40.884400+0000');
INSERT INTO "neap"."stream"(stream_id, channel_id, title, topic_id, topic, media_info, viewers, created_at, updated_at, ended_at)
    VALUES ('1767aded-fad8-402b-b01f-71561299e559', '939329a5-922d-476e-b6ea-3adde0cd70e0', 'Today is Biology day', 'd4f06d27-2693-4552-bd85-d9875651ce39', 'Biology', '{"width":720,"height":400,"bitrate":793.91}', 1144, '2015-07-28 18:41:05.373300+0000', '2015-07-28 20:22:27.157400+0000', '2015-07-28 20:26:02.955000+0000');
INSERT INTO "neap"."video"(video_id, stream_id, title, type, description, status, tags, topic_id, topic, media_info, preview, views, created_at, updated_at)
    VALUES ('14a24dc8-495f-4e55-9a15-7a51bd81bc8c', '1767aded-fad8-402b-b01f-71561299e559', 'Today is Biology day', 'record', 'Today is Biology day', '', '[]', 'd4f06d27-2693-4552-bd85-d9875651ce39', 'Biology', '{"width":720,"height":400,"bitrate":507.71}', '', '23839', '2015-10-26 11:48:42.993500+0000', '2015-10-26 12:09:43.014400+0000');
INSERT INTO "neap"."stream"(stream_id, channel_id, title, topic_id, topic, media_info, viewers, created_at, updated_at, ended_at)
    VALUES ('42b04a00-bf0d-462a-a4c5-f9d0f7e462c7', '939329a5-922d-476e-b6ea-3adde0cd70e0', 'Rosa goes live!', 'd2ea25fc-eb67-4c63-86d0-58ba2ce51b56', 'Theology', '{"width":1920,"height":1080,"bitrate":1578.16}', 1435, '2015-06-24 16:30:40.373100+0000', '2015-06-24 17:17:16.166800+0000', '2015-06-24 17:19:25.450800+0000');
INSERT INTO "neap"."user"(user_id, channel_id, type, username, email, password, display_name, logo, bio, created_at, updated_at)
    VALUES ('84ec896a-9373-492a-ace9-ef87a23ad372', '67cd52a2-f85c-41e5-8de2-b9e941a39b10', 'user', 'jovani', 'jovani@neap.io', '$2y$10$x28Km8VODK/SX/sQkxDfV.f8AKDz8YwmB/EVdm9ky3kFyFwP5vmum', 'Jovani', 'https://gravatar.com/avatar/6e14d2334e19a1da4793d28008e96680?s=128&d=identicon', null, '2015-04-01 16:14:32.397300+0000', '2015-09-21 15:29:17.101000+0000');
INSERT INTO "neap"."channel"(channel_id, user_id, chat_id, name, display_name, topic, language, views, followers)
    VALUES ('67cd52a2-f85c-41e5-8de2-b9e941a39b10', '84ec896a-9373-492a-ace9-ef87a23ad372', 'a6bb650b-9abb-42fe-9c3f-245dc9788d5a', 'jovani', 'Jovani Channel', 'Music', 'en', 68081, 36);
INSERT INTO "neap"."chat"(chat_id, channel_id, name)
    VALUES ('a6bb650b-9abb-42fe-9c3f-245dc9788d5a', '67cd52a2-f85c-41e5-8de2-b9e941a39b10', 'jovani');
INSERT INTO "neap"."stream"(stream_id, channel_id, title, topic_id, topic, media_info, viewers, created_at, updated_at, ended_at)
    VALUES ('6bfd181f-80fa-43c7-b9b4-ccc8929ec51b', '67cd52a2-f85c-41e5-8de2-b9e941a39b10', 'Jovani goes live!', '35fa82dc-ed25-47fb-b6cd-58ae8a151f60', 'Philosophy', '{"width":1280,"height":720,"bitrate":1157.47}', 1801, '2015-08-30 15:21:28.678800+0000', '2015-08-30 19:27:53.439400+0000', '2015-08-30 19:31:07.612100+0000');
INSERT INTO "neap"."video"(video_id, stream_id, title, type, description, status, tags, topic_id, topic, media_info, preview, views, created_at, updated_at)
    VALUES ('0f641bbb-f8ff-4578-969f-a1131bba82e7', '6bfd181f-80fa-43c7-b9b4-ccc8929ec51b', 'Jovani goes live!', 'record', 'Jovani goes live!', '', '[]', '35fa82dc-ed25-47fb-b6cd-58ae8a151f60', 'Philosophy', '{"width":1280,"height":720,"bitrate":791.45}', '', '31279', '2015-10-03 04:57:51.363900+0000', '2015-10-06 04:10:08.419500+0000');
INSERT INTO "neap"."stream"(stream_id, channel_id, title, topic_id, topic, media_info, viewers, created_at, updated_at, ended_at)
    VALUES ('314ed88d-3a56-4df8-8bc1-8f815fc6ca0f', '67cd52a2-f85c-41e5-8de2-b9e941a39b10', 'Fun with Astrology and Jovani', 'e9af2f53-d2dd-4e32-9dea-26d6ac21bcb8', 'Astrology', '{"width":720,"height":400,"bitrate":519.5}', 92039, '2015-09-19 00:01:22.101900+0000', '2015-09-19 00:39:29.337200+0000', '2015-09-19 02:23:06.130300+0000');
INSERT INTO "neap"."stream"(stream_id, channel_id, title, topic_id, topic, media_info, viewers, created_at, updated_at, ended_at)
    VALUES ('dbe98c30-3c22-48ef-bccb-4b66cfea5514', '67cd52a2-f85c-41e5-8de2-b9e941a39b10', 'Come on and have fun with Jovani!', '284b3091-455d-4476-ae67-442a19d153d4', 'Mathematics', '{"width":1920,"height":1080,"bitrate":1237.64}', 13844, '2015-10-21 15:38:11.259400+0000', '2015-10-21 17:49:14.884700+0000', '2015-10-21 18:59:33.518500+0000');
INSERT INTO "neap"."video"(video_id, stream_id, title, type, description, status, tags, topic_id, topic, media_info, preview, views, created_at, updated_at)
    VALUES ('59bda5db-f953-46bd-98d7-100710cb92bb', 'dbe98c30-3c22-48ef-bccb-4b66cfea5514', 'Come on and have fun with Jovani!', 'record', 'Come on and have fun with Jovani!', '', '[]', '284b3091-455d-4476-ae67-442a19d153d4', 'Mathematics', '{"width":1920,"height":1080,"bitrate":2675.37}', '', '34105', '2015-10-23 13:46:56.560200+0000', '2015-10-24 12:22:04.315800+0000');
INSERT INTO "neap"."stream"(stream_id, channel_id, title, topic_id, topic, media_info, viewers, created_at, updated_at, ended_at)
    VALUES ('993ae747-8516-4651-9caa-a16ceb31e237', '67cd52a2-f85c-41e5-8de2-b9e941a39b10', 'Come on and have fun with Jovani!', 'd4f06d27-2693-4552-bd85-d9875651ce39', 'Biology', '{"width":1280,"height":720,"bitrate":1122.75}', 1298, '2015-10-19 14:39:28.142100+0000', '2015-10-19 19:13:49.848800+0000', '2015-10-19 19:41:14.408900+0000');
INSERT INTO "neap"."video"(video_id, stream_id, title, type, description, status, tags, topic_id, topic, media_info, preview, views, created_at, updated_at)
    VALUES ('16a415c2-9c0c-4a7a-b401-ac30a717c63e', '993ae747-8516-4651-9caa-a16ceb31e237', 'Come on and have fun with Jovani!', 'record', 'Come on and have fun with Jovani!', '', '[]', 'd4f06d27-2693-4552-bd85-d9875651ce39', 'Biology', '{"width":1280,"height":720,"bitrate":1399.56}', '', '27368', '2015-10-19 16:03:16.119800+0000', '2015-10-23 08:53:41.258300+0000');
INSERT INTO "neap"."stream"(stream_id, channel_id, title, topic_id, topic, media_info, viewers, created_at, updated_at, ended_at)
    VALUES ('a7daf647-b257-4a8d-9e13-08428a047d67', '67cd52a2-f85c-41e5-8de2-b9e941a39b10', 'Come on and have fun with Jovani!', '1cae4612-f178-4a0e-b3af-343a88b99638', 'Science', '{"width":1920,"height":1080,"bitrate":3159.69}', 1409, '2015-08-26 18:51:45.312600+0000', '2015-08-26 23:06:27.273700+0000', '2015-08-26 23:21:54.719700+0000');
INSERT INTO "neap"."video"(video_id, stream_id, title, type, description, status, tags, topic_id, topic, media_info, preview, views, created_at, updated_at)
    VALUES ('a703645c-5249-4646-a5a0-aee7d0c04756', 'a7daf647-b257-4a8d-9e13-08428a047d67', 'Come on and have fun with Jovani!', 'record', 'Come on and have fun with Jovani!', '', '[]', '1cae4612-f178-4a0e-b3af-343a88b99638', 'Science', '{"width":1920,"height":1080,"bitrate":2759.17}', '', '5539', '2015-10-04 14:28:00.288900+0000', '2015-10-10 01:03:41.820200+0000');
INSERT INTO "neap"."stream"(stream_id, channel_id, title, topic_id, topic, media_info, viewers, created_at, updated_at, ended_at)
    VALUES ('d1465233-6330-41b7-8428-41481e3549a2', '67cd52a2-f85c-41e5-8de2-b9e941a39b10', 'Music?? Yeah, Music!', 'b369c464-cdea-4356-9d70-1450585652e2', 'Music', '{"width":1920,"height":1080,"bitrate":2243.78}', 132, '2015-05-09 04:53:16.643500+0000', '2015-05-09 07:14:51.787500+0000', '2015-05-09 07:17:51.223300+0000');
INSERT INTO "neap"."video"(video_id, stream_id, title, type, description, status, tags, topic_id, topic, media_info, preview, views, created_at, updated_at)
    VALUES ('beac9e1d-4e1d-4b55-9efe-2da66225659e', 'd1465233-6330-41b7-8428-41481e3549a2', 'Music?? Yeah, Music!', 'record', 'Music?? Yeah, Music!', '', '[]', 'b369c464-cdea-4356-9d70-1450585652e2', 'Music', '{"width":1920,"height":1080,"bitrate":2747.18}', '', '19775', '2015-06-03 03:33:52.781900+0000', '2015-06-08 04:49:19.845500+0000');
INSERT INTO "neap"."stream"(stream_id, channel_id, title, topic_id, topic, media_info, viewers, created_at, updated_at, ended_at)
    VALUES ('201f5833-48fe-4cc4-a628-47b194c81b2e', '67cd52a2-f85c-41e5-8de2-b9e941a39b10', 'Come on and have fun with Jovani!', '48e535f7-dba1-4d59-aac3-4c6cced32d6c', 'Video games', '{"width":720,"height":400,"bitrate":650.66}', 1708, '2015-05-11 09:58:16.028600+0000', '2015-05-11 10:14:45.139400+0000', '2015-05-11 11:49:15.912100+0000');
INSERT INTO "neap"."user"(user_id, channel_id, type, username, email, password, display_name, logo, bio, created_at, updated_at)
    VALUES ('2e541170-110e-4f14-8319-6f18ca68a2a0', '94c30d2c-06b3-49cd-9581-de572a22b23d', 'user', 'amya', 'amya@neap.io', '$2y$10$QizDYQM6tExAZjFZalPpK.SyLGqCgZCfxDQ6KJAO6TXMjHFPf7Ery', 'Amya', 'https://gravatar.com/avatar/af61b5883ebdb56150d191d0715bc587?s=128&d=identicon', null, '2015-05-17 17:36:55.087600+0000', '2015-07-15 00:49:19.137300+0000');
INSERT INTO "neap"."channel"(channel_id, user_id, chat_id, name, display_name, topic, language, views, followers)
    VALUES ('94c30d2c-06b3-49cd-9581-de572a22b23d', '2e541170-110e-4f14-8319-6f18ca68a2a0', '97964c7d-804b-4d77-bae3-f804179c7c46', 'amya', 'Amya Channel', 'Video games', 'en', 74665, 106);
INSERT INTO "neap"."chat"(chat_id, channel_id, name)
    VALUES ('97964c7d-804b-4d77-bae3-f804179c7c46', '94c30d2c-06b3-49cd-9581-de572a22b23d', 'amya');
INSERT INTO "neap"."stream"(stream_id, channel_id, title, topic_id, topic, media_info, viewers, created_at, updated_at, ended_at)
    VALUES ('ed8d3cc9-37eb-4f76-99f5-c6c4ce46e261', '94c30d2c-06b3-49cd-9581-de572a22b23d', 'Come on and have fun with Amya!', '994391cf-d41e-46f4-b6eb-ce53824e3a0c', 'Litterature', '{"width":720,"height":400,"bitrate":727.02}', 271, '2015-07-10 11:52:08.997300+0000', '2015-07-10 14:20:36.634100+0000', '2015-07-10 14:47:38.204500+0000');
INSERT INTO "neap"."video"(video_id, stream_id, title, type, description, status, tags, topic_id, topic, media_info, preview, views, created_at, updated_at)
    VALUES ('38c3beed-9623-4f0b-8532-0fd950541fff', 'ed8d3cc9-37eb-4f76-99f5-c6c4ce46e261', 'Come on and have fun with Amya!', 'record', 'Come on and have fun with Amya!', '', '[]', '994391cf-d41e-46f4-b6eb-ce53824e3a0c', 'Litterature', '{"width":720,"height":400,"bitrate":620.52}', '', '863', '2015-10-01 21:15:36.492900+0000', '2015-10-02 12:07:45.363500+0000');
INSERT INTO "neap"."stream"(stream_id, channel_id, title, topic_id, topic, media_info, viewers, created_at, updated_at, ended_at)
    VALUES ('214c0878-0d21-4a8c-90ba-02cc77cb167d', '94c30d2c-06b3-49cd-9581-de572a22b23d', 'Amya goes live!', '994391cf-d41e-46f4-b6eb-ce53824e3a0c', 'Litterature', '{"width":1280,"height":720,"bitrate":1346.78}', 1275, '2015-06-15 10:48:59.393000+0000', '2015-06-15 11:50:26.011500+0000', '2015-06-15 12:13:14.127900+0000');
INSERT INTO "neap"."stream"(stream_id, channel_id, title, topic_id, topic, media_info, viewers, created_at, updated_at, ended_at)
    VALUES ('9ed927fa-b557-40ea-9599-9a24169baa68', '94c30d2c-06b3-49cd-9581-de572a22b23d', 'Amya goes live!', '5f6c7ec0-84ab-4d8e-a2d7-ff1887b55d6e', 'History', '{"width":1920,"height":1080,"bitrate":1855.67}', 1151, '2015-06-18 05:36:27.111000+0000', '2015-06-18 06:11:29.036100+0000', '2015-06-18 06:14:03.135300+0000');
INSERT INTO "neap"."video"(video_id, stream_id, title, type, description, status, tags, topic_id, topic, media_info, preview, views, created_at, updated_at)
    VALUES ('79822f2f-e95c-4f5d-92a2-b790a2b4ba96', '9ed927fa-b557-40ea-9599-9a24169baa68', 'Amya goes live!', 'highlight', 'Amya goes live!', '', '[]', '5f6c7ec0-84ab-4d8e-a2d7-ff1887b55d6e', 'History', '{"width":1920,"height":1080,"bitrate":1115.57}', '', '10954', '2015-10-29 13:22:10.742200+0000', '2015-10-29 19:12:42.106300+0000');
INSERT INTO "neap"."video"(video_id, stream_id, title, type, description, status, tags, topic_id, topic, media_info, preview, views, created_at, updated_at)
    VALUES ('9cfa6acd-0273-4221-be7c-efd7a561ea37', '9ed927fa-b557-40ea-9599-9a24169baa68', 'Amya goes live!', 'record', 'Amya goes live!', '', '[]', '5f6c7ec0-84ab-4d8e-a2d7-ff1887b55d6e', 'History', '{"width":1920,"height":1080,"bitrate":3408.61}', '', '28229', '2015-10-11 14:47:00.359100+0000', '2015-10-11 20:58:55.313500+0000');
INSERT INTO "neap"."user"(user_id, channel_id, type, username, email, password, display_name, logo, bio, created_at, updated_at)
    VALUES ('b1676615-3328-43a0-870f-32def37077e0', '3425eea2-bcfc-4ed8-b0a8-b04b367dbafa', 'user', 'mohammad', 'mohammad@neap.io', '$2y$10$s1yIdiFmjQFTU7RySeipCOyMbIoIChi7K2sGbIo.o2WK7KDOm4ggm', 'Mohammad', 'https://gravatar.com/avatar/54b453f3eba71c24b5d74cc7f1662688?s=128&d=identicon', null, '2015-02-20 23:24:58.842100+0000', '2015-09-15 10:03:01.419300+0000');
INSERT INTO "neap"."channel"(channel_id, user_id, chat_id, name, display_name, topic, language, views, followers)
    VALUES ('3425eea2-bcfc-4ed8-b0a8-b04b367dbafa', 'b1676615-3328-43a0-870f-32def37077e0', 'e8f6e04e-5f0e-4fb9-b876-9114783c3d2e', 'mohammad', 'Mohammad Channel', 'Biology', 'en', 27737, 148);
INSERT INTO "neap"."chat"(chat_id, channel_id, name)
    VALUES ('e8f6e04e-5f0e-4fb9-b876-9114783c3d2e', '3425eea2-bcfc-4ed8-b0a8-b04b367dbafa', 'mohammad');
INSERT INTO "neap"."stream"(stream_id, channel_id, title, topic_id, topic, media_info, viewers, created_at, updated_at, ended_at)
    VALUES ('ec707d4f-abaa-47b8-a939-0798d74b150b', '3425eea2-bcfc-4ed8-b0a8-b04b367dbafa', 'Today is Photography day', 'e496e832-363e-4228-b518-7fe126ccaa04', 'Photography', '{"width":1920,"height":1080,"bitrate":3324.06}', 50473, '2015-06-20 03:38:47.015400+0000', '2015-06-20 09:11:35.958700+0000', '2015-06-20 09:56:35.025800+0000');
INSERT INTO "neap"."stream"(stream_id, channel_id, title, topic_id, topic, media_info, viewers, created_at, updated_at, ended_at)
    VALUES ('d908897e-27c9-4f98-819e-f263a241e62f', '3425eea2-bcfc-4ed8-b0a8-b04b367dbafa', 'Relax stream', 'd2ea25fc-eb67-4c63-86d0-58ba2ce51b56', 'Theology', '{"width":1280,"height":720,"bitrate":1336.88}', 727, '2015-05-04 06:42:25.295700+0000', '2015-05-04 09:38:15.717500+0000', '2015-05-04 10:51:42.680400+0000');
INSERT INTO "neap"."video"(video_id, stream_id, title, type, description, status, tags, topic_id, topic, media_info, preview, views, created_at, updated_at)
    VALUES ('47afabb2-4db0-46b8-8623-489f8aaff0e1', 'd908897e-27c9-4f98-819e-f263a241e62f', 'Relax stream', 'record', 'Relax stream', '', '[]', 'd2ea25fc-eb67-4c63-86d0-58ba2ce51b56', 'Theology', '{"width":1280,"height":720,"bitrate":1311.14}', '', '37526', '2015-08-15 22:54:03.019800+0000', '2015-08-18 02:46:09.682600+0000');
INSERT INTO "neap"."stream"(stream_id, channel_id, title, topic_id, topic, media_info, viewers, created_at, updated_at, ended_at)
    VALUES ('4bcca19e-3324-4eb5-95ac-7b464a69620b', '3425eea2-bcfc-4ed8-b0a8-b04b367dbafa', 'Biology?? Yeah, Biology!', 'd4f06d27-2693-4552-bd85-d9875651ce39', 'Biology', '{"width":1280,"height":720,"bitrate":924.84}', 723, '2015-04-24 17:20:31.526500+0000', '2015-04-24 20:24:48.179300+0000', '2015-04-24 20:58:05.623100+0000');
INSERT INTO "neap"."video"(video_id, stream_id, title, type, description, status, tags, topic_id, topic, media_info, preview, views, created_at, updated_at)
    VALUES ('83917a6f-10c5-4856-8de8-1824069e2e1e', '4bcca19e-3324-4eb5-95ac-7b464a69620b', 'Biology?? Yeah, Biology!', 'highlight', 'Biology?? Yeah, Biology!', '', '[]', 'd4f06d27-2693-4552-bd85-d9875651ce39', 'Biology', '{"width":1280,"height":720,"bitrate":1012.32}', '', '33829', '2015-10-12 02:08:01.755600+0000', '2015-10-12 03:44:02.617600+0000');
INSERT INTO "neap"."video"(video_id, stream_id, title, type, description, status, tags, topic_id, topic, media_info, preview, views, created_at, updated_at)
    VALUES ('ede44391-bae4-4b99-b5a2-c8e2ce708667', '4bcca19e-3324-4eb5-95ac-7b464a69620b', 'Biology?? Yeah, Biology!', 'highlight', 'Biology?? Yeah, Biology!', '', '[]', 'd4f06d27-2693-4552-bd85-d9875651ce39', 'Biology', '{"width":1280,"height":720,"bitrate":831.12}', '', '16020', '2015-09-24 10:34:48.313500+0000', '2015-09-28 12:30:29.670000+0000');
INSERT INTO "neap"."stream"(stream_id, channel_id, title, topic_id, topic, media_info, viewers, created_at, updated_at, ended_at)
    VALUES ('fc1824d4-a43d-4433-ad8e-f477b55b3cee', '3425eea2-bcfc-4ed8-b0a8-b04b367dbafa', 'Fun with Astrology and Mohammad', 'e9af2f53-d2dd-4e32-9dea-26d6ac21bcb8', 'Astrology', '{"width":1920,"height":1080,"bitrate":1588.18}', 1525, '2015-07-04 02:12:04.810300+0000', '2015-07-04 05:24:23.708600+0000', '2015-07-04 05:44:07.167000+0000');
INSERT INTO "neap"."video"(video_id, stream_id, title, type, description, status, tags, topic_id, topic, media_info, preview, views, created_at, updated_at)
    VALUES ('db804987-cd64-4e3d-b135-1845450d49d3', 'fc1824d4-a43d-4433-ad8e-f477b55b3cee', 'Fun with Astrology and Mohammad', 'record', 'Fun with Astrology and Mohammad', '', '[]', 'e9af2f53-d2dd-4e32-9dea-26d6ac21bcb8', 'Astrology', '{"width":1920,"height":1080,"bitrate":1950.41}', '', '13678', '2015-09-21 00:22:30.054500+0000', '2015-09-21 17:55:18.519000+0000');
INSERT INTO "neap"."video"(video_id, stream_id, title, type, description, status, tags, topic_id, topic, media_info, preview, views, created_at, updated_at)
    VALUES ('311bec30-ec95-4dd6-9ffb-6cecaed33300', 'fc1824d4-a43d-4433-ad8e-f477b55b3cee', 'Fun with Astrology and Mohammad', 'record', 'Fun with Astrology and Mohammad', '', '[]', 'e9af2f53-d2dd-4e32-9dea-26d6ac21bcb8', 'Astrology', '{"width":1920,"height":1080,"bitrate":1163.36}', '', '28956', '2015-10-14 03:55:47.842300+0000', '2015-10-16 21:29:02.004400+0000');
INSERT INTO "neap"."user"(user_id, channel_id, type, username, email, password, display_name, logo, bio, created_at, updated_at)
    VALUES ('9306c96e-72fb-4cfb-b6b2-a5287378f791', '3281027c-f06e-4060-bd50-3ac866830ffe', 'user', 'enoch', 'enoch@neap.io', '$2y$10$T.ZLMR4i3DSL.CummtdzjeXDiu7KISSsQXpGTBsklBg765HERnS72', 'Enoch', 'https://gravatar.com/avatar/8d6b6e127523ae2f3286b7a74dbdf0d7?s=128&d=identicon', null, '2015-05-18 14:21:33.094100+0000', '2015-08-30 07:25:22.257900+0000');
INSERT INTO "neap"."channel"(channel_id, user_id, chat_id, name, display_name, topic, language, views, followers)
    VALUES ('3281027c-f06e-4060-bd50-3ac866830ffe', '9306c96e-72fb-4cfb-b6b2-a5287378f791', '40b23b81-de23-4b06-ba35-b231367df65b', 'enoch', 'Enoch Channel', 'History', 'en', 20443, 48);
INSERT INTO "neap"."chat"(chat_id, channel_id, name)
    VALUES ('40b23b81-de23-4b06-ba35-b231367df65b', '3281027c-f06e-4060-bd50-3ac866830ffe', 'enoch');
INSERT INTO "neap"."stream"(stream_id, channel_id, title, topic_id, topic, media_info, viewers, created_at, updated_at, ended_at)
    VALUES ('1c01465a-9b2d-439b-bc4a-cb1e8914aea2', '3281027c-f06e-4060-bd50-3ac866830ffe', 'Litterature?? Yeah, Litterature!', '994391cf-d41e-46f4-b6eb-ce53824e3a0c', 'Litterature', '{"width":1920,"height":1080,"bitrate":1137.97}', 1225, '2015-08-01 07:21:24.180200+0000', '2015-08-01 08:44:41.274800+0000', '2015-08-01 09:25:05.076200+0000');
INSERT INTO "neap"."stream"(stream_id, channel_id, title, topic_id, topic, media_info, viewers, created_at, updated_at, ended_at)
    VALUES ('007e18d6-dda0-4bd0-ae20-58fed493528f', '3281027c-f06e-4060-bd50-3ac866830ffe', 'Come on and have fun with Enoch!', 'e9af2f53-d2dd-4e32-9dea-26d6ac21bcb8', 'Astrology', '{"width":1280,"height":720,"bitrate":1190.63}', 1475, '2015-05-26 23:52:10.462600+0000', '2015-05-27 02:17:34.762600+0000', '2015-05-27 03:28:42.239300+0000');
INSERT INTO "neap"."stream"(stream_id, channel_id, title, topic_id, topic, media_info, viewers, created_at, updated_at, ended_at)
    VALUES ('ae38891a-546a-4f26-88f0-64c384dba84c', '3281027c-f06e-4060-bd50-3ac866830ffe', 'Come on and have fun with Enoch!', '48e535f7-dba1-4d59-aac3-4c6cced32d6c', 'Video games', '{"width":720,"height":400,"bitrate":507}', 824, '2015-05-31 21:48:00.659700+0000', '2015-06-01 04:19:35.748400+0000', '2015-06-01 04:37:26.428000+0000');
INSERT INTO "neap"."video"(video_id, stream_id, title, type, description, status, tags, topic_id, topic, media_info, preview, views, created_at, updated_at)
    VALUES ('876b5bc3-6f60-4eac-a17a-e4cb1a088128', 'ae38891a-546a-4f26-88f0-64c384dba84c', 'Come on and have fun with Enoch!', 'record', 'Come on and have fun with Enoch!', '', '[]', '48e535f7-dba1-4d59-aac3-4c6cced32d6c', 'Video games', '{"width":720,"height":400,"bitrate":669.24}', '', '22221', '2015-10-21 13:10:04.427000+0000', '2015-10-21 17:10:23.025500+0000');
INSERT INTO "neap"."stream"(stream_id, channel_id, title, topic_id, topic, media_info, viewers, created_at, updated_at, ended_at)
    VALUES ('8a2cb2b4-c9e5-404f-ad09-a571e9f77b5f', '3281027c-f06e-4060-bd50-3ac866830ffe', 'Mathematics?? Yeah, Mathematics!', '284b3091-455d-4476-ae67-442a19d153d4', 'Mathematics', '{"width":1920,"height":1080,"bitrate":1638.46}', 1864, '2015-06-27 07:01:03.882200+0000', '2015-06-27 08:09:29.023400+0000', '2015-06-27 08:30:09.865900+0000');
INSERT INTO "neap"."stream"(stream_id, channel_id, title, topic_id, topic, media_info, viewers, created_at, updated_at, ended_at)
    VALUES ('0731ddd9-93f8-41cf-b33e-6286451915dd', '3281027c-f06e-4060-bd50-3ac866830ffe', 'Enoch goes live!', 'b369c464-cdea-4356-9d70-1450585652e2', 'Music', '{"width":720,"height":400,"bitrate":791.41}', 393, '2015-10-30 05:29:56.159500+0000', '2015-10-30 10:10:41.681900+0000', '2015-10-30 10:12:25.119700+0000');
INSERT INTO "neap"."video"(video_id, stream_id, title, type, description, status, tags, topic_id, topic, media_info, preview, views, created_at, updated_at)
    VALUES ('83158fd0-09ca-40e3-b5ec-8f933a253d03', '0731ddd9-93f8-41cf-b33e-6286451915dd', 'Enoch goes live!', 'record', 'Enoch goes live!', '', '[]', 'b369c464-cdea-4356-9d70-1450585652e2', 'Music', '{"width":720,"height":400,"bitrate":593.26}', '', '36856', '2015-11-01 17:32:50.976700+0000', '2015-11-02 11:48:06.833100+0000');
INSERT INTO "neap"."stream"(stream_id, channel_id, title, topic_id, topic, media_info, viewers, created_at, updated_at, ended_at)
    VALUES ('cf811d8c-3842-44b8-8e19-12113c5b1702', '3281027c-f06e-4060-bd50-3ac866830ffe', 'Come on and have fun with Enoch!', '48e535f7-dba1-4d59-aac3-4c6cced32d6c', 'Video games', '{"width":1280,"height":720,"bitrate":1377.99}', 81, '2015-10-31 02:54:44.436600+0000', '2015-10-31 07:15:42.004400+0000', '2015-10-31 07:50:11.169300+0000');
INSERT INTO "neap"."video"(video_id, stream_id, title, type, description, status, tags, topic_id, topic, media_info, preview, views, created_at, updated_at)
    VALUES ('ac8e8aef-150d-49bc-bcab-62a78c330b12', 'cf811d8c-3842-44b8-8e19-12113c5b1702', 'Come on and have fun with Enoch!', 'record', 'Come on and have fun with Enoch!', '', '[]', '48e535f7-dba1-4d59-aac3-4c6cced32d6c', 'Video games', '{"width":1280,"height":720,"bitrate":1019.91}', '', '7611', '2015-10-31 11:47:12.507600+0000', '2015-11-04 07:18:46.538700+0000');
INSERT INTO "neap"."stream"(stream_id, channel_id, title, topic_id, topic, media_info, viewers, created_at, updated_at, ended_at)
    VALUES ('e92aeaa3-d282-432e-8d06-26bccc446192', '3281027c-f06e-4060-bd50-3ac866830ffe', 'The origins of Astrology', 'e9af2f53-d2dd-4e32-9dea-26d6ac21bcb8', 'Astrology', '{"width":1280,"height":720,"bitrate":1258.92}', 1722, '2015-09-01 22:57:47.205400+0000', '2015-09-02 06:27:34.369000+0000', '2015-09-02 07:37:03.119100+0000');
INSERT INTO "neap"."video"(video_id, stream_id, title, type, description, status, tags, topic_id, topic, media_info, preview, views, created_at, updated_at)
    VALUES ('2a61cd99-5e21-4d9d-8017-12af5a12adfd', 'e92aeaa3-d282-432e-8d06-26bccc446192', 'The origins of Astrology', 'record', 'The origins of Astrology', '', '[]', 'e9af2f53-d2dd-4e32-9dea-26d6ac21bcb8', 'Astrology', '{"width":1280,"height":720,"bitrate":988.63}', '', '27443', '2015-09-06 02:03:28.738600+0000', '2015-09-07 10:11:27.325600+0000');
INSERT INTO "neap"."stream"(stream_id, channel_id, title, topic_id, topic, media_info, viewers, created_at, updated_at, ended_at)
    VALUES ('3c0d1d17-ffaf-4085-a5e3-504bce4dec40', '3281027c-f06e-4060-bd50-3ac866830ffe', 'Relax stream', 'b369c464-cdea-4356-9d70-1450585652e2', 'Music', '{"width":1920,"height":1080,"bitrate":1961.63}', 503, '2015-08-25 02:10:25.510100+0000', '2015-08-25 05:17:25.585100+0000', '2015-08-25 06:09:46.283100+0000');
INSERT INTO "neap"."video"(video_id, stream_id, title, type, description, status, tags, topic_id, topic, media_info, preview, views, created_at, updated_at)
    VALUES ('d649af4d-f04e-422c-ad58-ab42b89c84ac', '3c0d1d17-ffaf-4085-a5e3-504bce4dec40', 'Relax stream', 'record', 'Relax stream', '', '[]', 'b369c464-cdea-4356-9d70-1450585652e2', 'Music', '{"width":1920,"height":1080,"bitrate":2412.86}', '', '2153', '2015-10-31 02:38:15.069900+0000', '2015-11-01 07:52:21.865800+0000');
INSERT INTO "neap"."user"(user_id, channel_id, type, username, email, password, display_name, logo, bio, created_at, updated_at)
    VALUES ('d944a45b-d90e-465a-b367-5cc205dcee62', '2216bb18-344d-4c97-9450-3ce7aa4f4b64', 'user', 'lillianna', 'lillianna@neap.io', '$2y$10$HQpCGKAIpJ3gmNx.8mGki.gA1Ncs2Z2Qw40SJlBQyBHNoivv4X7gm', 'Lillianna', 'https://gravatar.com/avatar/dc8fd3e882ef9c0001780e33375a5be4?s=128&d=identicon', null, '2015-04-17 11:47:41.962800+0000', '2015-09-13 21:08:32.346600+0000');
INSERT INTO "neap"."channel"(channel_id, user_id, chat_id, name, display_name, topic, language, views, followers)
    VALUES ('2216bb18-344d-4c97-9450-3ce7aa4f4b64', 'd944a45b-d90e-465a-b367-5cc205dcee62', '7d7fe3ca-0dbe-4a96-bb6c-9e82bb24b675', 'lillianna', 'Lillianna Channel', 'Photography', 'en', 77692, 39);
INSERT INTO "neap"."chat"(chat_id, channel_id, name)
    VALUES ('7d7fe3ca-0dbe-4a96-bb6c-9e82bb24b675', '2216bb18-344d-4c97-9450-3ce7aa4f4b64', 'lillianna');
INSERT INTO "neap"."stream"(stream_id, channel_id, title, topic_id, topic, media_info, viewers, created_at, updated_at, ended_at)
    VALUES ('abc211ad-932f-4842-b6d2-37e3a76e1b4a', '2216bb18-344d-4c97-9450-3ce7aa4f4b64', 'Music?? Yeah, Music!', 'b369c464-cdea-4356-9d70-1450585652e2', 'Music', '{"width":1280,"height":720,"bitrate":1238.29}', 177, '2015-10-14 19:38:58.711900+0000', '2015-10-14 20:36:42.123100+0000', '2015-10-14 20:52:11.641100+0000');
INSERT INTO "neap"."video"(video_id, stream_id, title, type, description, status, tags, topic_id, topic, media_info, preview, views, created_at, updated_at)
    VALUES ('1bf9ffbe-96ac-4cc1-9b59-be411f42a31a', 'abc211ad-932f-4842-b6d2-37e3a76e1b4a', 'Music?? Yeah, Music!', 'record', 'Music?? Yeah, Music!', '', '[]', 'b369c464-cdea-4356-9d70-1450585652e2', 'Music', '{"width":1280,"height":720,"bitrate":1377.64}', '', '23078', '2015-10-16 12:29:09.017500+0000', '2015-10-17 11:53:38.443800+0000');
INSERT INTO "neap"."user"(user_id, channel_id, type, username, email, password, display_name, logo, bio, created_at, updated_at)
    VALUES ('e54b504e-0f7f-4510-b279-03b2ec3610e1', 'a8fd5c24-1e6a-4e04-b2e8-2a2464d26384', 'user', 'lamar', 'lamar@neap.io', '$2y$10$DHqppXp6FyilnXYepeucEebvuWBsqN8oDJLGh0I57u/IE6D6YZ3xO', 'Lamar', 'https://gravatar.com/avatar/5d847fa07afc1a845ac2efbca3501f46?s=128&d=identicon', null, '2015-09-16 18:41:29.704800+0000', '2015-10-22 11:33:14.960800+0000');
INSERT INTO "neap"."channel"(channel_id, user_id, chat_id, name, display_name, topic, language, views, followers)
    VALUES ('a8fd5c24-1e6a-4e04-b2e8-2a2464d26384', 'e54b504e-0f7f-4510-b279-03b2ec3610e1', '34a1ee6f-e92b-4608-ba87-4b5d93c52ed8', 'lamar', 'Lamar Channel', 'Science', 'en', 62620, 121);
INSERT INTO "neap"."chat"(chat_id, channel_id, name)
    VALUES ('34a1ee6f-e92b-4608-ba87-4b5d93c52ed8', 'a8fd5c24-1e6a-4e04-b2e8-2a2464d26384', 'lamar');
INSERT INTO "neap"."stream"(stream_id, channel_id, title, topic_id, topic, media_info, viewers, created_at, updated_at, ended_at)
    VALUES ('1fcc6b06-2467-4581-b269-40ba3d5ce9ba', 'a8fd5c24-1e6a-4e04-b2e8-2a2464d26384', 'Fun with Litterature and Lamar', '994391cf-d41e-46f4-b6eb-ce53824e3a0c', 'Litterature', '{"width":720,"height":400,"bitrate":703.29}', 739, '2015-10-12 06:58:00.358000+0000', '2015-10-12 07:55:12.264900+0000', '2015-10-12 07:58:55.832800+0000');
INSERT INTO "neap"."video"(video_id, stream_id, title, type, description, status, tags, topic_id, topic, media_info, preview, views, created_at, updated_at)
    VALUES ('1cc5055e-4f55-4231-8515-ebaebb878098', '1fcc6b06-2467-4581-b269-40ba3d5ce9ba', 'Fun with Litterature and Lamar', 'record', 'Fun with Litterature and Lamar', '', '[]', '994391cf-d41e-46f4-b6eb-ce53824e3a0c', 'Litterature', '{"width":720,"height":400,"bitrate":616.8}', '', '35168', '2015-10-15 23:16:48.832400+0000', '2015-10-18 14:54:00.726900+0000');
INSERT INTO "neap"."stream"(stream_id, channel_id, title, topic_id, topic, media_info, viewers, created_at, updated_at, ended_at)
    VALUES ('7838c822-1ca6-4d6e-8e49-7bf815f0e744', 'a8fd5c24-1e6a-4e04-b2e8-2a2464d26384', 'The origins of Biology', 'd4f06d27-2693-4552-bd85-d9875651ce39', 'Biology', '{"width":1920,"height":1080,"bitrate":2968.45}', 1097, '2015-10-13 02:57:03.484700+0000', '2015-10-13 03:00:18.164300+0000', '2015-10-13 03:17:01.738400+0000');
INSERT INTO "neap"."stream"(stream_id, channel_id, title, topic_id, topic, media_info, viewers, created_at, updated_at, ended_at)
    VALUES ('3365d185-7c48-4100-b145-1881b4e7d398', 'a8fd5c24-1e6a-4e04-b2e8-2a2464d26384', 'Today is Theology day', 'd2ea25fc-eb67-4c63-86d0-58ba2ce51b56', 'Theology', '{"width":720,"height":400,"bitrate":776.84}', 149, '2015-09-23 02:00:15.756300+0000', '2015-09-23 02:02:39.438900+0000', '2015-09-23 02:11:34.315700+0000');
INSERT INTO "neap"."stream"(stream_id, channel_id, title, topic_id, topic, media_info, viewers, created_at, updated_at, ended_at)
    VALUES ('2c34c576-154a-4a37-b56e-8ceb95e6c041', 'a8fd5c24-1e6a-4e04-b2e8-2a2464d26384', 'Theology?? Yeah, Theology!', 'd2ea25fc-eb67-4c63-86d0-58ba2ce51b56', 'Theology', '{"width":720,"height":400,"bitrate":514.13}', 357, '2015-09-19 16:40:02.448000+0000', '2015-09-19 19:56:01.201600+0000', '2015-09-19 21:01:13.993700+0000');
INSERT INTO "neap"."video"(video_id, stream_id, title, type, description, status, tags, topic_id, topic, media_info, preview, views, created_at, updated_at)
    VALUES ('e945350b-9ae5-451c-8061-195995b05323', '2c34c576-154a-4a37-b56e-8ceb95e6c041', 'Theology?? Yeah, Theology!', 'record', 'Theology?? Yeah, Theology!', '', '[]', 'd2ea25fc-eb67-4c63-86d0-58ba2ce51b56', 'Theology', '{"width":720,"height":400,"bitrate":765.88}', '', '15732', '2015-10-06 08:42:27.298400+0000', '2015-10-07 13:37:15.868100+0000');
INSERT INTO "neap"."stream"(stream_id, channel_id, title, topic_id, topic, media_info, viewers, created_at, updated_at, ended_at)
    VALUES ('f59538a7-8fb3-4ee4-a4da-d4c285edf146', 'a8fd5c24-1e6a-4e04-b2e8-2a2464d26384', 'The origins of Music', 'b369c464-cdea-4356-9d70-1450585652e2', 'Music', '{"width":1920,"height":1080,"bitrate":2766.18}', 133, '2015-10-03 23:20:05.284000+0000', '2015-10-03 23:28:14.006800+0000', '2015-10-03 23:38:32.944900+0000');
INSERT INTO "neap"."video"(video_id, stream_id, title, type, description, status, tags, topic_id, topic, media_info, preview, views, created_at, updated_at)
    VALUES ('6d3d30bf-7fd2-4785-9a07-fc79383263b9', 'f59538a7-8fb3-4ee4-a4da-d4c285edf146', 'The origins of Music', 'record', 'The origins of Music', '', '[]', 'b369c464-cdea-4356-9d70-1450585652e2', 'Music', '{"width":1920,"height":1080,"bitrate":3447.58}', '', '35120', '2015-11-01 20:29:54.989400+0000', '2015-11-02 08:48:09.856100+0000');
INSERT INTO "neap"."stream"(stream_id, channel_id, title, topic_id, topic, media_info, viewers, created_at, updated_at, ended_at)
    VALUES ('7c044f2b-9c53-4ec4-86ee-a008fc2f83fb', 'a8fd5c24-1e6a-4e04-b2e8-2a2464d26384', 'Relax stream', 'd4f06d27-2693-4552-bd85-d9875651ce39', 'Biology', '{"width":1280,"height":720,"bitrate":1409.3}', 1680, '2015-10-13 19:17:32.175200+0000', '2015-10-13 21:15:13.795700+0000', '2015-10-13 21:49:38.083700+0000');
INSERT INTO "neap"."stream"(stream_id, channel_id, title, topic_id, topic, media_info, viewers, created_at, updated_at, ended_at)
    VALUES ('390f5dec-6cbc-41dd-9876-f3f7cd4b31db', 'a8fd5c24-1e6a-4e04-b2e8-2a2464d26384', 'Come on and have fun with Lamar!', '48e535f7-dba1-4d59-aac3-4c6cced32d6c', 'Video games', '{"width":1280,"height":720,"bitrate":1223.13}', 53448, '2015-09-24 02:38:29.005900+0000', '2015-09-24 03:07:09.830800+0000', '2015-09-24 04:03:55.103100+0000');
INSERT INTO "neap"."user"(user_id, channel_id, type, username, email, password, display_name, logo, bio, created_at, updated_at)
    VALUES ('a290a41c-e5ac-4308-8df3-6bc82f320e98', '69de42bb-199e-4cb2-8d85-50b954656269', 'user', 'alexzander', 'alexzander@neap.io', '$2y$10$QMmq6r0pVTX26/LaScme8OAtXQFZo4PSPk2MWbg3IRwe3a5nkzBle', 'Alexzander', 'https://gravatar.com/avatar/fcead0cae32369017c9e5644f375f036?s=128&d=identicon', null, '2015-05-14 10:39:32.216800+0000', '2015-08-18 18:16:17.495600+0000');
INSERT INTO "neap"."channel"(channel_id, user_id, chat_id, name, display_name, topic, language, views, followers)
    VALUES ('69de42bb-199e-4cb2-8d85-50b954656269', 'a290a41c-e5ac-4308-8df3-6bc82f320e98', '126ecadf-962f-41c0-bd08-35227e79fbb0', 'alexzander', 'Alexzander Channel', 'Photography', 'en', 56894, 19);
INSERT INTO "neap"."chat"(chat_id, channel_id, name)
    VALUES ('126ecadf-962f-41c0-bd08-35227e79fbb0', '69de42bb-199e-4cb2-8d85-50b954656269', 'alexzander');
INSERT INTO "neap"."stream"(stream_id, channel_id, title, topic_id, topic, media_info, viewers, created_at, updated_at, ended_at)
    VALUES ('c9cc68f2-bdca-4126-bb53-c815d9971676', '69de42bb-199e-4cb2-8d85-50b954656269', 'Relax stream', 'b369c464-cdea-4356-9d70-1450585652e2', 'Music', '{"width":1920,"height":1080,"bitrate":2494.5}', 523, '2015-10-19 03:03:29.034900+0000', '2015-10-19 03:46:30.841800+0000', '2015-10-19 04:38:05.133400+0000');
INSERT INTO "neap"."video"(video_id, stream_id, title, type, description, status, tags, topic_id, topic, media_info, preview, views, created_at, updated_at)
    VALUES ('3105db53-acf6-4efd-8c3b-6aacae730842', 'c9cc68f2-bdca-4126-bb53-c815d9971676', 'Relax stream', 'highlight', 'Relax stream', '', '[]', 'b369c464-cdea-4356-9d70-1450585652e2', 'Music', '{"width":1920,"height":1080,"bitrate":2020.62}', '', '37510', '2015-10-26 12:25:53.325600+0000', '2015-10-27 08:43:55.884800+0000');
INSERT INTO "neap"."stream"(stream_id, channel_id, title, topic_id, topic, media_info, viewers, created_at, updated_at, ended_at)
    VALUES ('87de39f1-6e79-49dd-8421-92bdaebe23c8', '69de42bb-199e-4cb2-8d85-50b954656269', 'Fun with History and Alexzander', '5f6c7ec0-84ab-4d8e-a2d7-ff1887b55d6e', 'History', '{"width":1280,"height":720,"bitrate":1102.71}', 1659, '2015-06-19 12:13:30.685400+0000', '2015-06-19 12:15:23.899000+0000', '2015-06-19 12:29:50.868300+0000');
COMMIT;
